*******************************************2025/07/23;13:01:10
Probe number 1
Concentration entered by User 0.00% (Compensated: 0.49% at temperature 26.9)
1157.06	1168.00	1177.20	1187.52	1202.00	1214.36	1230.04	1245.16	1264.22	1282.12	1304.64	1327.72	1352.30	1379.98	1397.18	1418.36	
1440.96	1484.26	1524.38	1583.52	1627.46	1676.64	1730.68	1791.38	1862.92	1944.48	2042.92	2169.02	2334.26	2547.32	2888.66	3236.86	
3465.76	3652.92	3675.72	3658.28	3660.68	3663.64	3675.64	3680.10	3685.68	3688.70	3690.82	3697.00	3692.66	3692.12	3698.96	3700.18	
3698.54	3727.54	3717.86	3721.32	3723.98	3728.68	3732.26	3728.20	3731.52	3733.26	3726.72	3725.00	3727.24	3722.48	3720.20	3731.86	
3734.06	3732.68	3730.20	3730.38	3722.32	3722.18	3717.78	3711.08	3723.00	3713.40	3724.04	3718.28	3726.00	3727.40	3725.42	3730.18	
3730.02	3733.82	3731.16	3724.68	3733.60	3733.54	3729.40	3738.70	3732.06	3743.52	3737.10	3730.74	3737.30	3737.76	3741.72	3748.00	
3745.56	3613.96	3684.56	3724.88	3728.10	3731.14	3734.70	3739.00	3734.00	3727.26	3734.56	3734.02	3736.84	3738.04	3729.94	3727.58	
3728.70	3717.98	3708.12	3706.82	3726.06	3720.56	3720.76	3721.20	3717.62	3699.66	3718.78	3709.64	3719.40	3722.04	3740.66	3689.00	

*******************************************2025/07/23;13:01:16
Probe number 2
Concentration entered by User 0.00% (Compensated: 0.49% at temperature 26.9)
1157.60	1168.54	1177.72	1188.18	1202.96	1215.02	1230.50	1245.50	1265.04	1282.76	1305.76	1328.34	1353.36	1380.70	1398.16	1419.70	
1441.88	1485.20	1525.46	1585.38	1628.56	1678.22	1731.76	1792.76	1864.50	1946.54	2045.16	2171.58	2337.14	2550.30	2892.08	3240.70	
3470.16	3656.84	3679.38	3661.82	3664.52	3667.56	3678.82	3683.04	3688.72	3691.80	3693.70	3699.56	3696.00	3695.14	3702.20	3703.56	
3701.46	3730.08	3720.52	3724.12	3726.18	3730.84	3734.40	3730.94	3734.08	3735.84	3729.18	3727.44	3729.96	3724.96	3722.60	3734.30	
3736.70	3734.74	3733.00	3732.70	3724.76	3724.84	3720.94	3713.84	3725.88	3716.00	3726.90	3721.00	3728.64	3729.82	3728.18	3732.40	
3732.68	3736.38	3733.66	3727.46	3736.38	3736.30	3732.50	3741.26	3734.98	3745.58	3739.10	3733.40	3739.82	3740.38	3744.24	3750.40	
3747.96	3617.64	3687.60	3727.86	3730.98	3733.94	3737.16	3741.52	3736.64	3729.86	3737.34	3736.58	3739.10	3740.56	3732.76	3730.28	
3731.68	3720.64	3710.62	3709.60	3728.80	3723.36	3723.64	3724.26	3720.46	3702.60	3721.48	3713.10	3722.48	3724.84	3743.28	3692.34	

*******************************************2025/07/23;13:05:57
Probe number 0
Concentration entered by User -1.00% (Compensated: -1.00% at temperature 27.1)
3407.32	3628.78	3626.28	3627.10	3635.24	3624.28	3630.36	3626.86	3635.58	3632.84	3647.84	3655.32	3664.46	3683.04	3646.10	3614.34	
3575.00	3627.28	3637.02	3695.32	3700.54	3698.40	3696.64	3694.56	3700.12	3703.88	3705.88	3708.36	3712.96	3705.32	3715.58	3724.82	
3720.06	3729.70	3728.74	3729.90	3726.50	3728.86	3737.82	3740.34	3743.56	3745.02	3745.48	3747.44	3742.16	3740.46	3744.48	3748.00	
3747.90	3769.80	3763.14	3763.70	3764.58	3767.54	3769.82	3767.04	3768.74	3771.26	3767.58	3767.40	3768.96	3765.02	3761.78	3769.52	
3770.98	3769.86	3769.40	3769.40	3762.38	3761.96	3757.46	3751.16	3759.34	3752.06	3762.18	3757.28	3760.00	3760.56	3758.12	3763.26	
3764.92	3768.18	3767.68	3762.32	3767.84	3766.98	3763.40	3769.54	3763.98	3773.32	3770.36	3767.78	3772.46	3768.14	3769.92	3773.86	
3774.16	3667.34	3728.60	3759.04	3758.44	3761.62	3767.40	3772.16	3765.78	3758.58	3765.92	3766.42	3769.22	3770.06	3767.06	3766.00	
3766.18	3755.96	3748.28	3748.18	3763.38	3759.92	3758.58	3756.40	3753.00	3738.82	3754.30	3747.66	3755.70	3757.48	3772.06	3730.74	

*******************************************2025/07/23;13:10:03
Probe number 1
Concentration entered by User 5.41% (Compensated: 5.88% at temperature 26.5)
1308.94	1327.24	1338.84	1352.34	1366.40	1378.34	1394.56	1409.74	1428.80	1445.98	1466.36	1487.12	1508.32	1530.68	1543.82	1562.66	
1580.16	1610.68	1635.24	1675.02	1699.46	1724.10	1750.90	1786.94	1823.92	1861.72	1904.56	1952.64	2001.94	2051.46	2121.72	2210.14	
2314.62	2454.42	2605.94	2779.68	2966.90	3161.34	3325.02	3438.86	3510.34	3557.80	3595.08	3623.12	3638.04	3654.70	3669.30	3681.02	
3682.92	3720.90	3711.56	3714.86	3718.94	3725.48	3731.14	3727.22	3730.48	3735.86	3732.26	3732.52	3734.66	3731.34	3728.04	3739.70	
3742.16	3742.60	3742.40	3742.08	3730.98	3730.14	3721.02	3713.86	3724.48	3717.60	3730.70	3725.08	3728.18	3727.80	3726.50	3731.72	
3734.06	3739.60	3738.96	3733.04	3741.18	3741.28	3737.84	3745.96	3738.70	3751.10	3747.98	3745.06	3749.50	3747.42	3750.22	3753.76	
3752.16	3629.02	3702.76	3739.00	3736.86	3737.88	3741.50	3750.66	3747.70	3741.96	3746.94	3742.12	3744.22	3746.04	3745.28	3744.28	
3743.88	3730.98	3721.56	3721.74	3739.68	3735.70	3733.36	3732.22	3727.82	3711.32	3728.68	3720.46	3731.80	3734.14	3751.98	3702.64	

*******************************************2025/07/23;13:10:32
Probe number 2
Concentration entered by User 5.43% (Compensated: 5.87% at temperature 26.2)
1306.80	1324.70	1336.94	1350.18	1363.54	1375.48	1390.86	1406.60	1425.30	1441.84	1462.96	1483.82	1504.40	1528.54	1543.92	1558.86	
1576.46	1606.80	1631.60	1671.04	1696.28	1724.50	1752.30	1783.76	1821.02	1856.82	1896.98	1949.62	2007.62	2057.20	2131.26	2222.34	
2315.92	2445.66	2597.26	2778.74	2967.94	3157.50	3322.12	3436.96	3509.34	3559.08	3595.64	3620.66	3635.54	3650.56	3664.68	3676.02	
3677.60	3715.28	3706.16	3710.90	3715.04	3721.60	3727.52	3723.96	3727.58	3732.66	3728.78	3728.94	3731.74	3727.74	3724.26	3735.66	
3738.36	3738.52	3738.58	3738.18	3727.72	3726.30	3718.60	3710.70	3721.40	3714.04	3727.08	3721.78	3725.72	3725.42	3724.14	3729.50	
3731.78	3737.34	3736.64	3730.72	3738.44	3738.14	3734.50	3742.86	3735.72	3748.16	3744.30	3741.00	3745.82	3743.40	3746.16	3749.94	
3748.54	3622.88	3697.18	3734.28	3732.50	3733.88	3737.54	3746.88	3743.82	3737.78	3742.90	3738.54	3740.56	3742.68	3741.06	3740.26	
3739.86	3726.92	3716.82	3716.68	3735.26	3731.74	3729.52	3728.18	3723.84	3706.68	3725.04	3716.46	3727.58	3730.26	3748.26	3698.04	

*******************************************2025/07/23;13:11:02
Probe number 3
Concentration entered by User 5.39% (Compensated: 5.82% at temperature 26.0)
1304.60	1322.78	1334.20	1347.10	1361.28	1374.00	1388.46	1404.02	1422.38	1438.84	1460.12	1480.88	1502.44	1525.94	1541.12	1555.84	
1570.86	1602.34	1630.60	1671.54	1698.58	1727.14	1752.94	1785.60	1824.90	1859.80	1903.88	1953.78	2005.78	2055.98	2129.42	2221.60	
2320.12	2450.98	2604.56	2783.02	2971.18	3164.22	3327.18	3442.42	3515.40	3563.12	3597.64	3622.88	3635.86	3650.20	3663.66	3674.32	
3676.14	3713.90	3705.34	3708.66	3713.00	3719.86	3726.12	3722.98	3726.54	3731.24	3727.60	3727.80	3730.62	3726.86	3722.66	3734.50	
3737.18	3737.02	3737.10	3737.04	3726.28	3725.42	3717.72	3709.58	3720.76	3713.16	3726.02	3720.74	3724.44	3724.78	3723.00	3728.60	
3730.94	3736.40	3735.44	3729.64	3737.58	3736.76	3732.94	3741.32	3734.36	3746.86	3743.20	3739.50	3744.46	3741.78	3744.26	3748.58	
3747.18	3619.96	3694.92	3732.58	3731.18	3732.22	3735.96	3745.34	3742.46	3736.08	3741.06	3736.88	3738.96	3741.08	3739.44	3738.18	
3737.98	3725.04	3715.02	3714.58	3733.62	3729.90	3728.32	3726.42	3722.28	3704.98	3723.00	3714.94	3725.92	3728.38	3746.96	3696.08	

*******************************************2025/07/23;13:11:32
Probe number 4
Concentration entered by User 5.47% (Compensated: 5.90% at temperature 26.0)
1303.88	1322.46	1333.92	1346.70	1360.38	1372.48	1387.00	1402.12	1420.76	1438.22	1459.56	1481.16	1502.36	1525.76	1540.64	1555.98	
1572.62	1603.50	1629.30	1672.06	1697.66	1725.44	1754.48	1785.60	1829.92	1868.10	1908.42	1955.20	2004.58	2058.88	2134.44	2223.74	
2317.94	2450.02	2600.36	2781.80	2964.66	3149.42	3312.90	3433.22	3508.24	3557.62	3593.72	3619.62	3633.52	3648.02	3661.80	3673.40	
3674.40	3712.34	3703.30	3706.88	3711.36	3718.70	3724.44	3721.00	3725.04	3730.00	3726.24	3726.58	3729.24	3725.08	3721.38	3732.68	
3735.38	3735.28	3735.06	3735.04	3725.06	3723.62	3716.24	3707.86	3719.16	3710.94	3724.62	3719.34	3723.32	3723.40	3721.52	3727.52	
3729.18	3734.92	3734.22	3728.12	3736.18	3735.42	3731.40	3739.74	3732.84	3745.42	3741.50	3737.68	3742.86	3740.10	3742.72	3746.90	
3745.66	3617.24	3692.90	3730.60	3729.44	3730.58	3734.44	3743.54	3740.64	3734.42	3739.48	3735.36	3737.58	3739.88	3737.76	3736.46	
3736.48	3723.24	3713.32	3712.84	3731.98	3728.20	3726.68	3724.84	3720.88	3703.12	3721.50	3713.36	3723.96	3726.54	3745.28	3694.00	

*******************************************2025/07/23;13:12:02
Probe number 5
Concentration entered by User 5.46% (Compensated: 5.89% at temperature 26.0)
1303.38	1320.94	1332.50	1345.26	1360.00	1371.90	1387.12	1402.68	1421.58	1437.60	1458.44	1481.40	1504.12	1526.18	1540.28	1554.78	
1568.96	1602.00	1629.00	1667.66	1696.14	1724.40	1751.74	1784.38	1824.26	1856.60	1897.76	1949.00	2007.20	2060.06	2136.66	2234.30	
2334.90	2459.64	2604.24	2775.88	2955.82	3146.48	3316.12	3437.78	3512.96	3560.08	3595.30	3621.42	3634.32	3648.80	3662.62	3673.36	
3674.66	3712.38	3703.78	3707.52	3711.62	3719.06	3724.68	3721.40	3725.22	3730.02	3726.30	3726.50	3729.38	3725.46	3721.66	3732.84	
3735.76	3735.62	3735.64	3735.50	3725.66	3724.00	3717.10	3708.92	3719.86	3711.88	3725.38	3720.06	3724.14	3724.24	3722.60	3727.80	
3730.16	3735.20	3734.64	3728.40	3736.56	3735.86	3732.38	3740.14	3733.72	3745.68	3741.96	3738.06	3743.04	3740.44	3742.92	3747.44	
3745.70	3617.68	3693.22	3730.44	3729.48	3730.98	3734.72	3743.80	3740.94	3734.72	3739.74	3735.84	3738.04	3740.26	3738.22	3737.28	
3737.02	3723.44	3713.58	3712.86	3732.36	3728.30	3727.18	3725.02	3721.18	3703.10	3721.74	3713.66	3724.38	3726.96	3745.64	3694.36	

*******************************************2025/07/23;13:12:32
Probe number 6
Concentration entered by User 5.41% (Compensated: 5.84% at temperature 25.9)
1302.22	1319.72	1330.84	1344.02	1358.94	1371.62	1386.88	1399.80	1418.32	1436.18	1457.22	1477.48	1499.74	1525.60	1538.84	1554.02	
1570.58	1600.90	1627.56	1669.42	1699.42	1724.66	1750.80	1783.20	1823.74	1860.10	1902.66	1951.98	2002.34	2051.76	2126.24	2218.70	
2317.74	2446.86	2600.96	2780.28	2969.74	3157.98	3322.58	3439.42	3514.40	3560.82	3596.18	3621.30	3633.70	3647.62	3660.78	3671.98	
3673.50	3711.88	3702.82	3706.16	3710.28	3717.58	3723.46	3720.14	3723.72	3728.68	3724.68	3724.92	3728.14	3724.00	3720.02	3731.52	
3734.42	3734.14	3734.38	3734.00	3724.12	3722.52	3715.64	3707.06	3718.02	3710.28	3723.72	3718.12	3722.44	3723.10	3720.68	3726.08	
3728.50	3733.76	3733.34	3727.00	3735.12	3734.44	3730.34	3738.42	3732.02	3744.46	3740.30	3736.50	3741.72	3739.00	3741.44	3746.06	
3744.64	3615.58	3691.32	3728.58	3728.08	3728.90	3733.22	3742.48	3739.36	3733.06	3738.10	3734.00	3736.24	3738.24	3736.60	3735.52	
3735.28	3721.60	3711.34	3710.84	3730.62	3726.54	3725.34	3722.98	3719.32	3700.76	3720.28	3711.94	3722.74	3724.84	3744.30	3692.16	

*******************************************2025/07/23;13:13:02
Probe number 7
Concentration entered by User 5.38% (Compensated: 5.81% at temperature 25.9)
1303.10	1320.36	1331.86	1344.58	1358.20	1370.28	1386.06	1400.78	1419.48	1436.58	1457.84	1479.48	1500.64	1525.28	1538.94	1551.42	
1567.30	1598.08	1625.14	1665.88	1694.68	1724.74	1752.14	1785.32	1823.20	1858.56	1899.66	1946.40	2003.74	2057.54	2132.06	2221.10	
2317.42	2449.96	2598.20	2781.38	2970.86	3165.36	3329.12	3441.70	3512.20	3560.28	3595.48	3620.86	3633.98	3648.66	3661.38	3672.36	
3674.02	3711.28	3702.92	3706.68	3710.98	3717.72	3723.56	3720.14	3723.96	3729.12	3725.32	3725.60	3728.40	3724.28	3720.84	3731.52	
3734.72	3733.90	3734.56	3734.26	3724.70	3722.56	3716.06	3707.28	3718.72	3710.80	3724.08	3719.00	3722.98	3723.82	3721.20	3727.10	
3729.08	3734.40	3733.64	3727.34	3735.34	3734.48	3730.86	3739.10	3732.26	3744.74	3740.92	3736.72	3741.88	3739.18	3741.54	3746.10	
3744.86	3615.48	3691.52	3729.10	3728.22	3729.24	3733.48	3742.52	3739.74	3733.16	3738.12	3734.56	3736.58	3738.78	3736.68	3735.52	
3735.54	3722.24	3711.88	3711.22	3730.88	3726.92	3725.68	3723.34	3719.64	3701.04	3720.54	3711.92	3723.04	3725.10	3744.66	3692.26	

*******************************************2025/07/23;13:13:33
Probe number 8
Concentration entered by User 5.32% (Compensated: 5.73% at temperature 25.8)
1303.06	1320.78	1331.84	1345.04	1359.24	1371.58	1386.84	1401.48	1419.16	1436.38	1457.58	1479.28	1500.90	1524.64	1540.38	1556.52	
1572.26	1602.14	1629.24	1669.72	1700.10	1729.30	1755.90	1785.38	1823.92	1858.88	1901.94	1954.44	2011.12	2061.06	2133.12	2222.90	
2322.90	2452.88	2603.10	2786.76	2979.08	3168.98	3338.28	3456.32	3528.58	3574.86	3607.34	3633.16	3645.14	3658.48	3671.74	3681.92	
3682.72	3719.16	3711.44	3715.16	3718.70	3725.56	3731.24	3727.60	3730.88	3736.10	3732.12	3732.34	3735.38	3731.14	3727.54	3738.26	
3740.88	3740.66	3740.72	3740.56	3731.62	3729.20	3723.60	3715.08	3726.30	3718.22	3731.14	3725.84	3729.92	3730.88	3728.16	3733.70	
3735.72	3740.78	3740.14	3734.06	3741.94	3741.16	3737.50	3744.98	3738.78	3750.66	3747.06	3743.28	3747.92	3745.58	3747.44	3752.24	
3750.74	3625.34	3699.48	3735.50	3734.72	3736.26	3740.04	3748.70	3745.84	3739.62	3744.72	3740.92	3743.18	3745.20	3743.60	3741.96	
3741.88	3728.96	3719.60	3718.26	3737.46	3733.78	3732.72	3730.12	3726.84	3709.12	3727.54	3719.64	3729.62	3731.94	3750.64	3700.60	

*******************************************2025/07/23;13:14:03
Probe number 9
Concentration entered by User 5.31% (Compensated: 5.72% at temperature 25.8)
1303.24	1320.72	1332.34	1344.70	1359.54	1370.94	1386.34	1401.64	1419.16	1436.58	1458.68	1479.60	1501.50	1525.24	1540.66	1556.36	
1573.88	1605.84	1631.20	1671.76	1697.46	1724.12	1752.60	1784.38	1822.46	1857.20	1902.20	1952.72	2008.86	2062.38	2141.98	2231.78	
2334.80	2463.60	2613.50	2792.72	2982.22	3170.46	3339.34	3460.28	3532.18	3578.76	3611.30	3635.08	3647.16	3660.82	3673.38	3683.96	
3684.20	3720.00	3712.68	3716.20	3720.08	3726.92	3732.18	3728.92	3732.68	3737.36	3733.46	3733.56	3736.92	3732.72	3729.10	3739.66	
3742.80	3742.30	3742.62	3742.08	3733.16	3731.10	3725.22	3716.62	3727.30	3719.66	3732.52	3727.44	3731.40	3731.94	3729.58	3734.94	
3737.00	3742.06	3741.24	3734.98	3743.16	3742.20	3738.78	3746.54	3740.44	3751.74	3748.02	3744.16	3749.46	3746.50	3748.90	3753.40	
3751.90	3627.36	3701.24	3736.86	3736.28	3737.54	3741.24	3749.82	3746.84	3740.88	3745.76	3742.22	3744.70	3746.38	3744.44	3743.24	
3743.34	3730.12	3720.92	3719.80	3738.74	3734.76	3734.14	3731.50	3728.26	3710.20	3728.88	3721.24	3731.04	3732.94	3751.78	3701.88	

*******************************************2025/07/23;13:14:33
Probe number 10
Concentration entered by User 5.37% (Compensated: 5.78% at temperature 25.7)
1302.90	1320.84	1332.10	1345.14	1359.42	1371.62	1387.08	1401.68	1419.44	1437.56	1458.40	1479.10	1500.92	1523.70	1538.04	1555.32	
1571.60	1603.26	1632.56	1673.20	1700.02	1724.88	1751.72	1785.38	1826.96	1864.96	1905.16	1953.38	2014.58	2071.76	2144.70	2224.26	
2316.78	2448.28	2597.82	2777.40	2959.08	3161.58	3332.42	3449.18	3524.02	3572.00	3606.80	3630.88	3642.82	3656.40	3669.08	3679.34	
3680.02	3716.14	3709.02	3712.06	3716.46	3723.24	3729.02	3725.40	3729.24	3734.26	3730.72	3730.42	3733.66	3729.90	3725.96	3736.58	
3739.62	3739.04	3739.44	3739.26	3730.18	3727.82	3722.16	3713.14	3724.14	3716.44	3729.26	3724.54	3728.30	3729.22	3726.36	3732.08	
3733.98	3738.94	3738.32	3732.40	3740.36	3739.16	3736.00	3743.60	3737.66	3749.36	3745.56	3741.50	3746.66	3743.68	3746.20	3750.78	
3749.12	3622.56	3697.16	3734.06	3733.02	3734.44	3738.82	3747.16	3744.52	3737.72	3743.02	3739.48	3741.56	3744.02	3741.84	3740.28	
3740.28	3727.32	3717.94	3716.32	3735.42	3731.94	3730.92	3728.34	3725.30	3707.00	3725.78	3718.04	3728.22	3730.10	3749.16	3698.42	

*******************************************2025/07/23;13:15:03
Probe number 11
Concentration entered by User 5.35% (Compensated: 5.76% at temperature 25.6)
1303.38	1321.36	1332.40	1345.90	1359.68	1371.72	1387.82	1402.42	1419.96	1436.46	1457.66	1479.12	1499.92	1524.08	1540.42	1555.00	
1570.68	1602.88	1629.64	1671.38	1701.52	1729.44	1751.42	1784.32	1823.06	1858.66	1904.14	1960.88	2017.80	2070.36	2141.20	2227.32	
2323.44	2460.98	2599.54	2766.14	2962.50	3167.18	3334.78	3449.86	3524.40	3572.74	3607.62	3633.72	3645.76	3659.16	3671.80	3682.46	
3683.18	3718.70	3711.22	3714.36	3718.20	3725.02	3730.42	3727.12	3731.10	3735.64	3731.86	3732.04	3735.06	3731.20	3727.24	3737.70	
3740.82	3740.16	3740.72	3740.90	3732.00	3729.08	3723.82	3715.10	3726.08	3718.12	3730.58	3726.10	3730.06	3731.10	3727.98	3733.82	
3735.84	3740.68	3740.32	3733.58	3741.72	3741.06	3737.24	3745.30	3738.74	3750.44	3746.94	3742.92	3747.88	3745.42	3747.62	3752.14	
3750.64	3624.76	3698.74	3735.16	3734.48	3736.02	3739.80	3748.46	3745.56	3738.86	3744.40	3740.84	3743.04	3745.20	3742.88	3741.74	
3741.68	3728.78	3719.44	3717.88	3737.10	3733.16	3732.96	3730.06	3726.88	3708.68	3727.80	3719.44	3729.70	3731.50	3750.64	3699.98	

*******************************************2025/07/23;13:15:33
Probe number 12
Concentration entered by User 5.41% (Compensated: 5.81% at temperature 25.6)
1301.64	1318.94	1331.06	1344.92	1359.18	1371.22	1386.02	1400.10	1417.02	1434.52	1457.40	1479.38	1500.78	1524.04	1538.56	1552.52	
1567.50	1600.20	1628.28	1667.96	1697.50	1725.40	1749.64	1781.82	1822.00	1858.92	1901.92	1950.98	2012.94	2067.08	2139.86	2229.60	
2323.74	2447.78	2593.70	2773.06	2961.08	3156.36	3323.92	3442.54	3519.02	3567.62	3601.40	3627.24	3639.20	3653.74	3666.92	3677.84	
3678.80	3714.82	3706.90	3710.30	3714.46	3721.50	3726.82	3723.54	3727.70	3732.66	3728.94	3728.96	3732.08	3727.88	3724.46	3734.74	
3737.96	3737.20	3738.08	3737.54	3728.80	3726.18	3720.72	3711.18	3722.80	3714.44	3727.78	3722.72	3726.96	3728.04	3725.14	3730.28	
3732.72	3737.76	3737.08	3730.38	3738.88	3737.78	3734.40	3741.76	3735.86	3747.50	3743.98	3739.62	3744.90	3742.40	3744.46	3749.30	
3747.94	3620.12	3694.78	3731.96	3731.20	3732.76	3736.82	3745.26	3742.66	3735.70	3741.40	3737.52	3739.86	3742.42	3740.24	3738.86	
3738.62	3725.52	3715.76	3714.38	3733.90	3730.28	3729.16	3726.28	3723.46	3704.60	3724.70	3716.20	3726.16	3728.58	3747.78	3696.44	

*******************************************2025/07/23;13:16:03
Probe number 13
Concentration entered by User 5.37% (Compensated: 5.77% at temperature 25.6)
1302.84	1320.44	1331.18	1344.42	1358.52	1370.78	1386.46	1400.78	1419.34	1436.12	1458.48	1480.18	1501.38	1524.16	1538.38	1554.10	
1571.02	1601.46	1626.88	1667.90	1698.48	1725.36	1749.80	1782.78	1824.30	1864.10	1912.10	1960.16	2009.78	2061.90	2137.78	2222.64	
2322.02	2455.04	2604.96	2786.04	2974.22	3163.02	3327.64	3448.80	3521.96	3570.18	3604.42	3629.18	3641.44	3655.48	3667.64	3678.80	
3679.98	3715.50	3708.40	3711.64	3715.48	3722.48	3728.16	3725.36	3729.26	3734.02	3729.84	3730.18	3733.02	3729.08	3725.62	3736.16	
3738.94	3738.34	3739.14	3738.70	3730.18	3727.34	3722.20	3713.18	3724.12	3715.86	3729.00	3724.16	3728.48	3729.38	3726.18	3731.92	
3734.04	3738.40	3738.44	3731.46	3739.82	3739.14	3735.14	3743.08	3737.18	3748.52	3745.12	3740.96	3746.24	3743.70	3745.46	3750.36	
3748.98	3621.92	3696.46	3733.12	3732.46	3734.14	3738.18	3746.80	3743.60	3737.02	3742.52	3738.84	3741.34	3743.54	3740.90	3739.66	
3739.60	3726.86	3717.24	3715.82	3735.12	3731.22	3730.60	3727.74	3724.76	3706.04	3725.40	3717.64	3727.72	3729.44	3748.70	3697.54	

*******************************************2025/07/23;13:16:33
Probe number 14
Concentration entered by User 5.35% (Compensated: 5.75% at temperature 25.5)
1301.80	1318.80	1329.48	1341.82	1357.00	1369.72	1384.98	1399.14	1418.20	1434.52	1455.94	1478.18	1498.40	1522.04	1537.72	1554.38	
1570.78	1601.06	1626.72	1668.80	1698.68	1725.02	1749.94	1782.70	1824.34	1863.38	1904.98	1955.02	2010.06	2058.94	2136.38	2230.12	
2331.98	2467.54	2614.84	2786.34	2968.64	3164.04	3335.06	3452.32	3525.50	3573.08	3605.20	3629.80	3642.04	3655.32	3667.60	3677.82	
3679.26	3714.98	3707.32	3710.58	3714.62	3721.50	3727.24	3723.94	3728.18	3732.68	3728.84	3729.02	3731.86	3727.62	3724.14	3734.58	
3737.74	3737.26	3737.62	3737.30	3728.90	3725.98	3720.74	3711.74	3723.38	3714.54	3727.68	3723.00	3726.82	3728.36	3725.06	3730.58	
3732.80	3737.34	3737.30	3730.92	3738.84	3737.74	3734.06	3741.92	3735.98	3747.30	3743.80	3739.54	3745.04	3742.46	3744.62	3749.20	
3747.74	3620.24	3695.06	3731.92	3731.10	3732.90	3736.98	3745.32	3742.60	3735.94	3741.12	3737.90	3740.06	3742.44	3740.10	3738.56	
3738.36	3725.64	3715.76	3714.00	3733.96	3730.00	3729.38	3726.58	3723.40	3704.52	3723.98	3716.42	3726.34	3728.08	3747.80	3696.30	

*******************************************2025/07/23;13:17:03
Probe number 15
Concentration entered by User 5.25% (Compensated: 5.65% at temperature 25.6)
1301.36	1319.00	1331.06	1343.74	1358.36	1370.56	1385.56	1399.74	1417.98	1435.64	1457.64	1479.44	1499.34	1523.08	1537.32	1553.14	
1570.24	1602.30	1629.66	1670.24	1697.20	1723.76	1749.76	1782.82	1820.28	1857.16	1899.54	1948.06	2007.84	2065.34	2140.60	2232.32	
2330.76	2463.36	2616.88	2798.72	2988.98	3183.62	3349.44	3465.26	3535.94	3580.36	3611.16	3635.82	3647.26	3659.96	3672.64	3682.42	
3683.10	3718.72	3711.50	3714.62	3718.42	3725.46	3730.68	3727.64	3731.40	3735.98	3732.72	3732.26	3735.38	3731.28	3727.54	3737.64	
3740.68	3740.10	3740.68	3740.20	3731.92	3729.26	3724.18	3714.64	3725.92	3718.10	3730.84	3725.74	3730.16	3731.28	3727.84	3733.22	
3736.16	3740.30	3740.14	3733.52	3741.96	3740.62	3737.16	3744.82	3738.74	3750.22	3746.76	3742.60	3747.64	3744.96	3747.02	3751.48	
3750.58	3624.00	3698.52	3734.54	3734.04	3735.68	3739.74	3748.08	3745.26	3738.72	3744.10	3740.86	3742.66	3744.98	3742.78	3741.28	
3741.32	3728.54	3718.82	3717.54	3736.84	3732.94	3732.52	3729.22	3726.62	3707.94	3727.24	3719.38	3729.62	3731.22	3750.10	3699.74	

*******************************************2025/07/23;13:17:32
Probe number 16
Concentration entered by User 5.18% (Compensated: 5.58% at temperature 25.5)
1300.44	1318.08	1329.20	1342.52	1356.40	1368.48	1383.90	1397.84	1415.84	1432.52	1454.86	1476.34	1497.60	1521.58	1536.88	1552.72	
1569.94	1600.48	1626.52	1666.92	1695.92	1723.96	1748.88	1780.34	1819.38	1853.48	1898.16	1947.64	2003.14	2054.50	2126.94	2222.04	
2324.54	2464.08	2620.50	2803.90	2999.02	3196.20	3360.66	3470.62	3537.38	3580.26	3610.86	3633.68	3644.04	3657.98	3669.54	3680.02	
3679.74	3715.84	3708.26	3711.42	3715.28	3722.56	3727.16	3724.08	3727.62	3732.78	3728.82	3729.18	3732.08	3727.72	3723.76	3734.12	
3737.26	3736.54	3737.30	3736.88	3728.58	3725.36	3720.32	3710.98	3722.32	3713.82	3726.92	3722.12	3726.24	3727.74	3724.30	3730.14	
3732.24	3736.52	3736.56	3729.70	3738.28	3737.14	3733.56	3741.02	3734.98	3746.82	3743.10	3738.96	3744.42	3741.76	3744.00	3748.46	
3747.04	3618.90	3694.14	3730.60	3730.40	3732.02	3736.26	3744.80	3741.50	3734.64	3740.18	3737.14	3739.08	3741.40	3739.18	3738.04	
3737.66	3724.52	3714.34	3712.76	3732.80	3729.24	3728.48	3725.26	3722.32	3703.42	3723.22	3715.08	3725.02	3727.40	3746.78	3694.80	

*******************************************2025/07/23;13:18:03
Probe number 17
Concentration entered by User 5.40% (Compensated: 5.79% at temperature 25.5)
1301.12	1318.30	1330.16	1343.58	1357.24	1369.34	1384.60	1399.40	1418.08	1434.34	1454.80	1476.58	1498.44	1522.82	1537.40	1552.20	
1568.32	1600.42	1627.58	1668.72	1699.08	1725.42	1752.02	1783.50	1819.48	1852.98	1894.62	1947.32	2005.22	2058.52	2140.24	2235.08	
2335.62	2471.00	2620.46	2796.72	2974.76	3154.98	3323.06	3447.70	3525.16	3571.48	3605.94	3632.34	3644.34	3657.64	3670.02	3680.72	
3681.42	3716.42	3709.78	3712.90	3716.98	3723.86	3729.30	3726.10	3730.18	3735.10	3731.22	3731.14	3734.00	3729.94	3726.82	3736.84	
3739.72	3739.00	3739.84	3739.44	3730.64	3728.30	3723.34	3714.00	3725.22	3716.76	3729.66	3725.04	3729.20	3730.34	3727.34	3733.20	
3735.28	3739.20	3739.34	3732.48	3740.84	3739.78	3736.24	3743.98	3738.06	3749.60	3745.60	3741.72	3746.96	3744.28	3746.46	3751.12	
3749.66	3622.50	3697.22	3733.58	3733.74	3734.98	3738.98	3747.36	3744.30	3737.38	3742.92	3739.52	3741.96	3744.08	3742.02	3740.44	
3740.46	3727.32	3718.08	3716.38	3735.74	3732.12	3731.40	3728.26	3725.68	3706.72	3726.30	3718.88	3728.36	3730.32	3749.68	3698.60	

*******************************************2025/07/23;13:18:33
Probe number 18
Concentration entered by User 5.30% (Compensated: 5.69% at temperature 25.4)
1300.56	1318.02	1329.76	1342.72	1357.06	1368.26	1383.38	1398.26	1415.86	1433.10	1455.56	1477.36	1497.64	1521.62	1537.52	1552.38	
1568.16	1599.60	1628.56	1669.50	1697.86	1726.38	1754.74	1782.38	1821.22	1859.98	1900.16	1949.12	2006.14	2058.10	2136.68	2227.14	
2325.14	2447.18	2598.24	2791.68	2990.26	3180.38	3338.62	3451.54	3524.60	3571.44	3604.52	3630.32	3642.82	3656.34	3668.60	3679.12	
3679.68	3715.10	3708.08	3711.08	3715.20	3721.86	3727.66	3724.84	3728.58	3733.28	3729.72	3729.68	3732.58	3728.46	3724.62	3735.14	
3738.06	3737.38	3737.84	3737.52	3729.10	3726.16	3721.34	3711.98	3723.06	3714.84	3727.74	3722.80	3727.22	3728.54	3725.18	3730.98	
3733.00	3737.66	3737.38	3730.56	3739.06	3737.98	3734.10	3742.12	3735.98	3747.86	3744.06	3740.10	3745.00	3742.48	3744.58	3749.22	
3748.14	3620.28	3695.20	3731.40	3731.50	3733.02	3737.12	3745.72	3742.02	3735.82	3741.12	3738.06	3740.34	3742.68	3740.24	3738.82	
3738.62	3725.44	3715.72	3714.00	3734.14	3730.48	3729.80	3726.46	3723.52	3704.88	3724.30	3716.42	3726.54	3728.38	3748.06	3696.06	

*******************************************2025/07/23;13:19:03
Probe number 19
Concentration entered by User 5.32% (Compensated: 5.71% at temperature 25.4)
1301.14	1318.26	1330.02	1343.30	1357.08	1369.30	1385.00	1398.72	1418.28	1434.76	1455.84	1477.54	1498.48	1523.14	1536.02	1550.64	
1567.22	1600.88	1628.44	1667.46	1697.08	1724.22	1749.84	1780.48	1821.06	1859.12	1899.16	1946.70	2003.64	2063.22	2141.06	2235.38	
2333.22	2452.80	2593.22	2769.10	2964.42	3165.78	3341.64	3457.36	3526.88	3572.62	3604.64	3628.02	3640.06	3655.20	3667.86	3677.66	
3679.10	3715.06	3707.96	3711.38	3714.62	3721.78	3727.52	3724.72	3728.14	3733.34	3729.62	3729.18	3732.86	3728.56	3725.08	3735.50	
3738.34	3737.60	3738.12	3738.14	3729.72	3726.74	3721.82	3712.78	3723.56	3715.10	3728.52	3723.78	3727.86	3729.22	3726.16	3731.42	
3733.72	3738.08	3738.16	3731.14	3739.28	3737.98	3734.92	3742.50	3736.58	3748.20	3744.48	3740.40	3745.40	3742.70	3744.70	3749.78	
3748.48	3620.18	3695.20	3732.24	3731.84	3733.78	3737.62	3745.72	3743.02	3736.04	3741.80	3738.60	3740.88	3742.82	3740.70	3738.98	
3739.24	3725.72	3716.30	3714.42	3734.40	3730.44	3730.46	3726.90	3724.20	3705.18	3725.10	3717.24	3726.90	3728.92	3748.50	3696.52	

*******************************************2025/07/23;13:19:33
Probe number 20
Concentration entered by User 5.35% (Compensated: 5.74% at temperature 25.4)
1300.54	1317.90	1329.22	1341.42	1356.30	1369.12	1384.32	1399.18	1418.26	1434.80	1455.38	1477.92	1499.24	1521.76	1536.94	1551.18	
1567.98	1601.58	1629.24	1667.64	1696.18	1723.90	1751.94	1786.74	1823.30	1856.94	1902.92	1956.82	2009.86	2057.82	2138.30	2233.84	
2329.98	2454.64	2599.32	2781.64	2967.74	3161.28	3332.00	3455.84	3530.06	3575.02	3607.74	3632.72	3643.02	3656.36	3669.04	3679.48	
3680.04	3715.80	3708.78	3712.24	3715.64	3722.52	3728.08	3725.04	3728.86	3733.96	3730.34	3730.14	3733.26	3729.10	3725.64	3735.64	
3738.86	3737.76	3738.68	3738.12	3729.80	3727.00	3722.22	3712.84	3723.94	3715.56	3728.64	3723.38	3728.10	3729.72	3726.12	3731.80	
3734.18	3738.36	3738.26	3731.44	3739.58	3738.32	3735.12	3742.80	3736.64	3748.44	3744.60	3740.38	3745.86	3743.00	3745.08	3749.78	
3748.64	3620.88	3695.64	3732.06	3731.94	3733.74	3737.98	3746.10	3743.34	3736.48	3741.76	3738.82	3741.02	3743.08	3740.58	3739.26	
3739.34	3726.20	3716.40	3714.70	3734.44	3731.04	3730.44	3727.16	3724.20	3705.74	3724.96	3717.64	3727.36	3729.08	3748.80	3696.60	

*******************************************2025/07/23;13:20:03
Probe number 21
Concentration entered by User 5.31% (Compensated: 5.70% at temperature 25.4)
1300.26	1317.44	1329.16	1342.62	1357.68	1369.16	1384.96	1400.10	1417.96	1434.06	1454.28	1476.90	1499.92	1523.88	1538.70	1554.04	
1570.42	1602.02	1630.38	1670.98	1699.26	1725.54	1750.78	1784.38	1824.82	1862.92	1905.20	1954.12	2007.90	2059.30	2135.86	2234.90	
2335.96	2465.50	2613.34	2789.00	2982.24	3171.08	3337.22	3458.16	3532.28	3576.40	3606.90	3632.24	3644.60	3657.50	3670.44	3680.70	
3681.28	3716.80	3709.44	3712.26	3716.14	3723.14	3728.72	3725.48	3729.68	3734.44	3730.00	3730.32	3733.34	3729.38	3725.50	3735.54	
3739.06	3737.96	3738.68	3738.44	3730.24	3727.14	3722.32	3712.84	3724.30	3715.64	3728.60	3723.86	3728.28	3729.58	3726.12	3731.70	
3733.88	3738.26	3737.94	3731.20	3739.92	3738.52	3735.16	3742.72	3736.90	3748.52	3744.84	3740.52	3745.86	3743.12	3745.16	3749.78	
3749.08	3621.00	3695.70	3731.98	3732.10	3733.76	3738.04	3745.96	3742.90	3736.08	3742.08	3738.88	3740.98	3743.36	3740.94	3739.40	
3739.46	3726.26	3716.56	3714.88	3734.62	3731.28	3730.54	3727.36	3724.60	3705.50	3725.24	3717.60	3727.10	3729.30	3748.58	3696.92	

*******************************************2025/07/23;13:20:33
Probe number 22
Concentration entered by User 5.25% (Compensated: 5.64% at temperature 25.5)
1301.40	1318.62	1329.56	1341.78	1356.04	1369.08	1385.08	1399.88	1418.22	1435.98	1458.22	1479.12	1498.32	1522.36	1539.26	1554.06	
1571.36	1602.88	1630.40	1669.48	1696.20	1722.32	1750.04	1785.88	1824.16	1862.20	1908.50	1957.12	2013.48	2070.16	2141.24	2229.96	
2327.54	2450.50	2597.46	2781.34	2981.06	3181.10	3351.36	3468.24	3539.66	3582.26	3613.58	3636.20	3647.66	3661.42	3672.74	3683.12	
3682.90	3718.06	3711.36	3714.26	3718.24	3724.96	3730.54	3727.58	3730.98	3736.22	3732.20	3732.26	3735.54	3731.78	3727.72	3737.92	
3741.12	3740.14	3740.98	3740.76	3732.86	3729.78	3724.88	3715.56	3726.80	3718.62	3731.16	3726.44	3730.64	3732.10	3728.50	3734.08	
3736.54	3740.46	3740.56	3733.70	3741.96	3741.22	3737.28	3744.84	3739.28	3750.68	3746.46	3742.88	3747.92	3745.32	3747.06	3752.24	
3750.94	3624.70	3698.58	3734.62	3734.36	3736.58	3740.36	3748.50	3745.40	3738.42	3743.84	3741.06	3743.32	3745.72	3743.18	3741.50	
3741.58	3728.66	3719.12	3717.58	3737.38	3733.18	3733.04	3729.54	3726.78	3708.42	3727.84	3719.80	3729.84	3731.42	3750.76	3699.78	

*******************************************2025/07/23;13:21:03
Probe number 23
Concentration entered by User 5.35% (Compensated: 5.74% at temperature 25.5)
1299.80	1316.98	1328.46	1341.00	1355.70	1367.70	1383.08	1398.62	1416.72	1434.16	1454.80	1475.98	1495.58	1521.30	1535.72	1551.00	
1567.52	1599.00	1625.74	1667.94	1697.10	1723.34	1748.68	1779.90	1818.00	1857.60	1905.86	1950.88	2007.80	2058.14	2135.66	2233.98	
2328.90	2457.18	2602.80	2776.30	2966.40	3162.60	3336.50	3452.94	3526.46	3571.74	3604.88	3630.28	3641.68	3655.34	3668.46	3677.78	
3678.32	3713.94	3706.48	3709.66	3713.44	3720.24	3726.08	3722.72	3726.66	3731.52	3727.48	3727.80	3730.34	3726.70	3722.94	3733.20	
3736.78	3735.50	3736.00	3736.32	3727.74	3724.76	3719.92	3710.38	3721.58	3712.94	3726.44	3721.50	3725.96	3727.44	3723.72	3729.48	
3731.78	3736.26	3736.36	3729.00	3737.64	3736.56	3732.74	3740.76	3734.94	3746.38	3742.50	3738.64	3743.74	3740.72	3742.94	3747.76	
3746.94	3617.86	3692.90	3729.78	3729.54	3731.48	3735.94	3743.88	3741.02	3734.06	3739.64	3736.62	3739.14	3741.50	3738.82	3737.44	
3737.08	3724.16	3714.00	3712.38	3732.46	3729.08	3728.40	3724.88	3722.12	3703.04	3723.02	3715.22	3725.18	3727.00	3746.62	3694.30	

*******************************************2025/07/23;13:21:32
Probe number 24
Concentration entered by User 5.32% (Compensated: 5.70% at temperature 25.4)
1301.46	1318.80	1330.34	1342.64	1356.64	1368.32	1383.34	1398.96	1416.44	1433.64	1456.74	1478.32	1499.54	1523.34	1537.84	1552.70	
1570.22	1601.80	1629.08	1671.54	1698.22	1724.86	1754.42	1785.98	1824.96	1862.62	1909.22	1957.76	2008.94	2063.44	2144.16	2241.18	
2339.06	2462.38	2599.20	2772.02	2965.60	3166.86	3340.66	3461.28	3532.74	3577.24	3610.40	3633.66	3645.34	3658.26	3670.52	3680.74	
3680.92	3716.28	3709.54	3712.60	3716.04	3723.04	3728.82	3725.94	3729.46	3734.22	3730.66	3730.82	3733.66	3729.56	3725.48	3736.12	
3739.26	3738.16	3738.84	3738.72	3730.70	3727.62	3722.82	3713.32	3724.38	3715.62	3728.96	3724.14	3728.48	3729.86	3726.46	3732.18	
3734.44	3738.68	3738.60	3731.80	3740.08	3738.76	3735.40	3742.98	3737.04	3748.72	3744.76	3740.86	3746.02	3743.06	3745.22	3750.46	
3749.22	3621.70	3695.92	3732.28	3732.30	3734.06	3738.32	3746.66	3743.42	3736.52	3742.26	3739.34	3741.18	3743.64	3741.22	3739.64	
3739.48	3726.76	3716.84	3714.90	3735.08	3731.42	3730.98	3727.28	3724.74	3705.90	3726.12	3718.16	3727.62	3729.28	3749.02	3697.26	

*******************************************2025/07/23;13:22:03
Probe number 25
Concentration entered by User 5.33% (Compensated: 5.72% at temperature 25.4)
1300.26	1317.68	1329.76	1342.14	1356.10	1367.84	1383.30	1398.38	1416.64	1433.06	1453.94	1475.56	1498.14	1522.78	1537.46	1552.44	
1569.12	1599.22	1627.72	1669.14	1696.26	1726.82	1752.00	1782.94	1822.50	1861.06	1904.68	1953.16	2009.64	2058.88	2131.12	2223.02	
2317.20	2446.80	2601.04	2784.02	2978.36	3164.20	3335.04	3455.62	3530.66	3576.38	3608.96	3633.46	3644.78	3658.48	3670.66	3680.62	
3681.20	3716.66	3709.62	3712.72	3716.14	3723.38	3728.38	3725.56	3729.64	3734.46	3730.44	3730.54	3733.40	3729.46	3725.96	3735.84	
3739.46	3738.08	3738.80	3738.64	3730.32	3727.42	3722.32	3713.10	3724.38	3715.86	3729.18	3724.44	3728.54	3730.22	3726.36	3731.76	
3734.26	3738.64	3738.28	3731.40	3740.08	3738.62	3735.14	3742.94	3737.20	3748.48	3744.82	3740.72	3745.88	3743.38	3745.28	3749.96	
3749.00	3621.18	3695.64	3732.10	3732.16	3733.92	3738.22	3746.10	3743.12	3736.30	3741.82	3738.96	3741.36	3743.68	3741.18	3739.68	
3739.36	3726.40	3716.66	3715.06	3734.76	3731.02	3730.86	3727.28	3724.46	3705.68	3725.58	3717.58	3727.66	3729.22	3748.50	3697.14	

*******************************************2025/07/23;13:22:33
Probe number 26
Concentration entered by User 5.26% (Compensated: 5.65% at temperature 25.4)
1300.32	1317.60	1329.14	1341.84	1355.40	1367.58	1383.88	1399.06	1416.10	1431.44	1453.24	1474.56	1495.92	1520.94	1538.06	1553.30	
1567.92	1600.56	1627.98	1665.94	1693.92	1724.24	1751.88	1783.94	1822.02	1857.12	1899.26	1948.88	2005.92	2060.30	2134.34	2226.12	
2322.44	2450.86	2607.96	2793.28	2987.08	3181.12	3347.82	3461.54	3533.32	3577.80	3608.70	3632.42	3643.24	3656.98	3668.78	3679.32	
3679.46	3715.12	3708.12	3710.88	3714.46	3721.68	3726.88	3724.08	3727.86	3732.72	3728.48	3728.46	3731.62	3727.62	3724.00	3734.30	
3737.10	3736.18	3736.92	3736.92	3728.50	3725.62	3720.62	3711.32	3722.56	3713.94	3727.30	3722.16	3726.58	3727.84	3724.54	3730.02	
3732.44	3736.86	3736.72	3729.62	3738.02	3736.74	3733.54	3741.42	3735.30	3747.08	3742.98	3739.02	3744.52	3741.46	3743.56	3748.62	
3747.50	3618.82	3693.40	3730.34	3730.60	3732.52	3736.62	3744.58	3741.24	3734.62	3740.28	3737.48	3739.78	3742.22	3739.30	3737.88	
3737.80	3724.38	3714.68	3712.90	3733.16	3729.76	3729.22	3725.48	3722.68	3703.56	3723.68	3716.14	3725.78	3727.50	3747.36	3694.82	

*******************************************2025/07/23;13:23:03
Probe number 27
Concentration entered by User 5.27% (Compensated: 5.65% at temperature 25.4)
1300.66	1318.24	1329.34	1342.16	1356.92	1368.48	1383.92	1398.28	1416.02	1432.52	1453.40	1476.24	1498.26	1522.12	1537.76	1552.84	
1569.78	1601.72	1630.12	1670.00	1697.78	1727.06	1754.80	1785.36	1823.48	1861.88	1906.54	1957.46	2013.98	2067.98	2140.34	2228.26	
2322.60	2453.00	2604.52	2776.64	2972.72	3179.42	3350.38	3462.76	3535.26	3580.48	3612.28	3635.16	3646.74	3660.26	3672.32	3682.08	
3682.28	3717.38	3710.54	3713.46	3716.60	3723.78	3728.94	3726.10	3729.74	3734.88	3731.12	3731.20	3734.00	3730.02	3725.98	3736.54	
3739.40	3738.56	3738.96	3739.04	3730.60	3728.02	3723.14	3713.66	3725.08	3716.28	3729.36	3724.86	3728.98	3730.52	3727.06	3732.46	
3735.06	3739.06	3739.04	3732.02	3740.32	3739.10	3735.64	3743.48	3737.52	3749.20	3745.30	3741.32	3746.50	3743.60	3745.88	3750.50	
3749.82	3622.50	3696.16	3732.50	3732.48	3734.62	3738.82	3746.56	3743.60	3736.60	3742.54	3739.60	3741.98	3744.28	3741.76	3740.10	
3739.96	3727.10	3717.18	3715.54	3735.26	3731.84	3731.30	3727.70	3724.94	3706.66	3726.26	3718.64	3727.96	3730.08	3749.30	3697.94	

*******************************************2025/07/23;13:23:33
Probe number 28
Concentration entered by User 5.32% (Compensated: 5.70% at temperature 25.4)
1300.12	1318.06	1329.82	1342.86	1357.90	1369.66	1384.84	1398.52	1416.10	1433.22	1455.50	1477.16	1498.54	1523.78	1538.12	1553.80	
1568.84	1599.70	1628.40	1668.64	1697.08	1724.62	1750.64	1778.78	1818.44	1857.16	1903.84	1952.18	2007.60	2061.28	2137.34	2232.72	
2331.00	2460.60	2603.56	2787.24	2982.92	3166.82	3335.66	3458.96	3531.84	3577.12	3609.38	3634.32	3645.74	3659.22	3670.98	3681.74	
3682.76	3718.04	3710.74	3713.60	3717.46	3724.12	3729.64	3727.20	3730.60	3735.48	3731.78	3731.44	3734.56	3730.52	3726.70	3737.30	
3740.40	3739.56	3739.58	3739.52	3731.62	3728.56	3724.04	3714.52	3725.78	3717.24	3730.28	3725.60	3729.86	3731.48	3727.90	3733.32	
3735.52	3739.82	3739.62	3732.66	3741.08	3740.14	3736.28	3744.30	3738.50	3749.90	3745.80	3741.72	3747.26	3744.22	3746.12	3751.06	
3750.28	3623.48	3697.40	3733.34	3733.12	3735.38	3739.76	3747.04	3744.20	3737.44	3743.08	3740.52	3742.72	3745.24	3742.34	3741.02	
3740.64	3727.54	3717.88	3716.08	3736.16	3732.52	3731.90	3728.46	3725.68	3707.26	3726.82	3719.42	3728.74	3730.60	3749.96	3698.48	

*******************************************2025/07/23;13:24:02
Probe number 29
Concentration entered by User 5.35% (Compensated: 5.74% at temperature 25.4)
1300.40	1317.88	1329.90	1342.24	1356.10	1368.94	1383.20	1397.34	1416.98	1434.68	1456.20	1477.20	1498.44	1524.08	1538.88	1552.10	
1568.72	1600.54	1628.40	1668.72	1694.98	1720.58	1749.12	1784.04	1823.86	1858.94	1900.80	1951.96	2008.04	2060.32	2141.86	2239.44	
2338.88	2464.98	2600.60	2767.10	2961.66	3165.54	3334.28	3452.44	3527.34	3574.40	3606.90	3631.02	3642.24	3656.42	3669.06	3679.70	
3680.38	3715.72	3708.54	3711.94	3715.20	3722.64	3728.06	3725.18	3729.06	3733.76	3729.80	3729.98	3733.12	3729.00	3725.44	3735.18	
3738.80	3737.68	3738.22	3737.74	3730.16	3727.30	3722.24	3712.86	3724.08	3715.62	3728.94	3724.22	3728.08	3729.82	3726.16	3731.48	
3734.26	3738.16	3737.86	3731.10	3739.38	3738.66	3734.96	3742.80	3736.58	3748.20	3744.08	3740.14	3745.56	3742.88	3744.46	3749.84	
3748.78	3620.82	3695.32	3731.56	3731.58	3733.62	3738.22	3745.94	3742.64	3735.50	3741.62	3738.90	3741.10	3743.56	3740.70	3739.24	
3738.80	3725.96	3716.06	3714.10	3734.24	3730.94	3730.04	3726.72	3724.38	3705.48	3725.58	3717.88	3727.30	3729.06	3748.46	3696.34	

*******************************************2025/07/23;13:24:33
Probe number 30
Concentration entered by User 5.31% (Compensated: 5.69% at temperature 25.3)
1300.82	1318.58	1329.10	1341.62	1356.40	1368.58	1384.00	1398.20	1415.56	1432.76	1454.18	1475.10	1496.66	1522.46	1538.26	1551.96	
1569.02	1600.90	1629.26	1669.04	1694.84	1720.60	1748.36	1782.74	1819.88	1855.74	1899.08	1954.66	2010.32	2059.48	2136.24	2229.14	
2330.40	2458.00	2594.28	2776.36	2975.56	3175.66	3340.36	3455.62	3527.24	3571.48	3605.86	3629.56	3642.06	3656.08	3667.82	3678.04	
3678.42	3714.40	3707.06	3710.26	3713.64	3721.00	3726.34	3723.94	3727.94	3732.42	3728.58	3728.56	3731.36	3727.72	3723.94	3734.08	
3737.44	3736.40	3737.00	3736.82	3728.76	3725.96	3721.06	3711.40	3722.76	3713.64	3727.16	3722.58	3727.00	3728.80	3725.00	3730.10	
3732.96	3737.26	3736.78	3729.70	3738.32	3737.28	3733.92	3741.22	3735.78	3747.06	3743.00	3739.10	3744.44	3741.64	3743.66	3748.62	
3747.64	3618.84	3693.56	3729.98	3730.34	3732.28	3736.62	3744.72	3741.70	3734.38	3740.40	3737.66	3740.02	3742.28	3739.52	3737.70	
3737.96	3724.78	3714.66	3712.84	3733.16	3729.38	3729.32	3725.16	3722.78	3704.02	3724.20	3716.24	3726.08	3727.56	3747.38	3695.16	

*******************************************2025/07/23;13:25:02
Probe number 31
Concentration entered by User 5.32% (Compensated: 5.70% at temperature 25.3)
1299.82	1316.82	1328.64	1340.72	1355.04	1366.26	1381.04	1396.20	1416.28	1434.00	1455.00	1474.78	1493.82	1520.16	1536.84	1552.18	
1566.56	1598.10	1626.68	1667.24	1695.22	1723.72	1746.34	1778.36	1818.76	1856.32	1898.84	1948.70	2006.72	2059.66	2135.88	2226.54	
2326.94	2460.16	2603.44	2781.40	2975.26	3169.66	3339.04	3453.48	3525.40	3570.36	3602.82	3627.66	3639.92	3653.72	3666.10	3676.56	
3677.02	3712.28	3705.32	3708.42	3712.00	3719.30	3724.68	3722.16	3725.82	3730.78	3726.86	3726.88	3729.86	3725.62	3722.22	3732.56	
3735.68	3734.88	3735.38	3735.00	3727.04	3724.04	3719.32	3709.38	3720.98	3712.16	3725.42	3720.66	3724.90	3726.80	3723.24	3728.38	
3730.82	3735.46	3735.22	3727.70	3736.78	3735.60	3731.76	3739.88	3733.78	3745.56	3741.46	3737.22	3742.76	3739.96	3741.98	3747.06	
3746.02	3616.58	3691.22	3728.26	3728.64	3730.80	3735.44	3743.08	3739.88	3732.60	3738.80	3736.16	3738.52	3740.64	3737.88	3736.26	
3735.78	3723.00	3712.36	3711.08	3731.44	3727.56	3727.56	3723.34	3720.88	3701.96	3722.24	3714.94	3724.14	3726.14	3745.56	3692.86	

*******************************************2025/07/23;13:25:32
Probe number 32
Concentration entered by User 5.30% (Compensated: 5.67% at temperature 25.2)
1300.40	1317.62	1329.50	1342.76	1357.22	1368.88	1384.28	1398.94	1416.70	1434.62	1456.56	1478.48	1500.54	1523.18	1537.94	1551.18	
1568.52	1600.44	1628.10	1668.70	1695.14	1721.54	1747.64	1784.28	1823.38	1863.20	1903.10	1954.52	2013.62	2062.36	2135.16	2224.24	
2319.36	2459.72	2611.28	2788.26	2976.56	3168.30	3344.34	3462.68	3532.68	3575.50	3607.56	3631.74	3642.80	3657.40	3669.54	3680.02	
3680.78	3715.62	3708.24	3711.26	3714.90	3722.02	3727.36	3724.64	3728.44	3733.54	3729.14	3729.34	3732.48	3728.64	3724.92	3734.58	
3738.36	3737.16	3737.76	3737.62	3729.46	3726.58	3722.38	3712.26	3723.92	3714.82	3728.06	3723.52	3727.58	3729.64	3725.48	3731.10	
3733.42	3738.12	3737.76	3730.66	3738.86	3737.76	3734.22	3741.98	3736.18	3747.74	3743.98	3740.08	3745.22	3742.46	3744.38	3749.20	
3748.28	3620.14	3694.58	3731.08	3731.36	3732.96	3737.60	3745.30	3741.96	3735.22	3740.98	3738.40	3741.02	3743.00	3740.46	3738.64	
3738.50	3725.18	3715.50	3713.66	3734.00	3730.30	3730.02	3726.34	3723.52	3704.40	3725.08	3717.52	3726.52	3728.88	3747.94	3695.98	

*******************************************2025/07/23;13:26:02
Probe number 33
Concentration entered by User 5.35% (Compensated: 5.73% at temperature 25.3)
1298.20	1315.62	1327.06	1339.90	1353.46	1365.86	1381.24	1395.88	1414.80	1432.02	1452.60	1473.62	1494.80	1520.24	1536.52	1552.78	
1567.30	1597.34	1625.00	1665.88	1691.98	1718.12	1747.86	1782.80	1820.42	1857.38	1900.34	1947.94	2001.30	2054.32	2132.84	2222.18	
2314.74	2442.08	2596.84	2774.96	2966.72	3161.02	3333.58	3455.98	3527.62	3571.22	3603.40	3627.72	3638.74	3652.68	3665.02	3676.00	
3676.72	3712.16	3705.02	3707.32	3710.78	3718.06	3723.90	3721.18	3725.26	3729.78	3725.78	3725.72	3728.72	3725.02	3721.42	3731.44	
3734.54	3733.70	3734.06	3733.92	3726.14	3723.00	3718.38	3708.48	3719.80	3710.94	3724.36	3719.64	3723.82	3726.02	3721.92	3727.64	
3729.78	3734.04	3734.00	3726.82	3735.62	3734.46	3730.76	3738.46	3732.48	3744.52	3740.40	3736.54	3741.92	3738.76	3740.88	3746.16	
3745.32	3614.44	3689.78	3727.12	3727.38	3729.40	3733.88	3741.76	3738.66	3731.68	3737.62	3734.88	3737.14	3739.62	3736.74	3734.92	
3734.78	3721.30	3711.54	3709.44	3730.40	3726.56	3726.44	3722.14	3719.94	3700.70	3721.10	3713.16	3723.08	3724.60	3744.46	3691.30	

*******************************************2025/07/23;13:26:32
Probe number 34
Concentration entered by User 5.29% (Compensated: 5.67% at temperature 25.3)
1298.86	1315.96	1327.18	1339.88	1353.94	1366.10	1381.62	1396.76	1414.08	1432.08	1453.36	1474.92	1494.90	1520.14	1534.42	1548.04	
1565.40	1598.10	1627.82	1667.70	1692.72	1719.10	1747.28	1783.36	1825.86	1857.00	1899.52	1949.20	2000.22	2051.36	2123.56	2211.68	
2314.56	2448.58	2606.00	2789.54	2974.08	3172.66	3341.90	3463.24	3534.92	3577.60	3608.16	3631.88	3643.30	3657.24	3669.34	3679.38	
3679.34	3715.00	3708.14	3710.56	3713.70	3720.94	3726.38	3723.60	3727.62	3732.28	3728.78	3728.44	3731.38	3727.44	3723.86	3734.36	
3737.48	3736.20	3736.60	3736.40	3728.50	3725.76	3720.88	3711.16	3722.34	3713.26	3727.02	3722.20	3726.50	3728.40	3724.12	3729.76	
3732.20	3736.62	3736.32	3729.36	3737.88	3736.62	3732.80	3741.00	3734.74	3746.52	3742.54	3738.30	3744.02	3740.80	3743.20	3748.30	
3747.20	3618.04	3692.86	3729.22	3729.70	3731.58	3736.28	3743.86	3740.94	3733.54	3739.54	3737.06	3739.52	3742.04	3738.76	3737.22	
3737.06	3724.38	3714.10	3711.60	3732.64	3728.98	3728.78	3724.46	3722.20	3703.16	3723.22	3716.22	3725.42	3727.24	3746.78	3693.96	

*******************************************2025/07/23;13:27:02
Probe number 35
Concentration entered by User 5.25% (Compensated: 5.62% at temperature 25.2)
1298.10	1315.60	1327.12	1339.78	1354.34	1367.00	1382.54	1397.14	1414.72	1431.62	1451.04	1471.30	1494.06	1518.44	1534.40	1549.40	
1566.02	1598.14	1626.18	1665.32	1690.08	1718.26	1745.40	1777.64	1816.98	1852.78	1893.78	1944.08	1997.40	2052.42	2134.74	2230.88	
2325.50	2450.84	2599.84	2784.66	2982.16	3177.96	3351.74	3469.74	3538.82	3579.86	3609.40	3632.88	3642.78	3656.14	3668.48	3678.56	
3678.46	3713.60	3706.92	3709.20	3712.70	3719.90	3725.30	3722.32	3726.54	3731.36	3727.54	3727.14	3730.68	3726.50	3722.76	3732.56	
3736.10	3735.06	3735.36	3735.14	3727.14	3724.20	3719.48	3709.68	3721.28	3711.94	3725.58	3720.88	3724.88	3726.98	3722.68	3728.50	
3731.24	3735.26	3735.34	3727.60	3736.48	3735.16	3731.86	3739.44	3733.42	3745.26	3741.16	3737.26	3742.72	3739.70	3741.36	3746.98	
3746.10	3615.82	3690.92	3727.76	3728.20	3730.56	3734.96	3742.68	3739.38	3732.16	3738.26	3735.88	3738.14	3740.52	3737.52	3735.80	
3735.76	3722.32	3712.18	3710.14	3731.02	3727.72	3727.42	3722.92	3720.52	3701.34	3722.12	3714.46	3724.20	3725.44	3745.46	3692.38	

*******************************************2025/07/23;13:27:33
Probe number 36
Concentration entered by User 5.31% (Compensated: 5.68% at temperature 25.1)
1298.78	1315.86	1326.62	1340.14	1354.76	1365.86	1381.00	1395.60	1413.60	1431.46	1452.84	1474.40	1494.96	1519.52	1533.64	1548.44	
1564.00	1596.08	1622.94	1661.80	1692.50	1719.94	1745.74	1777.22	1817.74	1853.08	1894.82	1942.66	1998.44	2053.40	2133.84	2231.16	
2326.74	2453.98	2606.52	2789.90	2979.24	3170.58	3338.60	3457.58	3531.58	3575.58	3608.24	3631.18	3642.88	3657.56	3669.28	3679.64	
3680.00	3714.80	3708.00	3711.08	3713.98	3721.02	3726.84	3724.02	3727.88	3732.84	3728.96	3728.64	3731.94	3728.06	3724.44	3734.46	
3737.60	3736.28	3736.94	3736.66	3729.36	3725.94	3721.50	3711.72	3722.80	3714.30	3727.20	3723.12	3726.88	3728.90	3724.70	3730.46	
3732.64	3737.00	3736.86	3729.74	3738.10	3737.12	3733.54	3741.48	3735.58	3747.28	3743.26	3738.84	3744.48	3741.62	3743.70	3748.22	
3747.70	3618.30	3692.88	3729.64	3730.20	3732.52	3736.74	3744.44	3741.40	3734.06	3740.28	3737.72	3740.34	3742.40	3739.52	3737.70	
3737.54	3724.58	3714.66	3712.66	3732.76	3729.56	3729.22	3724.92	3722.62	3703.38	3724.34	3716.52	3726.22	3727.28	3747.52	3695.02	

*******************************************2025/07/23;13:28:03
Probe number 37
Concentration entered by User 5.32% (Compensated: 5.69% at temperature 25.1)
1298.22	1316.00	1327.10	1339.70	1354.48	1365.92	1380.62	1395.96	1413.26	1430.62	1451.88	1474.50	1494.66	1518.66	1534.34	1549.66	
1566.72	1598.58	1625.26	1665.24	1694.04	1721.94	1746.06	1777.14	1817.66	1855.40	1900.66	1950.52	2007.58	2055.42	2128.52	2221.38	
2319.12	2451.28	2604.12	2789.86	2981.76	3169.98	3336.78	3452.72	3527.20	3573.54	3605.32	3628.18	3639.24	3653.86	3665.96	3676.76	
3677.24	3713.40	3706.34	3708.70	3711.92	3719.34	3725.04	3721.60	3725.74	3730.56	3727.06	3726.76	3730.06	3725.94	3722.36	3732.84	
3735.64	3734.76	3735.02	3735.20	3727.30	3724.08	3719.44	3709.84	3720.82	3711.90	3725.56	3720.74	3725.42	3727.24	3722.76	3728.82	
3731.34	3735.64	3735.68	3728.02	3736.94	3735.58	3732.26	3740.10	3734.00	3745.78	3741.96	3737.36	3743.12	3739.86	3742.10	3747.00	
3746.44	3616.42	3691.30	3728.20	3728.54	3730.62	3735.12	3743.14	3739.86	3732.32	3738.68	3736.02	3738.78	3740.98	3738.02	3736.24	
3735.60	3722.80	3712.74	3710.48	3731.38	3728.00	3728.00	3723.18	3721.04	3701.90	3722.64	3714.98	3724.44	3726.04	3745.70	3692.84	

*******************************************2025/07/23;13:28:32
Probe number 38
Concentration entered by User 5.24% (Compensated: 5.60% at temperature 25.1)
1299.10	1316.74	1327.96	1340.68	1354.30	1365.56	1380.90	1395.50	1413.46	1430.98	1452.06	1473.26	1493.44	1519.00	1534.80	1549.94	
1567.26	1599.08	1626.78	1667.20	1694.92	1720.38	1746.20	1778.34	1818.32	1858.60	1904.06	1955.38	2010.44	2062.12	2137.24	2227.84	
2327.02	2454.62	2596.88	2770.04	2969.06	3183.00	3357.76	3470.02	3537.46	3579.06	3609.56	3632.04	3643.98	3657.80	3669.00	3679.38	
3680.58	3715.90	3709.16	3711.36	3714.40	3721.86	3727.46	3724.64	3728.20	3733.28	3729.14	3729.44	3732.32	3728.44	3724.62	3734.82	
3737.98	3736.50	3736.92	3737.14	3729.38	3726.28	3721.78	3712.10	3723.40	3714.38	3727.64	3723.18	3727.38	3729.08	3725.16	3730.82	
3733.04	3737.34	3737.18	3730.02	3738.68	3737.22	3733.84	3741.78	3735.76	3747.40	3743.46	3739.48	3744.70	3741.78	3743.82	3748.96	
3747.94	3619.62	3693.38	3730.02	3730.54	3732.56	3737.26	3744.72	3741.58	3734.28	3740.44	3737.88	3740.72	3742.82	3739.80	3737.86	
3738.00	3724.84	3714.90	3712.56	3733.32	3730.18	3729.72	3725.58	3723.14	3703.84	3724.56	3717.32	3726.64	3727.94	3747.98	3695.04	

*******************************************2025/07/23;13:29:02
Probe number 39
Concentration entered by User 5.31% (Compensated: 5.68% at temperature 25.2)
1297.44	1314.92	1327.34	1340.20	1354.24	1366.26	1381.38	1396.10	1414.28	1432.22	1454.38	1475.44	1496.16	1520.98	1534.52	1549.42	
1567.10	1597.78	1625.08	1665.68	1694.98	1721.88	1744.46	1776.72	1820.38	1859.32	1906.14	1955.18	2008.22	2062.52	2143.02	2227.94	
2315.16	2444.12	2598.88	2788.02	2978.88	3170.72	3339.06	3457.92	3530.66	3575.60	3607.94	3631.22	3642.92	3656.08	3667.98	3678.22	
3678.98	3714.00	3706.94	3709.22	3712.92	3719.94	3725.56	3722.44	3726.44	3731.42	3727.52	3727.52	3730.58	3726.72	3722.96	3732.80	
3736.00	3734.88	3735.42	3735.38	3727.88	3724.76	3720.06	3710.18	3721.56	3712.58	3726.30	3721.22	3725.44	3727.42	3723.60	3728.82	
3731.28	3735.88	3735.34	3728.20	3736.90	3735.48	3732.04	3739.96	3734.16	3745.86	3741.90	3738.06	3743.08	3740.32	3742.10	3747.56	
3746.44	3616.42	3691.52	3728.26	3728.46	3731.00	3735.64	3743.40	3740.02	3732.32	3738.92	3736.36	3739.04	3741.22	3738.10	3736.34	
3735.92	3722.90	3712.90	3710.58	3731.42	3728.40	3728.06	3723.44	3720.98	3702.30	3722.88	3715.44	3724.46	3726.02	3746.14	3693.18	

*******************************************2025/07/23;13:29:32
Probe number 40
Concentration entered by User 5.36% (Compensated: 5.73% at temperature 25.2)
1297.62	1315.20	1326.80	1339.54	1353.60	1366.46	1381.84	1396.24	1413.58	1430.76	1452.82	1473.66	1495.02	1519.04	1533.66	1549.50	
1565.10	1596.58	1626.96	1667.00	1693.36	1717.50	1744.30	1777.52	1815.36	1850.30	1893.94	1944.34	2001.18	2051.60	2129.68	2219.70	
2316.64	2450.56	2601.18	2780.80	2975.30	3163.08	3330.54	3451.04	3526.08	3571.52	3603.98	3628.42	3640.02	3654.14	3666.62	3677.24	
3678.20	3712.96	3706.50	3709.00	3712.10	3719.42	3725.36	3722.40	3726.80	3731.20	3727.24	3727.16	3730.46	3726.50	3722.34	3732.78	
3736.08	3735.00	3735.46	3735.08	3727.48	3724.34	3719.64	3709.92	3721.36	3712.30	3726.16	3720.96	3725.48	3727.30	3723.16	3728.86	
3731.42	3735.48	3735.76	3728.20	3736.78	3735.70	3732.02	3739.92	3733.96	3745.92	3741.74	3737.48	3743.16	3740.22	3742.14	3747.08	
3746.66	3616.38	3691.20	3727.92	3728.58	3731.02	3735.36	3743.10	3740.04	3732.36	3738.52	3736.28	3739.02	3741.28	3738.24	3736.38	
3735.96	3722.92	3712.58	3710.88	3731.50	3728.20	3728.04	3723.84	3721.12	3701.86	3722.46	3715.00	3724.30	3725.92	3746.08	3692.96	

*******************************************2025/07/23;13:30:02
Probe number 41
Concentration entered by User 5.37% (Compensated: 5.73% at temperature 25.2)
1300.84	1319.00	1329.24	1340.56	1355.40	1367.98	1382.68	1397.42	1414.28	1432.58	1455.62	1476.08	1496.44	1520.30	1536.82	1551.32	
1568.42	1599.90	1630.94	1669.80	1695.36	1725.02	1752.54	1782.16	1818.74	1856.04	1898.20	1949.92	2011.72	2067.84	2143.10	2235.66	
2331.34	2461.04	2597.64	2766.46	2957.40	3157.96	3332.62	3453.88	3529.34	3575.74	3608.60	3632.06	3642.78	3656.58	3669.10	3679.20	
3680.08	3715.08	3708.06	3711.04	3714.32	3721.68	3727.12	3724.12	3728.26	3733.12	3729.42	3729.44	3732.46	3728.26	3725.08	3734.90	
3737.60	3736.78	3737.14	3737.32	3729.84	3726.64	3722.08	3711.88	3723.40	3714.50	3728.18	3723.40	3727.80	3729.46	3725.62	3731.10	
3733.30	3737.70	3737.58	3730.44	3738.94	3737.56	3733.94	3741.90	3736.02	3747.78	3743.60	3739.52	3744.82	3742.00	3743.90	3749.12	
3748.42	3620.26	3694.16	3730.74	3730.56	3733.34	3737.40	3745.00	3741.96	3734.60	3740.62	3738.56	3741.04	3743.18	3740.04	3738.38	
3737.98	3724.86	3714.98	3713.08	3733.68	3730.28	3730.10	3725.42	3723.40	3704.50	3725.28	3717.72	3727.06	3728.22	3748.04	3695.48	

*******************************************2025/07/23;13:30:32
Probe number 42
Concentration entered by User 5.36% (Compensated: 5.72% at temperature 25.2)
1300.34	1317.38	1328.18	1340.44	1354.58	1366.64	1381.36	1396.32	1414.62	1432.22	1452.22	1473.78	1495.36	1520.56	1536.34	1552.18	
1567.30	1598.56	1626.74	1665.38	1694.10	1721.60	1747.18	1778.32	1816.30	1853.12	1901.80	1954.02	2007.48	2059.50	2140.50	2231.18	
2325.54	2452.10	2598.86	2776.66	2964.98	3159.72	3332.68	3454.84	3527.64	3572.02	3603.82	3627.88	3639.84	3653.48	3665.80	3676.46	
3677.28	3713.26	3706.42	3709.04	3712.50	3719.86	3725.40	3722.44	3726.14	3731.40	3727.48	3727.56	3730.32	3726.62	3722.84	3733.42	
3735.86	3734.72	3735.32	3735.30	3727.80	3724.38	3720.12	3710.10	3721.52	3712.54	3726.18	3721.34	3725.56	3727.38	3723.54	3729.16	
3731.62	3735.86	3735.94	3728.52	3736.64	3735.68	3731.98	3740.14	3734.16	3746.10	3741.76	3737.66	3743.12	3740.02	3742.04	3747.36	
3746.72	3616.86	3691.44	3728.04	3728.74	3731.16	3735.76	3743.60	3740.14	3732.84	3738.78	3736.92	3739.34	3741.44	3738.34	3736.28	
3736.40	3723.10	3713.00	3710.56	3731.82	3728.44	3728.04	3723.80	3720.96	3701.96	3722.86	3715.34	3724.66	3726.36	3746.32	3693.24	

*******************************************2025/07/23;13:31:03
Probe number 43
Concentration entered by User 5.34% (Compensated: 5.70% at temperature 25.1)
1298.18	1315.56	1326.92	1340.26	1354.62	1366.76	1381.34	1396.04	1413.36	1431.44	1452.28	1474.12	1494.08	1517.82	1534.50	1551.08	
1566.94	1597.84	1625.36	1664.92	1693.66	1720.30	1749.62	1779.34	1819.04	1857.84	1898.80	1950.10	2006.56	2053.98	2125.62	2220.80	
2324.86	2454.18	2604.58	2779.18	2970.82	3167.40	3334.10	3455.32	3530.16	3574.10	3606.98	3630.42	3641.68	3655.76	3667.88	3677.98	
3678.74	3714.18	3707.36	3709.42	3712.52	3719.88	3725.70	3722.82	3726.70	3731.42	3727.62	3727.70	3730.60	3727.28	3723.08	3733.26	
3736.34	3734.96	3735.46	3735.68	3728.20	3724.94	3720.28	3710.52	3721.78	3712.68	3726.30	3721.86	3726.02	3728.08	3723.80	3729.00	
3731.90	3736.06	3735.80	3728.72	3737.16	3735.84	3732.40	3740.36	3734.36	3746.06	3742.06	3738.10	3743.54	3740.46	3742.34	3747.62	
3747.14	3617.28	3691.42	3728.44	3728.56	3731.02	3735.82	3743.70	3740.38	3732.64	3739.32	3736.90	3739.12	3741.72	3738.36	3736.68	
3736.40	3723.32	3713.00	3710.72	3731.80	3728.74	3728.38	3723.88	3721.42	3702.42	3723.30	3715.58	3725.40	3726.50	3746.26	3693.42	

*******************************************2025/07/23;13:31:33
Probe number 44
Concentration entered by User 5.36% (Compensated: 5.72% at temperature 25.1)
1298.94	1316.68	1328.00	1340.52	1354.54	1366.70	1382.12	1395.86	1414.22	1431.34	1452.82	1474.42	1495.56	1519.64	1533.96	1550.46	
1566.82	1597.30	1624.72	1665.26	1694.18	1720.04	1745.08	1780.30	1822.42	1861.92	1905.46	1950.94	2004.28	2052.56	2129.74	2223.22	
2319.14	2446.84	2599.28	2776.98	2965.96	3164.56	3331.02	3451.50	3525.86	3571.90	3603.30	3627.86	3638.90	3653.66	3666.64	3677.32	
3678.26	3713.50	3706.68	3709.36	3712.30	3719.64	3725.28	3722.78	3726.36	3731.34	3727.96	3727.76	3730.78	3726.84	3723.38	3733.70	
3736.42	3734.98	3735.56	3735.38	3728.22	3724.92	3720.54	3710.36	3722.10	3713.06	3726.54	3721.86	3726.22	3727.96	3723.66	3729.30	
3731.98	3736.14	3736.18	3728.98	3737.26	3736.40	3732.36	3740.20	3734.62	3746.38	3742.28	3737.98	3743.58	3740.64	3742.44	3747.78	
3746.96	3617.54	3691.92	3728.58	3729.00	3731.38	3735.92	3743.74	3740.50	3732.86	3739.20	3737.16	3739.72	3741.90	3738.64	3737.00	
3736.26	3723.26	3713.04	3711.26	3731.94	3728.86	3728.48	3724.12	3721.16	3702.88	3723.42	3716.02	3725.48	3726.62	3746.74	3693.88	

*******************************************2025/07/23;13:32:02
Probe number 45
Concentration entered by User 5.32% (Compensated: 5.69% at temperature 25.1)
1297.74	1315.34	1325.76	1338.54	1352.50	1364.82	1379.84	1394.54	1412.34	1430.16	1451.36	1472.44	1493.30	1517.96	1533.66	1549.86	
1565.76	1596.12	1622.32	1660.62	1688.92	1716.66	1744.14	1777.90	1817.46	1855.42	1899.02	1951.30	2001.86	2048.10	2124.80	2220.00	
2316.86	2441.46	2590.62	2773.48	2971.44	3167.36	3337.48	3456.82	3529.24	3574.06	3605.44	3628.90	3640.52	3654.26	3666.24	3677.34	
3677.84	3713.24	3706.08	3708.40	3711.20	3718.78	3724.18	3721.14	3725.10	3729.82	3725.80	3726.06	3729.00	3724.66	3721.70	3731.42	
3734.66	3733.42	3733.74	3733.94	3726.36	3723.14	3718.60	3708.34	3720.16	3710.92	3724.60	3719.86	3724.20	3725.94	3721.98	3727.80	
3729.92	3734.46	3734.36	3726.46	3734.92	3734.32	3730.80	3738.80	3732.52	3744.56	3740.10	3736.34	3741.60	3738.70	3740.56	3746.04	
3745.34	3614.78	3689.60	3726.48	3726.74	3729.28	3734.18	3741.80	3738.44	3731.04	3737.40	3735.10	3738.18	3739.96	3736.70	3734.86	
3734.50	3721.20	3710.96	3708.54	3730.08	3726.58	3726.52	3722.30	3719.32	3700.34	3721.20	3713.74	3723.68	3724.44	3744.72	3691.16	

*******************************************2025/07/23;13:32:32
Probe number 46
Concentration entered by User 5.33% (Compensated: 5.68% at temperature 25.0)
1299.20	1316.40	1327.30	1340.46	1355.02	1367.38	1381.88	1396.54	1414.36	1432.04	1453.78	1475.06	1495.34	1518.92	1534.86	1549.92	
1565.44	1597.32	1626.06	1664.16	1692.22	1720.94	1749.44	1781.48	1820.88	1857.02	1900.48	1951.16	2004.68	2054.92	2134.76	2227.82	
2319.08	2442.64	2588.18	2769.16	2968.50	3164.94	3337.24	3458.48	3531.02	3576.08	3608.16	3630.86	3642.58	3656.70	3669.46	3679.72	
3680.04	3714.70	3708.52	3710.30	3713.60	3720.62	3726.28	3723.48	3727.84	3732.28	3728.42	3728.14	3731.42	3727.72	3724.24	3733.96	
3736.90	3735.60	3736.26	3736.18	3729.16	3725.92	3721.72	3711.56	3722.86	3713.88	3727.24	3722.94	3726.96	3729.08	3724.74	3730.04	
3732.68	3737.16	3737.00	3729.38	3737.82	3736.82	3733.38	3740.88	3735.30	3747.04	3742.78	3739.34	3744.16	3741.40	3743.32	3748.60	
3747.96	3618.90	3693.10	3729.34	3729.54	3732.26	3736.86	3744.58	3741.18	3733.52	3740.12	3737.66	3740.30	3742.62	3739.50	3737.58	
3737.22	3724.24	3714.18	3711.90	3732.48	3729.50	3729.60	3725.00	3722.68	3703.60	3724.08	3716.90	3726.28	3727.56	3747.08	3695.08	

*******************************************2025/07/23;13:33:02
Probe number 47
Concentration entered by User 5.34% (Compensated: 5.69% at temperature 25.0)
1298.68	1315.46	1326.80	1338.86	1353.38	1366.32	1382.14	1396.04	1413.32	1430.40	1452.18	1473.72	1495.94	1519.90	1534.42	1549.12	
1565.62	1596.58	1623.70	1665.24	1692.34	1721.34	1750.34	1779.78	1819.56	1855.10	1894.30	1942.74	2000.70	2055.68	2134.74	2227.10	
2324.12	2454.44	2599.02	2772.26	2963.62	3160.94	3337.62	3459.34	3530.46	3576.20	3606.50	3629.38	3640.50	3655.12	3666.24	3677.30	
3678.54	3713.72	3706.52	3708.22	3711.72	3718.82	3724.52	3721.54	3725.68	3730.54	3726.44	3726.14	3729.42	3725.98	3722.04	3732.30	
3735.70	3733.60	3734.08	3734.40	3726.86	3723.78	3719.04	3709.16	3720.58	3711.60	3725.40	3720.56	3724.82	3726.82	3722.96	3727.94	
3730.94	3734.92	3734.80	3727.54	3736.20	3734.88	3731.38	3739.50	3733.48	3745.38	3741.14	3736.94	3742.58	3739.24	3741.44	3746.78	
3746.04	3615.88	3690.60	3727.06	3727.60	3730.14	3735.16	3742.52	3739.36	3731.52	3738.34	3735.80	3738.66	3740.56	3737.40	3735.60	
3735.50	3722.34	3711.98	3709.54	3730.88	3727.40	3727.30	3722.96	3719.92	3701.30	3722.40	3714.68	3724.00	3725.48	3745.58	3691.90	

*******************************************2025/07/23;13:33:32
Probe number 48
Concentration entered by User 5.37% (Compensated: 5.72% at temperature 25.0)
1298.22	1315.12	1326.74	1339.78	1354.88	1366.86	1381.78	1395.08	1413.06	1429.40	1451.38	1473.64	1495.42	1518.26	1534.36	1549.68	
1565.10	1596.22	1624.50	1663.60	1691.02	1717.26	1745.34	1780.82	1821.08	1858.32	1899.88	1949.54	2007.70	2058.84	2135.06	2228.80	
2325.96	2456.58	2591.68	2766.60	2962.72	3153.66	3330.36	3455.32	3529.82	3572.76	3606.08	3629.18	3640.80	3654.78	3667.32	3677.42	
3678.24	3713.42	3706.50	3708.42	3711.54	3719.26	3724.82	3721.78	3725.82	3731.02	3726.74	3726.72	3729.76	3726.04	3722.52	3732.66	
3735.58	3734.36	3734.44	3734.66	3727.70	3724.24	3719.72	3710.02	3721.24	3711.68	3725.78	3721.32	3725.44	3727.42	3723.10	3728.36	
3731.32	3735.32	3735.36	3727.94	3736.24	3734.90	3731.66	3739.66	3733.90	3745.68	3741.66	3737.32	3742.96	3739.58	3741.58	3747.18	
3746.32	3616.28	3690.98	3727.66	3727.90	3730.58	3735.34	3742.64	3739.78	3732.30	3738.32	3736.44	3739.08	3741.06	3737.72	3735.82	
3735.88	3722.54	3712.76	3709.84	3731.16	3727.82	3727.62	3723.26	3720.72	3701.60	3722.62	3715.36	3724.56	3725.96	3745.86	3692.82	

*******************************************2025/07/23;13:34:02
Probe number 49
Concentration entered by User 5.38% (Compensated: 5.73% at temperature 24.9)
1296.46	1314.50	1326.26	1338.94	1353.82	1366.56	1381.16	1394.16	1411.96	1429.26	1451.68	1473.44	1494.52	1518.68	1533.00	1548.68	
1561.82	1596.36	1627.32	1665.44	1690.38	1718.00	1744.46	1778.66	1820.82	1857.70	1902.18	1950.00	2002.74	2051.50	2119.58	2211.52	
2318.76	2453.58	2593.20	2763.12	2958.66	3155.38	3329.56	3450.14	3526.38	3573.46	3604.70	3627.96	3638.88	3652.18	3664.50	3675.42	
3676.60	3711.64	3704.66	3706.96	3710.30	3717.78	3723.32	3720.10	3724.18	3729.18	3724.92	3724.92	3727.82	3724.64	3720.66	3730.76	
3734.10	3732.52	3732.86	3732.92	3725.70	3722.34	3717.90	3707.92	3719.30	3709.74	3723.56	3719.10	3723.58	3725.44	3721.08	3726.74	
3729.36	3733.70	3733.86	3726.44	3734.68	3733.28	3729.98	3737.78	3731.90	3743.82	3740.06	3735.44	3741.22	3737.80	3740.14	3745.42	
3744.54	3613.78	3688.52	3725.70	3726.06	3728.76	3733.52	3741.22	3738.12	3730.40	3736.64	3734.38	3737.64	3739.54	3736.08	3733.96	
3733.78	3720.72	3710.70	3707.78	3729.32	3726.30	3726.10	3721.36	3718.94	3699.62	3720.68	3713.26	3722.60	3724.02	3744.32	3690.34	

*******************************************2025/07/23;13:34:32
Probe number 50
Concentration entered by User 5.31% (Compensated: 5.66% at temperature 24.9)
1297.98	1315.42	1326.32	1339.44	1353.26	1365.42	1381.02	1396.14	1413.64	1430.74	1452.24	1473.88	1496.26	1520.96	1535.46	1549.16	
1565.08	1594.78	1622.98	1663.06	1689.06	1715.86	1741.46	1778.28	1820.54	1858.18	1901.82	1950.82	2007.74	2062.94	2137.00	2226.66	
2314.64	2441.42	2591.10	2776.32	2970.22	3166.14	3339.22	3460.62	3536.50	3580.12	3610.90	3633.16	3643.88	3657.00	3669.20	3680.04	
3680.50	3715.22	3708.50	3710.38	3712.86	3721.16	3726.88	3723.60	3727.52	3732.16	3728.22	3728.04	3731.10	3727.50	3723.66	3733.90	
3736.84	3735.20	3735.16	3735.56	3728.72	3725.48	3720.94	3710.64	3722.22	3712.90	3726.46	3722.02	3726.40	3728.36	3723.70	3729.58	
3731.88	3736.28	3736.44	3728.36	3737.30	3736.08	3732.46	3740.42	3734.76	3746.44	3742.30	3738.06	3743.82	3740.48	3742.36	3747.88	
3747.12	3617.28	3692.28	3728.54	3728.56	3731.08	3736.10	3743.64	3740.26	3732.74	3738.98	3737.02	3739.90	3741.64	3738.46	3736.84	
3736.68	3723.38	3713.20	3710.72	3731.94	3728.80	3728.56	3723.96	3721.50	3702.86	3723.58	3716.08	3725.34	3726.72	3746.52	3693.40	

*******************************************2025/07/23;13:35:02
Probe number 51
Concentration entered by User 5.38% (Compensated: 5.73% at temperature 24.9)
1297.22	1314.90	1325.38	1338.22	1352.34	1365.50	1380.40	1393.92	1411.58	1429.16	1450.90	1472.90	1493.86	1517.74	1532.54	1547.92	
1565.30	1595.24	1623.56	1661.54	1687.96	1715.28	1744.76	1778.94	1817.44	1852.14	1894.58	1943.18	1997.94	2051.64	2133.08	2224.46	
2319.76	2449.12	2588.38	2765.76	2956.56	3156.28	3329.64	3450.80	3523.42	3569.96	3603.20	3625.80	3637.38	3651.70	3663.56	3674.40	
3675.78	3710.76	3704.36	3705.78	3709.22	3716.40	3722.66	3719.36	3723.58	3728.48	3724.86	3724.26	3727.22	3723.64	3719.62	3730.28	
3733.28	3731.32	3731.68	3731.96	3724.90	3721.30	3716.82	3706.62	3718.32	3708.82	3722.64	3718.40	3722.42	3724.82	3720.26	3725.30	
3728.28	3732.54	3732.60	3724.82	3733.58	3732.30	3728.90	3737.22	3730.82	3742.94	3738.82	3734.38	3740.10	3736.90	3738.92	3744.30	
3743.60	3612.70	3687.26	3724.76	3725.26	3727.56	3732.60	3740.42	3737.16	3729.12	3735.68	3733.60	3736.70	3738.58	3735.06	3732.76	
3732.94	3719.44	3709.32	3706.50	3728.14	3724.74	3725.04	3719.84	3717.60	3698.40	3719.58	3712.38	3721.50	3723.02	3743.18	3689.16	

*******************************************2025/07/23;13:35:32
Probe number 52
Concentration entered by User 5.36% (Compensated: 5.71% at temperature 24.9)
1297.86	1315.82	1327.02	1339.38	1353.74	1366.24	1380.58	1394.96	1414.00	1431.58	1452.62	1473.68	1493.14	1517.76	1534.40	1549.40	
1565.16	1599.16	1627.16	1665.94	1692.60	1717.94	1742.40	1775.30	1814.82	1856.22	1900.44	1952.72	2000.74	2044.96	2129.32	2225.76	
2321.50	2455.16	2605.46	2777.12	2965.50	3159.56	3333.76	3452.24	3526.84	3572.06	3604.16	3627.02	3639.44	3653.14	3665.42	3676.22	
3677.38	3712.98	3706.06	3707.82	3710.98	3718.56	3724.66	3721.54	3725.56	3730.48	3726.64	3726.18	3729.58	3725.92	3722.22	3732.22	
3735.28	3733.48	3734.10	3734.12	3727.20	3724.06	3719.74	3709.20	3720.58	3711.52	3725.24	3720.64	3725.40	3727.12	3722.88	3727.98	
3730.62	3734.90	3734.74	3727.14	3735.82	3734.72	3731.46	3739.30	3733.32	3745.28	3740.94	3736.68	3742.66	3739.24	3741.04	3746.54	
3745.90	3615.44	3690.04	3727.34	3727.34	3730.22	3735.04	3742.24	3738.74	3731.26	3738.02	3736.20	3738.52	3740.82	3737.10	3735.54	
3735.36	3722.34	3712.08	3709.30	3730.58	3727.50	3727.22	3722.66	3719.94	3700.92	3722.10	3714.62	3724.02	3724.98	3745.26	3692.26	

*******************************************2025/07/23;13:36:03
Probe number 53
Concentration entered by User 5.28% (Compensated: 5.63% at temperature 24.9)
1298.70	1316.24	1327.24	1340.20	1354.72	1366.48	1382.02	1396.66	1415.92	1432.56	1452.00	1472.22	1493.98	1521.56	1535.92	1550.70	
1565.20	1597.68	1626.10	1664.80	1691.56	1720.54	1746.76	1779.68	1817.14	1854.12	1899.48	1949.98	2007.54	2061.28	2145.10	2242.36	
2334.18	2458.22	2603.18	2779.22	2974.82	3171.58	3343.98	3467.06	3541.62	3585.18	3617.02	3638.64	3647.92	3661.46	3672.96	3683.00	
3684.32	3718.54	3712.32	3713.56	3716.60	3724.42	3729.96	3727.02	3730.56	3735.56	3731.68	3731.30	3734.34	3730.74	3727.18	3736.96	
3739.90	3738.18	3738.46	3739.00	3732.04	3728.92	3724.60	3714.76	3725.74	3716.50	3729.52	3725.86	3729.88	3732.04	3727.26	3732.80	
3735.42	3739.44	3739.84	3732.18	3740.60	3739.00	3735.96	3743.84	3737.82	3749.36	3745.36	3741.16	3746.86	3743.44	3745.04	3750.90	
3750.20	3622.62	3695.62	3731.62	3731.96	3734.90	3739.48	3746.98	3743.38	3735.98	3742.54	3740.44	3743.20	3745.16	3741.70	3739.84	
3739.74	3727.00	3717.16	3714.58	3734.82	3732.30	3731.92	3727.44	3725.08	3706.40	3727.00	3719.94	3728.92	3729.90	3749.80	3697.50	

*******************************************2025/07/23;13:36:32
Probe number 54
Concentration entered by User 5.28% (Compensated: 5.63% at temperature 24.9)
1299.08	1316.28	1327.88	1340.52	1353.84	1366.02	1381.34	1396.88	1415.26	1431.76	1452.68	1473.98	1494.98	1520.54	1536.42	1551.18	
1567.20	1599.00	1627.12	1665.08	1692.96	1719.98	1746.18	1777.58	1817.04	1853.90	1898.16	1948.20	2003.02	2054.22	2123.24	2216.84	
2322.06	2452.46	2600.54	2784.62	2978.54	3175.92	3344.60	3461.70	3535.48	3580.44	3612.14	3634.08	3645.52	3659.42	3670.38	3680.42	
3681.60	3716.52	3709.38	3711.24	3714.48	3721.78	3727.52	3724.46	3727.96	3733.10	3729.08	3729.22	3732.22	3728.22	3724.42	3734.60	
3737.44	3735.86	3736.38	3736.36	3730.08	3726.84	3722.34	3712.00	3723.48	3714.36	3728.00	3723.58	3727.86	3729.82	3725.26	3730.32	
3733.56	3737.34	3737.32	3729.94	3738.44	3737.04	3733.66	3741.68	3735.76	3747.74	3743.50	3739.36	3744.82	3741.52	3743.50	3748.88	
3748.08	3619.34	3693.54	3729.68	3729.90	3732.62	3737.38	3745.12	3741.56	3733.94	3740.36	3738.62	3741.10	3743.06	3739.58	3737.80	
3737.88	3724.56	3714.78	3711.88	3732.98	3730.06	3730.14	3725.36	3722.70	3704.02	3724.58	3717.54	3726.76	3727.94	3748.04	3695.06	

*******************************************2025/07/23;13:37:02
Probe number 55
Concentration entered by User 5.34% (Compensated: 5.69% at temperature 24.9)
1297.96	1315.26	1326.24	1338.60	1352.60	1365.84	1381.66	1395.54	1412.50	1428.92	1450.08	1472.38	1494.82	1519.36	1533.32	1548.32	
1566.16	1597.70	1625.04	1664.68	1690.78	1718.52	1748.22	1778.94	1814.30	1850.18	1895.88	1945.10	1995.04	2047.70	2131.88	2229.06	
2331.16	2464.38	2606.50	2787.50	2980.82	3166.50	3330.76	3453.94	3529.04	3574.06	3607.04	3629.46	3640.50	3654.26	3665.82	3676.14	
3677.72	3712.82	3705.88	3707.18	3710.60	3717.88	3723.94	3720.74	3724.46	3729.22	3725.42	3725.04	3728.32	3724.36	3720.64	3730.92	
3733.66	3732.32	3732.42	3732.92	3726.18	3722.86	3718.24	3707.58	3719.24	3710.00	3723.70	3719.82	3723.64	3726.34	3721.36	3726.64	
3729.72	3733.72	3733.46	3725.90	3734.70	3733.32	3729.72	3738.38	3732.12	3744.02	3739.68	3735.86	3741.28	3738.20	3739.68	3745.32	
3744.38	3614.00	3688.68	3725.60	3726.04	3728.76	3733.80	3741.00	3737.80	3730.26	3736.66	3734.60	3737.66	3739.36	3735.76	3733.82	
3734.10	3721.24	3710.64	3707.52	3728.96	3726.00	3725.86	3721.34	3718.86	3699.38	3720.82	3713.22	3722.90	3724.06	3743.92	3690.62	

*******************************************2025/07/23;13:37:32
Probe number 56
Concentration entered by User 5.38% (Compensated: 5.72% at temperature 24.8)
1298.48	1316.40	1327.72	1339.42	1353.58	1366.50	1380.82	1395.66	1414.86	1432.06	1452.44	1473.78	1495.04	1518.10	1533.62	1549.94	
1565.58	1597.36	1625.04	1666.40	1693.36	1715.56	1744.20	1774.58	1812.40	1851.14	1899.72	1952.40	2006.26	2050.18	2126.50	2221.90	
2322.64	2457.14	2601.84	2775.02	2963.52	3158.96	3327.68	3451.92	3530.74	3578.44	3610.46	3634.02	3643.72	3656.82	3668.70	3678.92	
3680.10	3714.68	3708.20	3709.90	3712.86	3720.20	3726.00	3722.88	3726.50	3731.22	3727.38	3727.10	3730.48	3726.80	3723.00	3733.10	
3735.98	3734.28	3734.40	3734.74	3728.42	3725.06	3720.62	3710.04	3722.02	3712.38	3726.18	3721.92	3726.10	3728.16	3723.54	3728.88	
3731.72	3735.62	3735.84	3728.30	3736.82	3735.24	3731.94	3740.32	3734.28	3745.80	3741.58	3737.54	3743.18	3739.84	3741.80	3747.18	
3746.70	3617.14	3690.86	3727.72	3728.14	3730.78	3735.80	3743.06	3739.86	3731.88	3738.84	3736.60	3739.80	3741.40	3737.90	3735.92	
3736.46	3723.20	3712.68	3710.18	3730.84	3727.82	3728.16	3723.40	3721.46	3702.38	3723.06	3715.90	3724.90	3726.12	3746.12	3692.70	

*******************************************2025/07/23;13:38:02
Probe number 57
Concentration entered by User 5.30% (Compensated: 5.64% at temperature 24.9)
1298.24	1316.22	1326.90	1339.64	1354.22	1366.64	1380.94	1394.78	1412.46	1430.56	1453.04	1475.46	1497.28	1519.42	1534.46	1550.80	
1566.32	1596.78	1624.60	1665.52	1693.58	1720.12	1750.12	1779.32	1816.24	1855.42	1898.76	1953.38	2012.02	2061.26	2132.44	2223.90	
2327.54	2457.98	2598.24	2775.42	2969.98	3168.98	3343.54	3464.26	3536.94	3580.46	3611.14	3634.26	3643.14	3656.82	3668.44	3678.36	
3679.98	3714.80	3707.98	3709.60	3712.52	3720.20	3725.62	3722.76	3726.26	3731.34	3727.80	3727.54	3730.74	3726.84	3722.96	3733.08	
3735.84	3734.24	3734.58	3734.62	3728.08	3724.82	3720.44	3710.24	3721.68	3712.32	3726.16	3721.70	3726.24	3728.12	3723.58	3728.74	
3731.54	3735.74	3735.86	3728.24	3736.54	3735.30	3732.04	3739.96	3734.12	3745.86	3741.74	3737.74	3743.22	3739.82	3741.50	3747.22	
3746.68	3617.10	3690.94	3727.80	3728.04	3730.84	3735.62	3743.12	3739.62	3731.82	3738.58	3736.92	3739.64	3741.66	3737.94	3735.96	
3736.32	3723.18	3713.06	3710.00	3731.20	3727.98	3728.36	3723.40	3721.30	3702.16	3722.98	3715.92	3725.24	3726.18	3746.34	3692.96	

*******************************************2025/07/23;13:38:32
Probe number 58
Concentration entered by User 5.33% (Compensated: 5.68% at temperature 24.9)
1297.24	1314.98	1326.16	1338.44	1352.28	1364.40	1379.28	1393.98	1411.80	1428.20	1449.94	1472.02	1494.20	1517.44	1532.30	1547.50	
1565.10	1596.06	1621.80	1662.36	1691.78	1718.26	1743.90	1775.86	1814.58	1849.88	1894.16	1947.94	1999.46	2048.36	2126.96	2222.44	
2311.52	2444.18	2605.66	2790.30	2980.90	3167.04	3334.42	3455.20	3529.28	3573.72	3605.12	3627.68	3638.56	3652.96	3665.08	3676.28	
3677.30	3712.38	3705.94	3706.88	3710.26	3717.70	3723.36	3720.44	3724.22	3729.30	3725.28	3725.00	3728.50	3724.30	3721.00	3730.90	
3734.12	3732.18	3732.64	3732.68	3725.98	3722.96	3718.48	3707.80	3719.78	3710.38	3723.74	3719.76	3724.06	3726.08	3721.34	3726.40	
3729.74	3733.76	3733.58	3725.98	3734.58	3733.00	3729.62	3738.26	3732.06	3743.72	3739.58	3735.78	3741.52	3738.08	3739.52	3745.18	
3744.82	3613.52	3688.56	3725.44	3725.98	3728.84	3733.68	3741.26	3738.20	3729.58	3736.70	3735.08	3737.62	3739.30	3735.98	3733.86	
3734.02	3721.10	3710.54	3707.52	3728.72	3725.92	3725.94	3720.82	3718.92	3699.72	3720.66	3713.32	3722.70	3724.16	3744.26	3690.22	

*******************************************2025/07/23;13:39:02
Probe number 59
Concentration entered by User 5.30% (Compensated: 5.65% at temperature 24.9)
1297.56	1314.30	1325.60	1338.24	1352.24	1364.12	1379.26	1394.06	1411.98	1429.40	1450.38	1471.80	1493.28	1518.42	1533.10	1548.64	
1564.20	1593.50	1622.02	1662.94	1692.20	1718.48	1744.54	1772.08	1809.20	1849.56	1897.60	1948.26	2000.82	2055.66	2131.50	2229.64	
2334.00	2468.22	2612.98	2788.18	2984.40	3176.72	3338.74	3458.80	3531.66	3575.56	3607.62	3630.78	3640.62	3654.16	3665.10	3675.48	
3676.88	3712.26	3705.30	3707.56	3710.80	3717.94	3724.10	3720.40	3724.54	3729.64	3725.44	3725.30	3728.36	3724.74	3720.82	3731.48	
3733.82	3732.32	3732.34	3733.00	3725.98	3722.82	3718.74	3707.82	3719.22	3710.08	3723.78	3719.80	3724.12	3726.26	3721.36	3726.76	
3729.64	3733.76	3733.90	3726.30	3734.90	3733.38	3729.94	3738.30	3732.36	3743.82	3739.84	3735.74	3741.38	3737.78	3739.76	3745.20	
3744.50	3613.76	3688.58	3725.50	3725.72	3728.58	3733.78	3741.52	3738.02	3729.86	3736.44	3734.76	3737.92	3739.56	3735.94	3734.12	
3734.02	3721.08	3710.44	3707.70	3729.20	3725.68	3726.00	3721.26	3718.86	3699.70	3720.84	3713.56	3722.80	3723.78	3744.34	3690.42	

*******************************************2025/07/23;13:39:32
Probe number 60
Concentration entered by User 5.30% (Compensated: 5.65% at temperature 24.9)
1297.34	1314.96	1326.28	1339.28	1353.44	1365.20	1380.20	1395.78	1413.06	1429.34	1450.04	1471.54	1493.54	1518.30	1534.88	1552.48	
1566.32	1595.20	1622.94	1662.46	1689.60	1718.12	1749.08	1779.46	1818.84	1853.70	1895.66	1950.66	2005.12	2058.36	2130.18	2224.96	
2325.72	2454.92	2599.42	2781.16	2970.56	3168.64	3342.98	3463.98	3533.14	3576.06	3608.54	3632.12	3641.94	3656.14	3667.14	3677.20	
3678.84	3713.78	3707.22	3709.02	3711.90	3719.28	3725.28	3722.32	3725.94	3731.00	3727.20	3727.00	3729.88	3726.12	3722.84	3732.62	
3735.54	3733.76	3734.28	3734.34	3727.64	3724.90	3720.30	3709.62	3721.14	3711.78	3725.56	3721.72	3725.60	3727.68	3723.22	3728.14	
3731.22	3735.54	3735.08	3727.50	3736.22	3734.74	3731.40	3739.64	3733.96	3745.22	3741.28	3737.62	3742.68	3739.48	3741.16	3746.62	
3746.22	3616.58	3690.18	3727.28	3727.40	3730.40	3735.12	3743.00	3739.32	3731.22	3738.42	3736.28	3739.22	3741.12	3737.48	3735.30	
3735.76	3722.82	3712.52	3709.32	3730.56	3727.68	3727.72	3723.18	3721.12	3701.38	3722.40	3715.52	3724.76	3725.62	3746.00	3692.38	

*******************************************2025/07/23;13:40:02
Probe number 61
Concentration entered by User 5.20% (Compensated: 5.56% at temperature 25.0)
1297.06	1314.60	1325.42	1338.26	1351.74	1364.22	1378.94	1393.54	1410.88	1428.28	1449.08	1470.12	1492.62	1517.56	1533.14	1548.28	
1564.36	1594.58	1623.38	1662.14	1690.84	1717.10	1742.18	1773.92	1815.60	1851.88	1894.16	1943.20	1996.06	2049.56	2128.50	2222.24	
2322.88	2455.06	2606.68	2796.58	2995.50	3191.28	3356.68	3469.94	3538.52	3580.70	3611.26	3632.62	3641.44	3655.44	3666.70	3676.74	
3678.24	3713.16	3706.62	3708.34	3710.70	3718.24	3723.76	3720.88	3724.28	3729.28	3725.54	3725.10	3728.30	3724.44	3721.24	3730.60	
3733.42	3731.92	3732.32	3732.42	3725.92	3722.68	3717.96	3707.34	3719.02	3709.86	3723.56	3719.46	3723.90	3725.76	3721.30	3726.66	
3729.64	3733.34	3733.14	3725.84	3734.50	3733.04	3729.70	3737.98	3732.04	3743.76	3739.56	3735.46	3740.74	3737.88	3739.72	3744.94	
3744.46	3613.46	3688.30	3725.18	3725.50	3728.40	3733.38	3741.00	3737.74	3729.52	3736.20	3734.54	3737.38	3739.32	3735.48	3733.60	
3733.60	3720.50	3710.34	3706.98	3728.64	3725.44	3725.74	3720.96	3718.58	3699.56	3720.80	3713.06	3722.58	3724.04	3743.78	3690.22	

*******************************************2025/07/23;13:40:32
Probe number 62
Concentration entered by User 5.27% (Compensated: 5.63% at temperature 25.0)
1296.44	1314.18	1325.30	1338.76	1352.64	1364.96	1379.80	1394.44	1412.36	1428.50	1450.10	1471.14	1491.80	1516.16	1532.80	1548.60	
1563.56	1595.30	1623.00	1662.26	1689.30	1716.66	1741.72	1773.22	1813.00	1851.98	1897.46	1945.70	2000.88	2052.36	2130.86	2227.70	
2324.76	2458.48	2606.10	2781.50	2973.06	3173.22	3349.28	3468.28	3539.38	3581.44	3612.76	3635.06	3645.26	3657.28	3668.46	3678.08	
3679.02	3714.10	3707.46	3709.22	3712.20	3719.48	3725.10	3721.86	3725.36	3730.52	3726.76	3726.02	3729.18	3725.42	3722.28	3732.08	
3734.80	3732.86	3733.24	3733.60	3726.80	3724.04	3719.54	3709.04	3720.18	3711.50	3724.74	3720.98	3724.88	3727.06	3722.56	3727.78	
3730.64	3734.82	3734.66	3726.92	3735.54	3734.36	3730.88	3739.06	3733.02	3744.94	3740.52	3736.44	3742.56	3738.94	3740.54	3746.06	
3745.66	3615.66	3689.62	3726.56	3726.50	3729.90	3734.64	3742.16	3738.82	3731.06	3737.62	3735.86	3738.64	3740.38	3736.48	3734.82	
3735.06	3722.18	3711.60	3708.66	3729.86	3726.90	3727.12	3722.40	3720.02	3701.00	3722.20	3714.76	3724.08	3725.20	3745.22	3691.54	

*******************************************2025/07/23;13:41:02
Probe number 63
Concentration entered by User 5.35% (Compensated: 5.71% at temperature 25.1)
1298.10	1315.22	1326.72	1339.72	1354.54	1366.80	1380.90	1395.70	1413.94	1430.80	1451.64	1472.52	1493.46	1517.68	1532.04	1547.30	
1565.64	1597.96	1624.94	1663.52	1693.40	1722.38	1748.40	1778.44	1815.78	1852.88	1896.44	1945.38	1999.12	2051.22	2128.92	2222.02	
2322.66	2449.24	2599.74	2780.24	2970.50	3166.54	3333.80	3452.20	3526.72	3572.86	3605.52	3629.70	3638.88	3652.84	3664.06	3674.32	
3676.26	3711.08	3704.10	3706.60	3709.82	3717.10	3722.62	3719.52	3722.86	3728.22	3724.78	3724.20	3727.38	3723.58	3719.72	3729.90	
3732.58	3730.70	3731.06	3731.48	3724.90	3721.48	3717.00	3706.40	3717.46	3708.46	3722.84	3718.68	3722.66	3724.86	3720.58	3725.50	
3728.22	3732.82	3732.66	3724.90	3733.30	3731.90	3728.74	3737.06	3730.90	3742.84	3738.52	3734.46	3740.60	3736.92	3738.78	3743.98	
3743.66	3612.52	3686.96	3724.66	3724.30	3727.48	3732.72	3740.44	3736.86	3728.96	3735.64	3733.90	3736.74	3738.52	3734.78	3732.96	
3733.28	3719.72	3709.36	3706.38	3727.84	3724.80	3725.20	3720.24	3717.84	3698.60	3719.90	3712.34	3722.08	3723.02	3743.16	3689.10	

*******************************************2025/07/23;13:41:32
Probe number 64
Concentration entered by User 5.34% (Compensated: 5.70% at temperature 25.1)
1298.60	1315.88	1327.92	1339.66	1354.20	1366.42	1380.40	1396.00	1414.18	1430.94	1451.50	1473.80	1495.04	1520.26	1534.88	1551.42	
1567.82	1599.46	1627.36	1666.64	1692.46	1718.46	1743.30	1775.34	1816.14	1854.92	1897.26	1939.04	1994.60	2054.62	2136.74	2231.98	
2334.42	2471.90	2606.66	2782.44	2974.14	3167.94	3332.48	3455.54	3532.76	3578.22	3610.06	3632.94	3643.06	3656.82	3668.38	3678.20	
3679.82	3715.14	3708.36	3710.48	3713.46	3720.60	3725.72	3723.20	3726.54	3731.72	3727.48	3727.56	3730.50	3726.84	3723.42	3733.38	
3736.20	3734.18	3734.56	3734.82	3728.22	3725.46	3721.10	3710.56	3721.64	3712.38	3726.42	3722.22	3726.56	3728.44	3723.84	3729.26	
3731.88	3735.92	3736.26	3728.68	3736.72	3735.36	3731.98	3740.28	3734.14	3745.86	3742.02	3737.88	3743.48	3740.22	3741.78	3747.26	
3746.74	3617.30	3691.44	3727.96	3727.82	3731.18	3736.20	3743.32	3740.18	3732.14	3738.98	3737.24	3740.06	3741.70	3737.84	3736.06	
3736.12	3723.48	3713.18	3710.28	3731.24	3728.22	3728.64	3723.86	3721.38	3702.76	3723.36	3716.12	3725.62	3726.80	3746.38	3692.92	

*******************************************2025/07/23;13:42:02
Probe number 65
Concentration entered by User 5.22% (Compensated: 5.59% at temperature 25.2)
1297.50	1314.68	1326.24	1339.58	1353.98	1366.54	1381.58	1395.94	1413.94	1430.24	1451.84	1473.28	1494.20	1518.52	1533.62	1547.72	
1565.84	1596.10	1622.56	1661.72	1689.82	1720.26	1748.84	1779.18	1815.08	1850.56	1891.68	1944.82	2001.98	2055.32	2131.42	2224.02	
2319.10	2457.50	2609.98	2795.20	2990.50	3186.18	3355.08	3472.34	3541.38	3582.34	3614.08	3636.02	3644.86	3658.12	3668.50	3678.68	
3680.20	3715.66	3708.34	3710.88	3713.52	3720.22	3725.88	3722.52	3726.12	3731.18	3727.80	3727.08	3730.34	3726.26	3722.74	3732.68	
3735.62	3733.44	3733.88	3734.50	3727.78	3724.68	3720.32	3709.94	3721.12	3712.14	3725.68	3721.80	3726.00	3728.34	3723.28	3728.34	
3731.26	3735.58	3735.58	3727.70	3735.98	3734.72	3731.28	3739.58	3733.50	3745.44	3741.06	3737.08	3743.10	3739.34	3741.16	3746.98	
3746.16	3616.08	3690.42	3727.28	3727.22	3730.34	3735.44	3742.80	3739.44	3731.78	3738.28	3736.40	3739.06	3740.96	3737.34	3735.28	
3735.88	3722.98	3712.22	3708.96	3730.38	3727.80	3727.84	3722.84	3720.64	3701.86	3722.60	3715.28	3724.64	3726.02	3745.90	3692.40	

*******************************************2025/07/23;13:42:32
Probe number 66
Concentration entered by User 5.24% (Compensated: 5.61% at temperature 25.2)
1299.42	1316.42	1326.78	1340.18	1354.12	1365.90	1379.96	1394.06	1411.96	1429.94	1451.40	1472.12	1493.36	1519.96	1536.10	1550.20	
1566.80	1598.52	1625.52	1665.24	1692.94	1720.46	1746.90	1780.68	1819.16	1856.14	1900.02	1953.90	2008.14	2062.24	2134.46	2220.20	
2312.58	2445.46	2599.12	2786.92	2984.16	3178.72	3352.46	3473.00	3541.78	3582.26	3613.38	3634.56	3643.76	3657.16	3667.64	3677.48	
3678.74	3714.22	3707.16	3709.48	3712.06	3719.16	3725.08	3721.70	3724.84	3730.60	3726.54	3726.26	3728.98	3725.52	3722.08	3731.90	
3734.62	3732.76	3732.92	3733.56	3727.02	3724.32	3719.78	3709.02	3720.18	3711.10	3725.00	3721.26	3725.38	3727.52	3722.32	3727.98	
3730.44	3734.62	3734.68	3726.80	3735.90	3734.06	3730.90	3738.88	3733.22	3744.84	3740.50	3736.84	3742.50	3739.08	3740.64	3746.06	
3745.80	3615.18	3690.00	3726.78	3726.72	3729.76	3734.78	3742.32	3738.84	3731.04	3737.42	3735.80	3739.20	3740.54	3736.62	3734.92	
3735.10	3722.16	3711.60	3708.72	3729.80	3726.98	3727.06	3722.60	3720.08	3701.22	3722.48	3714.88	3724.06	3725.30	3745.32	3691.98	

*******************************************2025/07/23;13:43:02
Probe number 67
Concentration entered by User 5.18% (Compensated: 5.56% at temperature 25.2)
1298.48	1316.20	1327.74	1340.12	1355.16	1367.84	1383.20	1396.90	1414.66	1431.16	1452.52	1473.98	1495.14	1521.46	1538.36	1552.28	
1566.64	1599.32	1628.90	1666.34	1694.40	1722.66	1751.00	1783.78	1818.50	1857.68	1897.34	1950.04	2009.92	2061.60	2137.06	2236.32	
2332.46	2463.70	2619.54	2802.02	2995.76	3193.10	3360.28	3475.54	3545.52	3587.22	3616.18	3638.28	3647.32	3660.52	3670.72	3679.90	
3681.88	3716.78	3709.50	3711.78	3715.24	3721.98	3726.94	3723.98	3727.12	3732.26	3728.76	3727.96	3730.96	3727.70	3723.72	3733.62	
3736.56	3734.74	3735.06	3735.36	3728.94	3726.06	3721.34	3711.00	3722.26	3713.28	3726.84	3722.92	3727.00	3729.04	3724.24	3729.44	
3732.22	3736.58	3736.44	3729.16	3737.30	3736.18	3732.72	3740.58	3734.88	3746.42	3742.26	3738.50	3744.12	3740.46	3742.14	3747.68	
3747.46	3617.84	3691.88	3728.38	3728.46	3731.46	3736.30	3744.16	3740.62	3732.66	3739.46	3737.74	3740.64	3742.30	3738.64	3736.64	
3736.94	3724.18	3713.64	3710.54	3731.38	3728.76	3728.90	3724.42	3721.70	3703.18	3724.14	3716.70	3725.96	3727.12	3747.10	3694.00	

*******************************************2025/07/23;13:43:32
Probe number 68
Concentration entered by User 5.26% (Compensated: 5.64% at temperature 25.2)
1298.28	1315.38	1327.32	1340.10	1353.74	1365.38	1380.74	1395.44	1413.46	1431.50	1452.36	1472.90	1494.46	1518.92	1533.04	1548.74	
1566.06	1596.42	1625.12	1665.16	1690.88	1718.80	1746.96	1779.70	1820.56	1856.62	1899.74	1951.82	2006.24	2062.70	2141.66	2234.88	
2329.18	2457.80	2608.02	2785.52	2981.24	3178.22	3347.62	3466.10	3538.04	3580.82	3612.28	3633.74	3643.10	3656.30	3666.48	3675.72	
3678.02	3713.20	3706.14	3709.10	3711.78	3718.50	3724.08	3720.64	3724.04	3729.34	3725.54	3725.18	3728.50	3724.52	3720.46	3730.64	
3733.32	3731.48	3732.00	3732.66	3726.30	3723.28	3718.98	3708.08	3719.08	3710.44	3724.12	3720.04	3724.28	3726.34	3721.82	3726.68	
3729.38	3733.76	3733.72	3726.02	3734.56	3733.50	3729.72	3738.06	3732.30	3743.76	3739.82	3735.50	3741.56	3737.84	3739.68	3744.86	
3744.98	3614.34	3688.48	3725.50	3725.68	3728.64	3734.10	3741.20	3737.88	3729.74	3736.80	3735.14	3738.04	3739.26	3735.70	3734.08	
3734.12	3720.88	3710.52	3707.66	3728.76	3726.04	3726.14	3721.90	3718.82	3699.94	3721.04	3713.94	3722.86	3724.58	3744.50	3690.20	

*******************************************2025/07/23;13:44:02
Probe number 69
Concentration entered by User 5.30% (Compensated: 5.67% at temperature 25.2)
1297.94	1315.58	1327.26	1339.38	1353.32	1365.24	1380.78	1395.68	1414.18	1430.54	1450.82	1472.26	1493.72	1518.24	1533.08	1548.70	
1565.50	1598.22	1624.92	1665.14	1691.08	1716.14	1743.30	1777.58	1818.06	1855.20	1897.74	1950.60	2005.10	2057.18	2134.30	2226.90	
2323.16	2454.32	2605.24	2784.42	2969.72	3168.40	3343.94	3465.16	3538.28	3581.26	3613.10	3636.56	3645.66	3658.48	3669.00	3678.14	
3680.18	3714.88	3708.20	3710.82	3713.24	3720.56	3725.36	3722.76	3726.12	3731.30	3727.56	3726.72	3729.82	3726.24	3722.80	3732.66	
3735.20	3733.24	3733.44	3734.24	3727.78	3725.22	3720.38	3709.68	3721.16	3711.64	3725.74	3721.96	3726.02	3728.26	3722.90	3728.82	
3731.34	3735.80	3735.50	3728.02	3735.76	3734.54	3731.60	3739.56	3733.88	3745.86	3741.20	3737.26	3743.28	3739.40	3741.46	3746.74	
3746.02	3616.78	3690.58	3727.22	3727.04	3730.38	3735.56	3743.20	3739.48	3731.50	3738.34	3736.40	3739.52	3741.28	3737.40	3735.56	
3736.16	3722.72	3712.38	3709.38	3730.48	3727.56	3727.76	3723.14	3720.70	3701.92	3722.74	3715.84	3724.92	3726.06	3746.00	3692.72	

*******************************************2025/07/23;13:44:32
Probe number 70
Concentration entered by User 5.21% (Compensated: 5.58% at temperature 25.2)
1298.32	1316.02	1327.30	1340.52	1354.72	1366.06	1381.30	1396.76	1415.00	1432.48	1451.78	1473.26	1494.72	1520.20	1536.78	1550.60	
1566.60	1598.16	1625.60	1665.00	1692.18	1719.76	1749.16	1780.58	1820.72	1857.42	1899.04	1950.08	2001.48	2050.08	2132.42	2230.64	
2337.48	2474.08	2618.10	2793.90	2991.02	3190.74	3356.62	3469.92	3540.94	3584.38	3614.94	3636.62	3645.82	3658.70	3668.48	3677.96	
3679.92	3715.46	3708.28	3711.08	3714.12	3720.78	3725.92	3722.96	3725.82	3731.26	3727.34	3727.06	3730.36	3726.36	3722.94	3732.96	
3735.42	3733.54	3733.82	3734.52	3727.70	3725.40	3720.58	3709.96	3721.12	3712.18	3726.16	3722.06	3726.72	3728.68	3723.60	3728.80	
3731.60	3735.90	3735.66	3728.20	3736.52	3735.40	3731.72	3739.88	3733.80	3745.76	3741.24	3737.52	3743.68	3739.74	3741.68	3746.96	
3746.68	3616.58	3690.80	3727.40	3727.22	3730.64	3735.44	3743.58	3739.62	3731.62	3738.48	3736.88	3740.00	3741.42	3737.78	3735.90	
3735.68	3723.18	3712.62	3709.90	3730.66	3727.82	3727.76	3723.48	3721.00	3702.04	3722.88	3715.84	3725.26	3726.38	3746.00	3693.36	

*******************************************2025/07/23;13:45:03
Probe number 71
Concentration entered by User 5.25% (Compensated: 5.62% at temperature 25.2)
1297.72	1314.48	1326.32	1339.56	1353.80	1365.84	1381.68	1395.98	1413.40	1430.04	1450.94	1472.76	1493.10	1517.38	1533.48	1548.88	
1565.04	1596.58	1624.60	1664.66	1692.76	1718.44	1746.70	1777.78	1814.30	1848.44	1893.14	1945.54	2001.64	2054.14	2129.80	2227.42	
2331.16	2468.08	2615.60	2792.12	2988.34	3182.74	3349.50	3466.12	3537.20	3580.24	3613.46	3635.46	3645.10	3658.40	3669.12	3678.74	
3679.84	3715.52	3708.38	3710.86	3713.98	3720.38	3725.78	3722.46	3725.66	3730.66	3727.16	3726.64	3729.78	3725.94	3722.28	3732.34	
3735.20	3732.80	3732.98	3733.88	3726.96	3724.78	3719.46	3709.54	3720.64	3711.62	3725.14	3721.20	3725.94	3727.96	3722.70	3728.24	
3730.72	3735.14	3735.32	3727.24	3735.66	3734.22	3730.76	3739.06	3733.32	3745.22	3740.84	3737.00	3742.76	3739.18	3740.92	3746.24	
3745.78	3615.90	3690.02	3726.58	3726.96	3729.98	3734.60	3742.66	3739.04	3731.04	3737.62	3736.04	3739.34	3740.70	3737.12	3734.98	
3735.18	3722.30	3711.84	3708.92	3729.82	3726.74	3727.26	3723.10	3720.30	3701.66	3722.32	3715.42	3724.46	3725.66	3745.52	3691.76	

*******************************************2025/07/23;13:45:33
Probe number 72
Concentration entered by User 5.26% (Compensated: 5.63% at temperature 25.2)
1298.74	1315.90	1327.58	1340.16	1353.62	1366.16	1381.78	1396.04	1415.16	1432.64	1452.82	1473.68	1494.68	1519.40	1535.04	1550.86	
1567.28	1600.60	1627.36	1665.44	1692.90	1721.12	1748.76	1780.52	1820.36	1858.90	1901.58	1948.16	2004.22	2058.30	2140.74	2237.66	
2336.72	2468.44	2614.76	2795.42	2987.34	3183.08	3347.88	3464.22	3536.48	3581.94	3614.18	3636.94	3647.30	3660.82	3670.80	3680.42	
3682.44	3717.12	3710.42	3712.50	3715.38	3721.82	3726.80	3723.52	3726.92	3732.20	3728.48	3728.32	3731.52	3727.86	3724.26	3733.90	
3736.58	3734.50	3734.62	3735.74	3729.16	3726.38	3721.94	3711.44	3722.62	3713.50	3727.24	3723.18	3727.50	3729.58	3724.54	3729.68	
3732.54	3736.80	3736.96	3729.38	3737.68	3736.06	3732.82	3741.08	3735.18	3746.60	3742.84	3738.76	3744.80	3740.70	3742.62	3748.20	
3747.64	3618.32	3692.42	3728.94	3728.66	3731.74	3736.92	3744.42	3740.92	3733.18	3739.60	3737.72	3740.96	3742.84	3738.70	3737.08	
3737.36	3724.42	3713.80	3710.98	3731.94	3728.98	3729.28	3724.74	3722.34	3703.90	3724.52	3717.26	3726.34	3727.88	3747.54	3694.12	

*******************************************2025/07/23;13:46:02
Probe number 73
Concentration entered by User 5.23% (Compensated: 5.60% at temperature 25.2)
1298.48	1316.30	1327.42	1340.54	1354.16	1366.04	1382.18	1396.62	1414.00	1430.84	1451.60	1474.14	1496.74	1521.38	1535.30	1550.28	
1565.90	1597.06	1622.10	1661.00	1691.44	1719.00	1745.02	1777.88	1816.96	1858.74	1907.10	1956.66	2007.90	2058.58	2133.60	2222.24	
2326.44	2472.42	2618.50	2790.34	2987.50	3185.64	3353.00	3470.22	3542.36	3586.18	3617.64	3639.46	3648.42	3661.28	3671.66	3680.70	
3682.62	3717.14	3710.26	3712.86	3715.84	3722.20	3727.08	3723.78	3727.18	3732.48	3728.42	3728.22	3731.16	3727.28	3723.82	3733.86	
3736.56	3734.12	3734.56	3735.50	3729.06	3726.30	3721.82	3711.74	3722.44	3713.40	3727.20	3723.02	3727.58	3729.62	3724.54	3729.46	
3732.20	3736.90	3736.88	3729.08	3736.98	3735.94	3732.64	3741.08	3735.02	3746.46	3742.42	3738.34	3744.48	3740.50	3742.28	3747.54	
3747.38	3618.34	3692.10	3728.48	3728.48	3731.84	3736.66	3744.26	3740.66	3732.86	3739.66	3737.94	3740.98	3742.50	3738.62	3736.68	
3736.86	3724.30	3713.58	3711.16	3731.62	3728.48	3729.04	3724.62	3722.12	3703.60	3724.10	3716.96	3726.24	3727.30	3747.10	3694.18	

*******************************************2025/07/23;13:46:32
Probe number 74
Concentration entered by User 5.19% (Compensated: 5.57% at temperature 25.3)
1298.30	1315.88	1327.22	1339.76	1353.52	1365.40	1380.26	1395.02	1413.74	1430.84	1450.92	1472.18	1493.84	1518.38	1535.26	1549.56	
1564.52	1595.68	1623.32	1664.66	1693.06	1720.60	1747.84	1777.16	1817.76	1860.58	1903.86	1953.52	2010.34	2061.44	2136.16	2228.26	
2326.36	2457.76	2606.42	2790.28	2993.24	3190.28	3358.66	3475.34	3543.80	3585.56	3615.36	3636.96	3646.18	3659.42	3669.90	3678.96	
3680.56	3716.32	3708.70	3711.10	3713.78	3720.36	3725.18	3721.98	3725.36	3730.62	3726.62	3726.12	3729.50	3725.58	3721.92	3732.04	
3734.42	3732.52	3732.60	3733.66	3727.28	3724.60	3719.92	3709.22	3720.20	3711.10	3725.22	3721.20	3726.00	3727.64	3722.70	3727.84	
3730.50	3734.72	3734.80	3727.02	3735.20	3733.98	3730.58	3739.14	3733.24	3744.98	3740.60	3736.76	3742.66	3738.92	3740.60	3745.90	
3745.52	3615.58	3689.62	3726.36	3726.50	3729.12	3734.84	3742.34	3738.88	3730.88	3737.40	3736.00	3738.64	3740.50	3736.66	3734.66	
3734.72	3722.18	3711.08	3708.44	3729.64	3726.54	3727.18	3722.36	3719.50	3701.26	3722.26	3715.24	3724.50	3725.50	3745.60	3691.98	

*******************************************2025/07/23;13:47:02
Probe number 75
Concentration entered by User 5.26% (Compensated: 5.64% at temperature 25.3)
1299.54	1316.94	1328.20	1340.68	1354.98	1366.94	1382.60	1397.14	1415.80	1433.14	1453.24	1473.94	1495.88	1520.32	1536.88	1551.16	
1566.76	1598.70	1627.60	1664.80	1692.72	1722.70	1748.74	1781.32	1818.10	1861.68	1907.24	1951.94	2011.06	2068.42	2138.36	2227.94	
2329.40	2462.76	2608.82	2788.74	2981.64	3177.30	3349.26	3465.70	3537.02	3581.80	3613.58	3637.62	3647.34	3660.44	3670.78	3679.08	
3681.00	3716.42	3709.48	3712.14	3714.70	3721.54	3726.54	3723.18	3726.52	3731.90	3728.20	3727.36	3730.48	3727.08	3723.38	3733.34	
3736.06	3733.88	3734.36	3735.42	3728.42	3725.90	3721.44	3711.08	3721.92	3712.90	3726.56	3722.44	3727.06	3729.36	3724.28	3729.24	
3732.10	3736.40	3736.40	3728.54	3737.00	3735.54	3732.30	3740.38	3734.72	3746.32	3741.70	3738.24	3744.10	3740.50	3741.94	3747.28	
3747.06	3617.82	3691.18	3727.80	3728.16	3731.12	3736.32	3743.80	3740.12	3732.08	3739.18	3736.94	3740.62	3742.18	3738.02	3736.20	
3736.64	3723.76	3713.26	3710.40	3731.24	3728.12	3728.46	3724.38	3721.84	3703.46	3724.06	3716.80	3726.06	3727.40	3746.52	3693.52	

*******************************************2025/07/23;13:47:33
Probe number 76
Concentration entered by User 5.24% (Compensated: 5.62% at temperature 25.3)
1298.56	1316.94	1328.06	1341.24	1354.62	1366.66	1382.54	1397.82	1415.82	1432.48	1452.76	1473.52	1493.74	1518.54	1536.18	1551.68	
1567.96	1600.14	1627.58	1668.52	1693.80	1720.24	1747.60	1779.44	1819.08	1859.06	1905.48	1957.70	2013.00	2065.48	2142.34	2235.22	
2330.62	2462.66	2616.04	2795.88	2982.54	3180.10	3351.10	3471.88	3542.86	3584.70	3616.20	3637.20	3646.84	3659.98	3670.52	3679.16	
3680.88	3716.48	3709.68	3711.66	3714.34	3721.36	3726.38	3722.96	3726.24	3731.70	3728.32	3727.72	3730.58	3726.92	3723.68	3733.14	
3735.66	3733.88	3733.68	3735.08	3728.32	3726.20	3721.00	3710.70	3721.74	3712.68	3726.58	3722.76	3727.42	3729.02	3724.10	3729.78	
3732.06	3736.18	3736.28	3728.66	3736.98	3735.58	3732.22	3740.74	3734.46	3746.12	3741.94	3738.20	3743.96	3740.28	3741.86	3747.36	
3747.16	3617.68	3691.38	3727.96	3727.88	3730.98	3736.24	3743.80	3740.24	3731.88	3738.90	3737.68	3740.38	3742.02	3738.20	3736.30	
3736.94	3724.16	3713.42	3710.24	3731.14	3728.58	3728.76	3724.28	3721.60	3703.06	3724.02	3716.90	3725.72	3727.26	3746.78	3693.94	

*******************************************2025/07/23;13:48:03
Probe number 77
Concentration entered by User 5.22% (Compensated: 5.60% at temperature 25.3)
1299.12	1316.54	1327.74	1340.74	1354.42	1366.44	1381.78	1397.18	1416.12	1432.86	1452.20	1473.06	1494.22	1519.50	1535.30	1551.04	
1566.62	1598.10	1626.76	1667.32	1696.16	1722.76	1746.54	1777.54	1817.60	1855.96	1900.28	1951.08	2007.04	2062.98	2139.40	2237.44	
2336.60	2461.38	2601.90	2786.02	2985.46	3183.34	3355.96	3474.84	3544.18	3586.42	3617.08	3639.26	3647.76	3661.32	3671.80	3680.24	
3681.66	3717.06	3710.12	3712.70	3715.26	3721.72	3726.32	3723.04	3726.44	3731.88	3728.62	3727.98	3730.78	3726.74	3723.44	3733.60	
3735.70	3733.68	3734.18	3734.72	3728.22	3726.16	3720.90	3710.70	3722.00	3712.62	3726.40	3722.70	3727.38	3729.54	3724.02	3729.24	
3731.64	3736.34	3736.04	3728.58	3736.76	3735.36	3732.02	3740.42	3734.46	3746.26	3741.88	3738.18	3743.80	3740.06	3741.90	3747.20	
3746.76	3617.62	3691.36	3727.62	3727.84	3730.82	3736.04	3743.76	3740.26	3732.22	3738.82	3737.42	3740.20	3741.84	3737.72	3736.06	
3736.46	3723.74	3713.18	3710.08	3730.76	3728.04	3728.20	3724.36	3721.26	3702.92	3723.56	3716.42	3726.22	3726.90	3746.44	3693.60	

*******************************************2025/07/23;13:48:32
Probe number 78
Concentration entered by User 5.23% (Compensated: 5.61% at temperature 25.3)
1300.54	1318.50	1330.04	1343.08	1356.94	1368.18	1383.40	1398.66	1416.52	1433.26	1452.94	1474.70	1496.12	1519.68	1534.70	1551.02	
1567.36	1599.18	1628.42	1667.78	1694.30	1720.80	1748.88	1782.54	1821.00	1855.22	1898.84	1945.48	2001.92	2064.74	2144.16	2234.56	
2333.24	2467.86	2618.28	2798.32	2985.64	3183.46	3353.14	3473.72	3544.30	3587.30	3617.76	3639.20	3648.96	3662.74	3673.26	3682.10	
3683.30	3718.94	3712.34	3715.00	3717.56	3723.78	3728.54	3725.36	3728.48	3733.70	3730.44	3730.18	3732.60	3729.12	3725.42	3735.28	
3737.16	3735.36	3735.84	3736.82	3730.36	3727.72	3723.10	3713.10	3723.72	3714.86	3728.54	3724.96	3729.32	3731.36	3726.08	3731.32	
3733.74	3738.06	3738.30	3730.38	3738.48	3737.38	3734.26	3742.24	3736.56	3748.10	3743.82	3739.92	3745.84	3741.68	3743.56	3749.02	
3748.70	3620.36	3693.76	3729.98	3729.62	3732.78	3738.10	3745.72	3742.02	3733.82	3740.58	3739.16	3742.16	3743.48	3739.94	3738.00	
3738.32	3725.74	3715.40	3712.64	3732.72	3730.28	3730.30	3726.04	3723.48	3705.24	3725.40	3718.72	3728.06	3729.02	3748.28	3695.70	

*******************************************2025/07/23;13:49:02
Probe number 79
Concentration entered by User 5.21% (Compensated: 5.59% at temperature 25.3)
1298.86	1317.10	1328.08	1341.06	1354.86	1367.26	1382.58	1396.80	1415.14	1432.88	1453.58	1474.40	1495.70	1518.56	1533.52	1551.02	
1567.96	1599.90	1629.10	1668.26	1696.08	1719.10	1746.64	1777.44	1813.54	1852.32	1901.78	1957.90	2014.04	2062.48	2136.60	2233.10	
2331.58	2459.30	2606.16	2787.18	2985.88	3187.42	3355.20	3473.90	3543.44	3585.10	3615.84	3637.66	3647.04	3659.76	3670.16	3679.72	
3681.46	3716.46	3709.58	3712.06	3714.94	3721.12	3725.72	3722.42	3726.04	3730.96	3727.76	3727.14	3730.36	3726.16	3722.72	3732.80	
3735.14	3733.38	3733.38	3734.62	3728.16	3725.36	3720.98	3710.44	3721.20	3712.02	3725.96	3722.20	3726.74	3728.70	3723.88	3728.56	
3731.38	3735.72	3735.62	3728.12	3736.40	3735.00	3731.54	3739.80	3734.28	3745.66	3741.26	3737.72	3743.58	3739.48	3741.18	3746.60	
3746.70	3617.04	3690.86	3727.14	3727.30	3730.72	3735.78	3743.48	3739.62	3731.40	3738.44	3737.24	3739.98	3741.42	3737.44	3735.74	
3736.14	3723.40	3712.60	3709.66	3730.52	3727.80	3728.00	3723.90	3721.20	3702.44	3723.14	3716.42	3725.36	3726.68	3745.98	3693.14	

*******************************************2025/07/23;13:49:32
Probe number 80
Concentration entered by User 5.23% (Compensated: 5.61% at temperature 25.3)
1300.68	1317.80	1329.12	1342.24	1355.82	1367.50	1382.68	1397.48	1416.04	1433.68	1454.40	1475.00	1496.08	1521.82	1537.02	1551.52	
1568.12	1600.88	1626.70	1666.34	1696.50	1724.22	1753.78	1783.38	1817.22	1859.20	1903.90	1956.44	2006.66	2054.32	2140.54	2237.78	
2337.02	2476.86	2625.78	2796.06	2986.42	3185.10	3352.14	3472.20	3544.80	3586.88	3617.70	3639.88	3649.48	3662.30	3672.72	3680.94	
3683.04	3718.84	3712.20	3714.74	3717.10	3723.72	3728.08	3724.82	3728.10	3733.66	3730.30	3729.84	3732.26	3728.92	3725.02	3735.32	
3737.50	3735.62	3735.54	3736.56	3730.00	3727.82	3722.96	3712.64	3723.64	3714.52	3728.34	3724.48	3729.14	3731.04	3725.80	3730.84	
3733.40	3738.00	3737.80	3730.46	3738.44	3737.30	3734.02	3742.10	3736.22	3747.84	3743.34	3739.70	3745.52	3741.48	3743.28	3748.70	
3748.44	3620.38	3693.80	3729.26	3729.42	3732.40	3737.96	3745.40	3741.94	3733.62	3740.58	3739.02	3741.90	3743.24	3739.46	3737.84	
3738.14	3725.52	3715.24	3712.12	3732.56	3730.16	3730.28	3726.02	3723.32	3705.38	3725.78	3719.04	3727.50	3728.46	3748.04	3695.80	

*******************************************2025/07/23;13:50:02
Probe number 81
Concentration entered by User 5.23% (Compensated: 5.61% at temperature 25.3)
1297.52	1314.88	1326.14	1339.66	1353.68	1365.86	1379.90	1394.88	1413.30	1430.22	1451.00	1471.52	1493.16	1518.16	1532.80	1549.46	
1564.54	1595.86	1625.60	1665.38	1692.24	1717.28	1743.64	1776.70	1817.06	1854.78	1899.52	1947.90	1999.42	2052.14	2129.40	2226.60	
2329.84	2465.22	2611.60	2796.58	2988.96	3183.34	3354.50	3469.74	3538.96	3581.70	3612.64	3635.72	3644.10	3657.04	3667.28	3675.92	
3677.56	3714.06	3707.02	3709.40	3712.50	3718.96	3723.88	3719.88	3723.34	3729.00	3725.18	3724.80	3727.62	3723.90	3720.14	3730.08	
3732.52	3730.56	3730.80	3732.14	3725.82	3722.76	3718.30	3707.44	3718.22	3709.44	3723.70	3719.58	3724.74	3726.30	3721.10	3726.82	
3729.24	3733.74	3733.48	3725.62	3733.92	3732.94	3729.48	3737.70	3731.76	3743.60	3739.02	3735.60	3741.38	3737.64	3739.20	3744.40	
3744.32	3612.90	3687.96	3724.90	3724.54	3728.06	3733.46	3741.46	3737.40	3728.92	3736.14	3734.44	3737.78	3739.10	3734.82	3732.80	
3733.66	3720.62	3709.96	3706.70	3728.06	3725.52	3725.64	3721.46	3718.30	3699.50	3720.28	3713.52	3722.68	3724.04	3744.02	3690.02	

*******************************************2025/07/23;13:50:33
Probe number 82
Concentration entered by User 5.25% (Compensated: 5.63% at temperature 25.3)
1299.74	1317.56	1328.76	1341.92	1356.02	1367.02	1381.80	1396.54	1415.84	1432.42	1453.56	1476.20	1498.20	1523.72	1537.58	1551.40	
1567.62	1598.64	1626.96	1668.48	1695.54	1721.94	1747.86	1779.64	1821.56	1860.44	1899.72	1948.56	2007.88	2064.54	2140.84	2235.72	
2336.22	2463.44	2619.28	2809.32	2995.64	3181.32	3345.90	3466.06	3540.96	3584.04	3615.16	3638.46	3648.52	3660.88	3671.06	3680.34	
3682.24	3717.60	3711.42	3714.22	3716.60	3723.40	3727.64	3724.42	3727.76	3733.14	3729.38	3729.08	3732.04	3728.02	3724.06	3734.16	
3736.72	3734.80	3735.14	3735.92	3729.58	3727.18	3722.28	3711.98	3722.86	3713.54	3727.82	3723.70	3728.76	3730.30	3725.34	3730.24	
3732.98	3737.44	3737.48	3729.88	3738.06	3736.18	3733.26	3741.42	3735.66	3747.34	3742.92	3739.10	3745.00	3741.06	3742.96	3747.86	
3747.90	3619.40	3692.82	3728.90	3728.62	3732.10	3737.22	3744.70	3741.12	3733.20	3739.98	3738.74	3741.54	3743.00	3738.90	3737.00	
3737.42	3724.92	3714.42	3711.60	3731.76	3729.26	3729.50	3725.30	3722.54	3703.88	3724.76	3718.06	3727.38	3728.18	3747.68	3694.52	

*******************************************2025/07/23;13:51:03
Probe number 83
Concentration entered by User 5.20% (Compensated: 5.58% at temperature 25.3)
1300.50	1318.22	1329.68	1342.78	1356.52	1367.92	1383.12	1397.60	1416.14	1433.82	1454.74	1476.08	1497.22	1520.98	1536.68	1553.48	
1569.92	1601.10	1627.10	1667.42	1698.08	1723.02	1747.46	1779.34	1817.10	1855.86	1905.30	1958.14	2009.72	2066.28	2140.78	2233.04	
2332.88	2464.86	2620.56	2812.92	2998.72	3185.24	3357.26	3477.88	3548.04	3589.34	3619.98	3642.68	3652.58	3664.54	3675.16	3684.18	
3685.52	3720.60	3714.16	3716.46	3719.28	3725.26	3729.16	3725.58	3729.16	3734.54	3731.22	3730.76	3733.50	3729.90	3726.28	3735.72	
3738.32	3736.14	3736.90	3737.56	3731.24	3728.98	3724.04	3714.24	3724.68	3715.78	3729.82	3725.68	3730.36	3732.44	3727.22	3732.44	
3734.66	3738.82	3739.36	3731.68	3739.62	3738.12	3735.26	3743.32	3737.78	3749.06	3744.74	3741.00	3746.58	3743.00	3744.86	3749.50	
3749.58	3622.40	3695.18	3730.96	3730.52	3733.82	3739.18	3746.50	3742.80	3734.90	3741.64	3740.32	3743.28	3744.78	3740.60	3739.06	
3739.52	3726.68	3716.54	3713.66	3733.74	3731.40	3731.34	3727.24	3724.64	3706.32	3726.76	3720.10	3728.94	3730.18	3749.34	3697.24	

*******************************************2025/07/23;13:51:33
Probe number 84
Concentration entered by User 5.32% (Compensated: 5.70% at temperature 25.4)
1298.40	1316.00	1327.02	1340.24	1354.48	1366.84	1382.92	1396.38	1414.36	1431.48	1453.16	1473.62	1494.78	1518.14	1533.10	1549.40	
1564.80	1595.76	1624.28	1666.36	1695.38	1722.06	1747.82	1778.72	1820.82	1859.84	1901.96	1952.16	2008.10	2060.86	2133.92	2227.36	
2333.08	2473.94	2625.52	2795.48	2979.96	3171.18	3336.04	3459.94	3535.62	3579.60	3612.36	3635.90	3645.84	3658.30	3669.22	3678.16	
3679.92	3715.70	3709.08	3711.66	3714.22	3720.52	3725.06	3721.42	3724.96	3730.42	3726.78	3726.52	3729.58	3725.68	3721.74	3731.74	
3734.30	3732.24	3732.52	3733.10	3726.68	3724.78	3719.74	3709.64	3720.24	3710.96	3725.18	3721.50	3726.12	3727.98	3722.46	3728.18	
3730.38	3735.02	3735.08	3727.32	3735.24	3733.96	3730.70	3739.46	3733.40	3745.04	3740.56	3737.08	3742.92	3738.82	3740.70	3745.80	
3745.48	3615.30	3689.96	3726.40	3726.30	3729.62	3734.88	3742.66	3738.82	3730.40	3737.40	3736.10	3739.20	3740.68	3736.26	3734.88	
3735.12	3722.40	3712.04	3708.70	3729.60	3727.12	3727.12	3722.98	3720.06	3701.48	3722.44	3715.38	3724.62	3725.60	3745.46	3691.74	

*******************************************2025/07/23;13:52:03
Probe number 85
Concentration entered by User 5.26% (Compensated: 5.64% at temperature 25.4)
1300.54	1318.06	1328.78	1341.10	1355.72	1368.38	1383.10	1398.16	1416.10	1432.74	1454.08	1475.10	1498.00	1523.32	1538.52	1554.02	
1569.26	1600.58	1627.12	1666.86	1695.10	1723.82	1750.28	1786.58	1822.50	1859.06	1900.60	1947.42	2005.36	2060.44	2135.74	2228.22	
2327.30	2467.94	2613.06	2790.04	2984.32	3172.88	3349.76	3471.74	3541.30	3584.68	3616.28	3639.02	3648.46	3661.10	3670.98	3680.16	
3681.90	3717.60	3711.20	3714.04	3716.82	3722.80	3727.02	3723.34	3726.90	3732.28	3729.16	3728.58	3731.48	3727.86	3723.98	3733.92	
3736.14	3734.10	3734.52	3735.66	3729.24	3726.76	3722.02	3711.92	3722.26	3713.26	3727.62	3723.46	3728.40	3730.22	3724.84	3730.20	
3732.76	3737.12	3737.42	3729.86	3737.40	3736.26	3733.08	3741.28	3735.54	3747.08	3742.68	3738.92	3745.02	3741.04	3742.96	3747.70	
3747.68	3618.76	3692.36	3728.86	3728.54	3731.42	3736.90	3744.48	3740.86	3732.42	3739.64	3738.22	3741.36	3742.76	3738.82	3736.84	
3737.16	3724.80	3714.16	3711.28	3731.56	3729.22	3729.14	3725.52	3722.28	3704.12	3724.86	3717.80	3726.74	3728.02	3747.52	3694.94	

*******************************************2025/07/23;13:52:33
Probe number 86
Concentration entered by User 5.20% (Compensated: 5.58% at temperature 25.4)
1300.52	1317.70	1328.70	1341.62	1356.22	1368.04	1383.14	1397.80	1415.72	1432.28	1454.50	1474.54	1496.50	1520.26	1534.78	1550.36	
1566.18	1596.14	1624.32	1665.68	1695.04	1720.24	1749.42	1782.48	1816.88	1858.90	1904.24	1955.40	2010.08	2057.16	2128.88	2222.04	
2326.54	2467.76	2617.36	2804.20	3001.46	3185.26	3357.58	3477.14	3546.30	3587.82	3618.50	3640.76	3649.88	3661.26	3671.88	3680.52	
3682.70	3718.12	3711.76	3714.20	3716.72	3723.22	3726.80	3722.58	3726.60	3732.16	3728.50	3728.34	3731.08	3727.24	3723.58	3733.38	
3735.82	3733.76	3734.00	3735.36	3728.92	3726.52	3721.88	3711.74	3722.22	3712.98	3727.32	3723.50	3728.10	3729.82	3725.08	3730.06	
3732.12	3736.58	3736.72	3729.26	3737.32	3735.90	3732.50	3740.86	3735.06	3746.84	3742.30	3738.76	3744.40	3740.64	3742.28	3747.38	
3747.52	3618.12	3691.74	3728.52	3727.80	3731.46	3736.60	3744.32	3741.02	3732.42	3739.36	3738.26	3740.96	3742.38	3738.14	3736.62	
3736.82	3724.28	3713.76	3710.98	3731.42	3728.72	3728.96	3725.10	3722.26	3703.74	3724.28	3717.32	3726.56	3727.76	3747.04	3694.10	

*******************************************2025/07/23;13:53:02
Probe number 87
Concentration entered by User 5.20% (Compensated: 5.58% at temperature 25.4)
1299.60	1316.64	1328.28	1341.76	1355.26	1366.70	1382.36	1397.78	1416.10	1433.08	1454.14	1475.12	1496.36	1521.46	1535.12	1550.92	
1568.06	1597.70	1625.34	1666.18	1694.92	1723.54	1751.00	1782.18	1822.72	1863.56	1903.16	1948.60	2004.80	2062.40	2135.44	2227.82	
2327.60	2455.78	2607.04	2799.66	2995.98	3189.74	3355.70	3473.94	3543.78	3587.24	3620.56	3642.28	3651.82	3664.34	3674.36	3683.20	
3684.90	3720.16	3713.38	3716.14	3718.58	3725.14	3728.62	3724.98	3728.70	3733.72	3730.32	3729.98	3732.84	3728.76	3725.50	3735.18	
3737.62	3735.80	3735.94	3736.86	3730.68	3728.44	3723.92	3713.48	3723.88	3714.54	3728.88	3725.10	3730.02	3731.44	3726.50	3731.58	
3734.26	3738.80	3738.34	3730.92	3738.72	3737.50	3734.32	3742.60	3736.98	3748.48	3744.30	3740.62	3746.38	3742.14	3744.04	3749.24	
3748.72	3621.12	3694.04	3730.12	3730.12	3733.10	3738.44	3746.30	3742.42	3734.14	3741.12	3739.78	3742.80	3744.10	3739.88	3737.90	
3738.96	3726.04	3715.88	3712.70	3732.94	3730.86	3730.96	3727.10	3724.24	3705.66	3726.10	3719.32	3728.20	3729.66	3748.74	3696.42	

*******************************************2025/07/23;13:53:32
Probe number 88
Concentration entered by User 5.27% (Compensated: 5.66% at temperature 25.4)
1299.90	1317.40	1328.96	1340.94	1354.62	1366.24	1383.00	1398.32	1416.10	1433.90	1455.62	1475.26	1496.00	1520.18	1536.30	1553.36	
1570.60	1601.52	1627.54	1667.48	1692.46	1720.88	1749.92	1781.50	1820.72	1859.98	1902.96	1950.84	2010.06	2065.56	2138.68	2229.82	
2335.96	2478.28	2623.08	2798.24	2982.32	3176.56	3345.70	3466.68	3540.04	3583.76	3616.64	3638.82	3648.10	3660.68	3671.02	3679.38	
3680.86	3716.74	3710.48	3713.06	3715.22	3721.76	3726.02	3722.54	3726.20	3731.52	3728.02	3727.60	3730.34	3726.48	3723.08	3732.72	
3735.26	3733.40	3733.70	3735.30	3728.64	3726.50	3721.50	3710.90	3721.50	3712.32	3726.38	3723.02	3727.92	3729.52	3724.34	3729.24	
3731.68	3736.44	3736.46	3728.56	3737.10	3735.50	3732.46	3740.68	3734.74	3746.26	3742.06	3738.42	3744.58	3740.10	3741.94	3746.92	
3746.96	3617.82	3691.22	3728.02	3727.46	3731.16	3736.20	3744.06	3740.02	3731.94	3738.94	3737.72	3740.66	3742.24	3737.62	3736.16	
3736.76	3724.06	3713.46	3710.18	3731.06	3728.18	3728.74	3724.32	3721.62	3703.44	3724.16	3716.86	3726.30	3727.30	3746.70	3694.12	

*******************************************2025/07/23;13:54:03
Probe number 89
Concentration entered by User 5.20% (Compensated: 5.59% at temperature 25.4)
1298.78	1316.62	1328.40	1341.24	1355.36	1366.92	1381.52	1397.80	1415.90	1433.14	1453.80	1474.98	1496.36	1520.62	1535.50	1550.76	
1566.26	1598.18	1626.80	1666.68	1694.12	1723.04	1751.36	1781.76	1818.04	1859.02	1905.36	1955.32	2008.76	2060.22	2143.30	2245.22	
2346.08	2469.26	2613.48	2795.80	2990.94	3187.22	3356.50	3476.20	3547.76	3588.82	3618.42	3641.18	3651.50	3663.82	3673.44	3682.02	
3683.70	3719.16	3713.00	3715.72	3717.88	3724.36	3728.00	3724.52	3728.50	3733.40	3730.06	3729.72	3732.86	3728.58	3725.10	3734.94	
3737.12	3735.10	3735.32	3736.94	3730.32	3728.44	3723.52	3713.48	3723.76	3714.82	3728.64	3725.00	3729.58	3731.76	3726.12	3731.32	
3733.98	3738.18	3738.40	3730.58	3738.70	3737.24	3733.98	3742.36	3736.56	3748.12	3743.78	3740.28	3745.90	3742.10	3743.52	3748.74	
3748.48	3620.32	3693.98	3730.02	3729.78	3732.88	3738.46	3746.00	3742.10	3733.94	3740.54	3739.28	3742.40	3743.72	3739.78	3737.80	
3738.42	3725.86	3715.50	3712.22	3732.68	3730.30	3730.60	3726.38	3723.48	3705.36	3726.04	3718.94	3728.06	3729.46	3748.56	3696.24	

*******************************************2025/07/23;13:54:33
Probe number 90
Concentration entered by User 5.21% (Compensated: 5.59% at temperature 25.4)
1298.52	1316.34	1327.88	1341.50	1356.10	1368.18	1383.26	1397.88	1416.14	1433.00	1454.36	1475.64	1495.42	1518.48	1533.34	1550.32	
1566.26	1599.22	1627.14	1669.02	1695.02	1719.52	1745.24	1778.70	1818.46	1856.58	1904.46	1955.08	2006.82	2062.72	2139.28	2236.46	
2338.62	2468.06	2620.10	2810.24	3002.12	3189.04	3355.24	3471.60	3538.78	3583.14	3615.82	3639.26	3648.72	3660.48	3670.82	3679.14	
3680.38	3716.88	3710.02	3713.22	3715.60	3722.04	3725.82	3722.64	3726.06	3731.28	3727.84	3727.56	3730.26	3726.16	3722.82	3732.84	
3735.00	3733.00	3733.42	3734.64	3728.08	3726.00	3721.04	3710.80	3721.42	3712.42	3726.60	3722.78	3727.82	3729.30	3724.00	3729.12	
3731.76	3735.94	3736.40	3728.82	3736.46	3735.26	3732.06	3740.58	3734.48	3746.14	3741.78	3738.42	3744.04	3740.14	3741.68	3746.80	
3746.66	3617.86	3691.20	3727.96	3727.46	3730.60	3736.16	3743.92	3740.34	3731.86	3738.80	3737.80	3740.32	3741.94	3737.76	3735.82	
3736.50	3723.62	3713.32	3709.92	3730.78	3728.24	3728.52	3724.40	3721.50	3703.18	3723.80	3716.88	3725.94	3727.32	3746.74	3693.14	

*******************************************2025/07/23;13:55:03
Probe number 91
Concentration entered by User 5.14% (Compensated: 5.53% at temperature 25.4)
1299.98	1317.00	1328.14	1341.22	1355.32	1366.68	1382.08	1395.90	1414.62	1432.60	1453.52	1474.66	1495.30	1518.96	1534.88	1551.18	
1567.56	1600.06	1627.00	1667.90	1694.94	1723.12	1750.96	1783.76	1823.02	1860.54	1902.92	1952.96	2004.90	2051.84	2135.84	2234.78	
2333.80	2467.28	2620.10	2807.30	3004.40	3199.58	3366.94	3483.44	3551.06	3591.38	3621.40	3644.24	3653.40	3664.96	3674.76	3683.02	
3684.20	3719.94	3713.42	3715.88	3718.28	3724.64	3728.24	3724.44	3728.00	3733.36	3730.12	3729.34	3732.24	3728.38	3724.92	3734.60	
3737.02	3734.92	3735.08	3736.30	3730.36	3727.98	3723.18	3712.68	3723.14	3714.46	3728.50	3724.70	3729.76	3731.32	3726.12	3730.96	
3733.62	3737.84	3738.04	3730.22	3738.06	3737.08	3733.86	3741.90	3736.54	3747.84	3743.36	3739.58	3745.84	3741.72	3743.36	3748.10	
3748.20	3620.20	3693.26	3729.68	3729.20	3732.10	3737.84	3745.34	3741.64	3733.42	3740.42	3738.80	3742.24	3743.54	3739.18	3737.58	
3738.04	3725.42	3715.06	3711.60	3732.24	3729.58	3730.18	3726.02	3723.44	3705.28	3725.18	3718.86	3727.86	3728.88	3748.14	3695.48	

*******************************************2025/07/23;13:55:33
Probe number 92
Concentration entered by User 5.15% (Compensated: 5.54% at temperature 25.5)
1300.08	1318.38	1328.90	1342.14	1356.34	1368.92	1383.42	1399.00	1417.04	1431.64	1452.30	1473.44	1493.96	1519.80	1537.18	1554.60	
1571.90	1603.18	1630.26	1670.58	1700.20	1725.64	1751.98	1783.66	1823.04	1862.60	1907.88	1960.10	2011.30	2063.22	2145.68	2246.52	
2343.82	2468.10	2617.62	2799.58	3003.30	3199.60	3364.98	3479.62	3548.56	3590.36	3620.08	3642.82	3651.74	3663.18	3673.38	3681.50	
3683.00	3718.08	3712.20	3715.46	3717.50	3723.82	3727.50	3723.46	3727.44	3732.40	3729.70	3729.30	3731.72	3727.78	3724.26	3734.40	
3736.56	3734.66	3734.80	3736.00	3729.76	3727.88	3723.10	3712.80	3723.12	3714.06	3727.92	3724.34	3729.34	3731.02	3725.74	3730.66	
3733.28	3737.84	3738.14	3730.44	3738.24	3736.60	3733.60	3742.16	3736.00	3747.80	3743.46	3739.68	3745.74	3741.52	3743.44	3748.42	
3748.10	3619.74	3693.14	3729.38	3728.84	3732.26	3737.76	3745.22	3741.94	3733.64	3740.18	3739.10	3742.08	3743.46	3739.16	3737.70	
3738.22	3725.60	3715.04	3711.72	3732.42	3729.78	3729.82	3726.16	3723.28	3705.18	3725.46	3718.78	3727.88	3728.48	3748.24	3695.94	

*******************************************2025/07/23;13:56:03
Probe number 93
Concentration entered by User 5.16% (Compensated: 5.54% at temperature 25.4)
1299.20	1317.10	1328.04	1340.44	1354.52	1367.18	1382.50	1396.98	1414.92	1431.90	1453.30	1473.30	1494.72	1518.82	1534.70	1551.18	
1566.88	1597.46	1624.58	1666.24	1695.58	1722.80	1746.56	1777.10	1819.24	1861.62	1907.16	1955.22	2005.78	2060.02	2138.24	2230.40	
2333.48	2469.52	2628.08	2811.32	3002.84	3197.46	3365.34	3477.62	3545.88	3586.42	3618.60	3642.12	3650.48	3662.56	3672.88	3681.28	
3682.56	3718.68	3712.88	3715.36	3717.58	3723.64	3727.40	3723.24	3726.94	3732.82	3729.44	3728.76	3731.80	3727.78	3723.78	3733.98	
3736.24	3734.06	3734.64	3735.76	3729.60	3727.38	3722.50	3712.14	3722.72	3713.56	3727.94	3724.30	3728.70	3730.56	3725.38	3730.62	
3732.76	3737.46	3737.38	3729.84	3737.58	3736.38	3733.48	3741.44	3735.48	3747.30	3742.74	3739.08	3745.16	3741.22	3742.42	3748.00	
3747.76	3618.76	3692.56	3729.02	3728.42	3731.46	3737.38	3744.94	3741.26	3732.62	3739.72	3738.94	3741.60	3743.00	3738.74	3737.22	
3737.64	3724.90	3714.70	3711.08	3731.52	3729.08	3729.32	3725.58	3722.92	3704.42	3724.98	3718.12	3727.24	3728.38	3747.62	3694.74	

*******************************************2025/07/23;13:56:32
Probe number 94
Concentration entered by User 5.21% (Compensated: 5.60% at temperature 25.5)
1298.94	1316.32	1327.52	1340.78	1355.74	1367.86	1383.46	1398.44	1416.28	1431.96	1452.94	1474.54	1496.20	1520.44	1534.42	1549.20	
1567.94	1600.72	1626.14	1665.92	1697.34	1723.90	1749.96	1784.08	1823.84	1858.38	1900.44	1949.80	2008.80	2065.96	2144.34	2240.02	
2341.52	2476.84	2631.70	2810.52	2996.38	3185.68	3355.50	3473.68	3545.62	3588.02	3618.90	3641.18	3650.78	3662.46	3672.12	3681.18	
3683.12	3718.72	3712.40	3715.80	3717.92	3723.70	3727.40	3723.44	3727.06	3732.36	3729.44	3729.06	3731.46	3727.46	3723.76	3733.86	
3736.24	3734.08	3733.98	3735.68	3729.40	3727.46	3722.16	3711.96	3722.30	3713.46	3727.48	3723.96	3728.76	3730.50	3725.52	3730.20	
3732.62	3737.10	3737.44	3729.70	3737.44	3736.32	3732.86	3741.46	3735.82	3747.12	3742.84	3739.10	3745.30	3741.04	3742.66	3747.70	
3747.74	3619.00	3692.68	3728.80	3728.16	3731.58	3737.06	3744.74	3741.22	3732.62	3739.68	3738.58	3741.40	3742.90	3738.64	3736.84	
3737.38	3724.96	3714.38	3711.02	3731.54	3728.96	3729.56	3725.62	3722.64	3704.10	3724.66	3717.88	3727.10	3728.08	3747.30	3694.64	

*******************************************2025/07/23;13:57:03
Probe number 95
Concentration entered by User 5.15% (Compensated: 5.54% at temperature 25.5)
1299.64	1317.16	1328.00	1341.44	1356.22	1367.50	1382.34	1397.22	1414.98	1432.48	1454.10	1475.30	1497.62	1521.38	1535.82	1552.80	
1568.08	1598.52	1627.04	1669.30	1697.26	1722.06	1751.78	1787.92	1828.12	1863.60	1906.34	1955.98	2014.82	2067.64	2139.96	2233.88	
2334.88	2470.30	2626.96	2810.50	3005.44	3198.34	3363.66	3482.12	3552.58	3593.42	3622.98	3644.96	3654.10	3665.38	3675.12	3683.88	
3685.52	3720.64	3714.18	3717.10	3719.64	3725.26	3729.24	3725.08	3728.66	3734.12	3731.10	3730.74	3733.32	3729.10	3725.58	3735.46	
3737.54	3735.74	3736.20	3737.64	3730.96	3729.02	3724.28	3713.98	3724.64	3715.36	3729.56	3725.90	3730.70	3732.40	3727.14	3731.78	
3734.34	3738.76	3739.30	3731.86	3739.32	3738.12	3734.80	3743.08	3737.32	3748.76	3744.30	3740.50	3747.02	3742.72	3744.54	3749.26	
3749.20	3622.08	3694.76	3731.02	3730.36	3733.58	3739.18	3746.80	3742.76	3734.58	3741.26	3740.26	3743.34	3744.50	3740.10	3738.52	
3739.14	3726.36	3716.54	3712.98	3733.38	3731.12	3731.40	3727.34	3724.40	3706.54	3726.84	3720.18	3728.88	3729.94	3749.22	3696.92	

*******************************************2025/07/23;13:57:33
Probe number 96
Concentration entered by User 5.24% (Compensated: 5.63% at temperature 25.5)
1299.76	1316.90	1328.26	1340.82	1355.58	1367.96	1383.42	1397.60	1416.48	1433.70	1453.18	1473.96	1496.00	1520.56	1537.72	1552.02	
1567.86	1601.22	1630.50	1672.48	1699.26	1723.40	1744.64	1773.76	1817.44	1858.88	1904.22	1957.44	2016.30	2066.20	2143.94	2249.32	
2349.34	2475.06	2625.36	2808.06	2995.98	3182.42	3346.82	3471.64	3545.84	3589.58	3621.26	3644.52	3653.80	3664.92	3675.00	3683.18	
3684.72	3720.18	3713.84	3717.38	3719.54	3725.14	3728.86	3724.90	3728.10	3733.90	3730.52	3730.24	3732.90	3728.46	3725.14	3735.10	
3737.58	3735.30	3735.58	3737.16	3731.10	3728.72	3723.80	3713.40	3724.18	3714.94	3729.08	3725.36	3730.54	3732.24	3726.84	3731.82	
3734.00	3738.78	3739.24	3731.64	3738.94	3737.66	3734.58	3743.08	3737.34	3748.74	3744.12	3740.94	3746.72	3742.68	3744.34	3749.22	
3749.08	3621.66	3694.60	3730.66	3729.92	3733.26	3738.84	3746.24	3742.62	3734.66	3741.30	3740.16	3743.36	3744.30	3740.08	3738.38	
3739.16	3726.84	3716.16	3713.04	3733.16	3730.60	3731.24	3727.04	3724.18	3706.12	3726.52	3719.56	3728.96	3729.90	3748.68	3696.48	

*******************************************2025/07/23;13:58:03
Probe number 97
Concentration entered by User 5.15% (Compensated: 5.54% at temperature 25.5)
1299.96	1316.94	1328.38	1341.86	1355.78	1368.12	1382.74	1397.72	1415.82	1433.16	1454.52	1476.06	1495.22	1519.60	1536.84	1551.90	
1568.28	1598.96	1626.10	1665.16	1693.66	1723.34	1753.28	1783.44	1821.36	1861.44	1907.78	1956.96	2011.38	2067.86	2138.58	2227.56	
2332.80	2473.62	2626.08	2809.70	3000.72	3196.06	3366.24	3482.62	3550.82	3592.38	3622.18	3643.78	3652.54	3664.26	3674.14	3682.34	
3684.00	3719.48	3713.90	3716.56	3718.90	3724.76	3728.22	3724.30	3728.18	3733.30	3730.26	3729.88	3732.34	3728.02	3724.94	3734.92	
3737.00	3735.06	3735.28	3736.80	3730.20	3728.22	3723.42	3712.98	3723.62	3714.68	3728.82	3725.16	3730.28	3731.64	3726.32	3731.32	
3733.68	3738.26	3738.40	3730.70	3738.46	3737.08	3733.98	3742.52	3736.56	3748.22	3743.70	3740.24	3746.34	3742.44	3743.84	3748.72	
3748.68	3620.50	3693.74	3730.04	3729.30	3732.86	3738.12	3745.74	3741.96	3733.84	3740.62	3739.46	3742.76	3743.58	3739.58	3737.86	
3738.42	3726.04	3715.40	3712.44	3732.86	3730.20	3730.36	3726.80	3723.60	3705.86	3725.92	3719.36	3728.20	3729.26	3748.56	3696.04	

*******************************************2025/07/23;13:58:33
Probe number 98
Concentration entered by User 5.17% (Compensated: 5.57% at temperature 25.6)
1299.28	1316.90	1328.64	1341.70	1356.06	1368.02	1383.28	1397.22	1414.02	1431.52	1454.32	1475.88	1498.34	1521.74	1536.46	1551.96	
1567.14	1598.44	1628.36	1669.08	1696.28	1723.62	1751.42	1781.88	1819.10	1858.80	1905.30	1957.44	2016.84	2067.68	2139.28	2235.84	
2340.54	2468.56	2622.74	2804.68	3003.02	3198.76	3359.34	3478.12	3548.60	3590.54	3620.22	3643.82	3653.58	3664.16	3673.70	3682.38	
3683.80	3719.86	3713.54	3716.24	3719.46	3724.58	3728.08	3723.50	3728.04	3733.36	3730.28	3729.98	3732.40	3728.30	3724.76	3734.50	
3736.92	3734.90	3735.04	3736.70	3730.12	3728.28	3723.24	3713.08	3723.32	3714.16	3728.66	3725.46	3729.78	3731.54	3726.48	3731.38	
3733.66	3738.36	3738.58	3731.18	3738.38	3737.16	3734.04	3742.66	3736.70	3748.26	3743.70	3740.26	3746.24	3742.12	3743.68	3748.48	
3748.78	3620.72	3693.88	3730.22	3729.60	3732.72	3738.26	3745.92	3742.18	3733.72	3740.76	3739.72	3742.80	3743.74	3739.94	3738.14	
3738.54	3726.14	3715.70	3712.30	3732.70	3730.08	3730.54	3726.78	3723.80	3705.60	3725.96	3718.78	3728.46	3729.38	3748.86	3696.30	

*******************************************2025/07/23;13:59:03
Probe number 99
Concentration entered by User 5.16% (Compensated: 5.56% at temperature 25.6)
1300.02	1317.08	1327.54	1340.12	1354.26	1366.40	1382.70	1397.28	1415.44	1432.08	1452.78	1474.32	1494.68	1519.24	1534.76	1549.56	
1566.14	1598.92	1628.06	1667.68	1694.76	1723.28	1749.60	1780.18	1819.52	1860.38	1904.48	1954.94	2008.08	2062.54	2138.76	2230.84	
2336.46	2472.96	2621.34	2810.50	3005.24	3197.38	3363.68	3478.06	3545.26	3588.42	3619.00	3641.78	3650.00	3661.38	3671.56	3680.42	
3681.38	3717.32	3710.72	3714.50	3716.22	3721.90	3725.60	3722.02	3725.62	3730.82	3728.22	3727.58	3730.40	3726.16	3722.28	3732.90	
3734.88	3732.62	3733.20	3734.34	3728.40	3725.90	3721.16	3710.62	3721.14	3711.86	3726.20	3722.94	3727.48	3729.22	3724.10	3728.92	
3731.26	3736.18	3736.34	3728.70	3736.48	3735.12	3731.76	3740.32	3734.72	3746.34	3741.68	3738.26	3744.18	3740.08	3741.68	3746.58	
3746.76	3617.32	3691.12	3727.74	3727.22	3730.40	3735.84	3743.90	3739.94	3731.60	3738.34	3737.58	3740.28	3741.58	3737.70	3735.82	
3736.54	3723.80	3713.12	3710.02	3730.52	3727.96	3728.14	3724.38	3721.26	3703.00	3723.54	3716.98	3725.80	3727.00	3746.52	3693.28	

*******************************************2025/07/23;13:59:33
Probe number 100
Concentration entered by User 5.12% (Compensated: 5.52% at temperature 25.6)
1300.28	1318.10	1328.68	1340.62	1355.58	1367.26	1383.10	1398.30	1416.10	1432.38	1453.74	1476.64	1497.56	1521.54	1537.70	1554.02	
1569.68	1599.60	1627.30	1667.08	1694.60	1720.72	1749.22	1783.44	1823.54	1861.96	1907.60	1958.06	2014.02	2064.62	2137.44	2229.82	
2330.72	2459.96	2612.34	2803.28	3009.22	3207.78	3370.06	3480.78	3549.36	3590.14	3619.92	3642.76	3652.40	3664.36	3674.06	3682.24	
3683.76	3719.66	3713.44	3716.30	3718.86	3724.40	3728.08	3723.64	3727.60	3733.18	3729.82	3729.42	3732.40	3728.04	3724.18	3734.08	
3736.72	3734.68	3734.56	3736.40	3729.74	3727.98	3722.88	3712.62	3722.76	3714.02	3728.06	3724.52	3729.92	3731.22	3726.02	3730.76	
3733.48	3737.78	3737.98	3730.40	3738.32	3737.22	3733.86	3742.12	3736.34	3747.94	3743.38	3740.14	3745.78	3741.78	3743.28	3748.22	
3748.06	3620.00	3693.62	3729.78	3728.98	3732.12	3737.82	3745.46	3742.04	3733.28	3740.26	3739.18	3742.12	3743.26	3739.06	3737.56	
3737.96	3725.64	3715.24	3712.00	3732.06	3729.88	3730.00	3726.16	3723.56	3705.30	3725.66	3718.74	3727.88	3728.86	3748.08	3695.86	

*******************************************2025/07/23;14:00:02
Probe number 101
Concentration entered by User 5.12% (Compensated: 5.52% at temperature 25.6)
1300.16	1317.08	1328.62	1341.50	1356.32	1367.88	1382.30	1396.82	1415.58	1432.72	1452.52	1475.14	1497.48	1521.10	1535.70	1550.88	
1566.34	1598.02	1626.44	1667.58	1695.78	1723.30	1749.76	1777.78	1816.54	1859.48	1903.42	1954.80	2008.62	2063.70	2141.44	2236.82	
2336.62	2474.50	2623.60	2805.68	3004.20	3201.80	3371.40	3487.02	3552.60	3592.36	3621.82	3644.36	3652.94	3664.36	3673.82	3682.36	
3683.56	3719.58	3713.76	3716.50	3719.06	3724.80	3728.06	3723.82	3727.98	3733.12	3730.22	3729.62	3732.58	3728.40	3724.34	3734.26	
3736.50	3734.34	3734.80	3736.16	3729.80	3728.00	3722.90	3712.90	3723.22	3713.98	3728.10	3724.60	3729.78	3731.34	3725.70	3730.78	
3733.12	3737.40	3737.90	3730.58	3738.12	3736.60	3733.52	3742.16	3736.06	3747.70	3743.48	3739.80	3745.82	3741.60	3743.28	3747.88	
3748.18	3619.84	3693.36	3729.48	3728.98	3732.06	3737.64	3745.54	3741.68	3733.36	3740.12	3739.08	3742.26	3743.00	3739.04	3737.66	
3738.06	3725.60	3715.24	3711.66	3732.06	3729.52	3729.74	3726.22	3723.16	3705.10	3725.38	3718.74	3727.80	3728.72	3747.92	3695.54	

*******************************************2025/07/23;14:00:33
Probe number 102
Concentration entered by User 5.13% (Compensated: 5.53% at temperature 25.6)
1300.26	1316.98	1328.60	1342.02	1355.66	1366.64	1382.30	1397.36	1415.52	1433.44	1455.14	1474.86	1495.60	1520.88	1536.40	1552.48	
1569.22	1601.08	1628.36	1671.00	1697.66	1722.40	1748.40	1783.16	1825.70	1866.20	1906.12	1953.82	2008.42	2061.38	2134.38	2227.16	
2331.00	2479.14	2632.86	2810.70	3005.38	3203.52	3368.16	3483.16	3550.26	3590.94	3621.20	3643.96	3653.04	3663.86	3673.30	3682.44	
3683.80	3719.24	3713.04	3716.74	3718.80	3724.22	3727.34	3723.26	3727.30	3733.00	3729.92	3729.40	3731.84	3727.70	3723.82	3733.84	
3735.96	3734.02	3734.40	3735.78	3729.54	3727.44	3722.74	3711.88	3722.38	3713.22	3727.76	3724.48	3729.40	3730.68	3725.20	3730.36	
3732.68	3737.38	3737.80	3730.02	3737.66	3736.28	3733.22	3741.50	3735.82	3747.24	3742.80	3739.42	3745.42	3741.40	3742.98	3747.88	
3747.82	3619.20	3692.52	3729.08	3728.48	3731.70	3737.20	3745.04	3741.18	3733.06	3739.68	3738.64	3741.82	3742.96	3738.78	3736.90	
3737.82	3725.20	3714.50	3711.18	3731.74	3729.16	3729.72	3725.80	3722.70	3704.56	3725.08	3718.42	3727.54	3728.48	3747.70	3694.88	

*******************************************2025/07/23;14:01:03
Probe number 103
Concentration entered by User 5.08% (Compensated: 5.49% at temperature 25.6)
1300.12	1317.56	1329.20	1342.24	1356.10	1367.02	1382.64	1397.92	1416.06	1433.26	1453.92	1475.36	1497.66	1523.10	1537.70	1553.82	
1568.42	1600.56	1629.26	1668.98	1697.66	1724.76	1750.44	1782.92	1824.28	1859.40	1903.04	1955.98	2011.06	2060.56	2139.88	2237.84	
2339.46	2473.00	2624.60	2811.18	3008.72	3211.06	3377.02	3492.32	3559.34	3599.12	3627.64	3649.38	3657.08	3667.20	3677.86	3685.74	
3687.32	3722.12	3715.32	3719.10	3721.04	3726.58	3729.80	3725.64	3729.62	3734.70	3731.74	3731.18	3733.86	3729.62	3726.00	3735.64	
3737.92	3736.16	3736.30	3737.72	3731.48	3729.90	3724.74	3714.52	3724.72	3715.72	3729.78	3726.70	3731.50	3733.10	3727.64	3732.38	
3734.94	3739.58	3739.38	3732.18	3739.60	3738.46	3735.18	3743.48	3737.98	3749.34	3744.64	3741.46	3747.40	3743.44	3745.00	3749.66	
3749.80	3622.38	3695.46	3731.14	3730.54	3733.88	3739.36	3746.94	3743.14	3734.84	3741.76	3740.72	3743.60	3744.72	3740.56	3739.12	
3739.78	3727.34	3716.92	3713.56	3733.76	3731.20	3731.48	3728.06	3725.10	3707.06	3727.18	3720.64	3729.60	3730.64	3749.54	3697.40	

*******************************************2025/07/23;14:01:33
Probe number 104
Concentration entered by User 5.16% (Compensated: 5.56% at temperature 25.6)
1299.48	1316.64	1327.54	1340.78	1355.78	1368.06	1383.32	1398.34	1416.92	1433.28	1453.44	1475.20	1497.48	1520.16	1534.74	1550.70	
1567.94	1598.94	1626.74	1665.98	1691.90	1718.54	1747.06	1781.10	1818.34	1858.04	1901.10	1947.76	2004.68	2062.72	2143.40	2242.10	
2339.98	2471.80	2618.00	2795.92	2988.94	3194.02	3367.64	3484.60	3551.36	3591.20	3620.08	3642.98	3652.00	3663.44	3673.38	3681.84	
3683.52	3718.52	3712.28	3715.92	3718.28	3723.66	3727.20	3722.88	3727.04	3732.42	3729.34	3729.14	3731.54	3727.16	3723.42	3733.28	
3735.72	3733.10	3733.62	3735.30	3729.06	3726.74	3721.60	3711.46	3721.94	3712.46	3727.10	3723.82	3728.72	3730.32	3724.92	3729.90	
3732.08	3736.64	3737.14	3729.44	3737.26	3736.10	3732.76	3741.14	3735.02	3747.06	3742.18	3738.78	3744.98	3740.80	3742.32	3747.28	
3747.24	3618.42	3691.86	3728.42	3727.96	3731.06	3736.60	3744.62	3740.88	3732.34	3739.08	3738.40	3741.30	3742.48	3738.14	3736.42	
3737.22	3724.68	3713.78	3710.44	3731.12	3728.34	3729.08	3725.44	3722.08	3703.88	3724.76	3717.38	3726.88	3727.74	3747.14	3694.50	

*******************************************2025/07/23;14:02:03
Probe number 105
Concentration entered by User 5.05% (Compensated: 5.46% at temperature 25.7)
1300.34	1317.76	1329.08	1341.24	1356.18	1368.18	1383.40	1398.56	1416.58	1434.64	1454.96	1476.28	1496.90	1521.40	1538.22	1553.16	
1570.42	1602.48	1630.96	1671.30	1698.08	1722.58	1749.32	1783.24	1821.54	1857.02	1902.24	1956.10	2013.08	2067.54	2142.54	2234.86	
2326.26	2460.22	2623.58	2813.34	3016.40	3216.68	3382.14	3493.16	3558.02	3598.46	3627.58	3649.00	3657.76	3667.62	3676.46	3684.48	
3686.34	3721.78	3715.42	3718.68	3721.34	3726.54	3729.58	3725.32	3729.54	3734.84	3731.70	3731.28	3733.94	3729.54	3725.56	3735.40	
3737.92	3736.06	3736.08	3737.62	3731.14	3729.50	3724.62	3714.20	3724.36	3715.28	3729.96	3726.42	3731.48	3732.58	3727.36	3731.98	
3735.02	3739.38	3739.64	3731.90	3739.52	3738.24	3735.34	3743.30	3737.44	3749.22	3744.42	3741.34	3747.08	3743.40	3744.58	3749.50	
3749.26	3622.08	3695.26	3731.02	3730.34	3733.52	3739.26	3747.06	3743.02	3734.70	3741.48	3740.36	3743.44	3744.50	3740.22	3738.84	
3739.34	3726.94	3716.54	3713.30	3733.46	3731.02	3731.42	3727.34	3724.68	3706.96	3726.82	3720.26	3729.34	3730.48	3749.26	3697.02	

*******************************************2025/07/23;14:02:33
Probe number 106
Concentration entered by User 5.05% (Compensated: 5.45% at temperature 25.7)
1300.80	1317.56	1328.80	1341.74	1355.72	1368.04	1383.20	1397.38	1415.44	1431.76	1453.32	1475.90	1497.84	1522.36	1537.16	1553.24	
1570.28	1602.38	1631.34	1673.14	1698.52	1720.94	1747.76	1778.52	1820.94	1861.36	1904.08	1956.90	2013.24	2060.96	2140.08	2237.46	
2337.32	2476.28	2636.84	2823.98	3019.98	3217.42	3382.98	3493.66	3559.32	3598.84	3628.40	3649.06	3657.84	3668.70	3678.22	3686.40	
3687.62	3723.02	3716.84	3720.32	3722.52	3728.26	3731.20	3727.06	3731.24	3736.76	3732.92	3732.92	3735.44	3731.40	3727.72	3737.10	
3739.42	3737.14	3737.44	3738.84	3732.94	3731.08	3726.16	3715.92	3725.54	3716.98	3731.16	3727.56	3732.86	3733.98	3728.90	3733.62	
3736.34	3740.34	3740.84	3733.70	3741.08	3739.56	3736.60	3744.78	3738.90	3750.28	3746.10	3742.54	3748.68	3744.48	3746.24	3750.72	
3750.68	3624.18	3696.50	3732.30	3731.28	3734.86	3740.30	3748.14	3744.22	3736.04	3742.84	3742.10	3744.90	3745.92	3741.76	3740.22	
3740.78	3728.46	3718.10	3715.16	3734.64	3732.56	3732.62	3729.00	3726.24	3708.88	3728.62	3722.08	3730.72	3732.00	3750.36	3698.90	

*******************************************2025/07/23;14:03:03
Probe number 107
Concentration entered by User 5.14% (Compensated: 5.55% at temperature 25.7)
1300.86	1318.28	1329.76	1343.06	1356.98	1369.60	1384.58	1398.46	1416.52	1433.38	1455.06	1475.34	1497.46	1522.34	1537.90	1552.70	
1569.38	1602.44	1630.34	1669.56	1697.08	1722.82	1749.00	1782.02	1823.58	1864.26	1910.60	1962.90	2017.10	2067.18	2144.36	2232.74	
2335.86	2471.62	2623.28	2797.02	2993.16	3194.26	3371.78	3489.22	3555.48	3596.88	3624.66	3646.22	3655.72	3665.76	3675.48	3683.52	
3685.40	3720.82	3714.30	3717.84	3720.22	3725.92	3729.02	3724.52	3728.84	3734.16	3731.22	3730.76	3732.96	3729.02	3725.28	3735.18	
3737.30	3735.20	3735.34	3736.84	3730.66	3729.14	3724.02	3713.56	3723.74	3714.76	3729.02	3725.78	3730.68	3732.38	3726.86	3731.74	
3733.64	3738.72	3739.26	3731.60	3738.78	3737.40	3734.50	3742.88	3736.92	3748.48	3744.02	3740.60	3746.90	3742.72	3744.06	3748.80	
3748.86	3621.14	3694.20	3730.60	3729.74	3732.84	3738.46	3746.32	3742.58	3734.18	3741.06	3739.92	3742.54	3744.06	3740.00	3738.16	
3738.74	3726.44	3715.74	3712.70	3732.78	3730.34	3730.94	3727.08	3724.10	3706.00	3726.02	3719.86	3728.78	3729.58	3748.86	3696.68	

*******************************************2025/07/23;14:03:33
Probe number 108
Concentration entered by User 5.11% (Compensated: 5.52% at temperature 25.7)
1299.58	1316.94	1328.08	1341.28	1355.48	1367.44	1383.60	1397.92	1415.18	1432.46	1452.88	1473.78	1495.90	1520.62	1534.62	1548.38	
1564.48	1599.86	1627.24	1668.94	1696.32	1722.70	1749.06	1781.88	1820.70	1860.26	1907.10	1957.92	2011.78	2064.90	2141.88	2231.42	
2329.22	2468.74	2627.04	2813.26	3008.62	3204.66	3374.18	3488.34	3554.72	3594.76	3623.24	3645.46	3655.42	3665.32	3675.16	3683.58	
3685.48	3720.70	3714.06	3717.68	3720.04	3725.52	3728.04	3723.88	3728.22	3733.64	3730.32	3730.00	3732.42	3728.24	3724.36	3734.14	
3736.20	3734.60	3734.68	3736.40	3729.96	3727.94	3723.08	3712.78	3722.82	3713.74	3728.16	3724.84	3730.28	3731.84	3725.80	3730.66	
3733.36	3738.22	3738.30	3730.86	3738.26	3736.98	3734.00	3742.58	3736.06	3748.00	3743.38	3740.38	3746.42	3742.04	3743.90	3748.42	
3748.24	3619.96	3693.86	3729.74	3728.94	3732.14	3737.96	3745.78	3742.04	3733.72	3740.02	3739.32	3742.28	3743.52	3739.18	3737.66	
3738.24	3725.66	3715.18	3712.06	3732.38	3729.86	3730.28	3726.54	3723.40	3706.00	3725.88	3719.06	3728.24	3729.12	3747.90	3695.82	

*******************************************2025/07/23;14:04:03
Probe number 109
Concentration entered by User 5.15% (Compensated: 5.56% at temperature 25.7)
1299.40	1317.22	1328.52	1341.04	1355.52	1368.16	1381.82	1396.62	1414.94	1432.18	1453.38	1474.88	1497.10	1521.86	1538.28	1553.08	
1566.64	1597.84	1626.28	1668.50	1695.14	1719.42	1746.84	1779.02	1818.40	1862.64	1907.10	1954.96	2013.42	2069.62	2147.78	2238.22	
2337.40	2474.48	2627.02	2809.72	3004.20	3200.12	3364.76	3482.18	3551.40	3590.72	3621.78	3645.14	3654.32	3664.62	3675.02	3683.08	
3684.36	3719.68	3713.36	3717.38	3719.42	3724.84	3728.10	3723.62	3727.68	3733.28	3730.22	3730.20	3732.40	3728.04	3724.38	3734.44	
3736.70	3734.66	3734.90	3736.20	3730.08	3727.96	3723.18	3712.88	3723.16	3714.06	3728.28	3725.04	3730.52	3731.58	3726.34	3730.94	
3733.42	3738.06	3738.60	3731.02	3738.38	3737.40	3733.94	3742.56	3736.26	3748.40	3743.58	3740.70	3746.32	3742.38	3743.26	3748.18	
3748.26	3620.42	3693.70	3729.72	3728.96	3732.18	3737.70	3745.98	3741.84	3733.38	3740.50	3739.08	3742.22	3743.54	3739.18	3737.68	
3738.46	3725.88	3715.64	3712.18	3732.30	3730.00	3730.42	3726.74	3723.70	3705.66	3725.64	3719.16	3728.26	3729.24	3748.20	3695.78	

*******************************************2025/07/23;14:04:33
Probe number 110
Concentration entered by User 5.13% (Compensated: 5.53% at temperature 25.7)
1300.28	1317.42	1328.34	1341.44	1355.84	1367.70	1383.18	1397.54	1415.08	1431.78	1453.56	1475.22	1497.14	1520.70	1536.30	1552.48	
1570.96	1601.94	1627.54	1667.60	1698.02	1727.02	1755.80	1788.66	1826.12	1859.16	1903.20	1957.32	2010.42	2061.90	2140.52	2237.02	
2340.96	2476.24	2624.34	2803.28	3002.80	3205.26	3369.76	3484.14	3552.94	3593.64	3622.00	3645.14	3653.76	3664.34	3673.70	3682.20	
3683.86	3719.28	3713.18	3716.66	3718.82	3724.38	3727.50	3723.40	3727.00	3732.84	3729.62	3729.54	3732.18	3727.62	3723.68	3734.04	
3736.22	3734.00	3734.56	3736.34	3729.88	3727.94	3722.76	3712.52	3723.12	3713.86	3728.34	3724.66	3730.24	3731.66	3725.76	3731.02	
3733.18	3738.06	3738.46	3730.90	3738.12	3736.78	3733.78	3742.16	3735.92	3747.96	3743.28	3740.28	3746.30	3742.02	3743.30	3747.92	
3747.90	3619.62	3693.24	3729.62	3728.80	3731.98	3737.74	3745.44	3741.72	3733.28	3740.10	3739.04	3741.92	3743.32	3738.72	3737.38	
3738.00	3725.40	3714.94	3711.74	3731.84	3729.62	3729.82	3726.44	3723.22	3705.54	3725.44	3719.06	3727.78	3728.90	3747.90	3695.28	

*******************************************2025/07/23;14:05:03
Probe number 111
Concentration entered by User 5.00% (Compensated: 5.41% at temperature 25.7)
1299.32	1317.22	1328.46	1341.68	1355.62	1367.24	1382.14	1397.04	1415.20	1432.52	1452.76	1473.72	1495.62	1520.00	1535.04	1550.76	
1567.64	1600.02	1627.38	1668.14	1695.94	1721.96	1748.82	1781.56	1822.18	1860.88	1906.08	1957.50	2011.44	2062.88	2141.92	2243.04	
2349.50	2488.86	2648.08	2838.46	3033.36	3224.98	3388.34	3499.36	3564.90	3603.04	3631.48	3652.38	3660.80	3670.46	3679.88	3687.92	
3689.36	3724.06	3717.74	3720.86	3723.34	3727.84	3731.08	3726.80	3730.82	3735.98	3732.76	3732.32	3734.82	3730.32	3726.78	3736.64	
3738.28	3736.44	3736.72	3738.22	3732.18	3730.36	3725.16	3715.12	3725.32	3715.82	3730.72	3727.02	3732.30	3734.00	3728.34	3732.94	
3735.24	3739.96	3740.36	3732.74	3740.08	3738.86	3735.46	3744.08	3738.00	3749.68	3744.92	3741.70	3747.90	3743.90	3745.38	3749.76	
3749.84	3622.98	3695.68	3731.56	3730.60	3734.14	3739.44	3747.46	3743.48	3735.20	3741.80	3740.94	3744.02	3744.82	3740.74	3739.44	
3740.06	3727.52	3717.24	3714.16	3733.74	3731.76	3731.78	3728.18	3725.50	3707.48	3727.50	3721.06	3729.86	3730.90	3749.60	3698.02	

*******************************************2025/07/23;14:05:33
Probe number 112
Concentration entered by User 5.14% (Compensated: 5.55% at temperature 25.7)
1301.02	1318.14	1328.96	1341.88	1356.12	1368.26	1383.62	1398.64	1415.96	1432.14	1453.96	1475.26	1497.48	1521.80	1536.78	1552.18	
1568.26	1600.06	1628.42	1670.84	1697.74	1721.40	1749.00	1783.52	1823.48	1859.68	1903.96	1952.34	2008.50	2060.64	2138.88	2237.24	
2343.56	2476.84	2627.06	2804.12	3004.18	3199.36	3367.92	3484.64	3551.82	3593.36	3623.28	3644.66	3653.28	3663.92	3673.50	3682.22	
3683.52	3719.58	3713.82	3717.12	3719.22	3724.42	3727.46	3722.90	3727.26	3733.08	3729.76	3729.48	3732.00	3727.56	3724.16	3733.72	
3736.12	3734.00	3734.18	3736.10	3729.48	3727.70	3722.90	3712.58	3722.66	3713.54	3728.02	3724.92	3729.90	3731.48	3726.06	3730.56	
3733.12	3738.18	3738.16	3730.30	3737.84	3736.80	3733.58	3741.98	3735.84	3747.80	3743.10	3739.94	3746.30	3742.02	3743.06	3748.00	
3747.96	3619.82	3693.18	3729.58	3728.66	3731.80	3737.34	3745.54	3741.66	3733.32	3739.92	3739.16	3742.08	3743.18	3738.74	3737.22	
3738.26	3725.60	3714.78	3711.32	3731.88	3729.62	3729.84	3726.30	3723.08	3705.16	3725.28	3718.56	3727.84	3728.88	3747.76	3695.30	

*******************************************2025/07/23;14:06:03
Probe number 113
Concentration entered by User 5.13% (Compensated: 5.54% at temperature 25.8)
1300.92	1318.34	1330.08	1343.40	1356.60	1369.20	1385.22	1399.40	1416.60	1434.32	1456.20	1476.60	1499.22	1523.28	1538.98	1554.30	
1568.78	1599.96	1627.52	1668.26	1696.42	1727.12	1757.06	1785.08	1822.36	1865.54	1911.04	1962.46	2019.22	2074.94	2151.02	2238.94	
2337.52	2470.22	2622.32	2808.26	3003.58	3204.26	3370.18	3482.88	3552.68	3594.66	3625.20	3647.96	3656.80	3667.18	3676.48	3684.92	
3686.86	3721.64	3715.16	3719.18	3721.40	3726.76	3729.24	3724.94	3729.06	3734.54	3731.70	3731.50	3733.86	3729.30	3725.68	3735.60	
3737.86	3735.88	3735.88	3737.98	3731.62	3729.82	3724.84	3714.44	3724.80	3715.52	3730.24	3726.34	3732.20	3733.58	3727.68	3732.70	
3734.72	3739.60	3739.86	3732.60	3740.02	3738.70	3735.70	3743.84	3737.82	3749.18	3745.06	3741.66	3747.66	3743.82	3744.98	3749.54	
3749.66	3622.66	3695.36	3731.66	3730.36	3733.72	3739.42	3747.24	3743.00	3735.00	3741.78	3740.94	3743.86	3744.72	3740.50	3738.92	
3739.76	3727.46	3716.72	3714.04	3733.74	3731.40	3731.68	3728.06	3725.18	3707.16	3727.66	3720.96	3729.82	3730.74	3749.56	3697.74	

*******************************************2025/07/23;14:06:33
Probe number 114
Concentration entered by User 5.13% (Compensated: 5.54% at temperature 25.7)
1300.54	1317.78	1329.94	1342.36	1357.38	1368.42	1383.62	1398.02	1416.16	1434.40	1456.30	1476.08	1497.60	1523.14	1538.30	1554.62	
1571.76	1603.00	1629.58	1668.12	1695.96	1726.12	1753.68	1785.56	1823.84	1863.98	1907.12	1959.98	2015.24	2063.88	2138.60	2238.24	
2341.90	2483.32	2638.04	2820.46	3010.42	3203.12	3367.64	3485.00	3555.38	3595.60	3625.48	3647.32	3655.94	3666.62	3676.52	3684.88	
3686.76	3722.38	3715.60	3719.44	3722.14	3726.68	3729.52	3725.42	3729.32	3734.88	3731.26	3731.32	3733.66	3729.66	3725.46	3735.64	
3737.72	3735.54	3735.66	3737.66	3731.12	3729.72	3724.40	3714.16	3724.48	3715.42	3729.80	3726.70	3732.00	3733.30	3727.56	3732.50	
3734.66	3739.40	3740.06	3732.16	3739.54	3738.60	3735.24	3743.78	3738.00	3749.10	3744.74	3741.56	3747.78	3743.58	3744.82	3749.14	
3749.38	3622.08	3695.18	3731.18	3730.30	3733.38	3739.12	3747.12	3743.32	3734.76	3741.54	3740.46	3743.68	3744.48	3740.24	3738.76	
3739.60	3726.90	3717.00	3713.72	3733.80	3731.36	3731.68	3728.02	3724.94	3707.04	3727.38	3720.84	3729.62	3730.54	3749.40	3697.60	

*******************************************2025/07/23;14:07:03
Probe number 115
Concentration entered by User 5.13% (Compensated: 5.55% at temperature 25.8)
1301.78	1318.86	1329.88	1343.02	1357.96	1370.32	1384.68	1399.74	1417.30	1434.84	1456.54	1477.42	1498.46	1522.12	1536.86	1552.96	
1569.06	1601.66	1629.96	1671.68	1700.78	1726.28	1749.20	1782.06	1825.22	1862.70	1908.44	1965.74	2023.78	2074.68	2147.64	2234.08	
2332.06	2466.64	2612.72	2798.38	3002.70	3201.20	3367.94	3488.28	3556.64	3596.26	3625.02	3647.10	3656.64	3666.76	3676.30	3684.80	
3686.20	3721.32	3715.72	3719.20	3721.70	3726.40	3729.28	3724.92	3729.02	3734.30	3731.20	3731.30	3733.66	3729.06	3725.32	3735.28	
3737.52	3735.88	3735.84	3737.60	3731.08	3729.56	3724.32	3714.20	3724.06	3715.34	3729.94	3726.34	3731.76	3733.10	3727.52	3732.46	
3734.60	3739.36	3739.98	3732.48	3739.54	3738.32	3735.40	3743.44	3737.62	3749.24	3744.56	3741.32	3747.64	3743.62	3745.04	3749.36	
3749.56	3622.62	3695.06	3731.14	3730.40	3733.50	3739.24	3746.98	3743.18	3734.78	3741.78	3740.52	3743.72	3744.86	3740.40	3738.78	
3739.64	3727.22	3716.78	3713.48	3733.68	3731.16	3731.34	3727.94	3725.02	3707.20	3727.22	3720.48	3729.58	3730.62	3749.00	3697.52	

*******************************************2025/07/23;14:07:33
Probe number 116
Concentration entered by User 5.10% (Compensated: 5.51% at temperature 25.8)
1300.42	1317.38	1329.02	1341.62	1355.90	1367.76	1383.12	1398.02	1415.90	1433.22	1454.76	1476.48	1497.26	1520.26	1534.36	1548.92	
1565.44	1599.80	1628.78	1670.54	1697.08	1721.58	1748.04	1782.64	1823.88	1865.24	1909.10	1956.44	2008.40	2060.24	2136.96	2229.92	
2332.34	2471.04	2627.08	2808.68	3006.02	3207.12	3375.58	3491.86	3557.92	3596.50	3624.24	3646.46	3654.48	3664.60	3674.26	3682.64	
3684.58	3720.00	3713.42	3717.12	3719.20	3724.58	3727.44	3723.00	3726.86	3732.62	3729.82	3729.12	3731.66	3727.10	3723.54	3733.56	
3735.64	3733.48	3734.14	3735.70	3729.14	3727.58	3722.42	3712.22	3722.18	3713.06	3727.50	3724.54	3729.82	3731.16	3725.80	3730.06	
3732.54	3737.62	3738.12	3730.28	3737.84	3736.64	3733.38	3741.68	3736.00	3747.58	3742.70	3739.94	3745.82	3741.62	3743.26	3747.52	
3747.44	3619.10	3692.84	3729.36	3728.12	3731.54	3737.14	3745.24	3741.28	3732.88	3739.60	3738.82	3741.64	3742.84	3738.32	3736.78	
3737.42	3725.24	3714.40	3711.40	3731.60	3729.06	3729.60	3725.60	3722.62	3704.88	3725.32	3718.28	3727.70	3728.32	3747.38	3695.14	

*******************************************2025/07/23;14:08:03
Probe number 117
Concentration entered by User 5.13% (Compensated: 5.54% at temperature 25.8)
1299.72	1316.72	1328.40	1341.42	1355.52	1366.98	1381.74	1396.88	1414.74	1432.14	1452.86	1474.28	1497.08	1520.60	1534.74	1550.80	
1568.90	1600.86	1626.28	1665.82	1693.28	1721.90	1750.08	1781.92	1820.70	1857.42	1899.36	1952.32	2010.70	2063.62	2137.52	2233.18	
2333.70	2477.84	2634.54	2816.98	3006.02	3200.18	3370.70	3485.94	3551.50	3591.90	3620.98	3642.92	3651.84	3662.44	3673.00	3681.74	
3683.92	3719.76	3713.86	3717.30	3718.84	3724.40	3727.66	3722.78	3726.84	3732.50	3729.50	3729.48	3731.82	3727.18	3723.40	3733.28	
3735.46	3733.66	3733.72	3735.40	3729.08	3727.64	3722.14	3711.96	3721.74	3712.76	3727.92	3724.10	3729.88	3731.16	3725.30	3730.30	
3732.34	3737.28	3737.96	3730.18	3737.86	3736.56	3733.34	3742.04	3735.54	3747.46	3742.78	3739.50	3745.96	3741.68	3743.18	3747.66	
3747.34	3618.98	3692.96	3729.74	3728.04	3731.32	3737.00	3745.22	3741.18	3732.50	3739.64	3738.42	3741.58	3742.88	3738.48	3736.66	
3737.78	3725.08	3714.74	3711.28	3731.32	3728.86	3729.28	3726.18	3722.92	3704.94	3725.04	3718.62	3727.64	3728.56	3747.72	3695.08	

*******************************************2025/07/23;14:08:33
Probe number 118
Concentration entered by User 5.12% (Compensated: 5.53% at temperature 25.8)
1299.50	1317.06	1328.98	1341.14	1354.96	1367.56	1382.20	1397.00	1416.18	1434.28	1454.40	1475.58	1495.58	1519.62	1535.30	1549.96	
1567.74	1600.42	1630.54	1669.66	1696.52	1723.22	1749.40	1779.94	1822.30	1861.04	1901.46	1951.20	2009.54	2061.38	2141.44	2236.86	
2337.02	2468.02	2625.94	2816.66	3012.92	3202.10	3370.66	3483.94	3551.06	3591.64	3621.74	3645.22	3653.60	3664.10	3673.88	3682.86	
3684.12	3719.66	3713.34	3716.82	3718.88	3724.36	3727.72	3722.28	3727.12	3732.60	3729.50	3729.60	3731.46	3726.96	3723.34	3733.28	
3735.44	3733.50	3733.94	3735.64	3729.02	3727.64	3721.94	3711.96	3721.88	3712.66	3727.40	3724.34	3729.66	3731.22	3725.54	3730.38	
3732.42	3737.74	3738.06	3730.40	3737.86	3736.74	3732.98	3741.76	3735.62	3747.44	3742.78	3739.46	3745.98	3741.64	3743.18	3747.44	
3747.54	3618.94	3692.70	3728.96	3727.98	3731.32	3737.38	3745.24	3741.38	3732.62	3739.46	3738.86	3741.72	3742.94	3738.48	3736.78	
3737.54	3725.30	3714.36	3711.50	3731.60	3729.18	3729.40	3726.10	3723.00	3704.76	3725.24	3718.28	3727.44	3728.74	3747.54	3695.24	

*******************************************2025/07/23;14:09:03
Probe number 119
Concentration entered by User 5.14% (Compensated: 5.55% at temperature 25.7)
1299.88	1317.32	1329.34	1342.06	1355.78	1367.86	1383.10	1397.56	1415.60	1431.98	1453.62	1473.50	1494.30	1518.68	1535.02	1551.90	
1567.00	1599.88	1628.48	1669.74	1697.48	1722.24	1751.18	1782.72	1821.42	1860.88	1905.62	1958.36	2015.88	2067.62	2146.30	2243.26	
2337.80	2473.80	2623.72	2800.26	3002.26	3197.72	3367.76	3484.62	3552.26	3591.74	3620.70	3643.24	3651.92	3662.68	3673.34	3682.00	
3683.44	3719.38	3713.02	3716.74	3719.10	3724.38	3727.12	3722.80	3726.72	3732.32	3729.62	3729.26	3731.72	3727.34	3723.04	3733.22	
3735.42	3733.86	3733.92	3735.80	3729.62	3727.88	3722.78	3711.86	3722.00	3713.16	3727.90	3724.86	3730.06	3731.08	3725.64	3730.64	
3732.58	3737.66	3738.24	3730.44	3737.88	3736.52	3733.42	3741.96	3736.16	3747.64	3743.10	3739.64	3746.10	3741.74	3743.42	3747.68	
3747.38	3619.10	3693.00	3729.58	3728.48	3731.58	3737.28	3745.44	3741.44	3732.84	3739.72	3738.98	3741.74	3742.90	3738.52	3737.16	
3737.86	3725.28	3714.74	3711.58	3731.46	3729.50	3729.52	3726.20	3723.16	3705.10	3725.24	3718.46	3727.78	3728.48	3747.78	3695.36	

*******************************************2025/07/23;14:09:33
Probe number 120
Concentration entered by User 5.13% (Compensated: 5.54% at temperature 25.7)
1300.90	1318.10	1328.26	1341.64	1356.64	1367.92	1383.64	1397.98	1414.96	1431.86	1454.20	1474.76	1495.70	1521.90	1538.72	1553.76	
1568.34	1599.84	1626.26	1667.00	1694.88	1719.82	1747.80	1778.18	1821.52	1863.64	1906.58	1952.02	2005.94	2058.40	2139.50	2235.58	
2331.92	2469.06	2624.06	2813.68	3010.80	3199.88	3367.66	3484.20	3552.62	3592.76	3621.92	3643.22	3652.20	3663.52	3673.44	3682.22	
3683.86	3719.40	3713.20	3717.32	3719.62	3724.74	3727.80	3723.18	3726.98	3732.86	3729.78	3729.38	3731.98	3727.14	3723.36	3733.36	
3735.52	3733.50	3733.78	3735.52	3729.22	3727.40	3722.38	3711.82	3722.36	3713.08	3727.88	3724.60	3730.04	3731.32	3725.60	3730.62	
3732.56	3737.72	3738.10	3730.68	3738.00	3736.46	3733.50	3741.90	3735.76	3747.84	3743.00	3740.08	3746.18	3741.96	3743.08	3747.48	
3747.62	3619.76	3692.94	3729.56	3728.42	3731.56	3737.12	3745.44	3741.30	3733.04	3739.74	3738.94	3741.44	3743.04	3738.76	3737.14	
3737.78	3725.10	3714.92	3711.94	3731.58	3728.98	3729.58	3726.30	3723.14	3705.08	3725.52	3718.34	3727.68	3728.78	3747.64	3695.54	

*******************************************2025/07/23;14:10:03
Probe number 121
Concentration entered by User 5.12% (Compensated: 5.53% at temperature 25.7)
1300.20	1317.32	1328.22	1341.24	1355.76	1368.22	1383.28	1397.44	1415.58	1433.56	1454.54	1474.72	1496.14	1521.42	1538.18	1552.68	
1567.56	1599.30	1627.40	1667.66	1695.88	1720.70	1748.82	1781.82	1822.08	1859.80	1900.96	1954.68	2011.18	2064.26	2145.00	2236.04	
2333.78	2475.12	2633.78	2813.18	3010.20	3204.12	3371.58	3485.56	3550.28	3591.74	3621.30	3642.62	3652.36	3663.58	3673.74	3682.42	
3683.78	3719.54	3712.98	3717.18	3719.42	3724.56	3727.58	3722.96	3727.12	3732.74	3729.84	3729.40	3731.98	3727.28	3723.50	3733.46	
3735.66	3733.84	3734.26	3735.86	3729.50	3727.82	3722.86	3712.30	3722.40	3713.32	3728.20	3724.50	3730.10	3731.30	3725.92	3730.78	
3732.76	3737.64	3738.12	3730.64	3738.00	3736.90	3733.58	3742.22	3736.04	3747.56	3742.70	3739.86	3746.54	3741.86	3743.48	3747.36	
3747.46	3619.40	3692.90	3729.56	3728.40	3731.72	3737.50	3745.26	3741.42	3732.74	3739.90	3738.84	3742.02	3742.92	3738.56	3736.98	
3737.88	3725.56	3714.98	3711.48	3731.72	3729.28	3729.60	3726.38	3723.12	3705.00	3725.22	3718.70	3727.94	3728.56	3747.60	3695.12	

*******************************************2025/07/23;14:10:33
Probe number 122
Concentration entered by User 5.07% (Compensated: 5.48% at temperature 25.7)
1301.18	1318.52	1329.80	1341.50	1355.72	1369.42	1385.98	1400.38	1418.80	1434.78	1455.30	1477.14	1498.12	1521.38	1535.08	1550.92	
1568.48	1601.26	1629.02	1670.42	1699.42	1725.92	1749.06	1778.28	1818.80	1863.32	1911.28	1961.86	2018.04	2065.56	2137.86	2228.20	
2322.42	2454.98	2618.82	2819.90	3017.54	3210.08	3376.22	3492.94	3560.50	3599.68	3628.76	3649.36	3658.50	3668.10	3678.10	3686.30	
3688.20	3723.46	3717.24	3720.74	3722.84	3727.74	3730.06	3725.56	3729.80	3735.42	3732.26	3732.20	3734.66	3730.26	3726.36	3735.72	
3738.30	3736.20	3736.66	3738.52	3732.16	3730.38	3725.18	3715.00	3724.94	3716.10	3730.72	3727.58	3732.62	3734.02	3728.42	3732.92	
3735.12	3740.00	3740.74	3732.76	3740.64	3739.30	3736.06	3744.58	3738.48	3750.02	3745.30	3742.36	3748.72	3744.10	3745.48	3749.86	
3749.66	3622.84	3696.36	3731.80	3730.94	3734.02	3739.84	3747.72	3743.96	3735.46	3742.38	3741.22	3744.20	3745.44	3740.90	3739.38	
3740.08	3728.12	3717.78	3714.22	3733.94	3731.80	3732.28	3728.78	3725.74	3707.88	3728.10	3721.42	3730.24	3731.44	3749.84	3698.08	

*******************************************2025/07/23;14:11:03
Probe number 123
Concentration entered by User 5.07% (Compensated: 5.47% at temperature 25.7)
1300.88	1318.50	1329.42	1342.18	1356.58	1368.42	1383.64	1398.58	1416.02	1433.22	1454.54	1475.66	1496.72	1521.58	1536.74	1553.34	
1568.82	1600.26	1630.08	1670.64	1694.54	1721.76	1749.90	1779.48	1820.76	1859.90	1905.14	1957.76	2013.88	2059.40	2132.00	2224.12	
2326.44	2472.34	2623.98	2814.22	3020.40	3218.72	3374.30	3488.26	3556.70	3595.22	3623.60	3645.14	3654.70	3664.90	3674.22	3682.96	
3685.56	3720.82	3714.70	3718.72	3720.26	3725.50	3728.34	3723.28	3727.72	3733.62	3730.30	3729.92	3732.52	3728.26	3724.24	3734.06	
3736.12	3734.16	3734.42	3736.20	3730.18	3728.18	3722.62	3712.86	3722.98	3713.68	3728.34	3725.50	3730.88	3732.06	3726.48	3731.32	
3733.14	3738.34	3738.98	3731.60	3738.80	3737.48	3734.40	3742.82	3736.88	3747.86	3743.62	3740.50	3747.00	3742.86	3743.86	3748.30	
3747.98	3620.16	3693.80	3729.96	3729.04	3732.22	3737.94	3745.98	3742.18	3733.66	3740.36	3739.38	3742.38	3743.70	3739.08	3737.88	
3738.66	3726.04	3715.84	3712.22	3732.34	3729.92	3730.54	3727.02	3724.00	3705.78	3725.74	3719.50	3728.62	3729.40	3748.30	3695.74	

*******************************************2025/07/23;14:11:33
Probe number 124
Concentration entered by User 5.05% (Compensated: 5.45% at temperature 25.6)
1300.52	1317.94	1329.12	1341.98	1356.48	1367.82	1382.20	1397.32	1415.88	1432.74	1453.16	1475.24	1497.76	1521.80	1537.42	1553.42	
1569.54	1600.62	1627.80	1666.86	1694.12	1722.16	1750.28	1783.10	1822.22	1862.34	1905.52	1956.04	2010.58	2062.16	2139.90	2235.66	
2337.78	2472.86	2622.08	2813.26	3015.18	3216.74	3383.94	3495.38	3559.86	3598.18	3626.76	3647.46	3656.68	3666.82	3676.04	3683.98	
3685.78	3721.38	3715.06	3719.00	3720.86	3725.98	3728.64	3723.98	3728.54	3733.92	3731.16	3730.72	3733.16	3728.36	3724.34	3734.28	
3736.74	3734.66	3734.80	3736.80	3730.24	3728.66	3723.58	3713.12	3723.16	3714.18	3728.94	3725.88	3731.16	3732.76	3726.76	3731.62	
3733.84	3738.66	3739.18	3731.92	3739.22	3737.42	3734.66	3743.02	3736.92	3748.60	3743.80	3740.68	3747.44	3743.18	3744.36	3748.40	
3748.26	3620.62	3694.44	3730.86	3729.46	3732.64	3738.28	3746.16	3742.26	3733.94	3741.00	3739.98	3742.52	3743.66	3739.40	3738.30	
3738.98	3726.30	3716.02	3712.80	3732.70	3730.44	3730.74	3727.08	3724.20	3706.32	3726.34	3719.80	3728.50	3729.94	3748.66	3696.48	

*******************************************2025/07/23;14:12:03
Probe number 125
Concentration entered by User 5.00% (Compensated: 5.40% at temperature 25.6)
1300.72	1318.26	1329.24	1342.06	1356.06	1367.56	1382.96	1397.72	1416.34	1433.26	1454.82	1475.58	1496.64	1521.66	1536.40	1552.52	
1569.96	1601.80	1629.44	1668.82	1696.52	1722.90	1749.32	1780.28	1821.06	1859.96	1902.06	1953.20	2012.84	2064.72	2138.26	2234.02	
2335.64	2468.88	2636.20	2835.70	3033.44	3225.52	3387.74	3496.96	3561.26	3600.44	3629.00	3650.32	3658.04	3668.00	3677.34	3685.28	
3686.86	3722.36	3715.74	3719.70	3722.06	3726.92	3729.18	3724.76	3728.76	3734.50	3731.52	3731.26	3733.30	3728.54	3724.62	3734.54	
3736.98	3734.96	3735.34	3737.06	3730.92	3728.68	3723.66	3713.24	3723.38	3714.62	3728.78	3725.98	3731.32	3732.58	3727.24	3731.56	
3734.16	3738.74	3739.62	3731.92	3739.30	3737.80	3734.84	3743.40	3737.26	3748.60	3744.12	3741.16	3747.58	3743.22	3744.24	3748.60	
3748.52	3620.70	3694.48	3730.72	3729.64	3732.70	3738.26	3746.34	3742.52	3733.88	3740.74	3739.80	3742.70	3743.76	3739.24	3737.74	
3739.04	3726.56	3716.08	3712.58	3732.62	3730.52	3730.66	3727.42	3724.42	3706.08	3726.18	3719.78	3728.62	3729.72	3748.76	3696.08	

*******************************************2025/07/23;14:12:33
Probe number 126
Concentration entered by User 5.14% (Compensated: 5.54% at temperature 25.6)
1300.38	1317.60	1329.18	1343.18	1357.06	1368.30	1383.56	1398.42	1416.88	1433.74	1453.92	1474.94	1496.68	1520.96	1536.44	1553.88	
1568.84	1599.86	1628.06	1666.58	1692.88	1717.60	1744.90	1779.22	1819.32	1857.42	1906.40	1960.76	2014.30	2061.00	2138.66	2240.92	
2345.56	2478.72	2623.82	2801.08	3001.22	3198.06	3368.98	3486.48	3555.46	3597.08	3626.38	3647.62	3656.24	3666.54	3676.50	3684.70	
3686.44	3721.58	3715.72	3719.32	3721.04	3725.92	3728.94	3724.06	3728.14	3733.86	3731.18	3730.76	3733.06	3728.28	3724.42	3734.18	
3737.08	3735.18	3734.84	3737.04	3730.80	3728.72	3724.00	3713.76	3723.64	3714.48	3729.36	3726.20	3731.64	3732.88	3727.18	3731.84	
3734.26	3739.08	3739.90	3732.18	3739.50	3738.30	3734.98	3743.48	3737.20	3748.94	3744.36	3741.46	3747.84	3743.54	3744.76	3748.74	
3748.78	3621.66	3694.86	3731.00	3729.90	3733.02	3738.80	3746.34	3742.80	3734.30	3741.16	3740.14	3743.08	3744.18	3739.88	3738.40	
3739.14	3726.86	3716.68	3712.84	3733.18	3730.68	3730.88	3727.46	3724.70	3706.44	3726.60	3720.30	3729.08	3730.14	3748.90	3696.72	

*******************************************2025/07/23;14:13:03
Probe number 127
Concentration entered by User 5.04% (Compensated: 5.44% at temperature 25.6)
1300.08	1316.98	1328.84	1342.58	1356.00	1367.44	1382.44	1397.60	1415.80	1432.64	1454.16	1475.82	1497.28	1521.26	1535.56	1551.96	
1568.74	1602.06	1627.74	1665.82	1692.18	1718.88	1746.72	1783.06	1823.26	1858.78	1905.90	1960.78	2014.32	2063.48	2136.04	2222.38	
2322.46	2463.02	2626.18	2819.26	3022.86	3221.00	3382.16	3489.22	3554.54	3593.68	3623.06	3644.58	3653.46	3664.78	3674.08	3681.78	
3683.84	3719.30	3713.30	3717.04	3718.92	3724.44	3726.76	3722.38	3726.34	3732.02	3729.22	3728.80	3731.16	3726.48	3722.72	3732.34	
3735.14	3733.10	3733.34	3734.98	3728.68	3727.18	3721.76	3711.26	3721.52	3712.26	3727.30	3723.92	3729.32	3731.00	3724.72	3729.76	
3731.88	3737.14	3737.60	3729.92	3737.46	3735.94	3732.78	3741.54	3735.06	3746.60	3742.18	3739.06	3745.88	3741.52	3742.46	3746.66	
3746.48	3618.04	3692.04	3728.74	3727.48	3730.64	3736.68	3744.56	3740.70	3732.00	3738.92	3738.12	3741.08	3742.08	3737.70	3736.24	
3736.86	3724.50	3714.36	3710.64	3730.92	3728.22	3728.74	3725.62	3722.40	3703.88	3724.00	3717.62	3726.68	3727.98	3746.70	3694.36	

*******************************************2025/07/23;14:13:33
Probe number 128
Concentration entered by User 5.01% (Compensated: 5.40% at temperature 25.6)
1299.52	1316.74	1328.12	1341.24	1355.38	1367.80	1382.88	1396.86	1414.86	1430.84	1452.90	1474.36	1495.34	1520.16	1537.02	1552.12	
1568.42	1599.24	1626.06	1664.88	1693.74	1721.18	1748.72	1781.54	1822.66	1857.54	1898.80	1952.82	2011.32	2064.64	2141.36	2232.90	
2335.62	2473.36	2629.02	2818.26	3023.94	3226.76	3389.72	3498.06	3562.46	3600.36	3628.06	3649.66	3658.22	3668.32	3677.68	3685.80	
3687.24	3722.38	3716.28	3719.66	3721.60	3726.58	3729.04	3724.42	3728.94	3734.28	3731.36	3731.24	3733.36	3728.76	3724.84	3735.14	
3737.18	3735.26	3735.38	3737.24	3731.28	3729.26	3724.20	3713.70	3723.96	3714.68	3729.30	3726.60	3732.00	3733.04	3727.66	3731.92	
3734.38	3739.10	3739.68	3732.44	3739.58	3738.36	3735.12	3743.56	3737.62	3748.86	3744.26	3741.48	3747.96	3743.68	3744.66	3748.80	
3748.92	3621.44	3695.04	3731.08	3730.20	3732.80	3738.74	3746.90	3743.02	3734.42	3741.14	3740.26	3742.94	3744.00	3739.72	3738.20	
3739.40	3727.18	3716.64	3713.42	3733.18	3730.62	3731.10	3727.96	3724.62	3706.52	3726.30	3720.02	3729.32	3730.20	3749.04	3696.86	

*******************************************2025/07/23;14:14:03
Probe number 129
Concentration entered by User 5.08% (Compensated: 5.48% at temperature 25.6)
1301.08	1318.18	1329.16	1342.32	1357.24	1369.24	1384.02	1398.74	1416.66	1433.10	1454.40	1476.02	1496.68	1520.00	1536.94	1552.28	
1568.94	1602.76	1629.88	1668.96	1696.00	1723.18	1750.40	1782.44	1824.88	1862.78	1906.40	1956.34	2007.78	2063.44	2144.04	2237.00	
2339.36	2477.58	2627.22	2816.22	3016.66	3209.46	3377.60	3493.56	3560.52	3600.52	3628.22	3650.70	3658.80	3668.56	3678.30	3685.76	
3687.02	3722.28	3716.30	3720.06	3722.26	3726.84	3729.26	3724.58	3728.72	3734.18	3731.38	3731.30	3733.36	3728.72	3724.62	3734.80	
3737.26	3735.02	3735.42	3737.10	3730.88	3729.38	3724.20	3713.84	3724.02	3714.90	3729.66	3726.52	3732.04	3733.26	3727.54	3732.12	
3734.62	3739.34	3740.02	3732.34	3739.86	3738.72	3735.28	3743.60	3737.28	3748.94	3744.54	3741.52	3748.00	3743.60	3744.84	3749.30	
3748.78	3621.38	3695.38	3731.32	3730.04	3733.08	3738.92	3746.94	3743.02	3734.46	3741.22	3740.38	3743.06	3744.36	3740.08	3738.76	
3739.36	3727.06	3716.74	3713.32	3733.12	3730.62	3730.84	3727.84	3724.98	3707.16	3726.76	3720.58	3729.56	3730.28	3749.18	3697.04	

*******************************************2025/07/23;14:14:33
Probe number 130
Concentration entered by User 5.10% (Compensated: 5.50% at temperature 25.6)
1301.46	1319.06	1330.00	1342.72	1356.32	1368.20	1383.56	1398.88	1416.72	1433.52	1453.96	1476.30	1498.64	1521.88	1537.38	1553.66	
1570.34	1601.98	1629.04	1667.82	1694.04	1722.98	1746.94	1780.60	1825.08	1865.28	1907.58	1956.22	2012.92	2068.42	2145.96	2239.28	
2340.52	2465.14	2616.80	2810.24	3014.18	3206.22	3371.28	3489.48	3555.96	3596.36	3624.64	3647.40	3656.00	3666.74	3676.40	3685.34	
3686.58	3721.22	3715.80	3719.08	3721.76	3726.46	3729.24	3724.28	3728.44	3734.20	3731.58	3731.46	3733.76	3728.92	3724.56	3735.00	
3737.14	3735.48	3735.40	3737.12	3730.72	3729.24	3724.38	3714.00	3723.76	3714.98	3729.28	3726.12	3731.64	3733.32	3727.54	3731.94	
3734.68	3739.12	3740.08	3732.50	3739.94	3738.32	3735.06	3743.76	3737.62	3749.12	3744.42	3741.82	3748.40	3744.04	3745.12	3749.08	
3748.92	3621.62	3695.52	3731.20	3730.28	3733.00	3738.72	3746.92	3742.76	3734.48	3741.42	3740.20	3743.10	3744.38	3739.98	3738.66	
3739.42	3727.12	3716.90	3713.42	3733.26	3730.94	3731.28	3728.12	3725.04	3706.72	3726.98	3720.18	3729.28	3730.44	3749.24	3697.06	

*******************************************2025/07/23;14:15:03
Probe number 131
Concentration entered by User 5.05% (Compensated: 5.45% at temperature 25.7)
1300.54	1317.72	1328.76	1341.54	1356.00	1368.02	1382.86	1397.28	1415.94	1433.86	1454.04	1475.12	1496.40	1520.10	1535.12	1553.16	
1568.98	1599.36	1629.44	1668.32	1698.10	1722.72	1749.12	1784.34	1822.02	1859.04	1903.18	1952.60	2010.98	2060.82	2127.86	2220.90	
2330.88	2472.02	2620.04	2811.32	3022.72	3220.68	3381.36	3492.00	3555.70	3594.78	3623.52	3645.00	3653.64	3664.86	3674.36	3682.82	
3683.62	3719.46	3713.32	3717.22	3719.30	3724.30	3727.18	3722.20	3726.18	3731.80	3729.38	3728.78	3731.26	3726.68	3722.30	3732.44	
3734.74	3732.82	3732.94	3734.86	3728.40	3726.82	3721.86	3711.36	3721.34	3712.42	3727.14	3723.64	3729.46	3730.54	3725.26	3729.66	
3732.20	3736.92	3737.88	3730.18	3737.88	3736.16	3733.28	3741.58	3735.34	3747.36	3742.34	3739.10	3746.00	3741.60	3742.76	3746.74	
3746.56	3618.12	3692.00	3728.76	3727.82	3730.84	3736.62	3744.68	3740.70	3731.80	3739.06	3738.04	3740.64	3742.26	3737.78	3736.24	
3737.26	3724.48	3714.08	3710.70	3730.74	3728.22	3728.82	3725.16	3722.32	3703.72	3724.10	3717.56	3726.88	3728.08	3746.72	3694.18	

*******************************************2025/07/23;14:15:33
Probe number 132
Concentration entered by User 5.13% (Compensated: 5.54% at temperature 25.7)
1299.20	1316.56	1327.60	1340.92	1355.54	1367.60	1382.86	1398.04	1416.78	1433.42	1453.86	1474.14	1495.76	1519.72	1534.44	1550.48	
1566.88	1599.52	1627.96	1665.82	1693.38	1721.54	1747.00	1777.70	1816.00	1852.08	1894.48	1948.72	2007.82	2063.44	2144.74	2235.42	
2336.34	2472.76	2620.82	2805.46	3003.08	3200.32	3367.86	3486.06	3553.64	3593.84	3622.86	3644.60	3653.68	3664.58	3674.08	3681.96	
3682.94	3718.78	3713.32	3717.24	3719.52	3724.26	3726.70	3721.94	3726.14	3731.78	3729.02	3728.66	3731.08	3726.16	3722.26	3732.02	
3734.84	3732.98	3733.08	3734.72	3728.48	3726.52	3721.30	3711.06	3721.18	3711.72	3726.80	3724.10	3729.30	3730.56	3724.62	3729.42	
3731.88	3737.00	3737.68	3730.18	3737.56	3735.76	3732.68	3741.42	3735.12	3746.70	3742.10	3739.14	3746.04	3741.50	3742.76	3746.62	
3746.52	3617.60	3692.50	3728.86	3727.42	3730.02	3736.38	3744.56	3740.44	3731.80	3738.76	3737.60	3740.82	3741.74	3737.54	3735.94	
3736.70	3724.20	3713.84	3710.80	3730.48	3727.92	3728.36	3725.02	3722.36	3703.86	3724.36	3717.42	3726.82	3727.98	3746.92	3694.08	

*******************************************2025/07/23;14:16:03
Probe number 133
Concentration entered by User 5.14% (Compensated: 5.54% at temperature 25.7)
1300.90	1318.10	1329.30	1342.12	1357.44	1369.32	1384.40	1398.82	1416.74	1433.54	1454.92	1476.02	1497.00	1522.46	1537.72	1552.50	
1568.36	1599.64	1627.10	1668.28	1694.28	1721.64	1748.64	1780.44	1819.14	1858.30	1902.16	1952.22	2011.52	2070.54	2147.60	2235.62	
2332.08	2465.26	2621.42	2800.86	3000.68	3198.26	3367.60	3486.06	3555.94	3597.56	3627.50	3648.72	3656.20	3666.90	3676.62	3684.96	
3686.66	3722.26	3716.12	3719.68	3722.00	3726.50	3729.14	3724.60	3728.32	3734.44	3731.48	3731.48	3733.44	3728.62	3724.70	3735.30	
3737.04	3735.32	3735.60	3737.70	3731.10	3729.26	3724.36	3714.04	3724.00	3715.00	3729.78	3726.60	3731.98	3733.26	3727.34	3732.26	
3734.74	3739.40	3740.28	3733.02	3740.06	3738.70	3735.46	3743.96	3738.12	3749.20	3744.88	3741.60	3748.48	3744.32	3745.18	3748.90	
3748.82	3621.50	3695.72	3731.76	3730.38	3733.18	3739.38	3747.10	3743.12	3734.74	3741.44	3740.74	3743.38	3744.34	3740.18	3738.66	
3739.78	3727.38	3716.88	3713.90	3733.46	3730.92	3731.50	3728.10	3725.44	3707.14	3726.98	3720.62	3729.64	3730.74	3749.16	3697.36	

*******************************************2025/07/23;14:16:33
Probe number 134
Concentration entered by User 5.12% (Compensated: 5.52% at temperature 25.6)
1300.48	1318.12	1329.26	1342.14	1356.34	1368.50	1383.04	1398.24	1416.10	1433.52	1454.80	1476.12	1497.34	1523.30	1538.40	1554.12	
1568.88	1601.16	1629.84	1668.14	1694.54	1721.98	1748.20	1781.10	1822.14	1862.16	1905.26	1954.58	2010.96	2061.46	2136.04	2231.54	
2337.24	2482.60	2630.60	2807.84	3010.98	3203.56	3370.36	3487.72	3554.94	3596.22	3626.02	3647.54	3655.72	3666.72	3676.40	3684.50	
3686.02	3721.82	3715.64	3719.34	3721.64	3726.60	3729.38	3724.78	3728.48	3734.36	3731.58	3731.32	3733.74	3728.52	3724.72	3734.56	
3736.90	3735.36	3735.62	3737.44	3731.38	3729.44	3724.68	3713.98	3724.02	3715.14	3730.08	3726.92	3732.00	3733.44	3727.94	3732.42	
3734.78	3739.40	3740.26	3733.46	3740.24	3738.64	3735.38	3744.04	3738.02	3749.30	3744.74	3741.88	3748.60	3744.24	3745.66	3749.08	
3748.94	3621.90	3695.76	3731.66	3730.42	3733.32	3738.98	3747.12	3743.26	3734.84	3741.52	3740.44	3743.40	3744.42	3740.04	3738.76	
3740.00	3727.32	3717.38	3713.74	3733.36	3731.12	3731.34	3728.26	3725.42	3707.14	3727.08	3720.62	3729.60	3730.62	3749.44	3697.52	

*******************************************2025/07/23;14:17:03
Probe number 135
Concentration entered by User 5.10% (Compensated: 5.50% at temperature 25.6)
1302.58	1319.60	1330.46	1343.48	1357.64	1369.20	1384.34	1397.92	1416.80	1433.44	1455.62	1478.00	1500.58	1523.30	1537.18	1551.94	
1567.80	1600.96	1631.46	1674.26	1700.70	1724.16	1750.50	1782.68	1825.76	1865.16	1911.46	1954.02	2006.54	2060.98	2147.84	2240.28	
2329.92	2465.18	2618.90	2800.80	3001.66	3207.96	3375.94	3489.86	3558.28	3597.68	3626.84	3647.78	3655.56	3666.58	3675.84	3684.28	
3686.58	3721.96	3716.34	3720.10	3722.08	3727.00	3729.68	3724.48	3729.08	3734.74	3732.14	3731.92	3734.58	3729.76	3725.62	3735.64	
3737.94	3736.24	3736.36	3738.08	3731.58	3730.00	3725.18	3714.98	3724.78	3715.56	3730.54	3727.16	3732.86	3733.92	3728.58	3732.94	
3735.34	3740.34	3741.16	3733.46	3740.82	3739.22	3736.12	3744.60	3738.58	3750.08	3745.52	3742.86	3749.02	3745.04	3746.04	3749.64	
3749.52	3622.84	3696.44	3732.22	3731.26	3733.88	3739.92	3747.74	3743.54	3735.52	3742.34	3741.32	3743.96	3745.14	3740.72	3739.52	
3740.14	3728.00	3717.78	3714.56	3734.18	3731.42	3731.86	3728.88	3726.08	3707.98	3727.78	3721.40	3730.26	3731.22	3750.22	3697.90	

*******************************************2025/07/23;14:17:33
Probe number 136
Concentration entered by User 5.13% (Compensated: 5.53% at temperature 25.6)
1300.60	1317.70	1328.94	1341.48	1356.12	1368.58	1383.50	1398.64	1416.98	1433.86	1454.74	1475.30	1495.32	1519.12	1536.66	1553.64	
1568.88	1600.92	1629.20	1668.68	1693.40	1719.80	1747.68	1780.22	1816.00	1855.06	1899.30	1947.88	2003.72	2059.94	2142.16	2243.32	
2345.02	2474.32	2619.86	2794.32	2994.44	3202.12	3372.76	3486.82	3554.40	3595.30	3624.98	3646.06	3654.68	3665.62	3675.00	3683.28	
3684.88	3720.68	3714.74	3718.60	3720.58	3725.68	3727.76	3723.32	3727.26	3733.06	3730.30	3730.20	3731.92	3727.34	3723.12	3733.54	
3735.80	3734.08	3734.36	3736.12	3730.10	3728.32	3722.94	3712.60	3722.74	3713.68	3728.52	3725.82	3730.56	3732.06	3726.34	3730.88	
3733.28	3738.10	3739.04	3731.86	3738.86	3737.64	3734.30	3742.72	3736.54	3748.28	3743.76	3740.42	3747.58	3743.32	3744.10	3748.00	
3747.60	3620.42	3694.16	3730.40	3729.28	3732.04	3738.00	3745.76	3741.74	3733.38	3740.42	3739.30	3742.32	3743.00	3738.98	3737.86	
3738.38	3725.90	3715.40	3712.24	3732.04	3729.54	3730.20	3726.84	3723.94	3705.14	3725.36	3719.12	3728.34	3729.16	3748.16	3695.78	

*******************************************2025/07/23;14:18:03
Probe number 137
Concentration entered by User 5.08% (Compensated: 5.47% at temperature 25.5)
1301.64	1319.44	1330.86	1343.48	1357.60	1369.04	1383.80	1399.22	1417.76	1435.46	1455.68	1478.10	1497.32	1521.18	1536.50	1552.50	
1568.68	1602.10	1628.40	1670.40	1698.80	1722.82	1750.06	1779.22	1822.58	1862.70	1901.66	1957.96	2015.90	2067.06	2144.90	2231.86	
2332.78	2464.26	2617.40	2805.28	3014.26	3212.02	3375.94	3488.86	3558.68	3598.56	3626.72	3649.08	3658.40	3669.46	3678.60	3686.38	
3688.10	3722.98	3716.72	3720.54	3722.92	3727.80	3730.24	3725.46	3729.76	3735.36	3732.62	3732.34	3734.60	3729.92	3726.32	3736.28	
3738.52	3736.90	3737.18	3738.48	3732.58	3730.54	3725.90	3715.08	3725.56	3716.50	3731.20	3728.08	3733.36	3734.74	3728.88	3733.56	
3736.02	3740.66	3741.52	3734.12	3741.40	3740.10	3736.92	3745.40	3739.30	3750.64	3745.96	3742.96	3749.92	3745.68	3746.42	3750.20	
3750.00	3623.86	3697.14	3732.80	3731.96	3734.52	3740.18	3748.24	3744.24	3735.96	3742.56	3741.66	3744.48	3745.64	3741.46	3739.98	
3741.00	3728.68	3718.52	3715.28	3734.78	3732.10	3732.56	3729.26	3726.84	3708.46	3728.10	3721.78	3731.14	3731.86	3750.50	3698.70	

*******************************************2025/07/23;14:18:33
Probe number 138
Concentration entered by User 5.07% (Compensated: 5.46% at temperature 25.4)
1300.06	1317.44	1328.44	1341.46	1355.26	1367.48	1382.78	1397.48	1415.00	1432.54	1454.34	1475.06	1496.00	1520.82	1536.70	1552.22	
1568.84	1601.22	1629.32	1668.74	1697.12	1723.62	1748.22	1779.40	1818.78	1861.36	1904.78	1954.16	2005.52	2059.36	2134.06	2226.62	
2330.66	2469.84	2626.30	2816.50	3021.84	3213.80	3376.18	3488.26	3555.76	3594.98	3624.30	3645.60	3654.44	3664.66	3674.20	3682.52	
3683.74	3719.78	3713.96	3717.34	3719.42	3724.06	3726.60	3721.58	3725.62	3731.52	3728.86	3728.98	3731.00	3726.18	3721.66	3731.66	
3734.36	3732.78	3733.20	3734.52	3728.04	3726.14	3721.24	3710.56	3720.72	3711.66	3726.42	3723.64	3729.12	3730.70	3724.92	3729.36	
3731.92	3736.86	3737.86	3730.06	3737.72	3736.02	3732.70	3741.54	3735.08	3746.76	3742.28	3738.94	3746.20	3741.44	3742.92	3746.54	
3746.18	3617.44	3692.18	3728.80	3727.62	3730.28	3736.36	3744.46	3740.52	3731.82	3738.58	3737.74	3740.56	3741.64	3737.06	3736.08	
3736.94	3724.44	3713.90	3710.88	3730.52	3728.04	3728.50	3725.38	3722.58	3703.72	3723.76	3717.08	3726.56	3727.68	3746.82	3693.96	

*******************************************2025/07/23;14:19:03
Probe number 139
Concentration entered by User 5.08% (Compensated: 5.47% at temperature 25.4)
1300.66	1317.66	1328.24	1340.94	1355.18	1367.76	1382.96	1397.22	1415.78	1433.38	1453.66	1474.70	1495.74	1519.74	1535.82	1550.80	
1566.32	1597.60	1624.44	1664.38	1694.16	1723.20	1746.14	1776.88	1819.04	1860.56	1899.52	1949.18	2006.68	2058.12	2139.04	2233.98	
2327.66	2458.78	2617.86	2814.22	3018.32	3212.96	3374.54	3487.26	3555.24	3594.22	3623.56	3644.96	3653.76	3664.42	3674.06	3682.46	
3683.58	3719.90	3713.92	3717.40	3719.56	3724.26	3727.08	3721.98	3726.28	3731.86	3729.52	3729.26	3731.78	3726.70	3722.42	3732.46	
3735.06	3733.42	3733.44	3735.06	3728.84	3726.74	3721.60	3711.40	3721.56	3712.56	3727.34	3724.28	3729.72	3731.00	3725.16	3729.86	
3732.50	3737.24	3737.94	3730.44	3737.94	3736.54	3733.54	3741.86	3735.70	3747.42	3742.54	3739.48	3746.68	3742.24	3743.00	3747.28	
3746.30	3618.78	3692.68	3729.46	3728.54	3730.96	3736.46	3744.80	3740.82	3732.34	3739.32	3738.04	3740.98	3742.32	3738.12	3736.52	
3737.24	3724.84	3714.50	3711.16	3731.16	3728.40	3729.14	3725.76	3723.02	3704.36	3724.30	3717.52	3727.14	3727.90	3747.42	3693.94	

*******************************************2025/07/23;14:19:33
Probe number 140
Concentration entered by User 5.09% (Compensated: 5.47% at temperature 25.4)
1300.24	1317.34	1328.84	1340.76	1354.90	1367.02	1381.84	1396.94	1415.16	1432.48	1452.96	1473.30	1495.14	1519.62	1535.42	1551.98	
1567.88	1597.82	1625.78	1664.42	1691.50	1719.74	1746.70	1778.92	1818.76	1858.48	1901.82	1951.80	2006.26	2058.50	2134.58	2232.54	
2338.82	2476.42	2631.54	2813.88	3003.56	3207.30	3379.14	3493.68	3557.50	3596.44	3625.66	3647.42	3655.66	3666.44	3675.50	3683.60	
3685.28	3720.84	3715.18	3718.54	3720.56	3725.80	3727.92	3722.82	3726.98	3732.76	3730.34	3730.42	3732.28	3727.06	3723.48	3733.24	
3735.86	3734.02	3734.34	3735.90	3729.64	3727.64	3722.80	3711.96	3722.50	3713.02	3728.04	3724.88	3730.28	3731.84	3725.62	3730.76	
3733.10	3737.78	3738.54	3731.20	3738.68	3737.04	3734.00	3742.48	3736.10	3747.74	3743.18	3740.26	3747.18	3742.38	3743.92	3747.52	
3747.28	3619.00	3693.54	3729.88	3728.70	3731.38	3737.56	3745.44	3741.38	3732.74	3740.08	3738.88	3741.32	3742.86	3738.38	3737.16	
3738.14	3725.58	3715.22	3711.58	3731.68	3729.14	3729.50	3726.38	3723.78	3704.70	3724.98	3718.52	3727.86	3728.62	3747.66	3694.96	

*******************************************2025/07/23;14:20:02
Probe number 141
Concentration entered by User 5.08% (Compensated: 5.47% at temperature 25.5)
1301.12	1319.14	1329.32	1341.42	1356.26	1368.12	1383.00	1397.68	1416.20	1432.92	1454.28	1475.06	1496.48	1520.04	1535.70	1551.88	
1566.74	1598.00	1628.16	1668.38	1692.92	1720.68	1751.26	1784.10	1821.20	1859.20	1903.38	1958.58	2011.18	2059.98	2135.32	2225.12	
2323.30	2455.28	2617.04	2807.62	3007.48	3209.32	3377.34	3492.52	3558.44	3594.80	3623.54	3644.44	3652.68	3664.10	3673.00	3681.24	
3682.76	3718.42	3712.38	3716.40	3718.24	3723.48	3725.94	3721.10	3725.26	3731.26	3728.30	3728.26	3730.52	3725.12	3721.24	3731.02	
3734.20	3732.24	3732.46	3733.88	3728.04	3725.60	3720.98	3710.28	3720.60	3711.36	3726.02	3723.08	3728.54	3730.04	3724.12	3728.90	
3731.20	3736.34	3737.10	3729.80	3736.98	3735.86	3732.28	3740.44	3734.54	3746.20	3741.58	3738.86	3745.88	3741.52	3742.18	3746.00	
3745.76	3616.86	3691.60	3728.30	3727.04	3729.94	3735.56	3744.26	3739.74	3731.34	3738.22	3737.10	3740.16	3741.10	3736.84	3735.38	
3736.52	3723.68	3713.52	3710.14	3729.80	3727.40	3727.98	3724.60	3722.18	3702.74	3723.20	3716.92	3726.18	3727.10	3746.22	3692.74	

*******************************************2025/07/23;14:20:32
Probe number 142
Concentration entered by User 5.10% (Compensated: 5.48% at temperature 25.4)
1301.00	1318.06	1329.24	1341.68	1355.58	1367.90	1383.52	1397.86	1415.26	1431.96	1453.64	1474.40	1495.30	1520.38	1535.42	1550.70	
1566.20	1598.80	1628.60	1667.54	1694.82	1721.78	1748.04	1779.32	1818.08	1856.54	1902.92	1954.40	2008.76	2056.28	2127.78	2219.86	
2321.72	2463.26	2624.56	2816.64	3011.40	3205.38	3374.34	3488.22	3556.04	3596.16	3625.42	3646.06	3654.08	3663.94	3673.52	3681.36	
3683.12	3718.98	3713.54	3717.36	3719.58	3724.56	3726.62	3721.84	3725.96	3731.58	3729.08	3729.10	3731.10	3726.40	3722.56	3731.82	
3734.54	3733.08	3733.44	3734.76	3728.48	3726.22	3721.60	3710.88	3721.58	3712.12	3727.10	3723.76	3729.08	3730.60	3724.56	3729.42	
3732.26	3736.84	3737.94	3730.24	3737.86	3736.12	3733.14	3741.52	3735.12	3746.54	3742.32	3739.38	3746.32	3741.76	3742.84	3746.62	
3746.18	3617.38	3692.68	3729.18	3727.92	3730.58	3736.52	3744.40	3740.60	3731.76	3738.84	3738.04	3740.66	3741.50	3737.18	3736.32	
3736.80	3724.26	3714.36	3710.64	3730.60	3728.24	3728.68	3725.40	3722.54	3703.28	3723.88	3717.20	3726.64	3727.68	3746.82	3693.80	

*******************************************2025/07/23;14:21:02
Probe number 143
Concentration entered by User 5.06% (Compensated: 5.44% at temperature 25.3)
1299.44	1316.52	1328.20	1341.26	1356.04	1367.22	1382.42	1396.58	1414.46	1431.14	1452.74	1473.76	1494.46	1518.06	1534.30	1550.22	
1564.78	1597.20	1625.12	1666.12	1692.82	1718.84	1745.68	1778.68	1822.02	1858.66	1899.50	1948.92	2005.02	2056.34	2131.70	2227.78	
2334.94	2475.94	2634.00	2818.68	3015.32	3215.74	3381.56	3494.32	3560.56	3597.90	3625.60	3646.50	3654.70	3664.66	3674.16	3682.00	
3684.00	3719.52	3713.68	3717.60	3719.68	3724.34	3726.94	3721.68	3725.84	3732.00	3729.02	3728.94	3731.18	3726.16	3722.16	3731.98	
3734.56	3732.98	3733.14	3734.40	3728.30	3726.28	3721.48	3710.96	3721.36	3712.22	3726.82	3723.62	3728.92	3730.52	3725.00	3729.38	
3731.82	3736.70	3737.74	3730.28	3737.78	3735.96	3732.86	3741.10	3735.22	3746.92	3742.12	3739.24	3746.38	3742.14	3742.80	3746.50	
3746.10	3617.74	3692.46	3728.86	3727.86	3730.30	3736.42	3744.34	3740.88	3731.76	3738.54	3737.66	3740.54	3741.64	3737.30	3736.12	
3736.78	3724.36	3714.30	3710.50	3730.56	3727.78	3728.46	3725.14	3722.28	3703.40	3723.90	3717.12	3726.80	3727.50	3746.76	3693.94	

*******************************************2025/07/23;14:21:32
Probe number 144
Concentration entered by User 5.10% (Compensated: 5.47% at temperature 25.3)
1301.32	1318.88	1330.08	1342.66	1356.20	1367.72	1383.76	1398.86	1416.26	1432.88	1454.52	1475.52	1495.68	1521.00	1537.30	1551.26	
1566.54	1596.86	1625.68	1665.86	1693.74	1722.08	1747.46	1778.02	1819.18	1857.60	1901.52	1950.44	2004.58	2058.38	2133.98	2221.22	
2321.94	2463.36	2622.34	2806.72	3002.28	3205.56	3377.74	3493.42	3557.88	3596.12	3623.86	3645.52	3654.36	3664.80	3674.30	3682.30	
3683.86	3719.30	3713.46	3717.68	3719.48	3724.44	3726.78	3721.70	3726.04	3731.96	3729.60	3729.62	3731.58	3726.78	3722.34	3732.56	
3734.86	3733.46	3733.40	3735.28	3728.86	3726.70	3721.82	3711.20	3721.62	3712.62	3727.46	3724.42	3729.64	3731.20	3725.08	3729.58	
3732.70	3737.08	3737.98	3730.64	3738.04	3736.40	3733.36	3741.96	3735.48	3746.96	3742.66	3739.40	3746.92	3742.42	3743.40	3747.14	
3746.56	3618.40	3692.50	3729.46	3728.40	3730.92	3736.96	3744.98	3740.92	3732.02	3739.22	3738.42	3741.10	3742.22	3737.78	3736.62	
3737.32	3724.86	3714.68	3711.10	3731.28	3728.46	3729.24	3725.86	3723.10	3704.22	3724.34	3717.52	3727.22	3727.98	3747.44	3694.22	

*******************************************2025/07/23;14:22:03
Probe number 145
Concentration entered by User 5.14% (Compensated: 5.51% at temperature 25.3)
1301.16	1318.38	1329.38	1342.78	1358.06	1369.06	1383.58	1397.34	1415.24	1433.06	1453.70	1474.36	1497.20	1521.08	1536.00	1551.34	
1566.26	1599.78	1628.92	1669.88	1697.02	1719.50	1746.86	1780.04	1818.70	1858.58	1906.04	1958.58	2011.28	2061.38	2137.10	2232.00	
2335.58	2471.26	2614.98	2796.72	2996.88	3198.92	3371.02	3485.80	3553.90	3593.30	3622.82	3644.58	3653.70	3664.22	3674.06	3682.14	
3684.12	3719.94	3714.38	3717.82	3720.22	3724.86	3727.24	3722.18	3726.28	3732.42	3729.94	3729.62	3731.60	3726.56	3722.46	3732.64	
3735.20	3733.50	3733.62	3735.18	3729.02	3726.74	3722.14	3711.46	3721.56	3712.38	3727.40	3724.26	3729.26	3731.02	3725.02	3729.58	
3732.60	3737.36	3738.24	3730.64	3738.58	3736.42	3733.48	3741.68	3735.82	3747.22	3742.76	3739.68	3746.76	3742.48	3743.38	3746.88	
3746.90	3618.22	3692.84	3729.48	3728.02	3730.92	3737.02	3744.98	3740.76	3732.10	3739.40	3738.18	3740.98	3742.20	3737.68	3736.54	
3737.26	3724.50	3714.84	3711.26	3731.06	3728.40	3728.84	3725.62	3723.32	3704.12	3724.62	3717.66	3727.44	3728.26	3747.20	3694.12	

*******************************************2025/07/23;14:22:33
Probe number 146
Concentration entered by User 5.17% (Compensated: 5.55% at temperature 25.3)
1301.16	1318.84	1330.56	1342.32	1356.60	1368.80	1383.74	1398.92	1417.18	1433.62	1454.38	1474.50	1496.50	1521.90	1537.82	1553.56	
1570.14	1601.08	1629.18	1668.16	1694.68	1723.00	1750.86	1783.90	1821.58	1859.66	1904.96	1961.10	2014.22	2062.86	2132.48	2221.02	
2325.40	2468.90	2623.60	2805.54	2996.58	3189.90	3362.80	3482.38	3551.68	3592.62	3621.88	3644.16	3652.70	3663.06	3672.70	3681.12	
3683.20	3719.18	3713.58	3717.42	3719.60	3724.86	3726.78	3721.84	3726.34	3732.08	3729.32	3729.38	3731.60	3726.66	3722.86	3732.32	
3735.38	3733.60	3733.80	3734.96	3728.94	3726.66	3722.24	3711.28	3721.88	3712.70	3727.56	3724.46	3729.50	3731.12	3725.08	3729.94	
3732.60	3737.48	3738.46	3731.02	3738.34	3736.86	3733.84	3741.98	3735.94	3747.30	3742.94	3739.74	3746.94	3742.56	3743.68	3747.22	
3746.54	3618.64	3693.66	3729.74	3728.88	3731.46	3737.16	3745.02	3741.26	3732.46	3739.56	3738.20	3741.22	3742.10	3738.32	3736.88	
3737.74	3725.28	3714.92	3711.58	3731.48	3728.84	3729.50	3726.42	3723.30	3704.42	3724.38	3718.44	3727.62	3728.46	3747.26	3694.38	

*******************************************2025/07/23;14:23:02
Probe number 147
Concentration entered by User 5.21% (Compensated: 5.60% at temperature 25.4)
1301.14	1318.48	1329.28	1341.98	1356.90	1369.36	1383.78	1398.52	1416.88	1434.42	1454.04	1475.68	1497.54	1522.92	1538.04	1552.62	
1568.32	1600.80	1628.50	1669.24	1696.88	1722.88	1749.24	1782.10	1821.16	1858.08	1902.88	1952.86	2008.14	2062.96	2141.10	2235.52	
2326.98	2455.50	2608.82	2795.04	2989.30	3180.86	3355.42	3478.46	3547.36	3589.02	3619.90	3641.22	3651.06	3662.12	3672.18	3680.54	
3682.02	3718.50	3713.22	3716.82	3718.96	3723.74	3726.68	3721.84	3725.92	3731.94	3729.16	3729.56	3731.18	3726.34	3722.22	3732.40	
3735.08	3733.30	3733.64	3735.06	3728.82	3726.82	3721.92	3711.44	3721.56	3712.84	3727.44	3724.32	3729.32	3730.98	3725.20	3730.12	
3732.48	3737.24	3738.64	3730.90	3738.08	3736.60	3733.54	3741.88	3735.50	3747.44	3742.64	3740.18	3746.72	3742.72	3743.52	3747.16	
3746.70	3618.38	3693.02	3729.86	3728.36	3731.12	3737.04	3744.84	3740.84	3732.54	3739.50	3738.24	3741.18	3742.18	3737.84	3736.52	
3737.42	3725.12	3714.56	3711.66	3731.30	3728.68	3728.98	3726.00	3723.40	3704.14	3724.32	3717.96	3727.18	3728.20	3747.38	3694.00	

*******************************************2025/07/23;14:23:33
Probe number 148
Concentration entered by User 5.14% (Compensated: 5.53% at temperature 25.4)
1301.14	1319.38	1330.54	1342.96	1357.16	1368.56	1383.32	1397.36	1415.02	1433.26	1455.56	1477.50	1499.82	1522.52	1537.62	1554.72	
1571.98	1602.32	1627.98	1668.44	1695.98	1725.44	1752.36	1784.22	1823.68	1861.84	1901.68	1947.88	2000.16	2055.42	2138.52	2243.60	
2342.00	2470.62	2627.34	2811.14	3006.04	3198.92	3364.52	3483.86	3553.80	3595.20	3625.10	3647.82	3656.62	3666.48	3676.12	3683.92	
3685.12	3720.58	3715.60	3719.12	3721.24	3726.34	3728.48	3723.74	3727.66	3733.80	3731.02	3731.08	3733.08	3728.16	3723.98	3733.96	
3736.70	3734.90	3735.00	3736.82	3730.66	3728.76	3724.16	3713.56	3723.80	3714.70	3729.50	3726.50	3731.32	3732.66	3726.80	3731.70	
3734.36	3738.98	3739.98	3732.82	3740.04	3738.56	3735.54	3743.48	3737.18	3748.92	3744.48	3742.04	3748.70	3744.14	3745.18	3748.70	
3748.22	3621.04	3695.10	3731.64	3730.50	3732.64	3738.54	3746.62	3742.50	3734.10	3741.08	3740.24	3742.90	3744.00	3739.72	3738.36	
3739.64	3726.70	3717.06	3713.40	3733.30	3730.58	3731.04	3727.72	3725.08	3706.32	3726.38	3720.14	3729.02	3730.02	3749.02	3696.80	

*******************************************2025/07/23;14:24:03
Probe number 149
Concentration entered by User 5.23% (Compensated: 5.61% at temperature 25.4)
1300.06	1317.54	1328.60	1342.12	1356.58	1368.32	1384.14	1398.26	1415.44	1433.10	1454.46	1476.58	1498.72	1522.80	1536.94	1552.02	
1569.44	1599.20	1626.50	1665.58	1692.94	1722.40	1750.84	1781.40	1819.24	1858.80	1904.10	1955.98	2013.02	2060.72	2130.46	2217.66	
2323.64	2462.90	2611.92	2796.04	2992.66	3184.98	3351.10	3470.68	3544.34	3588.10	3619.94	3642.32	3652.18	3663.36	3673.22	3680.84	
3682.24	3718.64	3712.88	3717.34	3719.04	3724.30	3726.42	3721.20	3725.74	3731.38	3729.06	3729.16	3731.38	3726.22	3722.32	3732.10	
3735.16	3733.14	3733.66	3735.16	3728.70	3726.66	3721.80	3710.58	3721.50	3712.48	3727.36	3724.36	3729.30	3730.64	3725.14	3729.56	
3732.44	3737.00	3738.26	3730.78	3738.30	3736.44	3733.36	3741.96	3735.50	3747.20	3742.46	3739.92	3746.94	3742.60	3743.24	3747.08	
3746.52	3618.02	3692.88	3729.64	3728.46	3731.10	3736.44	3744.56	3740.82	3732.28	3739.44	3738.16	3740.92	3741.94	3737.58	3736.44	
3737.42	3724.86	3714.92	3711.34	3731.46	3728.32	3729.06	3725.72	3723.06	3704.18	3724.50	3717.68	3727.18	3728.16	3747.24	3694.30	

*******************************************2025/07/23;14:24:33
Probe number 150
Concentration entered by User 5.20% (Compensated: 5.58% at temperature 25.4)
1300.14	1317.44	1329.14	1342.20	1356.40	1368.76	1383.32	1397.24	1416.08	1433.46	1454.84	1475.74	1496.24	1520.70	1535.74	1551.90	
1567.30	1599.40	1625.24	1667.18	1695.20	1724.44	1749.26	1780.76	1820.20	1859.92	1899.38	1946.50	1998.90	2055.48	2136.34	2231.38	
2338.44	2475.18	2621.08	2789.62	2981.40	3188.16	3361.26	3480.88	3549.86	3590.34	3619.98	3643.28	3652.98	3663.32	3673.62	3681.58	
3683.88	3719.22	3713.80	3717.56	3719.34	3724.72	3726.84	3721.92	3726.30	3732.20	3729.54	3729.40	3731.44	3726.42	3722.40	3732.50	
3734.74	3733.60	3733.88	3735.06	3728.86	3726.56	3721.72	3711.12	3721.86	3712.52	3727.42	3724.74	3729.38	3730.94	3725.00	3729.86	
3732.66	3737.40	3738.42	3731.18	3738.50	3736.72	3733.70	3741.68	3735.50	3747.40	3742.64	3739.82	3746.92	3742.38	3743.34	3747.10	
3746.70	3618.42	3692.90	3729.58	3728.82	3731.06	3736.86	3745.00	3740.96	3732.42	3739.22	3738.40	3741.18	3742.04	3737.68	3736.44	
3737.38	3724.92	3715.12	3711.54	3731.60	3728.86	3728.88	3725.90	3723.50	3703.98	3724.16	3717.76	3727.24	3728.16	3747.52	3694.34	

*******************************************2025/07/23;14:25:02
Probe number 151
Concentration entered by User 5.18% (Compensated: 5.56% at temperature 25.3)
1301.22	1318.50	1329.46	1342.52	1356.76	1368.38	1383.38	1398.04	1417.70	1434.86	1454.92	1477.06	1498.08	1521.98	1537.70	1552.24	
1566.60	1599.62	1629.08	1672.78	1701.28	1723.86	1748.58	1781.78	1824.08	1861.34	1901.82	1950.32	2003.32	2058.06	2140.22	2233.72	
2322.16	2450.60	2611.50	2805.82	3004.26	3191.32	3358.70	3478.54	3549.40	3592.08	3622.82	3645.56	3654.04	3664.64	3673.68	3681.52	
3683.36	3719.42	3714.10	3717.68	3720.44	3725.10	3727.80	3722.10	3726.50	3732.20	3729.80	3729.70	3731.84	3726.68	3723.12	3732.56	
3735.60	3733.94	3733.88	3735.28	3729.24	3727.20	3722.24	3711.56	3721.96	3712.84	3727.64	3724.46	3729.56	3731.12	3725.34	3730.32	
3732.74	3737.76	3738.60	3730.92	3738.44	3736.84	3733.60	3742.02	3735.74	3747.48	3743.02	3740.22	3747.18	3742.94	3743.70	3747.02	
3746.68	3618.56	3693.36	3730.34	3729.16	3731.56	3736.88	3745.20	3741.26	3732.52	3739.44	3738.40	3741.40	3742.50	3737.94	3736.60	
3737.60	3725.30	3715.26	3711.90	3731.60	3728.84	3729.74	3726.06	3723.52	3704.78	3724.70	3717.94	3727.52	3728.86	3747.84	3694.78	

*******************************************2025/07/23;14:25:32
Probe number 152
Concentration entered by User 5.16% (Compensated: 5.54% at temperature 25.3)
1298.66	1316.50	1327.96	1340.50	1354.94	1367.24	1382.32	1396.46	1414.68	1431.48	1453.32	1473.54	1493.60	1518.26	1533.22	1549.14	
1565.90	1597.14	1627.32	1667.26	1692.76	1720.86	1745.04	1777.00	1820.42	1858.50	1902.76	1956.34	2009.38	2060.26	2134.70	2222.68	
2319.78	2454.30	2610.46	2799.58	2996.70	3194.00	3364.84	3481.50	3551.52	3592.20	3621.58	3643.14	3651.10	3661.90	3671.68	3679.78	
3680.38	3716.80	3711.14	3715.10	3717.66	3722.64	3725.46	3719.48	3724.12	3730.34	3727.54	3727.58	3729.74	3724.74	3720.18	3730.54	
3733.60	3731.68	3731.68	3733.24	3727.06	3724.54	3719.90	3709.16	3719.86	3710.28	3725.68	3722.64	3727.50	3729.02	3723.12	3728.10	
3730.72	3735.66	3736.58	3729.00	3736.68	3734.56	3731.32	3739.84	3733.84	3745.54	3741.30	3738.06	3745.14	3740.98	3741.82	3745.32	
3744.78	3615.98	3690.76	3727.78	3726.70	3729.60	3735.00	3743.36	3739.24	3730.32	3737.48	3736.48	3739.02	3740.70	3736.14	3734.58	
3735.30	3722.92	3713.06	3709.40	3729.36	3726.86	3727.20	3723.86	3721.12	3701.96	3722.40	3715.82	3725.24	3726.48	3745.60	3691.84	

*******************************************2025/07/23;14:26:02
Probe number 153
Concentration entered by User 5.15% (Compensated: 5.53% at temperature 25.3)
1301.08	1318.60	1330.16	1342.90	1356.76	1368.72	1383.74	1399.26	1416.84	1434.28	1455.02	1476.10	1497.64	1521.52	1536.24	1553.30	
1568.78	1600.06	1628.14	1669.38	1697.24	1723.80	1751.52	1780.94	1818.84	1858.50	1900.06	1948.92	2008.34	2061.34	2144.10	2237.94	
2334.36	2466.76	2619.76	2805.10	3003.40	3198.00	3364.64	3481.34	3549.78	3593.02	3622.08	3644.14	3653.24	3664.76	3674.60	3682.38	
3684.16	3719.72	3714.16	3717.92	3720.00	3725.12	3727.62	3722.14	3726.78	3733.04	3730.10	3730.24	3732.26	3727.38	3723.28	3733.04	
3735.42	3733.96	3734.42	3735.78	3729.86	3727.52	3722.58	3712.08	3722.52	3713.64	3728.46	3725.04	3730.46	3731.56	3726.12	3730.66	
3733.40	3738.12	3739.10	3731.84	3739.16	3737.48	3734.34	3742.20	3736.36	3748.02	3743.68	3740.64	3747.82	3743.38	3744.22	3748.04	
3747.12	3619.62	3694.02	3730.80	3729.56	3731.96	3737.86	3745.70	3741.82	3733.18	3740.04	3739.20	3741.62	3742.96	3738.56	3737.42	
3738.14	3725.68	3716.00	3712.60	3732.12	3729.42	3729.92	3726.74	3723.92	3705.16	3725.44	3718.34	3728.14	3729.24	3748.16	3695.28	

*******************************************2025/07/23;14:26:33
Probe number 154
Concentration entered by User 5.18% (Compensated: 5.56% at temperature 25.3)
1299.22	1316.40	1327.84	1340.64	1355.20	1367.12	1382.30	1396.92	1415.36	1432.38	1453.10	1473.72	1494.30	1518.60	1534.66	1550.70	
1565.30	1597.88	1626.96	1667.36	1695.44	1721.52	1746.68	1779.06	1820.08	1861.70	1905.36	1955.74	2009.54	2061.54	2136.70	2225.66	
2328.64	2467.16	2618.32	2798.58	2994.42	3193.80	3360.84	3476.38	3545.76	3588.38	3618.74	3641.30	3651.04	3662.20	3671.56	3680.64	
3681.92	3717.30	3711.90	3715.88	3718.56	3723.28	3725.60	3721.02	3724.84	3731.44	3728.36	3728.32	3730.32	3725.42	3721.34	3731.32	
3734.48	3732.68	3732.82	3734.10	3728.14	3725.84	3720.80	3709.88	3720.88	3711.32	3726.54	3723.42	3728.16	3729.98	3724.14	3728.64	
3731.60	3736.46	3737.58	3729.82	3737.36	3735.60	3732.30	3740.76	3734.60	3746.48	3741.94	3738.84	3746.22	3741.80	3742.52	3746.08	
3745.78	3616.42	3691.92	3728.36	3727.68	3730.20	3735.90	3743.92	3739.98	3731.06	3738.06	3737.26	3739.80	3741.06	3736.68	3735.50	
3736.30	3723.62	3713.94	3710.36	3730.26	3727.28	3728.20	3724.66	3722.14	3702.92	3722.94	3716.22	3726.16	3727.06	3746.20	3692.58	

*******************************************2025/07/23;14:27:03
Probe number 155
Concentration entered by User 5.21% (Compensated: 5.58% at temperature 25.2)
1299.22	1316.84	1328.60	1341.26	1355.18	1366.76	1382.18	1396.70	1414.38	1431.26	1452.04	1474.74	1496.22	1518.58	1534.14	1549.80	
1565.30	1596.70	1626.94	1668.46	1694.90	1722.38	1748.00	1775.58	1814.80	1851.38	1899.66	1955.72	2010.16	2063.66	2144.44	2235.68	
2329.08	2463.72	2609.76	2788.20	2983.84	3184.10	3357.08	3478.36	3550.44	3590.88	3620.12	3642.28	3650.76	3661.50	3671.42	3679.84	
3681.38	3717.42	3711.88	3716.20	3718.44	3723.64	3725.90	3720.76	3725.04	3731.28	3728.80	3728.70	3730.68	3725.66	3721.50	3731.70	
3734.46	3732.98	3732.88	3734.50	3728.32	3725.74	3720.98	3710.42	3721.32	3711.90	3726.96	3724.02	3728.86	3730.00	3724.20	3729.12	
3732.02	3736.66	3738.02	3730.16	3737.86	3735.98	3732.72	3741.06	3734.64	3746.56	3742.14	3739.22	3746.34	3741.94	3742.80	3746.46	
3745.92	3617.26	3692.46	3729.42	3728.06	3730.56	3736.26	3744.50	3740.22	3731.48	3738.74	3737.54	3740.38	3741.32	3737.04	3736.10	
3736.84	3724.12	3714.18	3710.80	3730.76	3727.70	3728.62	3725.20	3722.60	3703.50	3723.32	3716.82	3726.32	3727.54	3746.80	3693.28	

*******************************************2025/07/23;14:27:33
Probe number 156
Concentration entered by User 5.19% (Compensated: 5.56% at temperature 25.2)
1300.04	1317.28	1328.66	1340.80	1355.24	1367.86	1382.42	1396.58	1415.64	1431.64	1451.92	1472.54	1494.76	1519.46	1534.66	1550.68	
1566.24	1596.86	1626.60	1666.10	1695.00	1721.36	1747.62	1778.10	1818.04	1859.12	1902.32	1951.20	2007.72	2057.82	2131.78	2227.18	
2334.28	2466.30	2616.42	2794.90	2991.84	3192.18	3359.62	3477.06	3547.74	3589.70	3619.34	3642.56	3652.22	3662.76	3673.08	3680.60	
3683.00	3718.72	3712.94	3716.68	3719.36	3723.82	3726.38	3721.26	3725.54	3731.50	3728.78	3728.86	3731.06	3726.18	3721.88	3731.82	
3734.72	3733.40	3733.34	3734.52	3728.52	3726.16	3721.44	3710.68	3721.48	3712.14	3727.44	3724.22	3729.24	3730.92	3724.92	3729.80	
3732.36	3737.04	3738.42	3730.70	3738.28	3736.32	3733.20	3741.54	3735.52	3747.12	3742.38	3739.80	3746.88	3742.30	3743.28	3746.82	
3746.20	3617.36	3692.80	3729.62	3728.58	3730.94	3736.82	3744.54	3740.62	3731.78	3738.86	3737.88	3740.80	3741.94	3737.90	3736.18	
3737.32	3724.74	3714.40	3711.02	3731.24	3728.18	3728.78	3725.48	3722.90	3703.78	3724.00	3717.04	3726.76	3728.02	3747.20	3693.78	

*******************************************2025/07/23;14:28:02
Probe number 157
Concentration entered by User 5.17% (Compensated: 5.54% at temperature 25.1)
1300.58	1317.90	1328.86	1340.72	1354.44	1366.50	1382.98	1397.52	1415.56	1433.62	1454.70	1475.64	1496.18	1519.40	1535.60	1552.26	
1567.50	1597.58	1627.26	1667.00	1694.58	1720.50	1747.90	1782.80	1822.72	1860.06	1904.72	1952.48	2005.70	2054.54	2132.96	2233.84	
2337.18	2465.36	2611.80	2799.70	2999.42	3195.98	3358.70	3478.16	3551.26	3592.14	3622.86	3645.64	3654.26	3665.66	3674.60	3682.46	
3683.62	3719.22	3713.84	3717.34	3719.28	3724.80	3727.26	3722.02	3726.34	3731.84	3729.40	3729.52	3731.76	3726.34	3722.42	3732.32	
3735.04	3733.86	3734.04	3735.48	3729.32	3726.94	3722.18	3711.42	3721.98	3713.00	3727.52	3724.58	3729.66	3730.98	3725.32	3730.34	
3732.78	3737.74	3738.82	3731.16	3738.82	3737.36	3733.76	3742.06	3736.04	3747.58	3742.98	3740.14	3747.68	3743.06	3743.84	3747.38	
3746.74	3618.46	3693.58	3730.28	3728.92	3731.38	3737.18	3745.14	3741.22	3732.58	3739.82	3738.44	3741.08	3741.96	3738.20	3736.80	
3737.82	3725.22	3715.42	3712.24	3731.74	3728.86	3729.28	3725.92	3723.86	3704.40	3724.52	3717.72	3727.24	3728.32	3747.62	3694.24	

*******************************************2025/07/23;14:28:32
Probe number 158
Concentration entered by User 5.12% (Compensated: 5.49% at temperature 25.1)
1299.90	1317.24	1328.28	1341.12	1355.82	1368.46	1382.02	1397.20	1415.12	1434.10	1454.32	1475.38	1496.68	1520.14	1535.66	1551.08	
1566.38	1598.74	1626.78	1668.48	1698.88	1723.62	1747.64	1778.14	1820.02	1856.14	1900.50	1954.50	2006.76	2055.46	2132.84	2225.78	
2332.98	2473.64	2617.30	2796.02	2997.72	3205.76	3373.38	3485.60	3553.22	3593.00	3622.34	3644.72	3653.92	3664.52	3674.24	3682.60	
3684.14	3719.56	3714.48	3718.08	3720.08	3725.10	3727.62	3722.60	3726.90	3732.58	3729.76	3729.98	3732.10	3726.90	3722.84	3733.00	
3735.70	3733.94	3734.66	3735.56	3729.42	3726.78	3722.52	3711.54	3722.54	3713.28	3728.32	3725.28	3729.60	3731.46	3725.72	3730.28	
3733.28	3738.00	3739.06	3731.48	3739.20	3737.24	3734.16	3742.04	3735.94	3747.72	3743.18	3740.58	3747.54	3743.30	3743.96	3747.54	
3747.04	3618.84	3693.78	3730.20	3729.36	3731.62	3737.44	3745.20	3741.22	3732.68	3739.70	3738.82	3741.36	3742.24	3738.62	3737.44	
3737.80	3725.52	3715.58	3712.08	3731.90	3729.14	3729.68	3726.34	3724.10	3704.62	3724.84	3717.82	3727.98	3728.44	3747.96	3694.74	

*******************************************2025/07/23;14:29:02
Probe number 159
Concentration entered by User 5.15% (Compensated: 5.51% at temperature 25.1)
1299.60	1316.88	1328.10	1340.24	1354.76	1366.82	1380.86	1394.88	1413.92	1432.16	1452.40	1473.38	1494.78	1519.56	1536.26	1551.20	
1566.54	1598.20	1624.24	1663.76	1690.12	1715.76	1744.00	1777.44	1817.24	1855.70	1895.92	1949.90	2009.22	2058.74	2136.04	2229.30	
2327.20	2461.08	2615.90	2806.26	3004.58	3199.66	3364.96	3479.34	3548.66	3590.02	3619.88	3641.80	3650.90	3662.70	3672.50	3680.26	
3681.90	3717.94	3712.44	3716.16	3718.42	3722.94	3725.98	3720.70	3724.98	3731.20	3728.32	3728.02	3730.32	3725.00	3721.24	3730.96	
3733.74	3732.32	3732.80	3734.08	3727.74	3725.16	3720.36	3709.82	3720.58	3711.12	3726.52	3722.96	3728.16	3729.80	3723.66	3728.76	
3731.68	3736.30	3737.34	3730.12	3737.60	3735.54	3732.64	3740.48	3734.30	3746.64	3741.78	3738.78	3746.12	3741.84	3742.52	3745.82	
3745.58	3616.14	3691.86	3728.70	3727.50	3730.30	3735.98	3743.96	3739.74	3731.10	3738.34	3737.32	3739.44	3741.14	3736.64	3735.58	
3736.32	3723.64	3713.72	3710.14	3730.10	3727.32	3727.88	3724.72	3722.30	3702.38	3722.76	3716.22	3725.86	3727.02	3746.58	3692.78	

*******************************************2025/07/23;14:29:32
Probe number 160
Concentration entered by User 5.19% (Compensated: 5.55% at temperature 25.1)
1299.10	1316.82	1328.08	1340.60	1354.40	1366.02	1381.94	1396.50	1414.36	1432.24	1452.70	1473.82	1493.94	1518.78	1534.56	1550.38	
1566.44	1597.30	1624.30	1662.26	1690.32	1719.20	1749.08	1782.68	1822.84	1859.52	1900.84	1951.58	2008.30	2060.04	2137.82	2226.78	
2322.50	2458.24	2612.44	2797.74	2994.20	3188.88	3359.46	3477.46	3547.12	3589.38	3619.06	3641.06	3650.00	3661.82	3671.68	3680.02	
3681.80	3717.50	3712.50	3716.10	3718.54	3723.70	3726.00	3720.68	3725.24	3730.78	3728.28	3728.46	3730.72	3725.56	3721.80	3731.42	
3734.40	3732.66	3732.92	3733.82	3728.00	3725.52	3721.28	3710.18	3720.92	3711.66	3726.62	3723.70	3728.70	3730.04	3724.04	3729.38	
3732.04	3736.76	3737.80	3730.30	3738.00	3736.16	3733.22	3740.92	3734.92	3746.54	3742.50	3739.32	3746.36	3742.30	3742.74	3746.50	
3745.68	3616.76	3692.22	3729.12	3728.36	3730.50	3736.22	3744.22	3739.94	3731.48	3738.66	3737.66	3740.20	3741.50	3737.22	3735.70	
3736.76	3724.26	3714.20	3710.82	3731.00	3727.60	3728.44	3724.98	3723.02	3703.42	3723.44	3716.70	3726.10	3727.48	3746.62	3693.48	

*******************************************2025/07/23;14:30:02
Probe number 161
Concentration entered by User 5.25% (Compensated: 5.61% at temperature 25.1)
1299.84	1317.36	1328.38	1340.96	1355.36	1368.62	1383.94	1397.06	1414.86	1432.12	1452.82	1475.46	1496.32	1519.10	1533.52	1549.04	
1566.18	1598.26	1625.24	1665.94	1695.18	1720.46	1746.60	1780.30	1820.84	1855.96	1895.96	1949.34	2011.10	2061.34	2135.26	2231.54	
2328.44	2467.18	2627.58	2806.20	2993.50	3183.54	3346.66	3466.06	3541.30	3584.26	3616.52	3640.28	3649.92	3661.50	3671.80	3679.62	
3681.60	3717.38	3712.24	3716.68	3718.52	3723.60	3726.56	3720.82	3725.50	3731.48	3728.80	3728.86	3731.12	3726.04	3721.84	3731.82	
3734.90	3733.44	3733.40	3734.46	3728.12	3725.74	3721.42	3710.74	3721.42	3712.22	3727.02	3723.88	3728.56	3730.32	3724.70	3729.18	
3732.42	3737.16	3738.30	3730.76	3738.30	3736.48	3733.12	3741.68	3735.10	3747.08	3742.86	3739.80	3746.90	3742.46	3743.44	3747.12	
3746.02	3617.84	3692.46	3729.54	3728.86	3731.08	3736.78	3744.58	3740.38	3732.02	3739.14	3738.00	3740.24	3741.84	3737.50	3736.14	
3737.02	3724.70	3714.78	3711.24	3731.30	3728.08	3728.88	3725.48	3723.14	3703.92	3723.88	3717.06	3726.64	3727.76	3747.22	3693.84	

*******************************************2025/07/23;14:30:32
Probe number 162
Concentration entered by User 5.22% (Compensated: 5.58% at temperature 25.1)
1299.26	1317.14	1328.24	1340.38	1355.18	1367.64	1382.60	1396.50	1415.48	1433.02	1453.04	1474.28	1495.96	1520.84	1536.72	1550.32	
1566.64	1598.42	1624.52	1666.10	1694.16	1721.12	1748.68	1777.18	1816.34	1857.58	1900.22	1948.62	2006.94	2062.52	2138.04	2227.42	
2327.98	2460.74	2613.30	2798.18	2988.38	3182.66	3354.32	3474.16	3545.98	3590.60	3621.76	3643.46	3652.58	3663.54	3673.62	3681.36	
3683.06	3718.80	3713.18	3717.14	3718.90	3724.44	3726.84	3721.32	3725.64	3731.28	3729.16	3729.26	3731.48	3726.34	3722.62	3732.44	
3735.22	3733.60	3734.04	3735.22	3728.80	3726.34	3721.90	3711.12	3721.52	3712.80	3727.44	3724.52	3729.18	3730.42	3724.80	3729.68	
3732.48	3737.20	3738.32	3730.96	3738.68	3736.86	3733.42	3741.76	3735.56	3747.46	3743.06	3740.22	3747.32	3742.86	3743.72	3747.08	
3746.62	3618.36	3693.06	3729.84	3729.04	3731.50	3736.84	3744.66	3740.96	3732.28	3739.28	3738.42	3740.76	3742.08	3737.86	3736.40	
3737.52	3725.04	3715.36	3711.80	3731.44	3728.50	3729.44	3725.82	3723.28	3704.16	3724.20	3717.08	3727.30	3727.86	3747.48	3694.16	

*******************************************2025/07/23;14:31:02
Probe number 163
Concentration entered by User 5.24% (Compensated: 5.60% at temperature 25.1)
1299.48	1317.02	1329.16	1342.14	1356.04	1367.76	1382.58	1397.84	1415.24	1432.26	1454.16	1476.34	1497.32	1520.98	1537.14	1551.24	
1566.12	1597.50	1626.34	1665.40	1692.12	1719.14	1746.86	1776.08	1816.82	1858.40	1901.76	1944.96	2002.60	2061.50	2137.92	2232.12	
2320.16	2452.56	2615.62	2791.68	2979.30	3179.70	3351.72	3472.94	3544.36	3588.02	3618.74	3641.66	3651.54	3662.80	3672.60	3680.90	
3682.60	3718.88	3713.40	3717.34	3720.10	3724.44	3727.24	3721.68	3726.02	3731.94	3729.38	3729.56	3731.88	3726.62	3722.66	3732.54	
3735.76	3733.92	3734.20	3735.22	3729.14	3726.80	3721.96	3711.44	3722.20	3712.90	3728.12	3724.54	3729.46	3731.08	3725.44	3730.20	
3732.90	3737.52	3738.90	3731.52	3739.02	3737.08	3733.96	3742.16	3735.80	3747.46	3743.32	3740.58	3747.50	3743.08	3744.08	3747.52	
3746.76	3618.82	3693.70	3730.08	3729.52	3731.88	3737.10	3745.12	3741.20	3732.40	3739.50	3738.68	3740.84	3742.46	3738.18	3736.98	
3737.48	3725.32	3715.44	3711.96	3732.02	3728.76	3729.50	3726.08	3724.30	3704.18	3724.34	3717.98	3727.44	3728.40	3747.72	3694.72	

*******************************************2025/07/23;14:31:32
Probe number 164
Concentration entered by User 5.21% (Compensated: 5.57% at temperature 25.0)
1299.46	1317.10	1328.84	1340.86	1355.04	1366.94	1381.26	1396.24	1414.36	1431.76	1452.12	1472.56	1493.72	1520.74	1535.60	1551.02	
1565.88	1596.08	1624.98	1665.48	1695.94	1721.04	1744.02	1775.82	1814.74	1852.50	1896.92	1950.18	2003.64	2057.10	2137.44	2232.08	
2325.38	2444.96	2594.14	2785.84	2983.94	3185.06	3357.12	3476.00	3545.30	3586.44	3618.14	3640.66	3649.78	3660.94	3670.98	3679.26	
3680.68	3716.76	3711.72	3715.44	3717.52	3722.42	3725.16	3720.10	3724.40	3729.98	3727.52	3727.70	3729.90	3724.68	3720.66	3730.38	
3733.70	3732.62	3732.26	3733.64	3727.20	3724.50	3720.08	3709.46	3720.18	3710.96	3726.18	3722.94	3727.70	3729.22	3723.46	3728.48	
3731.54	3736.18	3737.10	3729.52	3737.22	3735.54	3732.26	3740.32	3734.02	3745.92	3741.52	3738.62	3745.96	3741.48	3742.28	3745.94	
3745.28	3615.78	3691.42	3728.64	3727.70	3730.10	3735.62	3743.68	3739.50	3730.66	3737.60	3736.96	3739.46	3740.56	3736.46	3735.26	
3736.18	3723.70	3713.62	3710.14	3730.12	3727.22	3727.56	3724.18	3721.70	3702.32	3722.54	3715.70	3725.16	3726.34	3746.06	3692.68	

*******************************************2025/07/23;14:32:02
Probe number 165
Concentration entered by User 5.24% (Compensated: 5.60% at temperature 25.0)
1299.42	1316.32	1327.38	1341.16	1354.40	1366.60	1381.36	1395.42	1413.88	1431.32	1451.70	1471.70	1493.92	1519.96	1535.76	1550.96	
1565.34	1595.50	1623.52	1662.46	1690.30	1719.44	1745.72	1777.84	1816.00	1850.68	1892.64	1944.10	2002.86	2060.72	2141.02	2231.56	
2328.14	2461.18	2616.60	2796.68	2984.54	3176.92	3351.34	3474.28	3545.78	3587.82	3618.42	3642.00	3650.92	3661.12	3671.20	3678.66	
3680.16	3716.52	3710.70	3714.90	3717.36	3722.04	3725.00	3719.46	3723.86	3730.32	3727.62	3727.54	3730.04	3724.62	3720.50	3730.70	
3734.00	3732.12	3732.52	3733.24	3727.42	3724.84	3720.36	3709.26	3720.64	3711.18	3726.24	3723.28	3727.62	3729.34	3723.50	3728.18	
3731.52	3735.98	3736.92	3729.48	3737.32	3735.60	3732.40	3740.18	3734.28	3745.98	3741.88	3738.62	3746.06	3741.84	3742.38	3745.88	
3745.20	3616.10	3691.64	3728.62	3728.04	3730.12	3735.86	3743.50	3739.46	3731.02	3738.00	3737.02	3739.56	3740.62	3736.50	3735.32	
3735.78	3723.68	3713.96	3710.58	3730.32	3727.12	3727.62	3724.36	3722.00	3702.50	3722.40	3715.40	3725.78	3726.26	3746.30	3692.24	

*******************************************2025/07/23;14:32:32
Probe number 166
Concentration entered by User 5.31% (Compensated: 5.67% at temperature 25.0)
1299.92	1317.96	1329.38	1341.32	1354.40	1366.62	1381.64	1395.94	1413.86	1431.40	1453.06	1473.50	1494.84	1519.46	1534.76	1549.82	
1565.42	1599.58	1627.86	1666.46	1695.22	1721.82	1748.74	1780.64	1817.26	1851.94	1898.08	1950.24	2005.02	2062.90	2139.78	2231.84	
2325.96	2452.30	2601.28	2787.96	2976.92	3165.84	3336.26	3464.04	3540.76	3585.28	3617.72	3640.80	3650.30	3661.74	3672.06	3679.90	
3681.08	3717.44	3712.04	3715.72	3718.42	3723.24	3726.08	3720.92	3724.96	3730.82	3728.12	3728.48	3730.62	3725.70	3721.54	3731.40	
3734.36	3732.82	3733.08	3734.26	3728.30	3725.56	3721.38	3710.26	3721.20	3712.06	3726.86	3723.86	3728.60	3729.76	3724.28	3729.32	
3732.46	3736.42	3737.68	3730.24	3737.88	3736.16	3732.94	3740.90	3734.78	3747.00	3741.98	3739.62	3746.58	3742.62	3742.88	3746.76	
3745.78	3616.84	3692.36	3729.26	3728.44	3730.48	3736.50	3744.08	3740.18	3731.80	3738.82	3737.62	3740.08	3741.24	3737.02	3735.90	
3737.04	3724.54	3714.58	3711.08	3730.94	3727.94	3728.68	3725.00	3723.02	3703.38	3723.00	3716.20	3726.26	3727.18	3746.80	3693.06	

*******************************************2025/07/23;14:33:02
Probe number 167
Concentration entered by User 5.24% (Compensated: 5.60% at temperature 25.0)
1299.20	1316.38	1327.22	1339.66	1354.30	1366.34	1380.48	1395.78	1414.26	1431.22	1451.62	1472.46	1493.92	1517.42	1533.02	1549.42	
1566.06	1598.22	1626.82	1664.50	1691.22	1719.62	1747.32	1776.36	1813.46	1849.54	1893.24	1947.66	2007.06	2061.96	2132.84	2223.88	
2329.26	2460.86	2606.52	2789.62	2983.02	3177.60	3349.40	3474.12	3546.86	3586.22	3616.94	3639.84	3649.42	3659.56	3669.24	3677.54	
3679.52	3715.20	3710.40	3714.16	3716.48	3721.38	3724.32	3718.76	3723.30	3729.26	3726.58	3726.50	3728.98	3723.62	3719.60	3729.26	
3732.56	3731.12	3731.40	3732.56	3726.02	3723.44	3719.10	3708.20	3719.30	3709.72	3724.74	3721.74	3726.16	3727.94	3722.20	3727.18	
3730.08	3734.62	3735.88	3728.32	3736.46	3734.28	3731.14	3739.14	3732.90	3745.08	3740.86	3737.70	3744.94	3740.42	3741.10	3745.06	
3744.02	3614.10	3690.10	3727.20	3726.92	3728.82	3734.48	3742.44	3738.32	3729.14	3736.86	3735.64	3738.26	3739.28	3735.52	3734.20	
3735.00	3722.38	3712.90	3708.98	3728.86	3725.70	3726.36	3723.02	3721.12	3701.02	3721.38	3714.58	3724.40	3725.32	3745.20	3690.76	

*******************************************2025/07/23;14:33:32
Probe number 168
Concentration entered by User 5.29% (Compensated: 5.65% at temperature 25.0)
1299.68	1316.90	1328.04	1341.04	1354.12	1366.32	1381.90	1395.42	1412.88	1429.42	1451.48	1472.58	1493.86	1518.86	1534.98	1550.86	
1566.76	1598.46	1625.08	1662.82	1691.78	1719.40	1747.82	1778.18	1816.24	1852.20	1895.32	1946.30	2006.02	2059.90	2135.54	2231.00	
2325.80	2457.52	2612.96	2796.42	2982.86	3172.64	3339.58	3463.10	3537.78	3582.60	3614.34	3636.74	3646.78	3658.96	3669.92	3678.12	
3678.94	3715.16	3710.08	3714.02	3716.16	3721.62	3724.30	3718.92	3723.26	3729.36	3726.70	3727.04	3729.18	3723.82	3719.62	3729.84	
3732.68	3731.42	3731.70	3732.90	3726.20	3723.80	3719.38	3708.76	3719.92	3710.36	3725.26	3721.92	3726.78	3728.32	3722.56	3727.74	
3730.90	3735.36	3736.26	3729.00	3736.72	3734.88	3731.64	3739.62	3733.14	3745.32	3741.08	3737.82	3745.14	3741.10	3741.56	3745.32	
3744.30	3614.40	3690.48	3728.40	3726.98	3729.18	3734.82	3742.76	3738.84	3730.10	3737.48	3736.16	3738.78	3740.14	3735.64	3734.38	
3734.82	3722.60	3712.56	3709.20	3729.52	3726.12	3727.10	3723.26	3721.10	3701.62	3721.44	3714.38	3724.82	3725.76	3745.68	3691.38	

*******************************************2025/07/23;14:34:02
Probe number 169
Concentration entered by User 5.29% (Compensated: 5.64% at temperature 24.9)
1299.20	1316.20	1327.36	1340.00	1354.20	1366.36	1381.80	1397.12	1414.34	1430.52	1450.72	1471.30	1492.60	1517.54	1532.76	1548.96	
1564.26	1595.64	1624.86	1663.22	1690.70	1719.74	1747.42	1776.64	1815.04	1854.98	1898.06	1949.54	2008.34	2066.48	2146.94	2231.62	
2324.44	2454.42	2605.04	2778.70	2966.22	3168.38	3346.70	3467.44	3539.80	3583.64	3615.12	3638.34	3648.20	3659.72	3669.80	3677.64	
3679.34	3714.92	3710.00	3714.22	3716.24	3721.42	3724.02	3718.72	3723.18	3729.44	3726.46	3726.38	3728.94	3723.62	3720.04	3729.38	
3733.16	3731.44	3731.94	3732.72	3726.60	3723.66	3719.58	3708.72	3719.70	3710.34	3725.60	3722.30	3726.84	3728.40	3723.00	3727.48	
3730.76	3735.26	3736.52	3728.96	3736.94	3735.04	3731.62	3739.30	3733.22	3745.46	3741.18	3738.08	3745.48	3741.00	3741.44	3745.46	
3744.28	3614.74	3690.86	3727.76	3727.32	3729.26	3735.00	3742.60	3739.04	3730.10	3737.28	3736.26	3738.90	3740.00	3735.78	3734.62	
3735.48	3722.44	3712.98	3709.62	3729.58	3726.62	3726.90	3723.42	3721.28	3701.70	3721.48	3714.64	3725.18	3725.54	3745.62	3691.36	

*******************************************2025/07/23;14:34:32
Probe number 170
Concentration entered by User 5.31% (Compensated: 5.66% at temperature 25.0)
1299.40	1315.50	1326.92	1339.98	1354.00	1365.36	1380.64	1395.32	1413.06	1428.90	1450.68	1471.92	1494.02	1518.56	1533.46	1547.04	
1561.88	1594.66	1623.90	1663.30	1691.60	1717.84	1743.52	1775.62	1816.86	1853.14	1898.28	1948.86	2001.00	2051.94	2132.46	2223.22	
2317.54	2456.70	2606.62	2779.40	2971.22	3166.36	3339.64	3463.70	3536.24	3579.68	3611.04	3634.42	3645.36	3656.84	3667.00	3675.00	
3677.58	3713.72	3708.84	3712.12	3714.68	3720.18	3722.74	3717.66	3721.90	3727.70	3725.30	3725.50	3727.74	3722.82	3718.62	3728.64	
3731.64	3730.60	3730.54	3731.44	3725.10	3722.38	3718.02	3706.82	3718.06	3708.82	3723.64	3720.48	3725.18	3726.86	3721.08	3726.04	
3729.22	3733.60	3734.62	3727.36	3735.28	3733.64	3730.00	3738.14	3731.90	3743.80	3740.02	3736.56	3743.88	3739.82	3740.20	3743.86	
3743.28	3612.86	3689.00	3726.36	3725.64	3727.60	3733.58	3741.44	3737.34	3728.52	3735.80	3734.50	3737.26	3738.78	3734.30	3733.04	
3733.76	3721.08	3711.16	3708.04	3728.14	3724.82	3725.44	3721.86	3720.00	3699.72	3719.96	3712.96	3723.00	3724.38	3744.30	3689.56	

*******************************************2025/07/23;14:35:02
Probe number 171
Concentration entered by User 5.25% (Compensated: 5.60% at temperature 24.9)
1298.38	1316.34	1327.98	1340.76	1355.04	1366.48	1380.20	1394.10	1412.82	1430.60	1451.30	1471.06	1491.60	1516.90	1532.16	1548.22	
1565.22	1596.70	1624.92	1664.48	1690.92	1717.00	1744.04	1776.58	1816.54	1854.48	1899.58	1949.46	2002.34	2055.44	2134.00	2230.20	
2333.94	2465.60	2613.34	2793.24	2989.28	3184.60	3349.00	3465.50	3537.72	3580.76	3613.64	3636.78	3646.86	3658.48	3668.66	3676.62	
3678.12	3714.16	3709.40	3713.18	3715.22	3720.38	3723.40	3718.14	3722.14	3728.42	3725.48	3725.40	3728.12	3723.14	3719.08	3728.90	
3731.78	3730.62	3730.86	3731.64	3725.52	3722.24	3718.64	3706.98	3718.20	3709.10	3724.16	3720.96	3725.36	3727.20	3721.40	3726.24	
3729.36	3733.72	3735.10	3727.64	3735.58	3733.68	3730.50	3738.58	3731.94	3744.16	3739.92	3737.02	3744.22	3740.04	3740.36	3744.14	
3743.36	3613.12	3689.24	3726.60	3726.08	3728.14	3733.88	3741.54	3737.76	3728.60	3735.72	3734.60	3737.44	3738.46	3734.44	3733.30	
3734.38	3721.50	3711.78	3708.04	3728.12	3724.88	3725.64	3722.04	3720.16	3699.86	3720.62	3712.92	3723.08	3724.34	3744.52	3689.90	

*******************************************2025/07/23;14:35:32
Probe number 172
Concentration entered by User 5.30% (Compensated: 5.65% at temperature 25.0)
1299.58	1317.08	1328.72	1340.94	1354.04	1365.70	1381.10	1395.08	1413.46	1431.14	1451.16	1472.64	1494.24	1518.82	1533.94	1549.54	
1565.02	1596.38	1625.26	1664.70	1691.60	1718.46	1744.64	1774.18	1813.52	1852.94	1895.58	1944.68	2007.36	2060.52	2136.78	2226.82	
2329.22	2460.20	2609.46	2791.18	2984.42	3174.06	3340.28	3458.76	3532.64	3578.74	3610.70	3633.78	3643.48	3654.82	3665.00	3673.34	
3674.66	3711.40	3706.52	3710.90	3713.12	3718.50	3720.96	3715.86	3720.16	3726.38	3723.72	3723.50	3726.32	3720.96	3716.66	3726.92	
3730.06	3728.78	3728.92	3729.90	3723.66	3720.56	3716.30	3704.98	3716.54	3707.02	3722.16	3719.02	3723.34	3725.22	3719.20	3724.46	
3727.64	3732.18	3732.98	3725.70	3733.46	3732.12	3728.26	3736.98	3730.36	3742.32	3738.02	3735.22	3742.08	3738.08	3738.46	3742.46	
3741.86	3610.24	3686.72	3724.96	3724.00	3726.30	3731.88	3740.04	3735.94	3727.14	3734.00	3733.20	3735.96	3736.86	3732.20	3731.56	
3732.24	3719.66	3709.36	3705.86	3726.28	3722.88	3723.66	3720.10	3717.88	3697.66	3718.68	3711.58	3721.08	3722.42	3742.74	3687.78	

*******************************************2025/07/23;14:36:02
Probe number 173
Concentration entered by User 5.19% (Compensated: 5.55% at temperature 25.0)
1300.04	1317.50	1327.86	1340.40	1355.02	1366.82	1381.40	1396.66	1415.16	1431.92	1452.30	1473.66	1494.74	1518.94	1535.24	1549.96	
1564.80	1595.52	1623.84	1664.88	1692.30	1718.66	1747.18	1781.00	1819.62	1854.74	1898.04	1950.28	2006.20	2055.62	2130.76	2228.52	
2325.78	2460.22	2606.90	2784.32	2989.50	3191.54	3358.48	3477.00	3547.90	3588.24	3620.12	3641.28	3650.96	3661.42	3671.66	3679.32	
3680.54	3716.76	3710.84	3715.08	3717.60	3722.76	3725.22	3720.26	3724.36	3730.04	3727.80	3727.60	3730.18	3724.92	3720.86	3730.82	
3733.98	3732.74	3732.54	3733.50	3727.26	3724.24	3720.30	3709.76	3720.12	3711.48	3726.22	3722.88	3727.36	3729.04	3723.32	3728.24	
3731.66	3736.08	3736.98	3729.60	3737.30	3735.82	3732.34	3740.36	3733.98	3746.22	3741.72	3738.74	3745.92	3741.64	3742.46	3745.98	
3745.32	3615.28	3691.52	3728.58	3727.92	3730.28	3735.80	3743.52	3739.48	3730.68	3738.24	3736.84	3739.20	3740.54	3736.34	3735.50	
3735.98	3723.38	3713.62	3710.28	3730.14	3726.82	3727.42	3724.10	3722.16	3702.34	3722.22	3715.28	3725.26	3726.24	3746.24	3692.10	

*******************************************2025/07/23;14:36:32
Probe number 174
Concentration entered by User 5.22% (Compensated: 5.57% at temperature 25.0)
1299.30	1316.24	1327.64	1340.62	1354.72	1366.64	1381.88	1396.20	1414.36	1431.74	1451.92	1472.24	1493.86	1517.94	1533.28	1548.68	
1564.86	1595.08	1625.52	1664.98	1693.02	1720.50	1747.68	1777.70	1814.02	1856.16	1899.48	1950.34	2005.86	2053.74	2130.54	2224.64	
2321.20	2456.12	2607.56	2787.50	2980.42	3183.74	3357.44	3473.88	3543.32	3584.92	3617.88	3640.40	3649.10	3660.40	3670.46	3678.70	
3680.10	3715.92	3710.94	3715.16	3717.30	3722.18	3725.12	3719.68	3723.68	3730.08	3727.04	3727.32	3729.80	3724.16	3720.40	3730.12	
3733.36	3732.14	3732.32	3733.28	3727.06	3723.94	3719.96	3709.02	3720.04	3710.98	3725.84	3722.56	3727.30	3728.68	3723.06	3728.08	
3731.46	3735.94	3736.74	3729.38	3737.54	3735.18	3732.56	3740.14	3733.82	3745.74	3741.62	3738.68	3745.88	3741.76	3742.12	3745.86	
3744.92	3615.42	3691.44	3728.28	3727.92	3729.98	3735.30	3743.12	3739.18	3730.52	3737.82	3736.56	3739.26	3740.36	3735.98	3734.96	
3735.82	3723.24	3713.62	3709.74	3730.00	3726.84	3727.62	3723.98	3721.90	3701.98	3722.10	3715.28	3725.02	3726.06	3746.14	3692.06	

*******************************************2025/07/23;14:37:02
Probe number 175
Concentration entered by User 5.24% (Compensated: 5.59% at temperature 24.9)
1299.88	1316.60	1327.18	1340.42	1354.58	1365.48	1381.00	1395.72	1414.08	1431.46	1452.38	1472.98	1492.72	1518.08	1533.72	1548.70	
1564.10	1594.76	1625.84	1668.22	1695.08	1717.70	1744.96	1777.24	1817.40	1853.50	1901.52	1952.50	2001.32	2049.46	2125.92	2218.40	
2325.06	2463.26	2606.80	2783.66	2983.62	3178.82	3350.80	3472.70	3543.36	3585.02	3616.68	3639.02	3648.46	3659.50	3669.80	3678.28	
3679.26	3715.20	3710.66	3714.18	3716.50	3721.76	3724.86	3719.58	3723.48	3729.70	3726.88	3726.90	3729.48	3724.46	3720.14	3730.06	
3733.46	3732.26	3732.42	3733.12	3726.70	3723.76	3719.58	3708.72	3720.26	3710.70	3725.48	3722.26	3726.90	3728.78	3723.06	3727.74	
3731.30	3735.42	3736.76	3729.18	3737.28	3735.50	3732.22	3739.90	3733.34	3745.84	3741.46	3738.56	3745.70	3741.38	3741.88	3745.68	
3744.54	3615.02	3691.34	3728.46	3727.76	3729.64	3735.28	3742.94	3739.08	3730.44	3737.38	3736.54	3738.86	3740.24	3735.74	3734.76	
3735.80	3723.36	3713.30	3709.72	3729.96	3726.76	3727.22	3723.58	3721.96	3701.82	3722.04	3715.40	3724.80	3725.74	3746.08	3691.66	

*******************************************2025/07/23;14:37:32
Probe number 176
Concentration entered by User 5.22% (Compensated: 5.57% at temperature 25.0)
1299.32	1316.98	1327.26	1340.16	1354.14	1367.02	1381.86	1396.18	1414.10	1430.42	1452.10	1473.52	1493.70	1518.28	1534.36	1549.10	
1565.00	1595.32	1623.82	1664.28	1692.36	1718.74	1745.86	1775.80	1813.20	1853.40	1900.20	1953.04	2006.58	2054.58	2132.30	2224.92	
2325.20	2468.26	2625.10	2802.44	2993.22	3188.28	3353.36	3470.20	3546.08	3589.52	3620.04	3642.22	3651.50	3662.76	3672.52	3680.20	
3681.74	3718.08	3712.82	3716.96	3719.18	3724.10	3727.00	3721.76	3726.10	3731.72	3729.04	3729.48	3731.50	3726.66	3722.32	3731.92	
3735.68	3733.92	3734.34	3735.32	3728.94	3726.14	3721.64	3710.70	3722.14	3713.38	3728.00	3724.66	3728.80	3730.64	3725.24	3730.18	
3733.22	3737.46	3738.42	3731.68	3739.40	3737.42	3734.10	3741.64	3735.54	3747.56	3743.24	3740.58	3747.28	3743.24	3743.84	3747.44	
3746.56	3618.48	3693.86	3730.38	3729.62	3731.78	3737.08	3744.76	3740.94	3732.20	3739.38	3738.62	3740.68	3742.08	3737.76	3736.74	
3737.72	3725.08	3715.64	3712.16	3732.02	3728.32	3728.90	3725.90	3724.22	3704.24	3724.18	3717.24	3726.80	3728.22	3747.66	3694.60	

*******************************************2025/07/23;14:38:02
Probe number 177
Concentration entered by User 5.24% (Compensated: 5.60% at temperature 25.0)
1299.22	1316.56	1327.72	1340.30	1354.42	1366.70	1381.14	1395.26	1413.36	1432.20	1452.76	1472.98	1493.38	1518.90	1534.70	1550.60	
1565.60	1594.36	1623.96	1664.12	1691.74	1721.16	1749.24	1776.40	1814.38	1854.52	1896.56	1945.42	1998.82	2052.18	2128.92	2223.04	
2323.42	2458.86	2606.78	2784.72	2980.02	3180.94	3352.96	3469.62	3538.90	3581.76	3612.30	3635.06	3644.80	3656.36	3666.82	3674.86	
3677.08	3712.74	3707.54	3711.52	3714.06	3719.50	3722.34	3717.26	3721.62	3727.34	3724.58	3725.06	3727.38	3722.24	3718.22	3728.36	
3731.40	3730.22	3730.54	3731.04	3724.74	3722.04	3717.62	3706.92	3717.96	3708.94	3723.68	3720.50	3724.88	3726.82	3721.14	3726.36	
3729.30	3733.64	3734.62	3727.38	3735.38	3733.70	3730.34	3738.16	3731.84	3743.96	3739.80	3736.70	3744.10	3739.60	3740.32	3744.22	
3743.20	3612.40	3688.86	3726.54	3725.98	3727.98	3733.50	3741.28	3737.36	3728.50	3735.88	3734.46	3737.44	3738.42	3734.34	3732.80	
3733.98	3721.16	3711.44	3707.74	3728.28	3724.88	3725.48	3721.84	3719.84	3699.80	3719.52	3713.08	3722.76	3724.12	3744.28	3689.70	

*******************************************2025/07/23;14:38:33
Probe number 178
Concentration entered by User 5.26% (Compensated: 5.62% at temperature 25.0)
1298.66	1316.52	1327.34	1340.72	1355.20	1366.88	1381.08	1395.04	1412.94	1430.04	1451.50	1472.44	1493.30	1518.20	1534.58	1550.48	
1566.52	1597.32	1625.32	1663.70	1690.30	1717.42	1746.86	1780.94	1818.76	1857.84	1900.82	1953.38	2008.82	2058.78	2136.10	2223.48	
2318.24	2451.14	2601.96	2783.20	2979.28	3174.52	3345.82	3470.70	3544.40	3586.14	3616.58	3639.04	3649.12	3660.10	3671.02	3678.22	
3679.62	3715.88	3711.08	3714.42	3716.44	3721.84	3725.30	3719.60	3723.58	3729.68	3727.16	3727.30	3729.46	3724.02	3720.50	3729.96	
3733.36	3732.28	3732.26	3732.94	3726.76	3723.42	3719.82	3708.64	3720.18	3710.80	3725.78	3722.50	3726.68	3728.68	3723.26	3728.04	
3731.32	3735.86	3736.64	3729.32	3737.34	3735.52	3732.16	3739.80	3733.84	3745.50	3741.62	3738.38	3745.56	3741.32	3742.08	3745.82	
3744.66	3615.40	3691.26	3728.34	3727.62	3729.86	3735.48	3743.20	3739.14	3730.34	3737.92	3736.54	3738.78	3740.14	3736.00	3734.76	
3735.64	3723.34	3713.46	3709.88	3730.18	3726.52	3726.96	3723.42	3722.04	3701.92	3721.90	3715.12	3724.84	3726.22	3745.86	3692.12	

*******************************************2025/07/23;14:39:02
Probe number 179
Concentration entered by User 5.29% (Compensated: 5.64% at temperature 25.0)
1299.68	1317.20	1328.54	1341.42	1354.52	1366.36	1381.26	1395.94	1413.34	1430.92	1451.36	1471.62	1493.38	1518.78	1534.84	1549.88	
1565.58	1597.98	1627.44	1667.38	1693.94	1720.04	1746.50	1777.02	1815.58	1854.40	1898.40	1949.52	2003.66	2053.92	2129.98	2223.42	
2326.92	2460.90	2604.54	2783.70	2982.32	3173.38	3340.76	3463.78	3538.42	3582.90	3615.88	3638.52	3648.10	3659.56	3669.92	3678.34	
3679.50	3715.84	3710.66	3714.60	3716.82	3721.80	3725.04	3719.68	3724.00	3730.08	3727.18	3727.56	3729.52	3724.40	3720.50	3730.46	
3733.46	3732.20	3732.80	3733.48	3727.30	3723.84	3719.88	3709.00	3720.46	3710.96	3726.02	3722.70	3726.58	3728.48	3722.82	3728.20	
3731.12	3735.58	3736.90	3729.64	3737.44	3735.54	3731.98	3740.16	3733.84	3745.96	3741.62	3738.62	3745.80	3741.64	3742.04	3745.72	
3744.98	3615.68	3691.06	3728.48	3727.68	3730.24	3735.66	3743.34	3739.18	3730.62	3737.54	3736.70	3739.16	3740.20	3736.02	3734.80	
3735.80	3723.52	3713.72	3710.14	3730.40	3726.82	3727.26	3724.10	3722.08	3701.96	3721.92	3715.04	3724.78	3726.36	3745.98	3692.16	

*******************************************2025/07/23;14:39:32
Probe number 180
Concentration entered by User 5.26% (Compensated: 5.61% at temperature 25.0)
1298.54	1315.82	1327.28	1339.34	1353.94	1365.38	1379.74	1393.82	1412.64	1430.18	1450.92	1470.58	1490.08	1514.92	1532.06	1548.04	
1563.64	1595.64	1624.50	1663.36	1690.20	1717.18	1744.78	1776.30	1815.12	1853.48	1894.90	1941.98	1997.00	2049.34	2130.50	2225.52	
2322.56	2455.10	2610.44	2791.58	2984.88	3180.08	3345.62	3469.24	3543.74	3584.48	3614.78	3637.46	3646.64	3657.94	3668.40	3676.02	
3677.28	3713.58	3708.24	3711.70	3714.58	3719.84	3722.84	3717.08	3722.18	3727.50	3725.00	3724.80	3727.22	3722.02	3718.08	3728.06	
3731.38	3730.44	3730.48	3731.16	3724.62	3721.66	3717.56	3706.48	3718.02	3708.80	3723.46	3720.28	3724.76	3726.18	3720.74	3726.04	
3729.00	3733.50	3734.54	3727.44	3735.32	3733.12	3730.00	3737.82	3731.12	3743.48	3739.56	3736.54	3743.70	3739.52	3739.84	3743.84	
3742.76	3612.06	3688.58	3726.22	3725.30	3727.48	3733.46	3740.88	3736.94	3728.08	3735.56	3734.06	3736.72	3738.26	3733.78	3732.42	
3733.46	3721.26	3711.24	3707.78	3727.32	3724.40	3725.04	3721.40	3719.42	3699.56	3719.76	3712.52	3722.60	3723.78	3743.88	3689.18	

*******************************************2025/07/23;14:40:02
Probe number 181
Concentration entered by User 5.23% (Compensated: 5.59% at temperature 25.0)
1300.28	1317.72	1328.12	1340.72	1355.02	1366.64	1381.84	1396.46	1414.86	1432.90	1452.46	1472.26	1494.26	1519.46	1534.02	1549.68	
1565.70	1597.70	1626.22	1666.06	1692.18	1719.18	1746.20	1775.36	1814.26	1855.68	1897.82	1947.64	2005.14	2052.08	2130.40	2227.28	
2323.28	2453.34	2611.56	2803.36	2993.66	3182.22	3350.64	3469.42	3541.46	3585.14	3617.02	3640.24	3649.30	3660.44	3670.90	3678.12	
3679.74	3715.80	3710.32	3714.36	3716.62	3721.78	3724.56	3719.10	3723.90	3729.54	3727.08	3726.98	3729.16	3724.16	3719.74	3729.92	
3733.08	3731.96	3732.64	3732.90	3726.56	3723.76	3719.84	3708.66	3719.96	3711.24	3725.76	3722.54	3726.96	3728.58	3723.00	3728.04	
3731.06	3735.58	3736.50	3729.04	3737.52	3735.32	3731.94	3739.76	3733.48	3745.64	3741.48	3738.34	3745.84	3741.52	3742.06	3745.72	
3744.70	3615.42	3690.82	3728.16	3727.58	3729.82	3735.44	3743.10	3739.00	3730.32	3737.42	3736.48	3739.06	3739.90	3735.74	3734.80	
3735.72	3723.02	3713.38	3710.02	3729.82	3726.36	3726.82	3723.68	3721.84	3701.92	3721.98	3714.62	3724.74	3725.72	3745.96	3691.86	

*******************************************2025/07/23;14:40:32
Probe number 182
Concentration entered by User 5.26% (Compensated: 5.62% at temperature 25.0)
1300.00	1317.00	1328.14	1341.24	1355.34	1367.32	1382.96	1396.58	1415.04	1432.80	1452.40	1473.36	1495.68	1520.22	1537.20	1552.46	
1568.06	1597.90	1627.08	1666.42	1694.44	1722.76	1750.20	1780.46	1819.40	1856.24	1898.64	1950.08	2005.84	2057.46	2132.80	2225.68	
2322.98	2456.76	2605.30	2786.80	2978.02	3174.28	3348.48	3469.14	3540.14	3582.86	3614.54	3637.12	3647.46	3659.56	3669.64	3678.10	
3679.52	3715.60	3710.24	3714.06	3716.60	3721.76	3724.54	3719.44	3723.42	3729.48	3726.90	3726.78	3729.26	3724.26	3720.16	3729.68	
3733.14	3732.10	3732.28	3733.04	3726.64	3723.32	3719.26	3708.26	3719.44	3711.02	3725.26	3722.26	3726.78	3728.34	3722.56	3727.60	
3731.04	3735.74	3736.42	3729.00	3737.22	3735.22	3732.12	3739.88	3733.60	3745.50	3741.28	3738.22	3745.54	3741.34	3741.50	3745.70	
3744.60	3614.88	3691.24	3728.16	3727.64	3730.02	3735.28	3743.20	3738.98	3729.94	3737.40	3736.32	3738.62	3739.80	3735.84	3734.46	
3735.18	3722.86	3713.52	3710.06	3730.14	3726.14	3726.74	3723.58	3721.86	3701.54	3721.62	3714.62	3724.48	3726.16	3746.02	3692.04	

*******************************************2025/07/23;14:41:02
Probe number 183
Concentration entered by User 5.27% (Compensated: 5.62% at temperature 25.0)
1299.28	1316.42	1327.52	1340.02	1354.50	1366.60	1381.08	1395.30	1413.40	1429.96	1451.08	1473.44	1495.46	1519.90	1533.94	1548.42	
1565.96	1596.96	1623.64	1664.20	1692.98	1718.10	1744.22	1777.48	1812.22	1845.56	1891.88	1950.84	2010.40	2059.12	2137.58	2231.18	
2321.30	2448.68	2598.24	2780.90	2974.72	3174.48	3349.18	3466.12	3538.18	3579.66	3611.04	3634.60	3644.52	3657.08	3667.08	3674.78	
3675.68	3712.16	3707.10	3711.12	3713.58	3718.86	3721.76	3716.54	3720.98	3727.30	3724.62	3724.56	3727.38	3721.68	3717.66	3727.88	
3731.08	3729.80	3730.08	3730.84	3724.60	3721.22	3717.40	3706.20	3717.68	3708.50	3723.50	3720.02	3724.66	3726.22	3720.52	3725.76	
3728.88	3733.34	3734.28	3726.90	3735.16	3733.28	3729.66	3737.64	3731.30	3743.52	3739.34	3736.42	3743.62	3739.30	3739.80	3743.82	
3742.82	3611.60	3688.42	3725.90	3725.44	3727.72	3732.96	3741.06	3736.78	3728.22	3735.10	3734.28	3736.64	3737.78	3733.74	3732.58	
3733.46	3720.70	3710.74	3707.48	3728.00	3724.24	3724.94	3721.64	3719.64	3698.90	3719.50	3712.40	3722.12	3723.74	3744.02	3689.00	

*******************************************2025/07/23;14:41:32
Probe number 184
Concentration entered by User 5.28% (Compensated: 5.64% at temperature 25.0)
1300.00	1317.30	1328.00	1341.08	1354.72	1366.04	1380.42	1394.84	1412.88	1429.06	1449.82	1471.00	1493.00	1518.26	1533.88	1547.58	
1565.30	1598.52	1625.24	1663.02	1690.34	1717.64	1744.64	1777.12	1814.22	1851.40	1895.22	1952.60	2009.60	2055.88	2130.14	2219.66	
2315.02	2454.02	2603.42	2784.34	2981.16	3173.70	3343.58	3462.92	3537.78	3579.64	3609.90	3633.42	3643.70	3655.92	3666.34	3674.34	
3675.44	3712.08	3707.04	3711.06	3713.36	3719.00	3721.64	3716.52	3721.22	3727.28	3724.02	3724.60	3726.96	3721.96	3717.88	3727.82	
3731.18	3729.84	3730.16	3730.78	3724.58	3721.38	3717.10	3706.12	3717.68	3708.38	3723.38	3720.26	3724.48	3725.64	3720.42	3726.04	
3728.88	3733.58	3734.72	3727.06	3735.32	3732.72	3730.20	3737.68	3731.20	3743.86	3739.42	3736.52	3743.70	3739.34	3739.70	3743.68	
3742.86	3612.18	3688.28	3726.04	3725.30	3727.66	3733.30	3741.18	3736.78	3728.00	3735.56	3734.44	3736.64	3737.80	3733.66	3732.68	
3733.44	3720.74	3711.02	3707.68	3727.84	3724.36	3724.82	3721.42	3719.40	3699.14	3719.62	3711.94	3722.36	3723.64	3744.08	3689.22	

*******************************************2025/07/23;14:42:02
Probe number 185
Concentration entered by User 5.16% (Compensated: 5.52% at temperature 25.0)
1299.48	1316.64	1327.98	1340.84	1354.44	1366.58	1381.54	1396.24	1415.22	1433.94	1454.08	1474.06	1495.98	1521.86	1535.68	1549.86	
1565.90	1596.48	1625.66	1667.04	1694.02	1720.28	1746.82	1776.56	1819.74	1859.26	1899.64	1949.74	2006.74	2059.46	2138.16	2235.44	
2334.46	2462.86	2620.66	2815.20	3008.34	3197.90	3362.12	3476.72	3547.74	3589.12	3618.40	3640.68	3650.48	3662.60	3672.36	3679.64	
3680.84	3716.78	3711.64	3715.68	3717.96	3723.16	3725.96	3720.84	3725.10	3731.06	3728.40	3728.66	3730.94	3725.94	3722.12	3731.82	
3735.14	3733.50	3734.06	3734.82	3728.68	3725.34	3721.28	3710.72	3721.90	3713.24	3727.70	3723.96	3728.62	3730.16	3724.58	3729.98	
3732.90	3737.08	3738.14	3730.78	3738.82	3737.30	3733.94	3741.50	3735.22	3747.30	3743.02	3740.30	3747.42	3743.08	3743.58	3747.16	
3746.38	3617.54	3693.34	3730.24	3729.36	3731.64	3737.16	3744.82	3740.62	3731.86	3739.26	3738.12	3740.38	3741.86	3737.80	3736.22	
3737.18	3724.78	3715.28	3712.30	3731.74	3728.60	3728.62	3725.66	3723.82	3703.94	3723.68	3716.76	3726.54	3727.42	3747.42	3694.22	

*******************************************2025/07/23;14:42:32
Probe number 186
Concentration entered by User 5.26% (Compensated: 5.61% at temperature 25.0)
1300.74	1317.50	1328.62	1341.02	1355.22	1366.66	1379.98	1394.60	1413.90	1431.44	1452.48	1474.04	1494.66	1519.56	1534.12	1550.42	
1568.10	1598.46	1626.20	1665.22	1692.28	1719.46	1746.14	1779.12	1822.68	1861.78	1904.06	1952.62	2006.74	2058.56	2135.24	2223.78	
2325.56	2468.42	2618.92	2795.02	2984.84	3179.22	3346.06	3469.12	3542.30	3583.44	3614.28	3637.48	3647.40	3658.60	3669.06	3676.88	
3677.76	3714.64	3709.38	3713.50	3715.74	3721.22	3724.18	3718.80	3722.94	3728.92	3726.22	3726.34	3729.20	3723.56	3719.70	3729.82	
3732.78	3731.46	3731.84	3732.48	3726.28	3723.32	3719.34	3708.30	3719.68	3710.34	3724.92	3721.94	3726.14	3727.86	3722.20	3727.32	
3730.54	3735.24	3735.98	3728.76	3736.74	3734.64	3731.34	3739.10	3733.10	3745.06	3740.96	3738.00	3745.38	3741.26	3741.58	3745.46	
3744.18	3614.68	3690.68	3727.52	3727.30	3729.54	3735.04	3742.42	3738.50	3729.82	3736.82	3735.76	3738.32	3739.76	3735.70	3734.22	
3735.10	3722.54	3712.90	3709.34	3729.66	3725.94	3726.64	3723.04	3721.42	3700.96	3721.42	3714.30	3724.06	3725.34	3745.28	3691.64	

*******************************************2025/07/23;14:43:02
Probe number 187
Concentration entered by User 5.17% (Compensated: 5.53% at temperature 25.0)
1298.86	1316.24	1328.08	1340.22	1353.84	1366.14	1380.74	1394.70	1414.20	1431.22	1452.04	1473.02	1493.70	1518.74	1533.78	1548.84	
1564.62	1594.98	1622.32	1662.50	1691.56	1717.44	1743.76	1773.60	1812.70	1851.48	1896.58	1947.94	2005.30	2061.26	2139.28	2227.54	
2322.08	2461.28	2613.12	2798.28	2998.36	3192.94	3362.32	3479.48	3549.12	3589.46	3618.34	3639.80	3648.68	3660.50	3670.44	3678.28	
3679.58	3715.78	3710.46	3713.86	3716.34	3721.40	3724.34	3719.06	3723.70	3729.40	3726.66	3726.58	3729.14	3723.62	3719.82	3729.74	
3733.12	3731.50	3731.84	3732.60	3726.18	3722.92	3718.86	3708.02	3719.36	3710.22	3725.26	3721.54	3725.98	3727.52	3722.02	3727.10	
3730.46	3734.82	3735.58	3728.52	3736.76	3734.62	3731.12	3739.18	3732.86	3745.02	3740.64	3737.44	3744.82	3740.60	3741.12	3744.72	
3744.06	3614.24	3689.96	3727.44	3727.08	3729.16	3734.54	3742.38	3738.20	3729.58	3736.86	3735.72	3738.06	3739.34	3735.30	3733.84	
3734.84	3722.02	3712.78	3709.18	3729.18	3725.48	3726.18	3722.78	3721.14	3701.04	3721.02	3713.82	3723.74	3725.08	3745.06	3690.84	

*******************************************2025/07/23;14:43:32
Probe number 188
Concentration entered by User 5.28% (Compensated: 5.64% at temperature 25.0)
1298.96	1316.14	1327.94	1340.50	1354.14	1365.26	1380.68	1396.44	1414.26	1431.30	1452.72	1474.16	1494.28	1518.14	1532.80	1548.80	
1565.72	1596.76	1624.24	1666.16	1693.52	1720.88	1748.22	1778.72	1819.60	1857.54	1895.86	1947.58	2006.06	2060.10	2139.86	2232.68	
2322.96	2451.14	2598.38	2779.46	2976.74	3172.94	3345.52	3464.00	3537.64	3580.14	3611.70	3635.56	3646.04	3657.10	3667.76	3676.04	
3677.42	3714.18	3708.58	3712.52	3715.30	3720.82	3723.52	3718.02	3722.32	3728.32	3726.10	3726.06	3728.46	3723.24	3718.94	3729.60	
3732.48	3731.38	3731.56	3732.30	3725.82	3722.64	3718.56	3707.78	3719.12	3709.92	3724.76	3721.26	3725.58	3727.10	3721.92	3727.10	
3730.26	3734.52	3735.80	3728.28	3736.54	3734.34	3731.12	3738.82	3732.84	3744.92	3740.56	3737.70	3744.80	3740.54	3741.22	3745.02	
3744.04	3613.80	3690.28	3727.46	3727.06	3729.04	3734.32	3742.10	3738.20	3729.48	3736.74	3735.28	3738.06	3739.10	3734.96	3733.72	
3734.76	3722.48	3712.46	3709.04	3728.84	3725.44	3726.06	3722.74	3720.74	3700.46	3720.52	3713.74	3723.62	3724.96	3744.78	3690.56	

*******************************************2025/07/23;14:44:02
Probe number 189
Concentration entered by User 5.23% (Compensated: 5.59% at temperature 25.0)
1300.18	1317.14	1328.18	1341.20	1355.80	1367.28	1381.70	1395.38	1414.22	1431.62	1452.78	1472.68	1494.00	1519.90	1534.76	1549.74	
1565.88	1595.44	1622.34	1664.06	1693.66	1718.70	1745.50	1776.14	1816.30	1853.14	1896.74	1950.84	2008.14	2059.66	2134.88	2231.50	
2330.80	2466.16	2615.38	2791.64	2987.50	3182.90	3351.76	3471.84	3544.04	3586.70	3617.38	3639.74	3650.28	3661.42	3670.98	3679.64	
3680.56	3716.38	3711.22	3715.16	3717.64	3722.68	3725.86	3720.48	3724.84	3730.60	3727.70	3728.02	3730.20	3725.54	3721.26	3731.04	
3734.44	3733.12	3733.32	3733.86	3727.68	3724.52	3720.68	3709.62	3720.88	3712.34	3726.90	3723.18	3727.72	3729.18	3723.64	3728.78	
3732.04	3736.46	3737.36	3730.16	3738.02	3736.12	3732.98	3740.74	3734.44	3746.30	3742.14	3739.32	3746.36	3742.32	3742.88	3746.32	
3745.28	3616.22	3691.96	3729.14	3728.48	3730.76	3736.30	3743.96	3739.60	3730.96	3738.48	3737.24	3739.48	3740.88	3736.80	3735.50	
3736.36	3724.04	3714.50	3710.96	3731.00	3727.60	3728.06	3724.46	3722.80	3702.46	3722.70	3715.44	3725.46	3726.68	3746.18	3693.08	

*******************************************2025/07/23;14:44:32
Probe number 190
Concentration entered by User 5.11% (Compensated: 5.47% at temperature 25.1)
1299.48	1316.44	1327.76	1340.34	1354.90	1365.88	1381.18	1395.28	1414.36	1432.12	1452.44	1473.80	1495.76	1519.30	1533.02	1547.32	
1564.02	1596.16	1624.58	1664.40	1690.64	1716.80	1746.44	1778.06	1817.40	1856.60	1897.60	1949.92	2003.04	2052.94	2127.18	2221.96	
2316.86	2456.06	2620.56	2803.20	3006.06	3206.80	3373.84	3485.40	3552.20	3592.96	3621.72	3642.96	3652.08	3662.84	3672.60	3680.20	
3680.94	3717.16	3711.50	3715.18	3717.40	3722.98	3725.58	3720.22	3724.98	3730.58	3727.80	3728.10	3730.38	3725.32	3721.40	3731.14	
3734.42	3733.22	3733.46	3733.96	3727.50	3724.34	3720.26	3709.58	3720.96	3712.06	3726.52	3723.40	3727.64	3728.82	3723.44	3728.86	
3732.06	3736.24	3737.16	3730.04	3738.14	3736.00	3732.52	3740.48	3734.16	3746.22	3741.78	3739.38	3746.14	3742.16	3742.82	3746.20	
3745.36	3616.58	3691.96	3729.08	3728.28	3730.24	3735.96	3743.62	3739.34	3730.94	3738.16	3737.18	3739.46	3740.60	3736.50	3735.34	
3736.30	3723.92	3713.96	3711.18	3731.00	3727.42	3727.72	3724.46	3722.42	3702.42	3722.40	3715.10	3725.34	3726.36	3746.04	3692.66	

*******************************************2025/07/23;14:45:02
Probe number 191
Concentration entered by User 5.32% (Compensated: 5.68% at temperature 25.1)
1297.06	1314.76	1326.08	1338.42	1351.98	1365.12	1380.44	1394.98	1413.68	1430.04	1450.96	1472.64	1494.02	1517.34	1532.08	1547.34	
1562.48	1593.40	1620.70	1661.76	1690.72	1716.58	1742.76	1775.42	1811.80	1848.82	1896.26	1948.56	2001.84	2049.84	2127.84	2227.54	
2331.28	2461.48	2608.12	2786.48	2976.06	3167.52	3337.60	3460.22	3535.62	3578.50	3609.90	3633.64	3643.08	3654.64	3664.36	3672.16	
3674.04	3711.16	3705.62	3710.02	3712.16	3717.72	3720.66	3715.30	3719.72	3725.66	3722.82	3723.26	3725.60	3720.10	3716.10	3726.22	
3729.78	3728.32	3728.60	3729.44	3722.72	3719.46	3715.34	3704.22	3715.84	3706.70	3721.68	3718.38	3722.64	3723.80	3718.32	3723.90	
3727.18	3731.40	3732.84	3725.28	3733.54	3731.52	3727.98	3736.02	3729.74	3742.16	3737.88	3734.66	3742.16	3737.88	3738.36	3742.34	
3741.32	3609.54	3686.34	3724.56	3723.92	3726.26	3731.34	3739.68	3735.26	3726.38	3733.94	3732.66	3734.72	3736.38	3732.42	3731.00	
3731.48	3718.62	3708.92	3705.68	3725.98	3722.48	3723.24	3719.52	3717.46	3697.04	3717.36	3710.06	3720.28	3721.76	3741.92	3686.84	

*******************************************2025/07/23;14:45:33
Probe number 192
Concentration entered by User 5.23% (Compensated: 5.60% at temperature 25.2)
1300.38	1318.12	1329.36	1341.94	1355.78	1367.58	1382.60	1396.70	1413.80	1430.92	1452.12	1474.40	1495.56	1520.68	1536.04	1552.10	
1566.30	1596.34	1625.70	1667.02	1694.56	1722.34	1749.22	1779.52	1819.20	1855.76	1899.02	1948.24	2000.84	2051.16	2125.82	2222.58	
2329.06	2469.08	2617.90	2802.30	2998.78	3184.36	3348.82	3469.54	3543.52	3587.58	3617.82	3639.86	3648.90	3660.40	3670.46	3678.36	
3679.94	3716.00	3710.38	3714.86	3717.54	3722.28	3724.90	3720.00	3724.24	3729.86	3727.68	3727.44	3730.02	3724.62	3720.80	3730.30	
3733.66	3732.40	3732.64	3733.62	3727.20	3723.78	3719.84	3708.78	3720.46	3711.64	3726.00	3722.62	3726.96	3728.22	3722.82	3728.34	
3731.36	3735.74	3737.02	3729.64	3737.30	3735.24	3732.32	3739.68	3733.76	3745.64	3741.50	3738.82	3745.76	3741.70	3742.24	3745.88	
3744.74	3615.68	3691.26	3728.48	3728.16	3730.10	3735.42	3743.22	3739.18	3730.54	3737.62	3736.12	3738.70	3740.26	3736.28	3734.60	
3735.70	3723.12	3713.52	3710.40	3730.06	3726.90	3727.10	3723.64	3721.92	3702.14	3722.08	3714.58	3724.84	3725.90	3745.98	3692.38	

*******************************************2025/07/23;14:46:03
Probe number 193
Concentration entered by User 5.24% (Compensated: 5.61% at temperature 25.2)
1299.00	1316.70	1328.28	1341.54	1355.56	1367.54	1382.60	1397.78	1416.24	1433.34	1454.22	1475.56	1496.78	1520.68	1536.00	1551.10	
1565.88	1595.96	1624.22	1665.90	1696.86	1722.74	1746.82	1781.24	1822.46	1856.32	1895.16	1950.52	2012.82	2068.98	2138.86	2228.80	
2329.40	2466.72	2625.34	2805.98	2985.78	3179.84	3350.88	3471.46	3543.76	3587.66	3618.08	3640.08	3650.82	3662.48	3672.48	3680.02	
3681.00	3717.18	3712.16	3716.04	3718.36	3723.72	3726.32	3721.30	3725.76	3731.52	3728.76	3728.92	3731.42	3726.02	3722.02	3731.82	
3735.36	3734.06	3733.76	3735.10	3728.40	3725.28	3721.08	3710.48	3722.22	3713.32	3727.40	3724.16	3728.56	3729.86	3724.72	3729.70	
3732.68	3737.40	3738.16	3731.12	3739.04	3737.18	3733.50	3741.28	3735.14	3747.22	3742.98	3740.04	3747.14	3743.10	3743.70	3747.30	
3746.20	3618.06	3693.10	3730.00	3729.76	3731.88	3737.20	3744.62	3740.52	3731.76	3739.28	3738.14	3740.58	3741.92	3737.74	3736.24	
3737.34	3724.60	3715.80	3712.14	3731.84	3728.58	3728.92	3725.54	3723.74	3703.78	3723.64	3716.74	3726.96	3727.64	3747.62	3694.20	

*******************************************2025/07/23;14:46:32
Probe number 194
Concentration entered by User 5.30% (Compensated: 5.67% at temperature 25.2)
1299.82	1317.62	1329.26	1341.68	1356.40	1369.42	1384.42	1397.58	1414.30	1432.08	1453.12	1474.44	1496.44	1519.70	1535.08	1551.46	
1567.36	1600.76	1628.44	1669.20	1693.52	1720.24	1747.58	1777.70	1816.86	1860.00	1907.16	1960.42	2011.70	2063.86	2141.80	2234.70	
2333.22	2457.88	2610.32	2787.36	2976.04	3165.38	3341.50	3466.14	3539.24	3580.76	3611.98	3634.36	3645.26	3657.18	3667.84	3675.60	
3677.00	3713.96	3708.98	3712.92	3715.32	3720.54	3723.26	3718.12	3722.64	3728.58	3725.80	3725.82	3728.22	3723.08	3719.22	3729.14	
3732.52	3731.34	3731.68	3732.30	3725.68	3722.86	3718.30	3708.06	3718.82	3710.24	3724.72	3721.12	3725.74	3726.76	3721.76	3726.92	
3729.94	3734.42	3735.46	3728.14	3736.44	3734.52	3730.90	3738.70	3732.60	3744.68	3740.32	3737.52	3744.62	3740.30	3740.80	3744.74	
3743.92	3613.66	3689.56	3727.58	3726.92	3728.96	3734.96	3741.92	3738.00	3729.62	3736.58	3735.20	3737.94	3738.98	3735.04	3733.60	
3734.68	3722.08	3712.76	3709.06	3729.36	3725.64	3726.00	3722.64	3720.84	3700.94	3720.86	3713.66	3723.38	3725.02	3744.94	3690.66	

*******************************************2025/07/23;14:47:02
Probe number 195
Concentration entered by User 5.13% (Compensated: 5.51% at temperature 25.3)
1300.44	1317.78	1329.14	1341.26	1355.96	1368.40	1383.22	1396.98	1414.88	1432.82	1453.88	1474.58	1495.20	1518.06	1535.20	1551.96	
1568.36	1598.90	1625.86	1667.16	1695.76	1723.92	1750.16	1776.72	1814.68	1855.44	1900.92	1952.14	2008.44	2061.76	2137.62	2225.24	
2324.00	2463.86	2622.22	2806.74	3008.70	3206.08	3367.84	3479.44	3547.24	3587.92	3616.84	3640.76	3650.62	3661.08	3670.90	3679.30	
3680.74	3716.66	3711.70	3715.60	3717.82	3723.50	3726.02	3720.76	3724.82	3730.70	3728.20	3728.20	3730.78	3725.70	3721.42	3731.44	
3734.62	3733.42	3733.40	3734.30	3727.46	3724.50	3720.62	3710.12	3721.02	3712.48	3727.04	3723.70	3727.92	3729.20	3723.82	3729.18	
3732.08	3736.64	3737.70	3730.54	3738.26	3736.44	3732.76	3740.68	3734.56	3746.42	3742.48	3739.70	3746.50	3742.18	3742.58	3746.80	
3745.62	3616.72	3692.30	3729.64	3729.12	3731.24	3736.52	3744.18	3740.02	3731.52	3738.54	3737.46	3739.98	3741.02	3737.10	3735.50	
3736.90	3724.30	3714.68	3711.32	3731.42	3727.40	3727.84	3725.04	3722.72	3702.66	3723.12	3715.72	3725.64	3727.12	3746.76	3693.54	

*******************************************2025/07/23;14:47:32
Probe number 196
Concentration entered by User 5.25% (Compensated: 5.63% at temperature 25.3)
1299.60	1316.98	1328.40	1341.14	1354.84	1366.20	1381.66	1396.86	1414.98	1431.66	1452.14	1473.36	1495.84	1521.94	1537.18	1550.42	
1564.88	1596.90	1626.56	1669.92	1695.00	1721.14	1748.50	1779.88	1818.56	1857.16	1900.94	1954.84	2008.86	2060.98	2139.70	2229.86	
2334.56	2473.62	2620.70	2798.38	2988.64	3179.60	3348.94	3467.76	3542.18	3583.92	3616.12	3638.72	3648.34	3659.72	3669.56	3677.32	
3678.78	3714.92	3709.96	3713.66	3716.14	3721.88	3724.34	3719.12	3723.50	3728.86	3726.74	3727.02	3729.42	3724.00	3720.22	3730.16	
3733.32	3732.48	3732.58	3733.28	3726.58	3723.74	3719.44	3708.94	3720.42	3711.14	3726.30	3722.48	3726.72	3728.28	3722.72	3728.46	
3731.28	3736.08	3736.64	3729.36	3737.82	3735.74	3732.42	3739.82	3733.64	3745.66	3741.62	3738.70	3745.86	3741.78	3742.18	3745.96	
3744.94	3615.42	3691.52	3728.80	3728.24	3730.34	3735.48	3743.10	3739.00	3730.54	3737.96	3736.58	3738.94	3740.14	3736.44	3734.78	
3735.90	3723.16	3713.64	3710.56	3730.50	3726.86	3727.36	3724.20	3722.08	3701.94	3722.46	3714.68	3724.98	3726.34	3745.90	3692.08	

*******************************************2025/07/23;14:48:03
Probe number 197
Concentration entered by User 5.22% (Compensated: 5.60% at temperature 25.3)
1300.84	1318.20	1329.80	1342.40	1357.56	1369.14	1383.74	1398.06	1416.18	1433.44	1453.98	1475.00	1495.04	1520.62	1535.66	1554.46	
1570.40	1598.72	1625.96	1666.72	1695.06	1723.04	1752.78	1785.30	1819.88	1857.34	1904.20	1952.68	2006.64	2057.52	2137.12	2233.40	
2331.50	2466.30	2622.22	2805.18	2997.28	3188.98	3349.76	3468.76	3542.02	3584.88	3614.76	3638.98	3648.82	3659.74	3670.12	3678.50	
3679.04	3715.26	3709.82	3713.90	3716.40	3721.10	3724.30	3718.94	3723.48	3729.30	3726.12	3726.68	3729.06	3723.76	3719.78	3729.58	
3732.90	3731.90	3732.22	3733.16	3726.40	3723.32	3719.22	3708.52	3719.92	3711.20	3725.68	3721.84	3726.66	3727.84	3722.28	3727.92	
3731.00	3735.34	3736.24	3729.44	3736.90	3735.14	3731.88	3739.30	3733.16	3745.46	3741.20	3738.26	3745.36	3741.10	3741.72	3745.34	
3744.64	3615.20	3690.88	3728.44	3727.80	3729.66	3735.26	3742.80	3738.24	3730.02	3737.36	3736.04	3738.40	3740.02	3735.80	3734.54	
3735.14	3722.90	3713.38	3710.18	3729.88	3726.30	3726.68	3723.80	3721.52	3701.56	3721.66	3714.64	3724.24	3725.88	3745.58	3691.78	

*******************************************2025/07/23;14:48:33
Probe number 198
Concentration entered by User 5.14% (Compensated: 5.52% at temperature 25.3)
1300.54	1317.84	1328.86	1341.66	1356.22	1368.22	1383.56	1397.88	1415.64	1432.68	1453.04	1475.22	1496.96	1522.68	1537.52	1551.66	
1566.98	1598.60	1626.46	1665.64	1694.46	1720.96	1747.72	1778.28	1815.28	1854.98	1901.68	1956.16	2012.16	2065.14	2144.26	2238.22	
2338.72	2473.68	2623.70	2806.02	3006.16	3204.14	3365.72	3480.00	3549.80	3591.28	3620.12	3641.62	3651.78	3663.12	3672.78	3680.38	
3681.78	3717.58	3712.06	3716.08	3718.14	3723.42	3726.08	3721.10	3725.56	3731.30	3728.52	3728.52	3730.92	3725.78	3721.66	3731.90	
3734.66	3734.16	3734.14	3734.76	3728.24	3725.16	3720.58	3710.34	3721.44	3712.80	3727.04	3723.52	3728.18	3729.46	3724.14	3729.56	
3732.24	3736.96	3737.64	3730.74	3738.78	3736.92	3733.40	3740.88	3734.78	3746.86	3742.82	3739.76	3746.88	3742.64	3743.38	3747.02	
3745.92	3617.14	3692.78	3729.50	3729.30	3731.44	3736.74	3744.48	3740.10	3731.60	3738.96	3737.56	3740.14	3741.32	3737.36	3735.92	
3736.98	3724.44	3715.00	3711.84	3731.36	3727.80	3728.26	3725.26	3723.16	3703.72	3723.04	3715.98	3726.02	3727.32	3746.94	3693.22	

*******************************************2025/07/23;14:49:03
Probe number 199
Concentration entered by User 5.19% (Compensated: 5.57% at temperature 25.3)
1301.66	1318.60	1330.54	1343.34	1357.84	1370.08	1385.26	1399.42	1417.32	1434.12	1454.72	1476.14	1497.40	1523.06	1538.12	1552.66	
1566.56	1597.80	1627.68	1669.26	1698.88	1726.76	1753.62	1785.58	1827.24	1865.58	1905.64	1953.46	2009.52	2067.22	2145.16	2238.02	
2334.02	2465.70	2623.08	2805.84	2994.94	3190.18	3357.92	3479.16	3550.90	3592.64	3622.50	3643.54	3653.50	3664.76	3673.98	3682.10	
3683.24	3718.74	3713.62	3717.26	3719.48	3724.66	3727.40	3722.50	3726.60	3732.56	3729.96	3729.82	3732.38	3727.22	3723.04	3733.28	
3736.12	3735.00	3735.58	3736.30	3729.58	3726.50	3722.42	3712.18	3723.22	3714.62	3729.18	3725.24	3729.78	3731.16	3725.40	3731.26	
3734.18	3738.70	3739.42	3732.46	3740.40	3738.44	3735.10	3742.36	3736.34	3748.46	3744.02	3741.66	3748.30	3744.48	3744.50	3748.14	
3747.78	3620.16	3694.92	3732.06	3731.20	3733.26	3738.44	3746.12	3741.98	3733.40	3740.70	3739.42	3741.42	3742.96	3739.08	3737.90	
3738.50	3726.18	3716.48	3713.72	3733.12	3729.74	3730.14	3726.86	3725.26	3705.80	3724.86	3717.82	3727.50	3729.12	3748.34	3695.48	

*******************************************2025/07/23;14:49:33
Probe number 200
Concentration entered by User 5.18% (Compensated: 5.56% at temperature 25.4)
1301.16	1318.76	1329.94	1343.14	1356.72	1368.66	1382.86	1397.54	1415.82	1432.54	1453.46	1474.92	1497.26	1521.30	1535.16	1551.28	
1568.80	1598.58	1625.42	1666.58	1696.98	1723.50	1747.48	1778.88	1820.08	1862.54	1904.36	1954.22	2012.28	2067.32	2143.30	2238.94	
2339.88	2477.10	2625.72	2807.90	2998.62	3190.28	3360.98	3481.78	3551.14	3591.94	3622.24	3643.32	3653.40	3664.58	3674.06	3681.36	
3682.88	3718.56	3712.92	3716.66	3719.08	3724.14	3727.02	3722.12	3726.58	3732.10	3728.94	3729.60	3731.76	3726.58	3722.68	3732.88	
3735.90	3734.66	3735.08	3736.00	3729.14	3725.90	3721.88	3711.46	3722.74	3713.70	3728.66	3724.78	3729.30	3730.46	3725.26	3730.74	
3733.46	3738.36	3739.06	3731.90	3739.50	3737.68	3734.38	3742.26	3735.90	3747.80	3743.94	3740.88	3747.96	3743.74	3744.36	3748.00	
3747.10	3618.80	3693.88	3730.92	3730.34	3732.62	3737.86	3745.54	3741.06	3732.86	3740.06	3738.78	3741.56	3742.54	3738.76	3737.18	
3738.12	3725.68	3716.46	3713.14	3732.46	3729.34	3729.88	3726.74	3724.46	3704.68	3724.16	3717.54	3727.32	3728.32	3747.88	3695.06	

*******************************************2025/07/23;14:50:02
Probe number 201
Concentration entered by User 5.19% (Compensated: 5.58% at temperature 25.4)
1301.94	1319.72	1331.18	1344.02	1356.84	1368.12	1383.54	1398.74	1417.74	1435.18	1456.28	1476.46	1497.78	1522.14	1537.56	1552.60	
1568.34	1599.84	1628.28	1668.96	1697.22	1726.38	1753.34	1781.98	1818.04	1860.26	1904.24	1949.74	2005.86	2062.10	2144.58	2234.90	
2335.38	2473.74	2624.94	2795.24	2985.88	3186.40	3361.82	3480.88	3551.08	3591.96	3621.12	3643.72	3652.70	3663.10	3673.18	3681.10	
3682.54	3717.94	3712.12	3716.72	3719.20	3724.52	3727.20	3722.08	3726.14	3731.90	3728.96	3729.40	3731.66	3726.96	3722.86	3732.46	
3735.84	3734.68	3734.42	3735.60	3729.22	3726.16	3721.58	3711.50	3722.74	3713.80	3728.10	3724.36	3729.10	3730.28	3725.12	3730.46	
3733.24	3737.82	3738.58	3731.68	3739.48	3737.98	3734.20	3741.78	3735.48	3747.60	3743.70	3740.66	3747.70	3743.54	3743.92	3747.70	
3746.98	3618.76	3693.96	3730.78	3730.38	3732.56	3738.04	3745.12	3740.92	3732.70	3739.98	3738.60	3740.96	3742.16	3738.24	3736.98	
3737.62	3725.72	3715.68	3713.26	3732.74	3729.34	3729.16	3726.36	3724.22	3704.86	3724.16	3717.24	3726.98	3728.10	3747.72	3694.88	

*******************************************2025/07/23;14:50:33
Probe number 202
Concentration entered by User 5.21% (Compensated: 5.59% at temperature 25.4)
1301.38	1318.28	1329.90	1342.74	1356.16	1368.18	1383.50	1397.56	1416.50	1432.58	1453.86	1476.18	1497.44	1520.98	1536.78	1553.34	
1568.26	1599.86	1627.80	1668.90	1695.70	1720.56	1748.94	1777.46	1815.30	1858.32	1905.68	1958.42	2014.26	2069.88	2151.92	2236.40	
2333.02	2464.98	2618.48	2796.74	2991.82	3189.08	3355.00	3474.94	3548.72	3589.42	3619.00	3641.10	3650.92	3662.26	3672.26	3679.76	
3681.94	3717.16	3711.84	3715.96	3718.26	3723.32	3726.32	3720.98	3725.58	3731.60	3728.64	3728.84	3731.10	3725.88	3722.36	3732.00	
3735.14	3734.04	3734.14	3734.98	3728.16	3725.34	3721.26	3710.98	3721.92	3713.16	3727.90	3724.24	3728.60	3729.82	3724.40	3730.20	
3732.82	3737.38	3738.08	3731.32	3739.06	3737.36	3733.92	3741.40	3735.08	3747.38	3743.02	3740.32	3747.30	3743.04	3743.84	3747.48	
3746.50	3617.76	3693.76	3730.14	3729.64	3732.04	3737.16	3744.94	3740.76	3732.08	3739.40	3737.94	3740.48	3741.94	3737.86	3736.84	
3737.52	3724.92	3715.56	3712.72	3732.10	3728.50	3728.64	3725.86	3723.84	3704.54	3723.40	3716.72	3726.70	3728.02	3747.18	3694.58	

*******************************************2025/07/23;14:51:02
Probe number 203
Concentration entered by User 5.16% (Compensated: 5.55% at temperature 25.4)
1302.20	1319.54	1330.76	1343.56	1357.76	1369.44	1383.92	1397.22	1415.40	1432.88	1453.42	1476.16	1499.02	1523.90	1541.30	1555.32	
1569.42	1599.06	1627.78	1667.20	1696.18	1724.82	1752.48	1783.46	1824.30	1859.00	1898.14	1948.26	2008.94	2069.20	2147.04	2234.46	
2334.10	2468.56	2617.80	2802.64	2995.70	3193.98	3365.10	3482.36	3550.06	3591.08	3620.56	3642.50	3652.80	3664.02	3673.76	3680.76	
3681.60	3717.72	3712.40	3715.98	3718.38	3723.98	3726.10	3721.02	3725.52	3731.58	3728.64	3728.72	3731.32	3725.76	3721.72	3731.90	
3735.04	3734.24	3734.24	3735.24	3728.34	3725.76	3721.02	3710.74	3721.84	3713.36	3727.70	3723.96	3728.56	3729.46	3724.38	3729.78	
3733.08	3737.32	3738.30	3731.22	3739.00	3737.10	3733.74	3741.36	3735.04	3746.92	3743.04	3740.04	3747.30	3742.90	3743.50	3747.10	
3746.38	3618.18	3693.36	3730.40	3730.00	3731.78	3737.12	3744.70	3740.56	3732.14	3739.14	3738.08	3740.60	3741.78	3737.56	3736.56	
3737.34	3724.72	3715.10	3712.12	3731.82	3728.26	3728.56	3725.64	3723.58	3703.90	3723.52	3716.48	3726.46	3727.58	3747.16	3693.98	

*******************************************2025/07/23;14:51:33
Probe number 204
Concentration entered by User 5.14% (Compensated: 5.53% at temperature 25.4)
1301.04	1318.38	1329.26	1342.26	1356.88	1368.82	1384.14	1398.26	1416.88	1434.20	1455.14	1476.68	1498.00	1523.28	1538.32	1553.20	
1569.54	1601.34	1629.68	1670.64	1696.04	1724.36	1750.62	1782.24	1819.76	1854.82	1899.10	1953.62	2014.52	2068.00	2147.40	2242.16	
2339.32	2472.18	2625.30	2811.44	3004.02	3198.48	3365.96	3484.84	3553.68	3594.62	3624.44	3645.98	3655.46	3666.46	3676.42	3684.10	
3684.80	3720.68	3715.46	3719.36	3722.00	3726.68	3729.32	3725.08	3729.08	3734.90	3731.88	3731.96	3734.72	3729.58	3725.88	3735.64	
3738.22	3737.56	3737.60	3738.44	3732.02	3728.96	3724.72	3714.56	3725.44	3717.08	3731.60	3727.72	3732.28	3732.96	3727.84	3733.56	
3736.32	3740.64	3741.48	3734.50	3742.68	3740.54	3737.02	3744.90	3738.64	3750.42	3746.26	3743.72	3750.74	3746.12	3746.92	3750.34	
3749.52	3623.12	3697.58	3734.10	3733.14	3735.48	3740.42	3748.00	3743.58	3735.68	3742.34	3741.44	3743.92	3745.08	3740.98	3739.92	
3740.80	3728.70	3719.28	3716.24	3735.60	3731.92	3732.12	3729.50	3727.14	3708.58	3727.58	3720.26	3730.22	3731.56	3750.34	3698.38	

*******************************************2025/07/23;14:52:03
Probe number 205
Concentration entered by User 5.16% (Compensated: 5.55% at temperature 25.4)
1300.76	1318.44	1329.20	1342.10	1357.52	1368.90	1384.12	1398.76	1417.40	1434.20	1455.28	1476.82	1497.72	1521.90	1535.96	1552.46	
1568.12	1599.08	1627.60	1670.04	1695.42	1721.62	1751.26	1783.10	1823.20	1860.12	1902.94	1948.52	2006.82	2068.08	2142.98	2235.18	
2326.54	2466.40	2622.66	2804.64	2999.94	3195.38	3362.92	3481.74	3550.72	3592.10	3621.72	3643.92	3652.66	3663.88	3674.04	3681.84	
3682.76	3718.46	3712.88	3717.06	3719.70	3724.82	3727.82	3722.46	3726.96	3732.60	3729.68	3729.90	3732.12	3727.48	3723.30	3732.94	
3736.22	3735.24	3735.44	3736.30	3729.70	3726.60	3722.64	3712.24	3723.50	3715.04	3729.16	3725.64	3729.96	3730.90	3725.68	3731.10	
3734.00	3738.66	3739.38	3732.46	3740.52	3738.72	3735.08	3742.96	3736.58	3748.56	3744.18	3741.72	3748.40	3744.12	3744.78	3748.70	
3747.94	3619.94	3695.04	3731.68	3731.28	3733.50	3738.62	3746.10	3741.74	3733.66	3740.64	3739.30	3741.82	3743.12	3739.38	3737.58	
3738.64	3726.14	3717.00	3714.00	3733.62	3729.90	3730.08	3727.22	3725.20	3705.74	3725.02	3718.04	3727.82	3729.46	3748.34	3695.64	

*******************************************2025/07/23;14:52:33
Probe number 206
Concentration entered by User 5.27% (Compensated: 5.66% at temperature 25.4)
1301.86	1319.18	1330.60	1343.46	1356.70	1368.50	1383.84	1398.22	1416.28	1433.06	1453.12	1475.88	1498.18	1522.02	1537.98	1552.36	
1567.78	1599.26	1625.74	1665.60	1695.18	1724.48	1753.56	1783.80	1819.44	1858.76	1903.62	1955.10	2013.70	2067.38	2148.06	2240.30	
2337.52	2465.70	2616.32	2800.68	2987.56	3176.16	3343.34	3466.66	3539.86	3585.16	3616.94	3639.42	3649.98	3661.08	3671.06	3678.62	
3679.96	3715.96	3710.88	3714.56	3717.38	3722.32	3725.24	3720.66	3724.82	3730.58	3727.92	3728.00	3730.48	3725.50	3721.18	3731.56	
3734.82	3733.62	3733.82	3734.70	3727.54	3724.96	3720.30	3710.24	3721.62	3712.76	3727.00	3723.48	3727.92	3729.10	3723.66	3729.48	
3732.38	3736.76	3737.66	3730.76	3738.30	3736.86	3732.96	3740.86	3734.42	3746.50	3742.78	3739.86	3746.74	3742.30	3742.90	3746.60	
3745.94	3617.50	3692.66	3729.94	3729.28	3731.46	3736.74	3744.12	3740.00	3731.52	3738.94	3737.68	3739.92	3741.04	3737.28	3735.86	
3736.80	3724.32	3714.86	3712.08	3731.32	3728.08	3728.40	3725.28	3722.92	3703.98	3722.94	3715.92	3725.64	3727.30	3747.00	3693.46	

*******************************************2025/07/23;14:53:02
Probe number 207
Concentration entered by User 5.04% (Compensated: 5.43% at temperature 25.5)
1301.32	1318.34	1329.36	1342.58	1357.26	1368.70	1383.30	1396.90	1415.16	1432.44	1453.64	1474.28	1495.76	1520.20	1536.22	1552.06	
1567.94	1599.22	1627.90	1668.28	1696.14	1721.10	1746.10	1777.50	1815.52	1854.68	1901.42	1953.06	2006.72	2058.86	2139.82	2229.12	
2326.34	2467.76	2636.66	2831.92	3027.76	3218.90	3380.46	3491.64	3556.42	3595.10	3624.34	3645.02	3653.12	3664.36	3673.72	3681.42	
3682.24	3717.28	3711.88	3715.88	3718.12	3723.04	3726.50	3720.78	3725.38	3731.22	3728.04	3728.32	3730.74	3725.42	3721.52	3731.58	
3734.46	3733.50	3733.62	3734.36	3727.68	3725.10	3720.30	3709.88	3721.36	3712.84	3727.26	3723.18	3727.70	3728.84	3723.66	3729.52	
3732.00	3736.68	3737.72	3730.64	3738.30	3736.48	3733.06	3740.66	3734.12	3746.48	3742.18	3739.56	3746.60	3742.12	3742.86	3746.78	
3745.64	3616.80	3692.50	3729.58	3729.12	3731.38	3736.58	3744.14	3739.64	3731.66	3738.80	3737.34	3739.68	3740.90	3736.66	3735.52	
3736.54	3724.20	3714.90	3711.82	3731.18	3727.74	3727.98	3724.78	3722.80	3703.06	3722.80	3715.50	3725.50	3727.20	3746.46	3693.08	

*******************************************2025/07/23;14:53:33
Probe number 208
Concentration entered by User 5.13% (Compensated: 5.52% at temperature 25.5)
1300.98	1317.76	1329.18	1342.00	1357.30	1369.06	1384.20	1398.04	1416.14	1432.30	1453.52	1474.94	1496.58	1521.46	1537.04	1552.28	
1567.54	1598.74	1626.06	1666.22	1694.96	1723.52	1753.18	1785.00	1820.98	1857.90	1902.52	1953.04	2009.52	2063.48	2139.46	2235.16	
2336.92	2470.58	2623.30	2808.04	3003.68	3201.32	3368.72	3484.82	3554.16	3593.80	3622.80	3644.44	3654.62	3666.30	3675.70	3683.72	
3685.18	3720.64	3714.90	3719.24	3721.76	3726.26	3729.52	3724.62	3728.84	3734.44	3731.36	3731.88	3733.44	3728.94	3724.70	3734.80	
3737.58	3736.70	3736.82	3737.92	3730.78	3728.22	3723.98	3713.82	3724.86	3716.40	3730.44	3726.86	3731.46	3732.20	3727.52	3733.20	
3735.52	3739.76	3740.66	3733.86	3741.58	3739.84	3736.52	3743.88	3737.50	3749.78	3745.76	3742.80	3749.46	3745.62	3746.18	3749.86	
3748.84	3622.38	3696.84	3733.06	3732.32	3734.88	3739.82	3747.22	3742.80	3734.94	3741.94	3740.76	3743.08	3744.54	3740.42	3739.06	
3739.68	3727.70	3718.26	3715.66	3735.08	3731.14	3731.34	3728.58	3726.40	3707.22	3726.78	3719.48	3729.28	3730.58	3749.54	3697.44	

*******************************************2025/07/23;14:54:03
Probe number 209
Concentration entered by User 5.12% (Compensated: 5.52% at temperature 25.6)
1301.80	1318.94	1330.06	1343.24	1357.28	1370.12	1385.50	1399.30	1416.78	1435.14	1456.42	1477.24	1498.16	1521.06	1536.48	1553.64	
1571.04	1600.30	1628.12	1667.54	1696.20	1721.70	1746.80	1779.14	1822.22	1858.34	1902.52	1958.20	2017.64	2069.38	2147.02	2240.54	
2337.62	2471.86	2625.54	2807.18	2997.76	3202.56	3373.72	3485.98	3552.82	3592.00	3622.58	3644.14	3653.36	3665.00	3675.52	3682.68	
3684.14	3719.60	3713.98	3717.88	3720.54	3725.96	3728.74	3723.70	3727.78	3733.64	3731.18	3730.98	3733.28	3728.34	3724.66	3734.38	
3737.36	3736.38	3736.54	3737.42	3730.94	3728.30	3723.30	3713.58	3724.52	3716.10	3730.30	3726.34	3730.74	3731.88	3726.78	3732.54	
3735.28	3739.60	3740.46	3733.64	3741.18	3739.60	3735.68	3743.66	3737.62	3749.34	3745.26	3742.70	3749.50	3745.08	3745.52	3749.54	
3748.40	3621.08	3696.22	3732.90	3732.26	3734.38	3739.66	3746.78	3742.72	3734.56	3741.26	3740.58	3742.72	3744.14	3740.16	3738.64	
3739.54	3727.20	3718.16	3715.00	3734.66	3730.82	3731.10	3727.94	3725.92	3706.50	3725.88	3718.90	3728.84	3730.20	3749.42	3696.80	

*******************************************2025/07/23;14:54:33
Probe number 210
Concentration entered by User 5.19% (Compensated: 5.58% at temperature 25.6)
1300.82	1318.50	1329.82	1341.62	1356.24	1368.68	1383.66	1397.64	1415.22	1433.18	1453.92	1474.90	1495.90	1520.04	1535.66	1551.22	
1567.14	1599.50	1627.80	1668.44	1696.16	1722.54	1748.82	1779.14	1819.90	1865.10	1910.16	1958.92	2010.64	2064.38	2148.48	2243.12	
2341.62	2476.02	2623.12	2801.90	2993.52	3192.08	3360.76	3477.14	3547.58	3589.12	3619.80	3641.42	3650.22	3661.34	3671.86	3679.32	
3680.44	3716.40	3710.82	3714.98	3717.70	3722.98	3725.66	3720.56	3724.98	3730.80	3727.70	3727.78	3730.62	3725.26	3721.64	3731.78	
3734.66	3734.04	3734.16	3734.86	3728.06	3725.22	3720.76	3710.48	3721.78	3713.12	3727.48	3723.82	3728.44	3729.36	3724.20	3729.74	
3732.70	3737.08	3737.88	3731.02	3738.78	3737.06	3733.42	3741.06	3734.70	3747.06	3742.82	3740.24	3747.16	3742.84	3743.34	3746.92	
3746.58	3618.08	3693.00	3730.18	3729.64	3731.88	3737.36	3744.50	3740.18	3732.04	3739.26	3737.84	3740.30	3741.66	3737.48	3736.22	
3737.08	3724.78	3715.36	3712.52	3732.12	3728.40	3728.84	3725.42	3723.68	3703.56	3723.66	3716.46	3726.10	3727.66	3746.98	3693.96	

*******************************************2025/07/23;14:55:03
Probe number 211
Concentration entered by User 5.06% (Compensated: 5.46% at temperature 25.6)
1301.66	1318.88	1329.38	1342.86	1357.62	1369.40	1383.76	1398.32	1418.06	1434.74	1455.44	1477.18	1498.72	1521.72	1537.04	1554.50	
1570.72	1601.10	1630.00	1669.48	1696.26	1722.84	1748.88	1782.32	1822.02	1860.66	1905.14	1958.32	2013.76	2065.70	2144.38	2234.02	
2331.48	2465.18	2623.16	2816.24	3015.44	3215.16	3381.28	3493.42	3558.14	3598.18	3626.82	3648.00	3656.88	3667.86	3678.60	3685.38	
3686.12	3721.58	3715.64	3719.84	3722.42	3727.34	3730.08	3725.40	3729.56	3735.16	3732.42	3732.52	3734.78	3729.78	3725.86	3735.66	
3738.82	3737.72	3737.62	3738.84	3731.80	3728.98	3724.70	3715.02	3726.16	3717.46	3731.90	3728.02	3732.30	3733.14	3728.38	3734.00	
3736.42	3741.06	3741.76	3735.04	3742.56	3740.70	3737.50	3744.66	3738.70	3750.48	3746.42	3743.64	3750.74	3746.66	3746.98	3750.72	
3749.66	3623.42	3697.78	3734.20	3733.66	3735.68	3740.88	3747.90	3743.84	3736.00	3742.92	3741.58	3744.10	3745.16	3741.40	3740.00	
3740.96	3728.50	3719.66	3716.72	3735.76	3732.14	3732.68	3729.72	3727.30	3708.50	3727.30	3720.56	3730.42	3731.38	3750.42	3698.66	

*******************************************2025/07/23;14:55:33
Probe number 212
Concentration entered by User 5.05% (Compensated: 5.45% at temperature 25.7)
1300.34	1317.76	1329.24	1342.04	1356.78	1368.62	1382.84	1397.42	1416.02	1434.46	1455.72	1477.36	1498.20	1522.22	1535.78	1550.12	
1566.92	1598.28	1626.14	1666.46	1693.32	1721.76	1748.44	1779.28	1818.16	1855.36	1900.52	1952.84	2007.24	2063.56	2145.48	2244.20	
2348.80	2484.86	2634.08	2817.34	3021.04	3217.34	3382.92	3496.10	3561.00	3598.74	3627.54	3648.02	3655.76	3667.22	3676.74	3683.72	
3684.70	3719.52	3713.92	3717.74	3720.34	3725.42	3728.00	3722.88	3727.38	3732.50	3730.10	3730.14	3732.36	3727.34	3723.34	3733.44	
3736.22	3735.38	3735.62	3736.38	3729.18	3726.46	3722.28	3712.30	3723.10	3714.86	3728.70	3725.34	3729.72	3730.50	3725.74	3731.14	
3734.06	3738.46	3739.36	3732.32	3739.98	3737.94	3734.68	3742.40	3736.12	3747.88	3744.14	3741.08	3748.14	3744.12	3744.40	3748.20	
3747.14	3619.36	3694.40	3731.80	3730.94	3732.94	3738.34	3745.46	3741.28	3733.22	3740.14	3738.78	3741.58	3742.68	3738.50	3737.26	
3738.14	3725.92	3716.48	3713.86	3733.00	3729.62	3729.66	3726.72	3724.54	3705.42	3724.52	3717.34	3727.32	3728.90	3748.18	3695.30	

*******************************************2025/07/23;14:56:03
Probe number 213
Concentration entered by User 5.12% (Compensated: 5.53% at temperature 25.7)
1300.38	1317.82	1329.90	1343.32	1356.40	1368.08	1382.78	1397.06	1415.60	1432.86	1454.12	1474.46	1496.04	1520.14	1536.04	1552.90	
1569.26	1599.86	1628.00	1667.30	1693.22	1719.30	1747.42	1780.08	1819.40	1856.44	1899.84	1952.52	2007.26	2064.12	2143.58	2236.40	
2335.10	2473.74	2623.48	2807.70	3001.22	3201.02	3373.90	3487.14	3554.58	3593.88	3622.56	3643.62	3652.70	3663.58	3673.38	3681.22	
3682.24	3718.26	3712.28	3716.32	3718.78	3723.66	3727.04	3721.58	3725.50	3731.66	3728.92	3728.98	3731.26	3726.16	3722.50	3732.50	
3735.70	3734.58	3734.50	3735.82	3728.40	3725.88	3720.88	3711.36	3722.52	3713.70	3728.34	3724.36	3728.90	3729.76	3724.90	3730.32	
3733.18	3737.68	3738.28	3731.56	3739.16	3737.26	3734.14	3741.48	3735.28	3747.12	3743.42	3740.66	3747.64	3743.20	3743.84	3747.48	
3746.70	3618.38	3693.70	3730.54	3730.10	3732.24	3737.76	3745.04	3740.68	3732.32	3739.46	3737.94	3740.84	3742.16	3738.26	3736.84	
3737.40	3725.12	3715.56	3712.98	3731.96	3728.72	3728.66	3725.90	3723.78	3704.52	3723.76	3716.72	3726.80	3728.30	3747.24	3694.60	

*******************************************2025/07/23;14:56:33
Probe number 214
Concentration entered by User 5.15% (Compensated: 5.55% at temperature 25.7)
1301.12	1317.84	1329.74	1343.84	1357.64	1369.54	1384.80	1398.96	1416.52	1434.52	1457.02	1479.36	1499.50	1521.18	1537.22	1552.90	
1570.42	1601.32	1628.08	1671.36	1699.66	1725.74	1753.88	1785.52	1824.30	1862.62	1906.88	1956.84	2017.12	2067.94	2140.60	2244.08	
2345.26	2471.62	2615.76	2799.56	2996.82	3199.50	3365.04	3484.32	3552.84	3592.12	3621.04	3642.84	3652.36	3662.92	3672.92	3680.64	
3681.54	3717.10	3711.62	3716.12	3718.72	3723.60	3726.06	3721.18	3725.62	3731.26	3728.56	3728.78	3731.04	3726.16	3722.00	3731.94	
3735.14	3734.32	3734.60	3735.28	3728.02	3725.28	3720.70	3711.06	3721.80	3713.50	3728.16	3723.88	3728.62	3729.08	3724.44	3730.18	
3732.70	3737.26	3738.12	3731.44	3738.88	3737.28	3733.48	3741.18	3735.04	3747.12	3743.24	3740.34	3747.36	3742.86	3743.68	3747.00	
3746.70	3618.22	3693.86	3730.54	3730.04	3731.90	3737.64	3745.16	3740.38	3732.24	3739.34	3738.18	3740.48	3741.82	3737.90	3736.60	
3737.08	3724.88	3715.38	3712.58	3732.06	3728.72	3728.58	3726.04	3723.34	3704.50	3723.66	3716.18	3726.70	3727.68	3747.40	3694.30	

*******************************************2025/07/23;14:57:03
Probe number 215
Concentration entered by User 5.12% (Compensated: 5.53% at temperature 25.7)
1301.34	1318.84	1329.40	1343.40	1357.50	1369.76	1383.64	1397.60	1415.64	1433.48	1455.04	1476.90	1499.52	1523.12	1537.14	1552.30	
1569.72	1601.84	1630.02	1670.84	1697.00	1722.42	1751.10	1784.76	1823.86	1860.32	1904.40	1954.04	2011.88	2063.20	2140.10	2235.48	
2327.30	2456.12	2610.60	2797.64	3005.16	3202.86	3370.78	3487.62	3553.88	3594.48	3623.00	3645.28	3655.44	3666.26	3675.84	3683.36	
3684.60	3719.58	3713.90	3718.10	3720.78	3725.74	3728.32	3723.78	3727.58	3732.90	3730.48	3730.58	3732.92	3727.78	3724.24	3733.82	
3737.04	3736.08	3736.44	3737.06	3729.90	3727.46	3722.94	3713.12	3723.92	3715.78	3730.02	3726.26	3730.36	3731.38	3726.34	3731.98	
3734.54	3739.24	3740.32	3733.08	3741.04	3739.00	3735.42	3742.54	3736.82	3748.84	3744.86	3742.38	3749.02	3744.70	3745.70	3748.50	
3748.34	3620.92	3695.96	3732.34	3732.02	3733.90	3739.10	3746.52	3742.14	3734.16	3741.32	3739.86	3742.10	3743.34	3739.44	3738.34	
3738.80	3726.68	3717.30	3714.70	3734.02	3730.66	3730.58	3727.68	3725.14	3706.38	3725.60	3718.40	3728.20	3729.86	3748.64	3696.48	

*******************************************2025/07/23;14:57:33
Probe number 216
Concentration entered by User 5.15% (Compensated: 5.55% at temperature 25.7)
1302.36	1319.58	1331.42	1343.88	1358.50	1369.80	1385.88	1401.56	1418.62	1434.76	1456.16	1477.74	1498.90	1524.54	1541.36	1555.34	
1569.26	1600.72	1630.52	1672.14	1699.66	1727.12	1754.04	1784.20	1826.44	1863.90	1907.94	1963.20	2018.56	2068.54	2143.06	2235.90	
2342.72	2478.04	2624.44	2799.16	3003.38	3199.96	3364.08	3484.46	3554.52	3595.18	3623.76	3646.02	3655.24	3666.70	3677.34	3684.12	
3685.26	3720.94	3715.46	3719.40	3721.74	3727.20	3729.38	3724.78	3729.28	3734.94	3732.34	3732.14	3734.56	3729.52	3725.74	3735.60	
3738.36	3737.86	3737.86	3738.98	3731.60	3729.08	3724.30	3714.98	3725.66	3717.30	3731.70	3727.86	3732.22	3732.92	3728.18	3733.78	
3736.06	3740.76	3741.40	3734.68	3742.60	3740.46	3737.04	3744.50	3738.28	3750.04	3746.54	3743.94	3750.44	3746.28	3746.62	3750.28	
3749.46	3623.38	3697.48	3734.30	3733.64	3735.30	3740.82	3748.00	3743.76	3735.66	3742.80	3741.38	3743.68	3745.02	3740.76	3739.92	
3740.88	3728.40	3719.20	3716.60	3735.64	3732.14	3732.18	3729.70	3726.98	3708.58	3727.42	3720.20	3730.02	3731.30	3750.32	3698.78	

*******************************************2025/07/23;14:58:03
Probe number 217
Concentration entered by User 5.14% (Compensated: 5.54% at temperature 25.7)
1300.78	1317.94	1329.98	1343.28	1357.32	1369.78	1384.28	1397.76	1416.38	1433.00	1454.68	1475.84	1498.52	1522.80	1539.06	1554.60	
1568.52	1600.26	1628.10	1669.78	1698.58	1725.68	1750.82	1785.16	1823.90	1862.30	1907.82	1957.24	2013.28	2067.28	2143.00	2233.12	
2327.08	2474.38	2627.86	2800.76	3004.76	3205.56	3366.80	3481.68	3550.32	3591.56	3621.56	3642.94	3652.38	3664.04	3674.18	3681.96	
3682.60	3718.38	3712.78	3717.32	3719.90	3724.50	3727.54	3722.54	3726.68	3732.56	3729.48	3730.38	3732.48	3727.14	3723.48	3733.38	
3736.38	3735.48	3735.74	3736.50	3729.08	3726.46	3722.32	3711.96	3723.28	3715.06	3729.26	3725.52	3730.00	3730.54	3725.72	3731.40	
3734.18	3738.90	3739.40	3732.68	3740.40	3738.50	3735.00	3742.78	3736.20	3748.20	3744.36	3741.76	3748.54	3744.40	3744.66	3748.44	
3747.66	3620.54	3695.38	3731.76	3731.46	3733.38	3738.56	3745.94	3741.84	3733.26	3740.58	3739.26	3741.54	3743.06	3738.78	3737.84	
3738.94	3726.72	3716.84	3714.04	3733.44	3730.00	3730.22	3727.38	3725.04	3705.76	3725.06	3717.62	3727.96	3729.46	3748.26	3695.86	

*******************************************2025/07/23;14:58:33
Probe number 218
Concentration entered by User 5.12% (Compensated: 5.53% at temperature 25.7)
1301.34	1318.94	1330.42	1344.18	1358.32	1370.16	1385.14	1399.80	1418.02	1434.72	1455.12	1476.48	1498.28	1523.00	1538.82	1553.76	
1569.40	1601.28	1630.22	1670.76	1697.74	1726.90	1752.18	1782.92	1826.30	1868.22	1910.52	1960.84	2017.42	2071.10	2146.92	2235.32	
2339.36	2471.22	2618.22	2807.64	3007.34	3204.00	3367.78	3485.64	3554.50	3595.48	3624.92	3647.20	3656.58	3667.16	3676.76	3684.36	
3685.34	3720.42	3714.42	3718.88	3721.52	3726.44	3729.18	3724.18	3728.72	3734.28	3731.22	3731.30	3733.98	3729.10	3725.22	3735.00	
3738.06	3737.36	3737.54	3738.42	3731.12	3728.36	3724.14	3714.58	3725.28	3717.58	3730.92	3727.36	3731.88	3732.30	3727.74	3733.34	
3736.12	3740.54	3741.12	3734.42	3741.96	3740.20	3736.62	3744.36	3738.22	3750.04	3746.18	3743.50	3750.10	3746.06	3746.28	3750.18	
3749.26	3622.58	3697.08	3733.66	3733.24	3735.08	3740.58	3747.74	3743.36	3735.26	3742.26	3740.96	3743.44	3744.76	3740.70	3739.42	
3740.30	3728.22	3718.52	3716.36	3735.50	3731.84	3731.86	3729.42	3726.84	3708.32	3726.70	3720.00	3729.56	3731.16	3750.18	3697.98	

*******************************************2025/07/23;14:59:03
Probe number 219
Concentration entered by User 5.13% (Compensated: 5.54% at temperature 25.7)
1301.76	1319.02	1330.48	1343.74	1357.84	1369.22	1384.20	1398.86	1417.28	1434.62	1455.94	1477.10	1499.16	1523.68	1538.24	1552.96	
1569.34	1602.48	1630.80	1670.72	1698.12	1728.02	1755.36	1782.32	1819.56	1853.12	1897.84	1952.08	2008.98	2062.46	2141.26	2241.76	
2347.10	2477.76	2619.76	2808.26	3009.18	3203.20	3366.24	3482.60	3553.58	3593.98	3624.64	3647.12	3656.52	3667.00	3676.96	3684.30	
3685.20	3720.08	3714.60	3718.72	3721.28	3726.04	3728.92	3723.96	3728.20	3733.68	3731.08	3731.30	3733.42	3728.46	3725.02	3734.92	
3737.94	3737.36	3737.14	3737.88	3730.74	3727.94	3723.52	3714.34	3724.88	3716.68	3730.64	3726.62	3731.66	3732.00	3727.28	3732.94	
3735.64	3740.20	3741.36	3734.34	3741.62	3739.94	3736.52	3743.84	3737.68	3749.52	3745.70	3743.20	3749.76	3745.82	3746.20	3749.80	
3749.30	3622.84	3697.04	3733.48	3732.74	3734.92	3740.14	3747.44	3743.12	3734.78	3741.90	3741.02	3742.94	3744.30	3740.30	3739.28	
3740.06	3727.86	3718.72	3716.30	3735.08	3731.12	3731.12	3728.84	3726.54	3707.84	3726.20	3719.30	3729.24	3731.08	3749.62	3697.66	

*******************************************2025/07/23;14:59:33
Probe number 220
Concentration entered by User 5.21% (Compensated: 5.62% at temperature 25.8)
1301.24	1318.14	1329.52	1342.92	1357.60	1370.00	1384.54	1400.46	1417.96	1435.48	1456.06	1477.06	1498.00	1521.42	1536.90	1553.04	
1569.58	1602.12	1630.22	1672.26	1696.16	1721.14	1751.86	1784.00	1823.38	1863.54	1908.00	1960.48	2014.72	2073.76	2148.34	2241.44	
2343.56	2474.10	2619.80	2795.42	2988.58	3183.66	3357.86	3478.04	3547.22	3589.90	3620.14	3641.68	3650.80	3662.46	3673.34	3681.00	
3681.56	3717.40	3712.46	3716.34	3718.48	3723.66	3727.08	3721.74	3725.92	3732.14	3729.30	3729.18	3731.54	3726.34	3722.70	3732.66	
3735.78	3735.04	3735.16	3736.02	3728.76	3725.96	3721.32	3711.50	3722.68	3714.58	3728.76	3724.94	3729.36	3729.52	3725.28	3731.14	
3733.32	3738.16	3738.80	3731.98	3739.82	3738.12	3734.50	3741.86	3735.36	3747.62	3744.02	3741.08	3747.96	3743.78	3744.36	3747.92	
3747.20	3619.56	3694.44	3731.34	3730.98	3732.86	3738.24	3745.52	3741.20	3733.38	3739.94	3739.06	3741.22	3742.58	3738.62	3737.32	
3738.24	3726.10	3716.28	3713.60	3733.10	3729.56	3729.76	3727.00	3724.06	3705.38	3724.80	3717.22	3727.34	3728.80	3747.92	3695.56	

*******************************************2025/07/23;15:00:03
Probe number 221
Concentration entered by User 5.13% (Compensated: 5.54% at temperature 25.8)
1301.74	1319.26	1330.60	1343.90	1357.46	1369.28	1384.72	1398.86	1417.08	1433.84	1455.26	1475.66	1496.48	1522.06	1538.14	1553.08	
1568.34	1600.14	1629.84	1672.88	1701.82	1724.04	1750.04	1781.10	1821.66	1859.30	1902.54	1952.72	2008.12	2059.82	2138.10	2229.56	
2332.18	2474.18	2638.66	2826.46	3015.46	3200.26	3367.36	3484.62	3552.68	3592.94	3621.88	3644.64	3653.92	3664.40	3675.02	3682.62	
3683.44	3719.26	3713.22	3717.56	3719.80	3724.72	3727.60	3722.54	3726.86	3732.32	3729.52	3729.70	3731.92	3726.94	3723.00	3733.18	
3736.02	3735.30	3735.56	3736.22	3728.98	3726.56	3721.98	3712.24	3723.30	3714.86	3728.80	3725.30	3729.64	3730.26	3725.64	3731.26	
3733.94	3738.42	3739.16	3732.30	3740.10	3738.20	3734.78	3742.30	3735.96	3747.92	3743.98	3741.42	3748.32	3744.26	3744.62	3748.00	
3747.50	3619.22	3694.60	3731.46	3731.06	3732.84	3738.48	3745.70	3741.76	3733.02	3740.48	3739.30	3741.64	3742.76	3738.64	3737.44	
3738.32	3725.98	3716.36	3714.22	3733.34	3729.60	3729.40	3727.12	3724.54	3705.54	3724.66	3717.46	3727.58	3728.80	3748.26	3695.42	

*******************************************2025/07/23;15:00:33
Probe number 222
Concentration entered by User 5.06% (Compensated: 5.47% at temperature 25.7)
1302.14	1319.00	1330.72	1344.10	1358.92	1370.02	1384.68	1399.28	1418.88	1436.16	1456.20	1476.40	1497.56	1521.94	1537.96	1555.52	
1572.84	1603.14	1629.64	1670.38	1697.40	1725.02	1753.28	1785.28	1825.04	1862.22	1904.82	1954.26	2010.20	2061.94	2140.10	2240.42	
2343.54	2474.36	2624.38	2809.58	3016.94	3219.20	3380.70	3491.44	3559.86	3599.84	3629.02	3649.98	3658.38	3668.26	3677.52	3685.64	
3686.44	3721.92	3715.52	3720.24	3722.34	3727.34	3729.98	3725.10	3729.18	3734.88	3731.90	3732.08	3734.42	3729.24	3725.02	3735.10	
3738.64	3737.68	3737.56	3738.32	3731.06	3728.78	3724.10	3714.24	3725.06	3717.28	3731.16	3727.36	3731.94	3732.42	3727.98	3733.34	
3735.78	3740.64	3741.10	3734.46	3742.14	3740.52	3736.82	3744.04	3737.94	3750.04	3746.12	3743.18	3750.28	3745.76	3746.50	3750.02	
3749.52	3622.88	3697.38	3733.80	3733.08	3735.20	3740.40	3747.74	3743.44	3735.12	3742.42	3741.04	3743.50	3744.64	3740.86	3739.42	
3740.26	3728.06	3718.86	3716.48	3735.54	3731.76	3731.74	3728.94	3726.80	3707.68	3726.70	3719.74	3729.36	3731.02	3750.10	3698.00	

*******************************************2025/07/23;15:01:03
Probe number 223
Concentration entered by User 5.18% (Compensated: 5.59% at temperature 25.8)
1301.52	1318.92	1330.78	1343.84	1358.00	1369.98	1384.70	1399.00	1416.50	1433.90	1454.32	1474.84	1496.96	1521.62	1536.68	1551.52	
1566.94	1600.44	1630.32	1671.76	1697.80	1723.18	1750.94	1784.20	1820.74	1857.42	1901.34	1949.66	2009.66	2068.90	2143.26	2235.54	
2336.86	2472.84	2629.42	2821.42	3006.08	3189.24	3357.50	3480.28	3551.76	3593.32	3622.08	3644.48	3654.62	3664.50	3674.62	3682.26	
3683.06	3718.48	3712.72	3717.08	3719.48	3724.40	3727.26	3722.18	3726.40	3731.88	3729.28	3729.48	3732.18	3726.90	3722.98	3733.12	
3736.24	3735.24	3735.42	3736.06	3728.56	3726.14	3721.78	3712.20	3723.06	3714.90	3728.96	3725.30	3729.88	3730.24	3725.54	3731.48	
3733.88	3738.30	3738.96	3732.58	3740.14	3738.52	3734.92	3742.12	3736.14	3748.02	3744.06	3741.84	3748.42	3744.32	3744.58	3748.30	
3747.46	3619.72	3694.84	3731.76	3731.04	3732.96	3738.38	3745.40	3741.18	3733.16	3740.34	3739.08	3741.54	3742.82	3738.80	3737.44	
3738.24	3726.02	3716.48	3713.82	3733.28	3729.60	3729.72	3726.96	3725.12	3705.76	3724.58	3717.48	3727.34	3728.94	3747.98	3695.24	

*******************************************2025/07/23;15:01:33
Probe number 224
Concentration entered by User 5.15% (Compensated: 5.56% at temperature 25.7)
1302.00	1319.42	1330.46	1342.32	1356.60	1368.26	1383.54	1398.44	1416.50	1434.08	1455.34	1476.42	1497.02	1522.00	1538.28	1553.62	
1570.60	1600.82	1627.38	1667.90	1696.18	1723.48	1750.66	1782.02	1821.52	1860.32	1907.04	1958.32	2011.06	2061.46	2138.42	2233.12	
2335.74	2467.20	2615.88	2797.42	2995.10	3196.00	3367.94	3483.96	3552.12	3591.46	3620.86	3643.22	3652.90	3663.48	3674.18	3681.38	
3682.44	3717.86	3712.42	3716.64	3719.14	3724.32	3727.32	3721.90	3726.28	3731.84	3729.22	3729.60	3732.02	3726.86	3722.60	3732.76	
3736.26	3735.44	3735.52	3736.14	3728.68	3726.44	3721.70	3712.08	3723.26	3714.84	3729.40	3725.04	3729.34	3730.22	3725.34	3731.46	
3734.22	3738.56	3739.48	3732.34	3740.08	3738.26	3734.88	3742.06	3735.96	3747.82	3744.34	3741.52	3748.06	3743.98	3744.44	3748.04	
3747.44	3620.10	3694.92	3731.48	3730.96	3733.10	3738.32	3745.76	3741.30	3733.00	3740.20	3739.20	3741.44	3742.90	3738.72	3737.42	
3738.34	3726.06	3716.62	3714.02	3733.40	3729.66	3729.72	3727.04	3724.56	3705.58	3724.60	3717.64	3727.42	3729.00	3748.38	3695.84	

*******************************************2025/07/23;15:02:03
Probe number 225
Concentration entered by User 5.20% (Compensated: 5.61% at temperature 25.7)
1301.10	1319.04	1330.36	1343.86	1358.44	1369.30	1384.20	1398.90	1417.84	1435.56	1456.78	1477.06	1498.06	1521.52	1535.92	1552.12	
1569.28	1598.86	1625.48	1666.68	1697.78	1727.52	1753.62	1784.52	1821.06	1858.92	1907.94	1954.42	2010.52	2066.46	2144.52	2239.12	
2335.46	2463.70	2614.10	2796.88	2995.28	3193.44	3355.66	3473.38	3545.26	3588.42	3617.92	3639.64	3649.40	3661.14	3670.66	3678.46	
3679.66	3716.46	3710.12	3714.54	3717.26	3722.42	3725.02	3720.10	3724.58	3730.70	3727.80	3727.54	3730.26	3724.66	3720.90	3731.08	
3734.32	3733.56	3733.60	3734.36	3726.82	3723.88	3719.36	3709.92	3720.84	3712.76	3726.80	3722.94	3727.80	3728.38	3723.54	3729.28	
3732.02	3736.50	3737.40	3730.32	3738.32	3736.54	3732.98	3740.48	3733.80	3746.08	3742.48	3739.60	3746.60	3742.12	3742.62	3746.42	
3745.70	3617.00	3692.80	3729.54	3729.30	3731.42	3736.60	3743.96	3739.62	3730.96	3738.38	3737.18	3739.50	3740.76	3736.84	3735.46	
3736.52	3723.88	3714.46	3711.72	3731.38	3727.80	3728.10	3724.98	3722.34	3703.14	3722.58	3715.60	3725.20	3726.80	3746.20	3693.16	

*******************************************2025/07/23;15:02:33
Probe number 226
Concentration entered by User 5.12% (Compensated: 5.53% at temperature 25.7)
1300.16	1318.18	1329.70	1342.50	1356.84	1368.52	1383.56	1398.36	1417.78	1433.84	1454.52	1476.28	1497.94	1522.84	1538.52	1554.90	
1570.38	1599.90	1626.46	1666.88	1697.50	1725.16	1750.48	1783.34	1823.30	1858.92	1901.12	1952.60	2009.80	2064.92	2144.54	2239.02	
2335.98	2470.12	2628.92	2816.28	3010.16	3201.20	3369.12	3489.26	3558.86	3598.66	3627.32	3648.28	3657.38	3668.14	3677.48	3685.20	
3686.32	3721.26	3714.84	3719.20	3721.84	3726.78	3729.86	3725.10	3728.84	3734.48	3731.42	3731.96	3734.40	3729.28	3725.36	3735.36	
3738.42	3737.74	3737.96	3738.38	3730.80	3728.64	3724.04	3714.60	3725.54	3717.12	3731.30	3727.44	3731.92	3732.22	3727.64	3733.34	
3736.14	3740.78	3741.22	3734.46	3741.92	3740.56	3737.02	3744.10	3738.26	3750.42	3746.24	3743.72	3750.62	3745.78	3746.72	3750.22	
3749.64	3622.94	3697.50	3733.78	3733.38	3735.48	3740.58	3748.06	3743.38	3735.58	3742.44	3741.28	3743.46	3744.78	3740.72	3739.62	
3740.36	3728.18	3718.90	3716.58	3735.58	3731.76	3732.00	3728.90	3726.74	3708.32	3726.96	3720.04	3729.60	3730.94	3750.32	3698.02	

*******************************************2025/07/23;15:03:03
Probe number 227
Concentration entered by User 5.16% (Compensated: 5.56% at temperature 25.6)
1300.58	1318.02	1330.70	1342.90	1356.36	1368.76	1383.22	1399.34	1418.12	1434.62	1454.94	1477.00	1498.60	1523.72	1539.56	1555.16	
1569.72	1601.90	1631.30	1670.94	1695.14	1723.18	1752.34	1783.42	1823.90	1866.48	1906.48	1951.26	2007.58	2061.38	2143.10	2233.54	
2325.44	2461.00	2616.84	2811.44	3007.62	3202.38	3361.24	3474.38	3546.26	3589.08	3618.90	3641.96	3651.70	3663.54	3673.48	3681.02	
3682.76	3718.28	3712.30	3716.90	3719.52	3725.08	3727.98	3722.88	3727.14	3732.66	3730.10	3730.10	3732.22	3727.48	3723.38	3733.74	
3736.86	3736.06	3735.78	3736.58	3729.28	3726.72	3722.04	3712.56	3723.58	3715.42	3729.34	3725.46	3730.10	3730.32	3725.90	3731.78	
3734.54	3739.48	3739.28	3732.66	3740.48	3738.42	3735.02	3742.58	3736.24	3748.54	3744.42	3741.96	3748.82	3744.36	3745.02	3748.68	
3747.94	3620.26	3695.28	3732.12	3731.88	3733.68	3738.94	3746.14	3741.82	3733.54	3740.80	3739.60	3741.76	3743.20	3739.42	3737.96	
3738.78	3726.48	3717.10	3714.58	3733.54	3729.90	3730.24	3727.52	3724.92	3706.10	3725.04	3717.54	3727.96	3729.06	3748.48	3696.10	

*******************************************2025/07/23;15:03:33
Probe number 228
Concentration entered by User 5.18% (Compensated: 5.58% at temperature 25.7)
1300.58	1318.14	1329.28	1342.06	1356.46	1368.34	1383.56	1398.28	1415.88	1433.70	1454.78	1475.28	1495.94	1519.02	1533.48	1549.44	
1566.78	1600.26	1626.24	1667.56	1697.52	1725.36	1751.42	1780.90	1818.78	1860.46	1906.18	1958.10	2014.42	2069.28	2144.32	2236.20	
2332.28	2474.44	2632.28	2803.42	2992.98	3192.20	3362.92	3480.74	3551.14	3592.12	3621.08	3644.06	3653.80	3664.92	3674.68	3682.08	
3683.02	3718.82	3713.16	3717.24	3720.02	3724.74	3727.72	3722.66	3727.32	3732.90	3730.00	3730.16	3732.50	3727.44	3723.36	3733.56	
3737.06	3735.94	3735.94	3736.62	3729.50	3726.72	3722.30	3712.84	3723.54	3715.46	3729.94	3725.84	3730.24	3730.68	3726.20	3732.02	
3734.50	3739.06	3739.60	3732.76	3740.70	3739.12	3735.36	3742.84	3736.44	3748.60	3744.84	3742.28	3749.00	3744.52	3745.28	3748.70	
3748.44	3620.66	3695.64	3732.38	3731.94	3733.66	3738.78	3746.18	3742.26	3733.54	3740.90	3739.80	3742.12	3743.40	3739.26	3737.82	
3738.72	3726.78	3717.44	3714.88	3733.74	3730.30	3730.26	3727.84	3724.94	3706.12	3725.04	3718.04	3728.00	3729.14	3748.78	3696.38	

*******************************************2025/07/23;15:04:03
Probe number 229
Concentration entered by User 5.09% (Compensated: 5.49% at temperature 25.6)
1300.90	1318.12	1329.38	1342.62	1357.72	1369.18	1383.72	1397.70	1416.42	1433.42	1454.40	1474.90	1496.98	1521.64	1537.70	1553.66	
1568.40	1599.48	1628.32	1668.40	1694.84	1721.22	1747.60	1777.38	1819.60	1861.04	1904.96	1955.02	2011.26	2059.06	2137.46	2237.10	
2340.40	2478.96	2630.78	2812.64	3013.44	3210.94	3375.58	3491.30	3558.16	3597.54	3626.56	3647.02	3655.82	3666.68	3676.88	3684.22	
3685.44	3720.72	3714.26	3718.82	3720.86	3725.98	3729.12	3724.06	3728.16	3733.92	3730.60	3730.78	3733.28	3728.12	3723.94	3734.26	
3737.30	3736.48	3736.82	3737.74	3730.22	3727.24	3723.04	3713.46	3724.54	3716.20	3730.16	3726.24	3731.02	3731.26	3726.56	3732.54	
3735.30	3739.72	3740.16	3733.76	3741.54	3739.38	3735.96	3743.28	3737.00	3749.20	3745.36	3742.84	3749.48	3744.86	3745.44	3749.20	
3748.76	3621.82	3696.22	3732.78	3732.32	3734.44	3739.68	3746.80	3742.24	3734.36	3741.60	3740.04	3742.46	3743.68	3739.62	3738.34	
3739.26	3727.10	3717.50	3715.22	3734.38	3730.82	3730.72	3727.72	3725.58	3706.48	3725.78	3718.62	3728.30	3730.14	3749.04	3696.68	

*******************************************2025/07/23;15:04:33
Probe number 230
Concentration entered by User 5.12% (Compensated: 5.52% at temperature 25.6)
1301.06	1318.48	1329.50	1342.76	1357.06	1369.58	1384.48	1398.64	1416.86	1434.48	1456.50	1478.38	1498.08	1520.48	1535.64	1551.36	
1567.04	1599.80	1629.28	1671.30	1698.70	1726.48	1753.96	1780.78	1820.08	1860.80	1906.16	1959.80	2010.56	2057.64	2134.54	2228.60	
2335.16	2474.66	2624.20	2812.24	3012.48	3204.60	3369.74	3485.00	3552.64	3592.50	3622.00	3645.00	3654.82	3665.66	3675.12	3682.92	
3683.84	3719.28	3713.38	3717.72	3720.48	3725.14	3728.58	3723.90	3727.78	3733.32	3730.14	3730.64	3733.02	3728.16	3724.02	3734.26	
3737.42	3736.38	3736.66	3737.38	3729.96	3727.26	3722.78	3713.46	3724.56	3716.06	3730.14	3726.48	3730.82	3731.22	3726.60	3732.48	
3734.82	3739.90	3740.60	3733.74	3741.12	3739.28	3735.84	3743.24	3736.88	3749.08	3745.68	3742.36	3749.42	3745.12	3745.74	3749.26	
3748.58	3621.28	3696.46	3732.78	3732.42	3734.46	3739.78	3746.66	3742.30	3734.20	3741.58	3740.36	3742.70	3743.56	3739.96	3738.72	
3739.48	3727.10	3718.02	3715.32	3734.64	3730.82	3730.88	3728.12	3725.80	3706.54	3725.60	3718.50	3728.52	3730.14	3749.14	3696.66	

*******************************************2025/07/23;15:05:03
Probe number 231
Concentration entered by User 5.14% (Compensated: 5.54% at temperature 25.7)
1300.96	1318.38	1330.08	1343.58	1357.86	1368.64	1383.46	1397.72	1416.12	1434.68	1455.60	1475.92	1497.82	1522.62	1537.12	1552.10	
1567.20	1599.46	1627.30	1667.36	1696.22	1726.00	1753.66	1785.40	1825.24	1861.02	1900.70	1951.98	2012.00	2064.10	2136.44	2227.24	
2325.10	2464.00	2612.58	2800.82	3005.00	3201.42	3366.52	3482.96	3550.88	3592.56	3622.64	3645.04	3653.46	3665.38	3675.18	3683.16	
3683.40	3719.06	3713.12	3717.84	3719.72	3725.30	3728.08	3723.12	3727.46	3732.76	3729.96	3730.28	3732.92	3727.82	3723.78	3734.06	
3737.08	3736.44	3736.56	3737.62	3729.94	3727.30	3722.82	3713.18	3724.10	3715.92	3729.82	3726.22	3730.54	3731.16	3726.60	3732.34	
3734.94	3739.40	3740.18	3733.46	3741.02	3739.46	3736.00	3743.28	3737.10	3748.98	3745.26	3742.64	3749.54	3745.08	3745.40	3748.88	
3748.60	3621.64	3696.02	3732.92	3732.38	3734.04	3739.60	3746.66	3742.28	3734.12	3741.36	3740.34	3742.42	3743.78	3739.80	3738.40	
3739.12	3726.92	3717.76	3715.28	3734.44	3730.80	3730.80	3728.06	3725.78	3706.90	3725.72	3718.42	3728.78	3729.72	3748.96	3697.16	

*******************************************2025/07/23;15:05:33
Probe number 232
Concentration entered by User 5.11% (Compensated: 5.52% at temperature 25.7)
1302.72	1319.52	1330.16	1343.28	1358.72	1370.50	1384.76	1400.30	1418.18	1435.12	1457.40	1478.24	1498.80	1523.00	1539.20	1556.10	
1568.04	1598.78	1627.32	1670.16	1699.44	1726.08	1752.76	1783.68	1821.34	1860.30	1900.78	1947.80	2011.46	2064.86	2139.64	2237.46	
2339.94	2468.20	2618.60	2808.98	3011.94	3207.72	3369.76	3482.72	3550.82	3592.12	3621.28	3644.58	3654.42	3665.58	3675.68	3683.00	
3684.26	3719.72	3713.60	3717.80	3720.60	3725.14	3728.42	3723.44	3727.80	3733.22	3730.06	3730.50	3732.94	3727.74	3724.24	3733.66	
3737.10	3736.68	3736.72	3737.22	3729.70	3727.24	3722.70	3713.02	3724.60	3715.98	3730.44	3726.30	3730.72	3731.16	3726.62	3732.40	
3734.98	3739.68	3740.50	3733.52	3741.50	3739.34	3735.98	3743.20	3737.06	3749.18	3745.22	3742.42	3749.38	3745.20	3745.84	3749.24	
3748.82	3621.68	3696.16	3732.94	3732.52	3734.56	3739.42	3746.98	3742.44	3734.34	3741.54	3740.44	3742.82	3743.90	3739.96	3738.68	
3739.26	3727.20	3718.04	3715.36	3734.72	3730.94	3731.10	3728.04	3725.86	3706.70	3725.76	3718.70	3728.60	3729.98	3749.18	3696.90	

*******************************************2025/07/23;15:06:03
Probe number 233
Concentration entered by User 5.20% (Compensated: 5.61% at temperature 25.6)
1301.92	1319.62	1331.22	1343.84	1357.46	1368.82	1384.00	1398.76	1417.42	1434.40	1454.16	1474.40	1497.14	1522.28	1538.94	1553.76	
1569.22	1600.90	1629.94	1671.40	1699.22	1725.00	1752.88	1783.44	1823.76	1862.38	1901.24	1951.14	2018.72	2072.90	2143.66	2238.44	
2340.24	2477.04	2625.44	2804.16	2991.74	3183.84	3357.76	3478.72	3548.06	3590.22	3620.22	3643.44	3652.70	3664.30	3675.20	3682.78	
3683.30	3719.14	3712.66	3717.50	3719.72	3725.00	3728.26	3723.36	3727.64	3733.26	3730.40	3730.88	3733.54	3728.24	3724.18	3734.42	
3737.32	3736.84	3737.06	3737.76	3730.46	3727.40	3723.18	3713.64	3724.88	3716.78	3730.76	3726.26	3730.82	3731.06	3726.80	3732.94	
3735.40	3739.92	3740.60	3733.48	3741.52	3739.88	3736.04	3743.22	3737.08	3749.40	3745.48	3743.06	3749.48	3745.10	3745.80	3749.48	
3748.96	3622.10	3696.56	3733.24	3732.84	3734.58	3740.12	3747.06	3742.72	3734.58	3741.50	3740.44	3742.82	3744.26	3740.32	3738.96	
3739.70	3727.46	3717.98	3715.50	3735.04	3731.08	3730.88	3728.42	3726.18	3707.14	3726.08	3718.92	3728.24	3730.34	3749.32	3697.38	

*******************************************2025/07/23;15:06:33
Probe number 234
Concentration entered by User 5.27% (Compensated: 5.67% at temperature 25.6)
1301.18	1318.48	1329.40	1343.36	1357.52	1368.84	1383.72	1397.70	1416.78	1434.18	1454.28	1474.90	1496.68	1522.16	1538.94	1553.46	
1570.24	1602.30	1627.78	1666.54	1693.38	1723.54	1752.84	1784.06	1826.14	1863.68	1903.96	1958.10	2012.26	2062.80	2142.94	2235.48	
2336.32	2473.54	2621.16	2792.28	2977.48	3172.74	3348.72	3469.38	3543.28	3587.50	3618.04	3640.14	3649.92	3661.46	3672.18	3679.76	
3681.30	3716.68	3710.80	3715.84	3718.06	3723.26	3726.50	3721.32	3726.14	3731.06	3728.64	3728.56	3731.16	3726.30	3722.28	3732.50	
3735.46	3734.76	3734.86	3735.68	3728.04	3724.94	3720.72	3711.00	3722.08	3714.14	3728.26	3723.92	3728.34	3729.20	3724.46	3730.68	
3733.08	3737.82	3738.50	3731.82	3739.52	3737.70	3733.82	3741.28	3735.00	3747.26	3743.42	3740.82	3747.66	3743.30	3743.88	3747.36	
3747.12	3618.76	3693.88	3731.08	3730.32	3732.42	3738.00	3744.70	3740.56	3732.44	3739.32	3738.46	3740.72	3742.08	3738.08	3736.62	
3737.48	3724.98	3715.76	3713.34	3732.56	3728.96	3729.10	3725.90	3723.76	3704.52	3723.54	3716.54	3725.90	3728.02	3747.64	3694.62	

*******************************************2025/07/23;15:07:03
Probe number 235
Concentration entered by User 5.21% (Compensated: 5.60% at temperature 25.5)
1301.88	1318.74	1330.58	1344.00	1357.72	1369.40	1383.38	1398.66	1417.00	1434.32	1455.94	1476.56	1498.14	1523.34	1540.04	1554.62	
1568.52	1599.58	1628.44	1666.94	1691.64	1720.90	1749.44	1781.12	1820.46	1861.06	1905.80	1954.84	2015.96	2075.58	2152.90	2240.14	
2330.90	2463.90	2617.14	2802.02	2994.90	3186.42	3354.52	3476.32	3549.78	3591.78	3622.08	3643.92	3653.70	3664.92	3676.04	3682.86	
3684.52	3719.82	3713.92	3718.28	3720.76	3726.14	3729.02	3724.54	3728.84	3733.78	3730.78	3731.22	3734.06	3728.58	3725.02	3734.58	
3738.26	3737.28	3737.46	3738.00	3730.72	3727.92	3723.68	3714.10	3725.30	3716.84	3731.36	3726.96	3731.40	3731.86	3727.56	3733.34	
3736.10	3740.30	3740.98	3734.16	3742.08	3740.40	3736.56	3743.78	3737.70	3749.58	3746.02	3743.52	3749.66	3745.90	3746.32	3749.98	
3749.40	3622.74	3697.08	3733.56	3733.16	3735.04	3740.42	3747.24	3743.06	3735.10	3742.20	3741.00	3743.10	3744.34	3740.48	3739.10	
3739.90	3728.08	3718.92	3716.16	3735.18	3731.22	3731.50	3728.66	3726.52	3707.34	3726.36	3719.12	3729.06	3730.96	3749.86	3697.70	

*******************************************2025/07/23;15:07:33
Probe number 236
Concentration entered by User 5.17% (Compensated: 5.56% at temperature 25.5)
1300.22	1317.66	1329.32	1341.70	1356.00	1366.98	1381.72	1396.02	1414.18	1432.24	1454.64	1475.76	1496.24	1519.50	1534.44	1552.20	
1569.76	1599.60	1625.90	1667.80	1695.54	1720.28	1748.08	1779.16	1818.54	1857.30	1899.76	1950.94	2009.36	2061.96	2140.22	2234.34	
2330.82	2466.74	2625.24	2811.08	3003.52	3194.74	3360.70	3477.78	3546.58	3588.16	3618.92	3640.80	3649.46	3660.92	3670.82	3679.32	
3679.94	3715.58	3709.88	3714.56	3716.56	3721.98	3724.98	3720.18	3724.86	3730.04	3727.00	3727.12	3730.12	3724.82	3720.90	3730.96	
3734.32	3733.56	3733.84	3734.50	3727.02	3723.66	3719.52	3709.88	3720.86	3712.82	3727.08	3722.94	3727.06	3727.72	3723.56	3729.64	
3732.00	3736.68	3737.18	3730.40	3738.10	3736.80	3733.00	3740.36	3734.20	3746.56	3742.46	3739.98	3746.62	3742.40	3742.72	3746.72	
3745.94	3617.10	3692.58	3729.74	3729.28	3731.54	3736.60	3743.94	3739.74	3731.22	3738.32	3737.20	3739.44	3740.94	3736.82	3735.88	
3736.34	3723.64	3714.40	3711.98	3731.62	3727.68	3727.34	3724.66	3722.66	3703.32	3722.44	3715.08	3725.30	3726.58	3746.36	3692.98	

*******************************************2025/07/23;15:08:03
Probe number 237
Concentration entered by User 5.21% (Compensated: 5.60% at temperature 25.5)
1301.00	1318.16	1328.58	1342.34	1356.86	1368.62	1383.00	1396.46	1415.10	1433.24	1454.70	1475.60	1496.90	1521.70	1536.86	1552.76	
1569.02	1599.40	1627.10	1668.06	1694.30	1720.60	1747.60	1780.02	1822.54	1863.66	1908.12	1954.52	2013.80	2064.78	2143.16	2240.16	
2342.10	2474.00	2625.84	2801.74	2992.38	3187.28	3354.84	3474.72	3547.68	3590.34	3620.04	3642.96	3653.66	3664.58	3674.70	3682.18	
3682.98	3718.04	3712.42	3716.82	3719.30	3724.60	3727.56	3722.90	3727.52	3732.82	3729.28	3729.78	3732.36	3727.10	3723.50	3733.18	
3736.84	3736.14	3736.02	3736.34	3729.42	3726.10	3721.96	3712.26	3723.58	3715.50	3729.60	3725.06	3729.62	3730.18	3725.68	3731.80	
3734.18	3739.08	3739.40	3732.70	3740.58	3738.66	3735.20	3742.24	3736.26	3748.36	3744.56	3741.76	3748.50	3744.44	3745.02	3748.62	
3747.90	3620.82	3694.90	3731.96	3731.46	3733.38	3739.08	3745.86	3741.98	3733.58	3740.90	3739.16	3741.66	3743.16	3739.18	3737.88	
3738.22	3726.34	3716.90	3714.78	3733.70	3729.88	3730.02	3727.52	3725.14	3705.70	3724.88	3717.60	3727.60	3729.04	3748.62	3695.88	

*******************************************2025/07/23;15:08:33
Probe number 238
Concentration entered by User 5.15% (Compensated: 5.54% at temperature 25.4)
1301.94	1319.44	1330.86	1343.28	1357.34	1369.60	1384.74	1399.38	1418.20	1434.60	1455.92	1476.70	1497.82	1522.14	1537.02	1552.86	
1568.74	1600.70	1628.74	1667.52	1695.02	1721.40	1749.68	1784.14	1824.56	1863.26	1901.38	1950.06	2009.80	2067.70	2147.12	2237.12	
2335.52	2470.36	2627.58	2809.12	3002.36	3195.34	3364.88	3483.72	3552.78	3594.46	3624.12	3645.90	3655.94	3667.62	3677.76	3685.94	
3686.44	3721.36	3715.58	3720.24	3722.46	3727.72	3730.58	3725.98	3730.44	3735.40	3732.36	3732.56	3735.36	3730.18	3726.68	3735.94	
3739.64	3738.74	3739.14	3739.56	3731.92	3729.12	3725.02	3715.60	3726.84	3718.58	3732.24	3728.32	3732.38	3732.98	3728.82	3734.94	
3737.38	3741.60	3742.40	3735.40	3743.36	3741.48	3738.04	3745.28	3739.16	3750.80	3747.44	3744.84	3751.08	3746.98	3747.36	3751.36	
3750.92	3624.98	3698.82	3734.92	3734.76	3736.72	3741.90	3748.82	3744.56	3736.10	3743.26	3742.30	3744.50	3745.64	3742.26	3740.54	
3741.44	3729.34	3720.24	3717.70	3736.52	3732.76	3733.12	3729.82	3727.98	3709.06	3727.92	3720.86	3730.24	3732.06	3751.08	3699.18	

*******************************************2025/07/23;15:09:03
Probe number 239
Concentration entered by User 5.14% (Compensated: 5.53% at temperature 25.4)
1299.30	1316.96	1328.08	1340.60	1354.86	1367.24	1381.96	1396.94	1414.86	1433.88	1454.58	1474.72	1495.64	1520.14	1534.30	1549.28	
1565.30	1596.78	1625.52	1665.46	1692.64	1721.56	1746.98	1778.56	1818.50	1854.30	1898.42	1946.34	2000.74	2054.88	2134.28	2228.46	
2333.52	2472.52	2637.44	2821.10	3010.98	3202.54	3363.52	3479.64	3548.68	3590.30	3619.76	3643.24	3653.08	3663.50	3673.56	3680.58	
3681.18	3716.74	3710.88	3715.28	3717.54	3723.20	3726.18	3721.52	3725.88	3731.26	3728.16	3728.46	3731.20	3726.04	3722.06	3732.14	
3735.76	3734.68	3734.96	3735.48	3728.12	3724.74	3721.06	3711.04	3722.50	3714.40	3728.18	3724.28	3728.60	3729.24	3724.50	3730.62	
3733.28	3737.76	3738.32	3731.42	3739.80	3737.62	3734.22	3741.28	3735.14	3747.40	3743.62	3740.60	3747.44	3743.10	3743.96	3747.72	
3747.10	3619.18	3693.86	3730.70	3730.20	3732.68	3737.74	3744.94	3740.90	3732.34	3739.38	3738.42	3740.32	3741.88	3737.92	3736.58	
3737.46	3725.08	3715.78	3713.22	3732.78	3728.58	3728.64	3725.88	3723.88	3704.38	3723.58	3716.10	3725.88	3727.82	3747.40	3694.44	

*******************************************2025/07/23;15:09:33
Probe number 240
Concentration entered by User 5.15% (Compensated: 5.54% at temperature 25.5)
1301.20	1318.64	1330.26	1342.54	1355.96	1367.42	1383.16	1399.18	1417.10	1434.24	1454.18	1475.48	1497.38	1522.92	1537.14	1551.10	
1567.46	1598.98	1627.42	1667.14	1694.10	1721.22	1749.58	1780.02	1817.70	1853.66	1901.02	1953.74	2009.40	2061.34	2143.76	2240.96	
2340.52	2481.28	2633.20	2811.06	3006.68	3196.34	3363.28	3483.04	3550.70	3590.58	3620.18	3642.60	3650.90	3662.30	3672.20	3680.28	
3680.58	3716.30	3710.34	3714.80	3717.00	3722.40	3725.62	3720.56	3725.18	3730.60	3727.38	3727.68	3730.12	3725.24	3720.98	3731.46	
3734.62	3733.54	3734.00	3734.52	3726.82	3723.70	3719.56	3709.80	3721.00	3712.94	3727.36	3723.00	3727.48	3727.48	3723.58	3729.52	
3732.08	3736.78	3737.32	3730.16	3738.28	3736.22	3732.84	3740.30	3733.94	3746.38	3742.56	3739.48	3746.12	3741.98	3742.48	3746.64	
3746.06	3617.32	3692.28	3729.56	3729.30	3731.48	3736.62	3743.94	3739.40	3730.96	3738.34	3736.96	3739.60	3740.74	3736.70	3735.68	
3736.30	3724.04	3714.06	3711.68	3731.46	3727.24	3727.58	3724.50	3722.60	3702.54	3722.16	3714.88	3724.54	3726.48	3746.54	3693.04	

*******************************************2025/07/23;15:10:03
Probe number 241
Concentration entered by User 5.08% (Compensated: 5.47% at temperature 25.4)
1300.24	1317.60	1329.00	1341.70	1356.46	1368.16	1382.70	1397.62	1416.38	1433.10	1453.56	1475.06	1496.34	1520.60	1535.94	1552.28	
1568.90	1599.74	1626.84	1666.80	1694.40	1720.36	1747.44	1778.76	1816.18	1852.48	1896.84	1948.62	2005.68	2058.24	2139.70	2236.58	
2336.66	2472.66	2632.18	2817.58	3012.76	3210.96	3376.50	3491.30	3556.36	3595.32	3623.28	3644.42	3653.28	3664.18	3673.78	3681.36	
3681.82	3717.50	3711.02	3715.18	3717.98	3723.04	3726.04	3721.60	3725.42	3731.16	3728.24	3728.10	3731.10	3725.72	3721.56	3731.80	
3734.96	3734.22	3734.28	3735.02	3727.50	3724.32	3720.02	3710.26	3721.66	3713.44	3727.64	3723.48	3727.42	3728.46	3723.94	3729.72	
3732.30	3736.86	3737.56	3730.88	3738.84	3736.98	3733.42	3740.22	3734.60	3746.74	3742.72	3740.22	3746.56	3742.14	3743.00	3746.78	
3746.32	3617.48	3692.98	3730.02	3729.48	3731.86	3736.78	3744.10	3739.64	3731.32	3738.34	3737.26	3739.62	3741.16	3736.90	3735.64	
3736.56	3723.80	3714.68	3712.04	3731.66	3727.60	3727.46	3724.58	3722.62	3703.04	3722.50	3715.10	3725.20	3726.96	3746.44	3693.34	

*******************************************2025/07/23;15:10:33
Probe number 242
Concentration entered by User 5.10% (Compensated: 5.48% at temperature 25.4)
1301.08	1318.44	1329.32	1342.90	1357.84	1369.10	1383.60	1397.82	1416.10	1432.86	1454.58	1475.94	1497.82	1522.74	1539.06	1554.98	
1569.78	1600.18	1628.40	1668.98	1697.84	1724.28	1751.02	1780.46	1816.48	1857.30	1903.02	1950.50	2009.78	2065.78	2142.12	2231.70	
2329.34	2468.30	2627.14	2813.60	3010.10	3206.16	3374.26	3488.82	3556.84	3597.26	3625.86	3647.38	3656.84	3667.30	3677.06	3684.38	
3685.40	3720.32	3714.16	3718.60	3721.04	3726.48	3729.42	3725.04	3729.22	3734.36	3731.30	3731.34	3734.20	3729.30	3725.36	3735.12	
3738.36	3737.34	3737.76	3738.40	3731.00	3727.86	3723.90	3714.14	3725.64	3717.48	3731.26	3727.10	3730.88	3732.06	3727.24	3733.82	
3736.06	3740.30	3741.16	3734.18	3742.00	3740.20	3736.58	3744.12	3737.84	3749.84	3746.10	3743.50	3749.70	3745.80	3746.16	3750.32	
3749.64	3622.92	3697.50	3733.84	3733.42	3735.26	3740.50	3747.64	3743.42	3734.92	3742.20	3741.16	3743.06	3744.50	3740.54	3739.54	
3740.22	3728.10	3718.82	3716.52	3735.68	3731.58	3731.48	3728.60	3726.84	3707.32	3726.38	3719.58	3729.22	3730.42	3749.86	3697.68	

*******************************************2025/07/23;15:11:03
Probe number 243
Concentration entered by User 5.14% (Compensated: 5.52% at temperature 25.4)
1300.04	1317.50	1329.28	1342.60	1356.66	1368.10	1383.24	1398.40	1416.98	1432.56	1452.64	1474.34	1496.34	1519.94	1536.40	1551.68	
1566.86	1596.82	1625.32	1666.88	1694.20	1721.46	1749.24	1781.14	1819.40	1856.52	1902.08	1953.72	2006.44	2064.12	2144.52	2229.60	
2323.90	2462.24	2624.04	2815.74	3009.72	3200.22	3365.66	3482.48	3552.44	3591.18	3620.74	3641.74	3650.70	3662.34	3672.62	3680.52	
3680.64	3716.36	3710.56	3714.50	3717.06	3722.78	3725.68	3721.04	3725.42	3730.86	3727.96	3727.88	3730.24	3725.08	3721.20	3731.48	
3734.52	3734.18	3733.90	3734.28	3727.12	3723.76	3719.56	3709.94	3721.02	3713.00	3726.94	3722.88	3727.22	3728.02	3723.46	3729.70	
3732.36	3736.72	3737.20	3730.52	3738.52	3736.64	3732.90	3740.30	3733.94	3746.32	3742.62	3739.60	3746.26	3742.18	3742.74	3747.00	
3746.32	3617.50	3692.82	3729.58	3729.50	3731.50	3736.84	3744.02	3739.52	3731.22	3738.64	3737.18	3739.60	3740.88	3736.74	3735.60	
3736.42	3724.02	3714.46	3712.20	3731.66	3727.48	3727.68	3724.44	3722.74	3702.90	3722.24	3715.04	3725.14	3726.62	3746.54	3693.12	

*******************************************2025/07/23;15:11:33
Probe number 244
Concentration entered by User 5.21% (Compensated: 5.59% at temperature 25.4)
1301.46	1319.24	1330.46	1343.06	1357.52	1369.64	1384.70	1399.70	1417.40	1434.86	1455.52	1475.54	1498.22	1523.56	1538.36	1552.96	
1567.92	1598.58	1629.78	1669.34	1694.30	1721.22	1749.86	1783.22	1821.00	1855.38	1901.86	1955.60	2012.52	2068.20	2146.88	2240.32	
2333.38	2468.88	2622.42	2800.96	2992.60	3185.18	3355.22	3477.54	3547.12	3588.56	3618.66	3641.62	3651.00	3662.88	3673.08	3681.58	
3682.14	3717.54	3711.32	3715.54	3718.50	3724.02	3727.06	3722.56	3727.12	3732.48	3729.04	3729.70	3732.42	3727.04	3723.10	3733.26	
3736.58	3735.82	3736.02	3736.42	3728.94	3725.68	3722.02	3712.32	3723.70	3715.48	3729.38	3725.00	3729.26	3730.06	3725.34	3731.66	
3734.36	3738.62	3739.20	3732.30	3740.40	3738.88	3735.04	3742.18	3735.92	3748.26	3744.60	3741.60	3748.12	3743.90	3744.50	3748.76	
3747.88	3620.68	3694.90	3732.00	3731.86	3733.68	3738.54	3745.82	3741.56	3733.00	3740.68	3739.34	3741.54	3742.76	3738.72	3737.44	
3738.52	3726.30	3716.58	3714.38	3733.70	3729.60	3729.72	3726.62	3724.68	3705.82	3724.16	3717.28	3727.28	3728.68	3748.30	3695.58	

*******************************************2025/07/23;15:12:02
Probe number 245
Concentration entered by User 5.18% (Compensated: 5.57% at temperature 25.5)
1301.58	1318.70	1329.42	1343.22	1357.74	1369.92	1384.38	1398.54	1416.90	1434.28	1455.14	1476.10	1497.12	1520.52	1535.78	1550.26	
1565.74	1597.72	1625.40	1667.08	1695.12	1720.18	1746.24	1779.76	1819.44	1859.96	1904.06	1956.22	2014.52	2065.96	2143.10	2237.68	
2334.28	2466.16	2614.44	2796.46	2997.64	3191.40	3360.46	3481.44	3551.32	3591.88	3620.54	3642.10	3651.40	3662.40	3672.00	3679.62	
3680.56	3716.54	3709.94	3714.42	3716.36	3722.14	3725.40	3720.70	3724.88	3730.46	3726.92	3727.44	3730.36	3725.16	3721.54	3731.46	
3734.36	3733.82	3734.34	3734.22	3727.12	3724.04	3719.78	3710.20	3721.52	3713.18	3727.40	3723.00	3727.44	3728.10	3723.48	3729.78	
3732.36	3736.98	3737.38	3730.26	3738.44	3736.74	3732.74	3740.24	3734.04	3746.46	3742.72	3739.78	3746.60	3742.16	3742.78	3746.92	
3746.28	3617.22	3692.70	3729.74	3729.76	3731.60	3736.64	3744.18	3739.64	3731.20	3738.52	3737.26	3739.58	3740.76	3737.00	3735.32	
3736.40	3723.92	3714.66	3712.06	3731.78	3727.80	3727.98	3724.72	3722.58	3703.26	3722.38	3714.98	3725.12	3726.46	3746.54	3693.12	

*******************************************2025/07/23;15:12:32
Probe number 246
Concentration entered by User 5.19% (Compensated: 5.58% at temperature 25.5)
1301.48	1318.96	1330.32	1343.00	1357.12	1368.24	1383.64	1398.02	1417.24	1434.62	1454.84	1474.90	1497.10	1522.48	1538.62	1553.12	
1567.46	1598.08	1626.86	1666.88	1694.38	1720.20	1749.84	1781.84	1818.54	1859.80	1909.46	1958.76	2012.00	2062.92	2134.68	2233.30	
2331.14	2461.68	2616.10	2798.24	2991.36	3185.26	3360.30	3479.96	3549.24	3589.70	3619.00	3641.18	3650.76	3661.44	3671.48	3678.96	
3679.88	3715.82	3709.72	3713.68	3716.24	3721.74	3724.80	3720.32	3724.76	3730.56	3726.82	3727.44	3729.92	3724.64	3720.86	3730.94	
3734.24	3733.50	3733.60	3734.02	3726.58	3723.50	3719.14	3709.54	3721.34	3713.00	3726.78	3722.80	3727.06	3727.78	3723.14	3729.18	
3731.86	3736.64	3737.14	3730.00	3738.24	3736.48	3732.48	3740.34	3733.60	3746.04	3742.40	3739.40	3746.12	3741.70	3742.52	3746.26	
3745.90	3616.94	3692.24	3729.58	3729.44	3731.10	3736.40	3743.78	3739.26	3730.86	3738.28	3737.18	3739.16	3740.44	3736.60	3735.00	
3736.04	3723.80	3714.26	3711.96	3731.48	3727.20	3727.40	3724.72	3722.42	3702.46	3722.02	3714.38	3724.58	3726.30	3746.26	3692.80	

*******************************************2025/07/23;15:13:02
Probe number 247
Concentration entered by User 5.16% (Compensated: 5.55% at temperature 25.4)
1300.82	1318.58	1330.20	1343.50	1356.70	1368.64	1383.98	1398.44	1416.76	1433.50	1455.12	1476.16	1496.08	1519.92	1536.08	1552.22	
1566.90	1598.48	1627.42	1668.88	1694.96	1722.28	1750.20	1779.06	1818.38	1859.28	1906.12	1957.46	2011.62	2064.12	2144.42	2230.72	
2329.74	2469.06	2617.56	2804.64	3007.76	3200.10	3360.68	3476.42	3548.94	3590.46	3619.50	3642.38	3652.12	3662.56	3672.56	3680.30	
3681.12	3716.30	3711.02	3715.24	3718.14	3723.40	3727.10	3722.16	3726.52	3731.78	3728.92	3728.46	3731.68	3726.74	3722.86	3733.28	
3736.32	3735.64	3735.76	3736.30	3728.78	3725.28	3721.24	3711.78	3723.22	3715.14	3729.04	3724.82	3728.70	3729.40	3724.98	3731.22	
3734.14	3738.38	3738.86	3731.92	3739.88	3737.98	3734.48	3741.74	3735.66	3747.98	3744.12	3741.62	3747.98	3743.44	3744.26	3748.26	
3747.66	3619.40	3694.62	3731.22	3730.98	3733.04	3738.42	3745.46	3741.20	3732.54	3740.04	3739.00	3741.18	3742.20	3738.54	3737.00	
3737.74	3725.64	3716.08	3713.90	3733.16	3729.32	3729.22	3726.38	3724.50	3704.86	3723.86	3716.92	3726.56	3728.24	3747.70	3695.20	

*******************************************2025/07/23;15:13:33
Probe number 248
Concentration entered by User 5.17% (Compensated: 5.55% at temperature 25.4)
1300.84	1318.22	1329.78	1342.76	1357.04	1369.28	1383.44	1397.68	1417.54	1434.96	1456.20	1475.78	1496.14	1522.28	1537.84	1552.12	
1567.94	1600.18	1628.30	1671.16	1697.24	1720.40	1747.30	1779.28	1821.36	1862.08	1908.86	1959.60	2016.06	2070.24	2147.60	2239.78	
2340.14	2470.14	2608.20	2786.68	2993.22	3192.76	3363.68	3483.68	3554.60	3594.74	3623.94	3646.30	3655.78	3666.94	3676.50	3684.20	
3684.86	3719.86	3713.72	3717.40	3720.50	3725.90	3729.28	3724.60	3728.60	3734.02	3730.64	3731.10	3733.32	3728.52	3724.98	3734.96	
3737.92	3737.20	3737.26	3737.78	3730.60	3727.46	3723.24	3713.86	3725.32	3717.44	3731.08	3726.54	3730.80	3731.36	3727.12	3733.16	
3735.94	3740.28	3740.72	3733.84	3742.24	3739.96	3736.58	3743.66	3737.64	3749.72	3746.16	3743.16	3749.48	3745.58	3746.20	3750.00	
3749.44	3622.92	3697.12	3733.44	3733.20	3735.22	3740.40	3747.16	3743.20	3734.72	3742.08	3740.68	3743.02	3744.16	3740.52	3739.12	
3739.86	3727.80	3718.50	3716.16	3735.34	3731.66	3731.24	3728.12	3726.38	3707.14	3726.14	3719.00	3728.88	3730.02	3749.66	3697.84	

*******************************************2025/07/23;15:14:02
Probe number 249
Concentration entered by User 5.17% (Compensated: 5.55% at temperature 25.4)
1301.56	1319.54	1330.48	1342.92	1356.54	1368.20	1383.68	1399.08	1416.78	1433.60	1454.54	1476.66	1497.64	1520.52	1536.80	1551.50	
1568.32	1599.28	1626.96	1668.80	1699.14	1724.34	1753.18	1782.30	1820.96	1859.08	1903.18	1953.66	2007.20	2058.76	2134.38	2230.60	
2333.32	2469.28	2620.76	2801.58	2995.24	3195.60	3363.44	3478.64	3545.74	3587.82	3617.92	3640.02	3649.44	3660.68	3671.48	3678.98	
3679.86	3715.36	3710.20	3713.94	3716.22	3722.32	3725.56	3720.52	3725.08	3730.44	3727.42	3727.22	3730.12	3725.18	3721.18	3731.44	
3734.52	3733.94	3733.98	3734.06	3726.78	3723.74	3719.68	3710.14	3721.36	3713.44	3727.50	3722.90	3727.06	3727.74	3723.32	3729.70	
3732.42	3736.74	3737.20	3730.70	3738.52	3736.58	3733.02	3740.38	3734.14	3746.82	3742.74	3739.72	3746.24	3742.18	3742.82	3747.08	
3746.18	3617.48	3693.00	3730.00	3729.56	3731.40	3736.54	3744.10	3739.52	3731.24	3738.62	3737.24	3739.66	3740.82	3736.88	3735.72	
3736.44	3724.10	3714.48	3712.32	3731.66	3727.48	3727.64	3724.90	3722.82	3703.12	3722.48	3715.02	3725.26	3726.52	3746.26	3693.40	

*******************************************2025/07/23;15:14:33
Probe number 250
Concentration entered by User 5.13% (Compensated: 5.52% at temperature 25.4)
1301.94	1319.84	1331.16	1344.04	1358.68	1369.64	1384.76	1399.96	1418.18	1434.92	1455.56	1477.08	1498.98	1522.52	1537.96	1554.20	
1569.48	1601.04	1628.36	1669.10	1696.20	1725.96	1752.74	1784.56	1826.20	1864.88	1908.44	1959.82	2016.66	2063.12	2140.12	2235.94	
2345.86	2475.60	2629.16	2819.16	3006.62	3198.00	3368.40	3486.46	3558.62	3599.10	3626.94	3649.62	3658.72	3669.24	3679.42	3686.64	
3687.62	3722.16	3716.70	3720.88	3722.84	3728.26	3731.68	3727.36	3731.54	3736.42	3733.46	3733.66	3736.06	3731.44	3727.84	3737.36	
3740.76	3740.02	3740.06	3740.54	3733.24	3730.44	3726.36	3716.98	3727.86	3719.82	3733.50	3729.20	3733.46	3734.16	3729.82	3735.88	
3738.52	3742.92	3743.42	3736.56	3744.44	3742.60	3739.24	3746.36	3740.38	3752.30	3748.44	3745.68	3751.92	3747.88	3748.52	3752.56	
3751.82	3626.94	3700.16	3736.24	3735.94	3738.06	3743.00	3749.60	3745.80	3737.40	3744.50	3743.14	3745.38	3746.96	3743.08	3741.68	
3742.46	3730.80	3721.52	3719.16	3737.92	3734.16	3734.20	3731.32	3729.40	3710.16	3729.04	3721.76	3731.56	3733.24	3752.22	3700.84	

*******************************************2025/07/23;15:15:03
Probe number 251
Concentration entered by User 5.19% (Compensated: 5.58% at temperature 25.4)
1300.70	1318.22	1328.94	1341.84	1355.94	1368.52	1382.96	1397.54	1415.12	1432.22	1453.78	1474.98	1496.80	1521.12	1536.90	1551.60	
1566.50	1597.62	1624.56	1666.46	1695.36	1721.74	1748.30	1780.74	1821.80	1861.74	1903.10	1952.84	2009.88	2062.14	2135.56	2232.00	
2333.14	2467.60	2617.80	2803.74	2994.34	3187.00	3359.50	3477.58	3546.92	3587.64	3616.98	3641.00	3650.00	3662.24	3672.20	3679.70	
3680.30	3715.78	3710.06	3714.38	3716.40	3722.20	3725.74	3721.24	3725.68	3731.02	3727.66	3728.08	3730.52	3725.66	3721.64	3731.74	
3735.04	3734.38	3734.60	3734.80	3727.62	3724.04	3720.42	3710.22	3721.98	3713.86	3728.04	3723.58	3727.44	3728.58	3723.94	3730.38	
3732.56	3737.22	3737.74	3730.62	3739.18	3737.06	3733.66	3740.72	3734.64	3746.94	3743.40	3739.96	3746.66	3742.64	3743.18	3747.38	
3746.94	3618.50	3693.18	3730.46	3730.06	3732.02	3737.30	3744.42	3740.16	3731.82	3739.06	3737.76	3740.12	3741.26	3737.26	3736.26	
3736.96	3724.62	3714.78	3712.62	3732.18	3728.36	3728.36	3725.24	3723.24	3703.80	3722.86	3715.78	3725.40	3727.20	3746.88	3694.04	

*******************************************2025/07/23;15:15:33
Probe number 252
Concentration entered by User 5.19% (Compensated: 5.57% at temperature 25.3)
1301.32	1318.72	1329.34	1341.96	1356.60	1368.02	1382.66	1397.28	1416.34	1433.44	1454.46	1477.06	1497.62	1521.74	1536.94	1552.30	
1566.82	1597.82	1627.70	1670.94	1698.40	1723.08	1749.70	1784.16	1822.08	1858.90	1902.00	1956.02	2016.64	2071.00	2145.68	2239.98	
2334.66	2466.42	2618.54	2802.14	2995.98	3190.14	3358.22	3477.18	3547.70	3590.70	3620.90	3643.52	3653.10	3664.32	3674.52	3681.94	
3682.80	3717.80	3711.88	3716.06	3718.76	3723.88	3727.90	3723.02	3727.64	3732.84	3729.58	3729.64	3732.40	3727.70	3724.14	3734.14	
3737.34	3736.86	3736.84	3736.94	3729.66	3726.48	3722.52	3713.00	3724.68	3716.34	3730.26	3725.92	3729.78	3730.62	3726.26	3732.34	
3735.40	3739.24	3739.70	3733.14	3741.18	3739.26	3735.78	3742.70	3736.76	3748.92	3745.36	3742.50	3748.70	3744.46	3745.36	3749.50	
3748.80	3621.94	3696.16	3732.62	3732.44	3734.26	3739.52	3746.60	3742.14	3733.76	3741.20	3739.78	3742.04	3743.66	3739.64	3738.20	
3739.18	3726.68	3717.76	3715.36	3734.66	3730.72	3730.58	3727.56	3725.62	3706.32	3725.18	3717.86	3727.90	3729.46	3748.80	3696.82	

*******************************************2025/07/23;15:16:03
Probe number 253
Concentration entered by User 5.16% (Compensated: 5.54% at temperature 25.3)
1301.40	1318.68	1329.54	1341.92	1355.58	1368.70	1384.40	1398.78	1415.82	1433.40	1454.00	1475.66	1497.30	1521.90	1537.60	1553.30	
1568.78	1599.26	1626.76	1665.66	1693.36	1719.98	1748.32	1780.46	1820.46	1858.76	1901.36	1950.62	2006.00	2061.60	2139.22	2238.50	
2337.84	2466.82	2616.80	2810.80	2999.08	3195.86	3363.02	3479.98	3549.16	3591.16	3620.80	3643.20	3652.84	3663.76	3673.66	3681.72	
3682.06	3717.28	3711.52	3715.60	3718.24	3723.62	3726.86	3722.72	3726.80	3731.88	3728.66	3728.90	3731.62	3726.74	3722.54	3732.76	
3736.00	3735.52	3735.70	3735.60	3728.12	3724.92	3720.80	3711.54	3723.06	3714.84	3728.92	3724.56	3728.36	3729.18	3724.96	3730.92	
3734.04	3737.98	3738.60	3731.76	3739.72	3737.52	3734.62	3741.42	3735.10	3747.72	3744.24	3741.12	3747.42	3743.50	3743.94	3748.16	
3747.72	3620.00	3694.34	3731.14	3730.86	3733.32	3738.10	3745.56	3741.18	3732.52	3739.86	3738.56	3740.84	3741.92	3738.14	3737.40	
3737.76	3725.18	3716.22	3713.48	3733.16	3728.78	3729.08	3725.94	3724.20	3704.66	3723.56	3716.14	3726.16	3728.04	3747.76	3695.04	

*******************************************2025/07/23;15:16:33
Probe number 254
Concentration entered by User 5.20% (Compensated: 5.57% at temperature 25.3)
1299.30	1316.18	1328.04	1341.30	1355.52	1367.72	1382.84	1398.20	1416.04	1432.78	1453.52	1473.84	1494.96	1520.00	1535.32	1550.26	
1566.14	1597.26	1625.58	1666.82	1694.10	1721.10	1746.44	1776.12	1816.16	1856.70	1903.78	1952.82	2003.36	2054.28	2135.50	2228.68	
2331.04	2469.82	2618.36	2797.96	2993.46	3190.96	3357.50	3475.40	3545.74	3586.20	3616.24	3639.10	3648.94	3659.92	3670.40	3678.62	
3679.34	3714.78	3709.04	3713.36	3715.48	3721.38	3724.88	3720.56	3725.06	3730.16	3727.20	3727.26	3729.96	3725.04	3721.04	3731.22	
3734.92	3733.90	3733.96	3734.40	3726.48	3723.38	3719.52	3709.48	3721.28	3713.12	3727.04	3722.72	3726.56	3727.62	3723.12	3729.34	
3732.20	3736.78	3737.06	3730.02	3738.16	3736.24	3732.82	3739.82	3733.68	3746.22	3742.64	3739.60	3745.88	3741.38	3742.70	3746.56	
3746.16	3617.04	3692.12	3729.56	3729.52	3731.22	3736.46	3743.88	3739.20	3730.90	3738.12	3736.80	3739.16	3740.80	3736.60	3735.08	
3736.08	3723.56	3714.12	3711.90	3731.26	3727.18	3727.28	3724.60	3722.10	3702.70	3722.20	3714.54	3724.42	3726.06	3746.24	3692.48	

*******************************************2025/07/23;15:17:03
Probe number 255
Concentration entered by User 5.19% (Compensated: 5.56% at temperature 25.3)
1300.72	1318.18	1329.28	1342.16	1355.28	1366.82	1381.28	1396.58	1414.34	1432.18	1454.06	1474.16	1495.72	1520.72	1535.90	1552.50	
1567.42	1597.56	1627.44	1666.98	1693.16	1721.44	1749.84	1781.70	1817.36	1856.42	1900.48	1954.60	2008.52	2057.34	2129.42	2226.20	
2331.78	2469.94	2619.04	2798.20	2989.70	3189.46	3361.72	3478.90	3547.80	3589.54	3618.08	3640.42	3649.96	3661.52	3671.86	3680.02	
3680.36	3715.70	3709.80	3713.98	3716.40	3721.96	3725.84	3721.30	3725.42	3730.30	3727.50	3727.62	3730.38	3725.30	3721.58	3731.70	
3734.82	3734.24	3734.46	3734.34	3727.20	3723.72	3719.98	3710.20	3721.76	3713.76	3727.56	3723.32	3726.82	3727.96	3724.00	3730.18	
3732.82	3737.32	3737.46	3730.46	3738.82	3737.08	3733.48	3740.40	3734.36	3746.80	3743.14	3739.88	3746.38	3742.26	3743.18	3747.40	
3746.76	3617.58	3692.90	3730.24	3729.94	3731.96	3737.34	3744.36	3739.96	3731.40	3738.92	3737.32	3739.66	3741.34	3737.42	3735.56	
3736.62	3724.52	3715.18	3713.00	3732.00	3728.04	3727.88	3724.68	3723.14	3703.26	3722.60	3715.04	3725.08	3726.70	3746.74	3693.82	

*******************************************2025/07/23;15:17:33
Probe number 256
Concentration entered by User 5.12% (Compensated: 5.50% at temperature 25.3)
1300.96	1318.48	1330.24	1344.32	1357.66	1368.84	1383.38	1398.84	1417.58	1435.02	1455.02	1476.28	1497.14	1521.50	1536.42	1552.30	
1567.44	1598.50	1626.28	1667.34	1693.76	1719.32	1749.62	1785.82	1827.12	1860.86	1901.66	1952.26	2015.18	2072.40	2145.68	2233.64	
2332.14	2469.84	2618.70	2796.70	2999.28	3204.54	3374.58	3483.60	3550.66	3591.44	3621.32	3643.12	3653.20	3664.76	3674.90	3682.76	
3682.98	3718.22	3712.14	3716.32	3718.94	3724.24	3727.98	3723.48	3727.24	3732.58	3729.46	3729.84	3732.58	3727.60	3724.06	3733.60	
3737.24	3736.30	3736.54	3736.92	3729.36	3726.06	3722.18	3712.48	3724.32	3716.18	3730.24	3725.86	3729.42	3730.60	3726.00	3732.24	
3735.20	3739.32	3739.64	3732.80	3741.00	3738.90	3735.44	3742.50	3736.78	3749.00	3745.00	3742.10	3748.58	3744.38	3745.20	3749.70	
3748.70	3621.70	3695.66	3732.42	3732.54	3734.22	3739.52	3746.38	3741.92	3733.68	3741.06	3739.62	3742.14	3743.18	3739.18	3737.90	
3738.72	3726.72	3717.36	3714.94	3734.24	3730.42	3730.28	3727.16	3725.14	3705.88	3725.12	3717.70	3727.18	3729.22	3748.96	3696.50	

*******************************************2025/07/23;15:18:03
Probe number 257
Concentration entered by User 5.16% (Compensated: 5.53% at temperature 25.2)
1299.36	1317.06	1327.96	1341.18	1354.62	1366.54	1382.92	1398.54	1416.34	1433.68	1453.94	1473.60	1493.98	1518.02	1534.36	1549.62	
1564.96	1595.80	1623.90	1662.42	1689.72	1719.16	1746.46	1776.52	1812.62	1853.00	1897.82	1950.66	2009.20	2056.72	2129.74	2225.02	
2329.66	2470.68	2625.16	2803.66	2994.66	3194.80	3366.54	3483.70	3552.84	3594.60	3622.60	3643.54	3653.16	3664.14	3673.76	3681.50	
3681.96	3716.94	3711.14	3714.82	3716.98	3723.12	3726.42	3721.92	3726.44	3731.34	3728.02	3728.18	3731.02	3725.80	3722.26	3732.12	
3735.58	3734.96	3735.32	3735.10	3727.50	3724.44	3720.46	3710.92	3722.54	3714.52	3728.24	3723.70	3727.58	3728.38	3723.86	3730.54	
3733.36	3737.78	3737.94	3731.06	3739.26	3737.02	3733.54	3740.98	3734.82	3747.28	3743.54	3740.34	3746.66	3742.50	3743.50	3747.64	
3747.16	3618.30	3693.70	3730.72	3730.34	3732.40	3737.60	3744.70	3740.22	3732.00	3739.28	3737.96	3740.14	3741.66	3737.42	3736.22	
3737.14	3725.06	3715.50	3713.06	3732.52	3728.60	3728.30	3725.14	3723.60	3703.96	3723.10	3715.54	3725.50	3727.18	3747.02	3694.14	

*******************************************2025/07/23;15:18:32
Probe number 258
Concentration entered by User 5.10% (Compensated: 5.47% at temperature 25.2)
1300.96	1318.24	1329.56	1342.14	1356.48	1368.64	1383.64	1398.16	1415.96	1433.16	1454.18	1474.68	1495.52	1519.52	1535.24	1550.54	
1565.36	1596.94	1625.50	1666.32	1693.34	1720.04	1747.50	1778.58	1818.30	1856.90	1902.12	1953.68	2007.42	2059.92	2139.26	2235.28	
2334.32	2471.16	2631.16	2808.38	3000.22	3205.00	3376.78	3493.06	3558.74	3597.56	3626.36	3647.10	3655.92	3667.02	3676.86	3684.42	
3684.92	3719.60	3714.08	3717.80	3720.06	3725.52	3728.98	3724.74	3728.90	3734.08	3730.78	3730.72	3733.56	3728.74	3724.96	3734.86	
3738.10	3737.24	3737.16	3737.52	3730.30	3726.80	3723.08	3713.58	3724.74	3717.06	3730.66	3726.50	3729.96	3730.74	3726.66	3732.92	
3735.56	3739.76	3740.26	3733.42	3741.22	3739.60	3736.32	3742.80	3737.14	3749.54	3745.46	3742.52	3748.92	3744.68	3745.74	3749.64	
3749.52	3622.00	3695.88	3732.82	3732.52	3734.78	3739.94	3746.66	3742.52	3734.18	3741.62	3740.00	3742.28	3743.60	3739.66	3738.38	
3739.30	3727.06	3717.78	3715.44	3734.66	3730.40	3730.74	3727.58	3725.80	3706.64	3725.38	3718.18	3727.60	3729.46	3749.18	3696.60	

*******************************************2025/07/23;15:19:03
Probe number 259
Concentration entered by User 5.16% (Compensated: 5.52% at temperature 25.1)
1302.00	1318.96	1329.66	1342.40	1357.06	1368.94	1383.38	1398.28	1416.52	1433.50	1454.12	1474.44	1496.24	1520.66	1536.66	1551.78	
1567.10	1599.16	1628.28	1668.50	1695.88	1723.88	1753.24	1783.14	1818.94	1853.68	1895.92	1950.26	2009.98	2063.94	2143.02	2241.06	
2339.10	2468.08	2619.86	2811.62	3006.62	3197.54	3361.60	3480.14	3549.74	3590.68	3620.46	3643.00	3653.46	3665.06	3674.92	3682.04	
3682.92	3717.94	3712.10	3716.46	3718.78	3724.50	3728.20	3723.74	3727.82	3732.92	3729.60	3730.10	3733.06	3727.96	3724.28	3734.36	
3737.86	3736.88	3737.04	3737.16	3729.72	3726.48	3722.76	3712.86	3724.78	3716.62	3730.50	3725.96	3729.88	3730.56	3726.38	3732.60	
3735.46	3739.50	3740.14	3733.30	3741.48	3739.34	3736.04	3743.34	3737.02	3749.28	3745.68	3742.24	3748.64	3744.60	3745.54	3749.80	
3749.10	3622.08	3695.74	3732.56	3732.84	3734.42	3739.90	3746.74	3742.50	3734.16	3741.52	3740.18	3742.46	3743.56	3739.54	3738.36	
3739.18	3727.06	3718.16	3715.42	3734.96	3730.64	3730.44	3727.70	3725.98	3706.48	3725.28	3717.98	3728.02	3729.48	3749.32	3696.72	

*******************************************2025/07/23;15:19:33
Probe number 260
Concentration entered by User 5.20% (Compensated: 5.56% at temperature 25.2)
1300.58	1317.96	1330.02	1341.74	1355.24	1367.34	1382.40	1397.18	1415.84	1432.20	1452.66	1473.44	1495.10	1519.38	1535.20	1551.70	
1568.06	1598.28	1627.98	1669.40	1694.48	1719.76	1746.62	1776.84	1814.48	1852.76	1896.70	1948.08	2008.60	2062.48	2135.52	2234.22	
2337.84	2468.92	2611.82	2794.56	2992.80	3188.90	3357.14	3477.18	3548.66	3589.74	3620.34	3642.02	3652.90	3663.58	3673.66	3681.76	
3682.54	3716.82	3711.40	3714.84	3717.56	3723.30	3726.94	3722.66	3726.48	3732.12	3728.54	3728.60	3731.36	3726.84	3722.90	3732.82	
3736.12	3735.30	3735.52	3735.44	3728.32	3724.94	3721.32	3712.12	3723.22	3715.26	3729.02	3724.40	3728.08	3729.10	3725.02	3731.22	
3734.40	3738.48	3738.54	3731.38	3739.56	3737.74	3734.28	3741.50	3735.44	3747.50	3744.08	3740.86	3747.08	3743.04	3744.08	3748.38	
3747.68	3619.54	3693.94	3730.80	3731.26	3732.72	3738.14	3745.04	3740.74	3732.30	3739.66	3738.14	3740.50	3741.98	3737.86	3736.88	
3737.38	3725.08	3715.72	3713.34	3733.22	3728.48	3728.78	3725.56	3723.70	3704.12	3723.48	3716.16	3725.80	3727.80	3747.58	3694.62	

*******************************************2025/07/23;15:20:03
Probe number 261
Concentration entered by User 5.23% (Compensated: 5.60% at temperature 25.2)
1300.38	1317.48	1328.16	1341.74	1356.46	1368.04	1382.14	1396.30	1416.36	1433.12	1452.86	1473.30	1494.94	1519.86	1536.08	1551.30	
1567.50	1598.02	1623.38	1662.02	1691.08	1720.78	1749.08	1776.34	1816.90	1857.70	1901.30	1952.38	2012.32	2062.86	2141.74	2235.86	
2331.72	2461.86	2613.34	2796.12	2987.46	3182.24	3353.06	3471.80	3545.58	3588.20	3619.00	3641.72	3651.24	3661.98	3672.54	3680.64	
3681.32	3716.22	3710.34	3714.26	3716.88	3722.52	3726.14	3721.86	3726.04	3731.46	3727.64	3728.18	3731.08	3726.08	3722.32	3732.52	
3735.86	3734.90	3735.14	3734.98	3728.08	3724.74	3720.98	3711.52	3723.36	3715.32	3729.12	3724.44	3728.14	3729.32	3725.10	3731.02	
3733.90	3738.06	3738.32	3731.42	3739.78	3737.74	3733.98	3741.42	3735.34	3747.64	3743.96	3740.60	3746.82	3742.88	3743.68	3748.16	
3747.36	3619.36	3694.18	3730.62	3730.52	3732.66	3737.86	3745.22	3740.92	3732.14	3739.52	3738.28	3740.54	3742.10	3737.60	3736.62	
3737.38	3724.86	3716.18	3713.66	3733.10	3728.74	3728.70	3725.32	3724.02	3704.06	3723.72	3716.00	3725.84	3727.32	3747.44	3694.54	

*******************************************2025/07/23;15:20:33
Probe number 262
Concentration entered by User 5.22% (Compensated: 5.60% at temperature 25.3)
1300.42	1318.24	1329.80	1340.94	1355.74	1368.34	1383.10	1397.10	1415.24	1433.14	1454.16	1473.54	1494.46	1520.04	1536.86	1551.92	
1567.86	1597.76	1624.00	1664.04	1693.72	1717.82	1745.20	1779.38	1822.48	1858.08	1900.20	1952.08	2009.70	2059.08	2133.78	2233.52	
2332.56	2464.50	2620.96	2802.34	2991.86	3187.58	3353.40	3469.06	3542.18	3585.64	3617.36	3639.80	3650.88	3662.30	3672.54	3680.94	
3681.62	3716.84	3711.06	3714.58	3716.62	3722.70	3726.40	3722.12	3726.44	3731.62	3728.40	3728.74	3731.42	3726.38	3723.04	3732.70	
3736.12	3735.26	3736.02	3735.86	3728.42	3724.94	3721.30	3711.60	3723.40	3715.24	3729.00	3724.76	3728.44	3729.20	3724.96	3731.16	
3734.48	3738.26	3738.40	3731.38	3739.92	3738.26	3734.40	3741.38	3735.46	3747.76	3744.26	3740.84	3747.44	3743.24	3744.02	3748.44	
3747.96	3619.48	3694.32	3731.34	3731.20	3733.28	3738.12	3745.42	3740.90	3732.42	3739.66	3738.48	3740.50	3742.12	3738.14	3736.74	
3737.88	3725.44	3716.52	3713.82	3733.22	3729.16	3729.02	3725.70	3724.32	3704.04	3723.54	3716.16	3726.28	3728.14	3747.98	3695.10	

*******************************************2025/07/23;15:21:03
Probe number 263
Concentration entered by User 5.25% (Compensated: 5.62% at temperature 25.2)
1299.44	1316.80	1329.08	1342.58	1355.82	1366.54	1381.44	1396.52	1415.30	1432.80	1453.96	1474.54	1495.62	1518.78	1534.26	1550.16	
1567.08	1598.22	1624.92	1666.54	1694.74	1722.50	1749.42	1781.26	1819.70	1860.54	1906.66	1958.00	2007.46	2060.44	2139.20	2229.82	
2336.84	2478.14	2627.30	2806.90	2993.26	3178.04	3345.82	3470.96	3542.74	3584.90	3616.64	3638.82	3648.84	3660.24	3671.00	3679.22	
3679.28	3715.54	3710.06	3713.32	3716.36	3722.42	3726.34	3721.96	3725.76	3731.32	3728.36	3728.30	3730.88	3726.22	3722.38	3732.36	
3736.04	3734.96	3735.16	3735.38	3728.04	3724.92	3721.28	3711.20	3723.02	3714.62	3728.66	3724.28	3728.04	3728.94	3724.74	3731.06	
3733.98	3737.92	3738.38	3731.38	3739.92	3737.32	3733.98	3741.44	3735.26	3747.60	3743.74	3740.44	3747.24	3742.84	3744.02	3748.42	
3747.50	3619.18	3694.08	3731.12	3730.74	3733.02	3738.08	3745.24	3740.80	3732.16	3739.70	3738.28	3740.44	3741.60	3737.92	3736.54	
3737.58	3724.94	3716.30	3713.30	3732.96	3728.70	3728.82	3725.54	3723.98	3704.48	3723.44	3715.86	3725.96	3727.70	3747.72	3694.56	

*******************************************2025/07/23;15:21:33
Probe number 264
Concentration entered by User 5.26% (Compensated: 5.63% at temperature 25.2)
1300.30	1317.14	1328.02	1340.22	1354.38	1366.68	1382.80	1396.72	1414.58	1432.74	1453.62	1475.18	1497.12	1520.28	1535.22	1551.14	
1567.06	1597.84	1624.36	1663.72	1691.66	1719.64	1747.88	1779.14	1818.44	1853.96	1898.58	1957.06	2014.38	2065.24	2140.88	2227.24	
2323.68	2454.86	2609.28	2793.08	2988.26	3181.50	3344.08	3464.58	3539.90	3584.42	3616.34	3638.68	3649.16	3661.02	3671.26	3679.30	
3680.04	3715.50	3709.62	3713.62	3716.12	3721.96	3725.66	3721.76	3725.80	3731.08	3727.98	3728.28	3731.06	3726.34	3722.14	3732.34	
3735.78	3735.10	3735.38	3735.08	3727.78	3724.52	3720.80	3711.32	3723.00	3715.12	3728.46	3724.16	3728.24	3728.60	3724.66	3730.92	
3733.88	3738.28	3738.16	3731.24	3739.42	3737.78	3733.94	3741.18	3735.40	3747.64	3743.96	3740.36	3746.66	3742.62	3743.52	3748.28	
3747.48	3619.00	3693.86	3730.92	3731.02	3732.72	3737.80	3745.00	3740.50	3732.20	3739.60	3738.30	3740.42	3741.86	3737.80	3736.32	
3737.22	3724.96	3715.98	3713.08	3733.10	3728.38	3728.86	3725.64	3723.94	3703.88	3723.24	3715.92	3725.86	3727.18	3747.40	3694.36	

*******************************************2025/07/23;15:22:03
Probe number 265
Concentration entered by User 5.22% (Compensated: 5.59% at temperature 25.2)
1300.88	1317.92	1328.14	1341.10	1355.74	1368.24	1383.10	1397.18	1414.94	1433.00	1454.34	1473.70	1494.58	1519.04	1534.74	1550.62	
1566.78	1597.72	1626.66	1665.98	1692.32	1720.46	1749.54	1782.12	1819.18	1855.94	1903.14	1953.32	2006.56	2058.40	2134.90	2232.04	
2333.74	2464.18	2615.28	2802.90	2995.06	3184.60	3353.24	3473.58	3544.28	3587.08	3618.70	3640.86	3650.24	3661.84	3672.82	3680.26	
3681.06	3716.30	3710.18	3714.18	3716.88	3722.56	3725.90	3722.20	3725.86	3730.96	3727.86	3728.10	3731.04	3726.56	3722.56	3732.54	
3736.02	3735.26	3735.48	3735.44	3727.82	3724.40	3721.22	3711.28	3723.40	3715.42	3729.14	3724.40	3728.16	3728.98	3724.96	3730.82	
3734.08	3738.28	3738.52	3731.42	3739.56	3737.80	3734.42	3741.48	3735.30	3747.48	3744.06	3740.78	3746.84	3743.04	3743.82	3748.50	
3747.58	3619.44	3693.80	3731.22	3731.14	3732.90	3737.88	3745.08	3740.64	3732.14	3739.68	3738.08	3740.62	3741.90	3738.12	3736.64	
3737.58	3725.26	3716.14	3713.32	3732.94	3728.96	3728.80	3725.68	3724.20	3704.32	3723.48	3716.06	3725.68	3727.58	3747.60	3694.90	

*******************************************2025/07/23;15:22:33
Probe number 266
Concentration entered by User 5.23% (Compensated: 5.60% at temperature 25.2)
1299.94	1317.02	1328.44	1342.06	1356.02	1367.26	1382.64	1396.66	1414.60	1432.52	1452.78	1473.08	1494.20	1520.12	1534.96	1550.74	
1566.14	1595.58	1623.92	1664.42	1690.54	1717.98	1745.26	1777.62	1818.70	1856.00	1896.12	1947.78	2005.56	2061.76	2140.74	2234.58	
2331.58	2464.82	2619.46	2804.50	2998.46	3184.84	3348.24	3471.12	3542.28	3584.20	3616.20	3639.06	3648.44	3659.64	3669.94	3677.60	
3678.02	3713.46	3707.74	3711.42	3714.36	3720.22	3723.92	3719.86	3724.30	3729.46	3725.94	3726.44	3729.28	3724.14	3720.34	3730.52	
3734.36	3733.46	3733.82	3733.76	3726.30	3723.02	3719.28	3709.56	3721.46	3713.14	3727.24	3722.64	3726.38	3727.44	3722.98	3729.56	
3732.42	3736.38	3736.86	3729.32	3737.70	3736.10	3732.54	3739.60	3733.74	3746.04	3742.46	3739.24	3745.42	3741.44	3742.08	3746.98	
3746.04	3616.88	3691.96	3729.40	3729.36	3731.10	3736.24	3743.44	3738.98	3730.36	3738.02	3736.88	3738.94	3740.26	3736.24	3735.00	
3735.60	3723.34	3714.00	3711.64	3731.68	3727.20	3726.74	3723.84	3722.14	3702.08	3721.40	3713.80	3723.88	3726.06	3745.90	3692.30	

*******************************************2025/07/23;15:23:03
Probe number 267
Concentration entered by User 5.18% (Compensated: 5.55% at temperature 25.2)
1299.84	1317.42	1329.36	1342.10	1355.90	1367.68	1382.94	1397.72	1415.50	1433.58	1454.84	1475.32	1496.16	1520.28	1535.28	1551.12	
1566.38	1597.76	1628.10	1669.36	1696.60	1722.92	1749.82	1780.20	1819.56	1858.16	1897.70	1949.52	2012.30	2066.46	2146.16	2237.46	
2332.10	2463.66	2616.68	2798.46	2992.02	3187.98	3361.94	3480.48	3548.72	3590.42	3620.50	3642.42	3652.10	3662.98	3673.24	3680.56	
3681.56	3715.92	3710.54	3713.94	3716.90	3722.98	3726.84	3722.52	3726.84	3731.84	3728.72	3728.46	3731.48	3726.78	3722.90	3732.66	
3736.38	3735.86	3735.80	3735.64	3728.72	3724.96	3721.20	3711.84	3723.92	3715.42	3729.36	3724.82	3728.56	3729.32	3725.44	3731.50	
3734.46	3738.38	3738.66	3731.52	3739.98	3738.00	3734.24	3741.50	3735.46	3747.94	3744.24	3740.90	3747.38	3743.36	3744.32	3748.72	
3748.02	3619.80	3694.36	3731.22	3731.40	3733.06	3738.52	3745.56	3741.28	3732.54	3740.06	3738.48	3740.84	3742.46	3738.40	3737.24	
3737.74	3725.32	3716.36	3714.16	3733.44	3729.20	3729.36	3726.02	3724.44	3704.74	3723.86	3716.46	3726.14	3728.00	3747.82	3695.06	

*******************************************2025/07/23;15:23:33
Probe number 268
Concentration entered by User 5.24% (Compensated: 5.61% at temperature 25.2)
1300.18	1318.76	1329.46	1341.92	1356.20	1368.46	1383.94	1398.10	1415.86	1432.86	1453.18	1473.32	1494.78	1520.94	1535.70	1551.54	
1567.48	1597.82	1626.74	1666.60	1694.20	1720.92	1749.06	1780.42	1819.16	1862.04	1905.30	1954.98	2011.90	2066.34	2145.56	2238.56	
2342.74	2465.24	2610.32	2795.78	2981.28	3176.78	3354.86	3474.38	3545.18	3589.92	3619.80	3641.92	3651.56	3662.74	3672.92	3681.02	
3681.32	3716.90	3710.94	3714.68	3717.08	3723.32	3727.04	3722.68	3726.86	3731.92	3728.20	3728.72	3731.80	3727.06	3723.20	3733.20	
3736.36	3736.00	3735.82	3735.76	3728.72	3725.10	3721.28	3712.06	3723.86	3715.58	3729.32	3725.02	3728.68	3729.54	3725.32	3731.76	
3734.74	3738.64	3738.84	3731.74	3739.78	3738.32	3734.58	3741.92	3735.96	3748.26	3744.36	3741.20	3747.54	3743.38	3744.24	3748.78	
3748.10	3620.14	3694.54	3731.40	3731.56	3733.50	3738.82	3745.80	3741.26	3732.68	3740.04	3738.92	3740.94	3742.36	3738.26	3737.16	
3737.98	3725.90	3716.46	3713.92	3733.80	3729.50	3729.40	3726.00	3724.46	3704.50	3723.92	3716.64	3726.40	3728.00	3748.24	3695.40	

*******************************************2025/07/23;15:24:03
Probe number 269
Concentration entered by User 5.03% (Compensated: 5.40% at temperature 25.2)
1298.92	1316.66	1327.82	1340.40	1354.12	1366.02	1380.78	1394.96	1413.30	1430.14	1451.12	1472.20	1493.34	1516.94	1532.24	1547.50	
1563.78	1594.86	1623.22	1662.34	1690.22	1717.36	1743.94	1773.78	1813.04	1853.14	1898.80	1950.00	2005.34	2056.22	2136.66	2239.36	
2346.68	2488.88	2646.52	2833.34	3027.00	3219.56	3383.76	3496.30	3561.20	3601.00	3628.44	3649.74	3658.02	3668.60	3677.86	3685.62	
3685.60	3719.74	3714.06	3717.34	3719.74	3725.12	3728.96	3724.76	3728.82	3733.86	3730.62	3730.56	3733.22	3728.44	3724.90	3734.44	
3737.66	3736.98	3737.06	3736.96	3729.62	3726.72	3722.54	3713.44	3725.20	3716.92	3730.70	3725.98	3729.78	3730.36	3726.34	3732.62	
3735.38	3739.28	3739.58	3732.54	3740.68	3738.94	3735.14	3742.60	3736.46	3748.80	3744.84	3741.72	3747.74	3743.84	3744.94	3749.44	
3748.52	3621.04	3695.10	3731.92	3731.92	3734.16	3738.94	3745.90	3742.12	3733.26	3740.86	3739.28	3741.50	3743.02	3738.78	3737.44	
3738.40	3725.94	3717.12	3714.54	3733.94	3729.78	3729.48	3726.84	3724.88	3705.24	3724.24	3716.86	3726.72	3728.30	3748.24	3695.80	

*******************************************2025/07/23;15:24:32
Probe number 270
Concentration entered by User 5.23% (Compensated: 5.59% at temperature 25.1)
1299.74	1317.70	1328.82	1341.22	1354.44	1366.12	1382.22	1398.06	1414.72	1431.96	1453.00	1473.70	1494.88	1519.92	1535.42	1549.72	
1566.36	1597.54	1626.42	1662.90	1692.26	1721.28	1750.44	1784.74	1820.74	1860.08	1900.26	1949.66	2012.04	2066.50	2134.56	2226.74	
2331.54	2474.40	2629.02	2802.32	2988.38	3180.30	3353.94	3471.44	3542.82	3585.62	3616.64	3639.72	3649.52	3661.82	3671.24	3678.90	
3679.50	3714.44	3708.46	3712.14	3714.90	3720.98	3724.80	3720.72	3725.04	3730.48	3726.76	3726.96	3729.72	3725.10	3721.46	3731.42	
3734.90	3734.10	3734.64	3734.42	3727.22	3723.72	3720.04	3710.66	3722.60	3714.20	3728.26	3723.50	3727.34	3728.22	3724.06	3730.32	
3733.16	3737.08	3737.26	3730.48	3738.70	3736.40	3733.14	3740.34	3734.56	3746.50	3742.90	3739.94	3745.90	3741.88	3743.14	3747.50	
3746.78	3618.02	3692.30	3730.06	3730.12	3731.94	3737.10	3744.06	3739.94	3731.52	3738.62	3737.52	3739.34	3740.92	3737.08	3735.78	
3736.46	3724.32	3715.08	3712.54	3732.10	3727.90	3727.60	3724.80	3722.76	3702.82	3722.38	3714.62	3724.66	3726.82	3746.64	3693.32	

*******************************************2025/07/23;15:25:03
Probe number 271
Concentration entered by User 5.23% (Compensated: 5.59% at temperature 25.1)
1301.50	1318.44	1330.08	1343.00	1357.32	1368.76	1382.52	1396.50	1415.30	1432.60	1453.30	1474.72	1496.20	1521.16	1535.76	1551.36	
1567.74	1598.70	1625.30	1665.70	1696.34	1724.72	1753.06	1781.54	1818.90	1856.88	1900.48	1955.48	2010.74	2060.52	2137.66	2230.02	
2330.98	2469.78	2623.70	2799.14	2989.12	3183.12	3351.96	3472.66	3545.98	3588.32	3619.54	3641.64	3651.72	3662.96	3673.54	3681.92	
3681.86	3716.94	3711.52	3715.62	3717.56	3723.62	3727.52	3723.54	3727.42	3732.74	3729.24	3729.78	3732.46	3728.08	3724.22	3734.10	
3737.48	3736.84	3736.88	3737.06	3729.74	3726.44	3722.94	3713.56	3725.24	3717.26	3730.96	3726.38	3729.76	3730.78	3726.68	3732.50	
3735.72	3739.64	3739.62	3732.62	3741.28	3739.14	3735.48	3742.84	3736.92	3749.16	3745.60	3742.00	3748.18	3744.22	3745.10	3749.76	
3749.02	3621.28	3695.90	3732.38	3732.24	3734.46	3739.54	3746.66	3742.14	3733.76	3741.28	3739.88	3742.06	3743.04	3739.52	3738.26	
3739.04	3726.74	3717.62	3715.06	3734.88	3730.50	3730.28	3727.08	3725.62	3705.80	3725.18	3717.46	3727.20	3729.00	3748.86	3695.92	

*******************************************2025/07/23;15:25:32
Probe number 272
Concentration entered by User 5.23% (Compensated: 5.59% at temperature 25.1)
1298.50	1315.76	1326.42	1338.46	1353.00	1365.00	1379.42	1394.20	1412.54	1429.64	1450.34	1471.46	1493.00	1518.34	1533.24	1547.58	
1562.44	1592.64	1621.30	1661.20	1688.90	1716.20	1742.22	1774.98	1815.84	1857.08	1897.98	1948.88	2004.76	2057.10	2139.30	2232.78	
2333.60	2466.04	2612.22	2791.84	2987.94	3188.00	3351.92	3467.34	3541.02	3585.82	3616.82	3639.22	3648.34	3659.38	3669.40	3677.50	
3677.90	3713.80	3707.72	3710.82	3713.98	3719.42	3723.90	3719.76	3723.88	3728.88	3725.38	3725.60	3728.46	3723.86	3719.88	3730.00	
3733.42	3732.70	3732.98	3732.78	3725.68	3722.22	3718.54	3709.00	3720.76	3712.56	3726.74	3722.02	3725.40	3726.66	3722.58	3728.52	
3731.40	3735.42	3735.74	3728.50	3737.00	3735.02	3731.36	3738.48	3732.68	3744.90	3741.20	3738.00	3744.50	3740.22	3741.12	3746.18	
3745.10	3615.54	3690.42	3728.02	3728.36	3730.16	3735.24	3742.64	3738.20	3729.48	3736.72	3735.60	3737.66	3739.26	3735.06	3733.98	
3734.52	3722.12	3712.86	3710.24	3730.18	3725.90	3725.80	3722.18	3720.86	3700.54	3720.22	3712.48	3722.70	3724.50	3744.90	3691.14	

*******************************************2025/07/23;15:26:02
Probe number 273
Concentration entered by User 5.20% (Compensated: 5.56% at temperature 25.1)
1300.40	1317.46	1329.42	1341.42	1355.58	1367.76	1381.96	1396.28	1414.20	1431.62	1453.16	1474.70	1496.06	1519.96	1533.42	1549.68	
1565.32	1597.32	1625.60	1665.20	1694.44	1722.72	1749.26	1781.12	1822.92	1859.92	1901.06	1950.06	2009.66	2064.54	2140.70	2232.10	
2325.54	2462.98	2622.00	2813.22	3004.26	3188.40	3354.72	3474.12	3546.08	3588.34	3619.44	3641.64	3651.36	3663.34	3673.28	3681.24	
3681.54	3716.50	3711.12	3714.14	3716.64	3722.68	3726.56	3722.38	3726.96	3731.68	3728.42	3728.32	3731.26	3726.44	3723.14	3732.64	
3736.18	3735.38	3735.86	3735.56	3728.62	3725.02	3721.06	3712.26	3723.80	3715.66	3729.60	3724.96	3728.38	3729.18	3725.34	3731.32	
3734.58	3738.80	3738.56	3731.46	3739.78	3737.76	3734.22	3741.24	3735.50	3747.96	3744.10	3740.88	3746.74	3743.14	3744.02	3748.76	
3747.86	3619.52	3693.92	3731.22	3731.16	3732.96	3738.16	3745.08	3740.98	3732.14	3739.56	3738.40	3740.64	3741.88	3737.96	3736.82	
3737.52	3724.84	3715.92	3713.54	3732.80	3729.16	3728.54	3725.20	3724.18	3704.10	3723.50	3715.94	3726.00	3727.38	3747.70	3694.24	

*******************************************2025/07/23;15:26:32
Probe number 274
Concentration entered by User 5.20% (Compensated: 5.56% at temperature 25.1)
1299.62	1316.98	1327.76	1340.68	1354.56	1366.64	1380.94	1395.18	1412.88	1430.50	1450.98	1471.40	1493.18	1518.98	1533.52	1547.94	
1562.84	1594.60	1622.94	1662.52	1688.06	1717.06	1744.90	1777.68	1816.36	1854.72	1899.08	1948.56	2005.58	2057.10	2135.06	2229.62	
2325.20	2458.58	2612.62	2799.80	2995.12	3191.14	3355.88	3472.42	3543.70	3585.94	3615.36	3637.24	3646.98	3659.04	3669.44	3677.34	
3678.18	3713.90	3707.82	3711.42	3714.16	3720.06	3724.10	3720.38	3724.76	3729.60	3725.98	3726.26	3728.94	3724.46	3720.66	3730.46	
3734.26	3733.50	3733.66	3733.64	3726.00	3722.72	3719.42	3709.84	3722.02	3713.66	3727.54	3722.70	3726.38	3727.40	3723.32	3729.68	
3732.38	3736.68	3736.58	3729.68	3738.02	3736.10	3732.76	3739.58	3733.84	3745.84	3742.44	3738.76	3744.84	3741.12	3742.02	3747.14	
3746.06	3616.40	3691.92	3728.74	3729.40	3730.98	3736.36	3743.32	3739.12	3730.16	3737.86	3736.14	3738.80	3740.28	3736.36	3734.68	
3735.68	3723.12	3714.04	3711.50	3731.20	3726.94	3726.80	3723.52	3722.06	3701.96	3721.54	3713.88	3723.54	3725.70	3745.84	3692.14	

*******************************************2025/07/23;15:27:02
Probe number 275
Concentration entered by User 5.22% (Compensated: 5.58% at temperature 25.0)
1299.38	1316.30	1328.38	1341.04	1354.76	1367.88	1382.78	1396.22	1413.94	1430.74	1451.94	1473.48	1494.44	1519.68	1536.46	1551.08	
1565.86	1595.82	1623.76	1661.46	1689.42	1718.24	1745.66	1775.36	1815.46	1853.26	1896.02	1945.60	2006.12	2067.88	2143.28	2231.96	
2336.16	2471.62	2624.24	2807.58	2997.40	3186.66	3352.02	3471.06	3541.92	3584.32	3615.00	3638.32	3649.70	3661.60	3671.08	3679.28	
3679.24	3714.72	3709.18	3712.24	3715.40	3721.42	3725.10	3721.10	3725.82	3730.32	3726.76	3727.16	3729.96	3725.06	3721.34	3731.40	
3734.78	3734.16	3734.40	3734.56	3726.92	3723.16	3720.08	3710.30	3722.46	3714.08	3727.98	3723.00	3727.04	3728.12	3724.04	3730.20	
3732.94	3736.96	3737.12	3729.84	3738.30	3736.58	3732.60	3740.18	3734.04	3746.30	3742.84	3739.26	3745.58	3741.60	3742.48	3747.42	
3746.38	3617.22	3692.54	3729.54	3729.58	3731.66	3736.88	3743.74	3739.76	3730.80	3738.16	3736.84	3739.32	3740.48	3736.76	3734.98	
3736.34	3723.28	3714.52	3711.92	3731.84	3727.58	3727.30	3723.84	3722.48	3702.46	3721.82	3714.44	3724.18	3725.66	3746.18	3692.80	

*******************************************2025/07/23;15:27:32
Probe number 276
Concentration entered by User 5.23% (Compensated: 5.59% at temperature 25.0)
1299.90	1317.06	1328.82	1340.56	1354.60	1366.64	1381.42	1396.04	1414.30	1431.76	1451.50	1472.52	1493.88	1519.98	1535.28	1550.04	
1565.30	1595.90	1622.04	1661.36	1689.84	1717.08	1745.00	1777.46	1816.58	1853.72	1896.86	1947.62	2005.44	2059.88	2139.04	2235.00	
2336.12	2470.30	2614.20	2798.80	2997.32	3184.48	3348.96	3469.56	3540.42	3585.26	3617.44	3638.96	3649.26	3660.64	3670.80	3679.10	
3679.54	3714.74	3709.46	3712.68	3715.08	3721.14	3725.66	3721.44	3725.68	3730.52	3727.02	3727.20	3729.92	3725.52	3721.82	3731.70	
3735.18	3734.22	3734.38	3734.26	3727.30	3723.70	3719.94	3710.60	3722.78	3714.52	3728.50	3723.10	3726.92	3728.12	3724.16	3730.18	
3733.12	3737.40	3737.62	3730.24	3738.96	3736.66	3733.20	3740.20	3734.84	3746.72	3743.02	3739.68	3745.94	3741.86	3742.84	3747.38	
3747.02	3617.24	3692.86	3729.72	3730.26	3731.94	3737.08	3743.98	3739.72	3731.30	3738.50	3737.18	3739.42	3740.92	3736.52	3735.40	
3736.44	3723.74	3714.98	3712.34	3731.80	3727.74	3727.60	3724.22	3722.88	3702.82	3722.14	3714.36	3724.30	3726.08	3746.84	3693.32	

*******************************************2025/07/23;15:28:02
Probe number 277
Concentration entered by User 5.29% (Compensated: 5.65% at temperature 25.0)
1299.26	1316.66	1327.50	1340.20	1353.88	1365.52	1380.80	1395.68	1413.90	1429.66	1451.18	1472.64	1493.04	1517.42	1532.76	1547.66	
1563.14	1592.02	1620.98	1662.22	1690.60	1717.06	1743.74	1779.22	1819.54	1855.90	1899.34	1948.58	2006.14	2059.18	2129.22	2221.30	
2315.54	2450.16	2602.38	2780.54	2976.08	3173.08	3342.42	3462.64	3536.48	3580.38	3611.40	3634.02	3643.40	3654.36	3665.84	3673.88	
3674.42	3710.42	3704.58	3708.10	3710.84	3716.96	3721.18	3717.12	3721.58	3726.98	3723.00	3723.30	3726.40	3721.24	3717.76	3727.40	
3731.52	3730.76	3731.04	3731.04	3723.52	3720.06	3716.38	3706.86	3718.84	3710.48	3724.28	3719.52	3723.00	3724.30	3720.38	3726.58	
3729.66	3734.12	3733.94	3726.78	3735.22	3732.96	3729.28	3736.88	3730.98	3743.44	3739.82	3736.12	3742.28	3738.58	3739.66	3744.48	
3743.56	3611.98	3688.46	3725.92	3726.26	3728.44	3733.74	3740.90	3736.12	3727.60	3735.30	3733.72	3736.30	3737.38	3733.30	3732.20	
3732.78	3720.16	3710.72	3708.16	3728.36	3724.22	3723.98	3720.62	3719.26	3698.52	3718.36	3710.92	3720.76	3722.22	3743.20	3689.06	

*******************************************2025/07/23;15:28:32
Probe number 278
Concentration entered by User 5.24% (Compensated: 5.59% at temperature 25.0)
1299.42	1317.18	1328.98	1341.28	1354.58	1366.32	1381.30	1395.88	1413.34	1430.58	1451.56	1472.30	1492.76	1516.42	1533.82	1551.04	
1565.38	1593.92	1621.78	1664.00	1694.40	1721.76	1745.72	1774.22	1812.82	1859.42	1902.66	1951.98	2002.14	2054.46	2128.48	2224.08	
2325.80	2455.96	2610.66	2790.12	2982.46	3179.64	3354.46	3470.84	3543.28	3585.90	3615.40	3638.08	3648.20	3658.94	3669.96	3678.14	
3678.30	3713.56	3707.74	3711.20	3713.56	3719.62	3723.66	3719.90	3724.18	3729.26	3725.66	3725.58	3728.84	3723.76	3720.00	3730.26	
3733.78	3732.98	3733.32	3733.22	3725.86	3722.08	3718.74	3709.20	3721.58	3713.12	3726.62	3721.92	3725.52	3726.46	3722.58	3728.60	
3732.10	3736.00	3736.18	3728.92	3737.40	3735.42	3731.42	3739.02	3733.20	3745.58	3741.80	3738.34	3744.48	3740.36	3741.54	3746.38	
3745.20	3615.64	3690.86	3728.20	3728.72	3730.66	3736.04	3742.74	3738.32	3729.84	3737.38	3736.10	3738.18	3739.60	3735.40	3734.34	
3734.78	3722.30	3713.14	3710.12	3730.58	3726.30	3726.36	3722.76	3721.64	3701.24	3720.60	3713.10	3722.84	3724.84	3745.54	3691.34	

*******************************************2025/07/23;15:29:02
Probe number 279
Concentration entered by User 5.27% (Compensated: 5.62% at temperature 24.9)
1298.32	1315.90	1327.48	1339.76	1353.64	1365.36	1379.64	1395.18	1413.56	1429.62	1448.92	1469.86	1492.08	1518.64	1533.18	1547.32	
1562.34	1593.60	1623.16	1661.44	1688.12	1714.12	1740.72	1774.22	1814.64	1855.44	1895.52	1946.92	2006.10	2053.04	2128.62	2234.26	
2335.90	2466.22	2613.88	2783.32	2973.48	3173.74	3349.02	3468.32	3540.10	3583.28	3613.10	3634.94	3644.92	3656.58	3666.74	3674.92	
3675.62	3711.20	3705.02	3708.64	3711.36	3717.50	3721.92	3718.12	3722.34	3727.02	3723.34	3723.58	3726.70	3721.66	3717.80	3728.28	
3731.96	3730.84	3731.42	3731.32	3723.40	3720.10	3717.02	3706.64	3719.14	3710.58	3724.88	3719.92	3723.44	3724.94	3720.76	3726.64	
3730.20	3734.08	3733.84	3726.92	3735.30	3733.50	3729.98	3737.30	3731.06	3743.50	3739.94	3736.20	3742.64	3738.34	3739.44	3744.58	
3743.90	3612.86	3688.54	3726.20	3727.00	3728.82	3733.70	3741.08	3736.42	3727.88	3735.44	3734.10	3736.48	3737.70	3733.76	3732.18	
3733.34	3720.58	3711.32	3708.52	3728.72	3724.48	3724.02	3720.84	3719.16	3698.80	3718.70	3710.82	3721.12	3723.02	3743.64	3689.20	

*******************************************2025/07/23;15:29:32
Probe number 280
Concentration entered by User 5.20% (Compensated: 5.55% at temperature 25.0)
1299.02	1316.72	1327.50	1340.52	1354.66	1366.62	1382.00	1396.64	1414.92	1430.64	1450.62	1472.60	1493.50	1517.68	1534.00	1550.34	
1566.80	1596.36	1621.28	1663.56	1694.60	1725.26	1753.58	1783.86	1821.58	1858.28	1896.78	1946.00	2000.36	2049.36	2128.16	2226.50	
2330.64	2465.24	2613.84	2797.06	2996.30	3191.26	3358.08	3473.48	3543.00	3586.86	3616.54	3639.10	3648.78	3660.52	3670.78	3678.78	
3678.60	3714.04	3708.30	3711.50	3713.66	3720.04	3724.48	3720.52	3724.60	3729.62	3725.92	3726.16	3729.06	3724.34	3720.50	3730.78	
3734.34	3733.32	3733.60	3733.40	3726.40	3722.58	3719.12	3709.50	3721.46	3713.68	3727.38	3722.50	3726.04	3727.18	3723.32	3729.02	
3732.74	3736.46	3736.42	3729.08	3737.68	3735.92	3731.90	3739.64	3733.36	3745.66	3742.12	3738.50	3744.84	3740.92	3741.76	3747.12	
3746.06	3615.82	3691.48	3728.72	3728.80	3730.98	3736.38	3743.14	3738.72	3730.08	3737.38	3736.44	3738.24	3740.14	3735.96	3734.46	
3735.08	3722.92	3714.12	3710.90	3731.12	3726.64	3726.84	3723.12	3721.64	3701.58	3721.20	3713.50	3723.52	3725.26	3745.54	3691.76	

*******************************************2025/07/23;15:30:02
Probe number 281
Concentration entered by User 5.12% (Compensated: 5.47% at temperature 24.9)
1298.98	1316.32	1327.08	1339.32	1353.02	1365.48	1379.26	1395.00	1414.38	1431.10	1450.92	1472.60	1494.26	1519.34	1532.96	1547.78	
1562.56	1593.48	1621.62	1662.58	1691.44	1717.58	1745.82	1778.32	1818.50	1852.70	1896.42	1950.68	2003.62	2055.60	2130.46	2223.02	
2319.66	2450.56	2612.22	2800.90	3001.54	3203.90	3372.56	3483.00	3548.70	3590.14	3619.72	3640.70	3649.80	3661.24	3671.14	3678.86	
3678.96	3714.36	3708.58	3711.72	3714.26	3720.44	3724.48	3720.66	3724.88	3729.36	3725.84	3726.26	3729.18	3724.34	3720.74	3730.64	
3734.54	3733.36	3733.62	3733.48	3726.14	3722.54	3719.32	3709.22	3721.76	3713.48	3727.32	3722.62	3725.68	3727.22	3723.14	3729.36	
3732.42	3736.18	3736.54	3728.96	3737.80	3736.08	3732.08	3739.20	3733.50	3745.62	3742.36	3738.72	3744.26	3740.84	3742.16	3746.58	
3746.10	3615.94	3691.38	3728.88	3728.84	3730.94	3735.96	3742.96	3738.66	3730.28	3737.42	3736.20	3738.22	3740.02	3735.72	3734.44	
3735.06	3722.52	3713.42	3711.10	3731.18	3726.50	3726.62	3722.80	3722.04	3701.36	3721.10	3713.34	3723.26	3725.12	3745.48	3692.12	

*******************************************2025/07/23;15:30:32
Probe number 282
Concentration entered by User 5.17% (Compensated: 5.52% at temperature 25.0)
1299.90	1317.38	1328.52	1341.40	1355.78	1367.24	1381.40	1396.76	1415.60	1432.32	1452.14	1472.92	1493.60	1518.02	1533.68	1550.28	
1566.02	1596.78	1625.22	1664.42	1691.34	1718.60	1745.06	1777.96	1819.96	1856.02	1898.32	1951.00	2008.96	2065.52	2141.30	2235.52	
2332.08	2467.20	2623.56	2815.16	3006.80	3195.86	3360.44	3475.76	3545.82	3588.42	3618.38	3641.24	3651.02	3663.06	3673.04	3681.26	
3681.36	3716.26	3710.40	3714.02	3716.30	3722.06	3726.10	3722.52	3726.86	3731.36	3727.70	3728.20	3731.12	3726.38	3722.70	3732.60	
3736.24	3735.10	3735.68	3735.62	3728.22	3724.42	3721.38	3711.74	3723.68	3715.66	3729.06	3724.46	3727.84	3729.10	3725.14	3731.18	
3734.44	3738.30	3738.28	3731.24	3739.72	3737.42	3733.94	3741.30	3735.64	3747.58	3744.08	3740.22	3746.42	3742.56	3743.56	3748.40	
3748.02	3618.98	3693.76	3730.38	3731.36	3732.94	3738.14	3744.90	3740.72	3732.18	3739.40	3737.98	3740.18	3741.68	3737.92	3736.44	
3737.36	3724.70	3715.82	3713.34	3733.14	3728.56	3728.56	3725.14	3723.92	3703.88	3723.32	3715.70	3725.36	3726.96	3747.70	3694.38	

*******************************************2025/07/23;15:31:02
Probe number 283
Concentration entered by User 5.18% (Compensated: 5.54% at temperature 25.1)
1298.02	1315.28	1326.96	1339.36	1352.80	1365.82	1381.02	1394.76	1413.20	1430.10	1451.28	1472.66	1494.38	1519.96	1534.44	1550.10	
1566.18	1595.70	1622.52	1660.48	1689.12	1718.92	1747.42	1775.90	1814.76	1852.08	1895.56	1946.70	2005.66	2057.60	2136.46	2227.36	
2324.62	2460.60	2620.50	2815.20	3010.62	3195.22	3357.08	3473.82	3546.36	3587.20	3616.82	3638.70	3648.56	3659.42	3669.04	3677.58	
3677.58	3713.22	3707.10	3710.36	3712.66	3719.12	3723.66	3719.56	3723.84	3728.94	3725.12	3725.52	3728.32	3723.76	3719.88	3730.16	
3733.88	3732.66	3732.98	3732.66	3725.62	3721.46	3718.34	3708.56	3720.78	3712.46	3726.62	3721.86	3725.20	3726.72	3722.18	3728.32	
3731.90	3735.72	3735.54	3728.38	3737.10	3735.14	3731.24	3738.74	3732.90	3745.00	3741.54	3737.98	3743.98	3739.82	3741.00	3746.06	
3745.28	3615.36	3690.58	3728.22	3728.42	3730.32	3735.64	3742.54	3738.24	3729.42	3736.78	3735.76	3737.82	3739.22	3735.46	3734.20	
3735.04	3722.40	3713.16	3710.58	3730.22	3726.10	3726.16	3722.60	3721.06	3700.94	3720.56	3712.66	3722.56	3724.52	3745.20	3691.38	

*******************************************2025/07/23;15:31:32
Probe number 284
Concentration entered by User 5.10% (Compensated: 5.46% at temperature 25.1)
1299.20	1315.38	1326.98	1339.56	1353.66	1366.28	1380.66	1395.34	1413.24	1430.42	1451.70	1474.06	1494.38	1517.74	1532.74	1548.04	
1564.00	1593.32	1620.84	1660.90	1688.62	1718.94	1746.22	1774.90	1814.62	1852.10	1895.74	1943.90	2000.66	2059.84	2139.42	2233.62	
2329.66	2463.34	2617.86	2805.88	3009.02	3208.62	3374.80	3488.06	3555.36	3594.54	3621.42	3641.70	3651.02	3661.08	3670.86	3679.06	
3678.68	3714.00	3708.30	3711.24	3713.80	3720.02	3724.08	3720.14	3724.26	3729.46	3725.64	3725.58	3728.72	3724.04	3720.48	3730.34	
3733.76	3733.04	3733.12	3733.04	3725.72	3722.00	3718.50	3709.02	3721.06	3713.04	3726.68	3721.86	3725.50	3726.42	3722.32	3728.58	
3731.80	3735.96	3735.80	3728.60	3737.12	3735.20	3731.04	3738.72	3732.88	3745.18	3741.64	3737.88	3744.10	3740.02	3741.44	3746.06	
3745.06	3615.06	3690.60	3728.18	3728.76	3730.60	3735.78	3742.44	3738.22	3729.32	3736.98	3735.62	3737.76	3738.84	3735.26	3733.82	
3734.68	3722.18	3712.96	3710.38	3730.50	3726.02	3725.62	3722.06	3721.38	3700.76	3720.06	3712.28	3722.64	3724.58	3744.94	3691.18	

*******************************************2025/07/23;15:32:03
Probe number 285
Concentration entered by User 5.11% (Compensated: 5.48% at temperature 25.2)
1298.62	1316.06	1327.08	1339.98	1353.84	1365.28	1379.74	1394.52	1412.76	1430.32	1451.12	1471.32	1493.02	1516.26	1532.22	1547.36	
1562.16	1594.40	1622.06	1662.52	1689.60	1718.64	1746.10	1777.82	1815.04	1852.92	1896.28	1946.62	2006.76	2054.64	2127.94	2222.10	
2328.76	2466.42	2617.16	2802.70	3008.40	3206.96	3372.22	3484.18	3551.40	3591.64	3619.42	3641.24	3650.54	3660.88	3670.48	3678.46	
3678.08	3713.66	3707.72	3710.36	3712.94	3718.70	3723.38	3719.62	3723.28	3728.26	3724.32	3724.30	3727.92	3722.88	3719.22	3729.32	
3732.86	3732.38	3732.76	3732.32	3724.72	3721.44	3717.84	3707.94	3720.68	3712.18	3725.76	3721.14	3724.40	3725.40	3721.32	3727.94	
3731.22	3735.04	3735.26	3727.60	3736.42	3734.66	3730.54	3738.20	3732.38	3744.54	3740.82	3737.12	3743.20	3739.48	3740.62	3745.60	
3744.66	3613.90	3689.40	3726.82	3727.74	3730.06	3734.88	3741.70	3737.72	3728.56	3736.32	3734.86	3736.98	3738.54	3734.52	3732.96	
3734.28	3720.98	3711.98	3709.40	3729.70	3725.02	3724.96	3721.64	3719.98	3699.98	3719.58	3711.84	3721.82	3723.78	3744.32	3690.32	

*******************************************2025/07/23;15:32:32
Probe number 286
Concentration entered by User 5.15% (Compensated: 5.52% at temperature 25.3)
1299.62	1317.08	1328.38	1340.80	1354.32	1366.78	1381.52	1395.96	1414.66	1432.70	1454.04	1474.22	1495.46	1520.62	1535.22	1551.00	
1566.50	1596.96	1626.44	1665.22	1691.84	1718.76	1748.32	1780.28	1816.60	1855.14	1903.14	1952.78	2006.42	2060.36	2137.02	2232.10	
2323.68	2451.56	2613.94	2810.16	3008.92	3198.80	3363.84	3479.98	3551.70	3591.58	3621.64	3642.06	3651.74	3662.66	3672.04	3680.02	
3679.80	3714.78	3708.72	3712.18	3713.82	3720.60	3725.06	3721.18	3724.58	3729.82	3726.24	3726.36	3729.16	3724.84	3720.98	3731.28	
3734.50	3733.98	3734.02	3734.02	3726.26	3722.68	3719.50	3709.94	3722.12	3713.60	3727.46	3722.78	3725.82	3727.64	3723.12	3729.52	
3732.76	3736.56	3736.98	3729.54	3737.96	3736.20	3732.30	3739.60	3733.98	3746.26	3742.44	3738.60	3744.96	3741.14	3742.04	3746.98	
3746.52	3616.18	3691.70	3728.78	3729.20	3731.50	3736.66	3743.28	3739.20	3730.34	3737.80	3736.54	3738.50	3740.02	3736.30	3734.86	
3735.68	3723.10	3714.22	3711.48	3731.30	3727.14	3726.78	3723.26	3721.72	3701.70	3720.98	3713.68	3723.30	3725.84	3745.50	3692.22	

*******************************************2025/07/23;15:33:03
Probe number 287
Concentration entered by User 5.18% (Compensated: 5.55% at temperature 25.3)
1299.76	1317.34	1328.54	1340.76	1354.28	1365.62	1381.78	1395.70	1413.26	1430.12	1451.50	1474.08	1496.22	1518.98	1533.42	1548.40	
1563.68	1596.06	1624.94	1663.90	1691.48	1719.58	1744.86	1781.18	1824.40	1857.18	1894.94	1946.98	2007.96	2061.46	2138.82	2227.06	
2325.94	2461.72	2616.06	2805.86	3002.82	3195.64	3358.72	3475.70	3545.62	3588.36	3619.56	3640.30	3648.14	3659.86	3670.34	3678.46	
3677.60	3713.50	3707.30	3710.78	3713.36	3719.56	3723.90	3719.80	3724.24	3728.84	3725.02	3725.18	3728.56	3723.82	3719.64	3730.06	
3733.76	3733.08	3732.94	3732.58	3725.26	3721.52	3718.26	3708.42	3720.78	3712.40	3726.48	3721.18	3725.22	3726.28	3722.06	3728.24	
3731.44	3735.58	3735.84	3728.52	3737.16	3734.96	3731.44	3738.54	3732.74	3745.20	3741.22	3737.84	3743.84	3740.02	3741.02	3745.94	
3745.42	3614.52	3690.02	3727.94	3728.22	3730.14	3735.28	3742.46	3738.26	3729.38	3736.70	3735.26	3737.50	3739.02	3735.10	3733.84	
3734.64	3721.90	3712.86	3710.28	3730.36	3726.16	3725.74	3722.46	3720.80	3700.74	3720.00	3712.56	3722.82	3724.22	3745.00	3690.98	

*******************************************2025/07/23;15:33:33
Probe number 288
Concentration entered by User 5.16% (Compensated: 5.54% at temperature 25.3)
1299.90	1317.22	1328.88	1341.18	1354.70	1366.72	1381.56	1395.88	1414.38	1431.54	1453.06	1474.78	1494.94	1518.96	1533.94	1548.92	
1565.28	1596.06	1624.74	1665.86	1693.70	1718.24	1744.94	1777.90	1817.10	1856.10	1899.06	1951.42	2007.80	2058.74	2133.88	2226.58	
2323.34	2464.66	2626.30	2811.38	3003.24	3198.52	3362.54	3475.88	3547.60	3589.62	3620.16	3642.36	3651.36	3662.32	3672.44	3680.56	
3680.46	3715.60	3709.44	3712.50	3715.58	3721.06	3725.72	3721.74	3726.20	3730.84	3727.10	3727.66	3730.52	3725.88	3721.88	3731.82	
3735.62	3734.88	3734.98	3734.98	3727.38	3723.88	3720.54	3711.02	3722.90	3714.96	3728.60	3723.56	3727.34	3728.14	3724.48	3730.68	
3733.94	3737.76	3737.86	3730.40	3738.84	3737.04	3733.30	3740.54	3734.48	3747.06	3743.30	3739.80	3745.70	3741.88	3742.90	3748.02	
3747.24	3618.24	3692.86	3730.06	3730.40	3732.18	3737.70	3744.36	3739.84	3731.54	3738.70	3737.42	3739.74	3741.18	3737.14	3735.78	
3736.56	3724.12	3714.94	3712.72	3732.72	3728.24	3727.60	3724.44	3723.00	3702.80	3722.22	3714.72	3725.00	3726.62	3747.04	3693.72	

*******************************************2025/07/23;15:34:03
Probe number 289
Concentration entered by User 5.18% (Compensated: 5.56% at temperature 25.3)
1300.48	1317.68	1328.26	1340.76	1355.88	1368.36	1383.16	1396.54	1415.60	1433.76	1453.44	1473.32	1493.56	1519.16	1536.14	1552.02	
1566.60	1597.50	1626.64	1668.46	1695.76	1720.88	1747.38	1779.46	1818.04	1857.30	1901.78	1952.54	2012.36	2062.94	2140.04	2233.18	
2333.34	2468.96	2611.68	2790.16	2991.82	3193.58	3362.84	3475.66	3546.04	3589.30	3619.46	3639.82	3649.02	3659.98	3670.76	3679.04	
3679.32	3714.28	3707.88	3711.46	3714.12	3720.92	3725.14	3720.80	3724.96	3730.10	3726.20	3726.76	3730.08	3725.24	3721.36	3731.42	
3734.84	3734.36	3734.26	3734.04	3726.76	3723.04	3719.68	3710.26	3722.20	3714.48	3727.92	3723.34	3726.80	3727.86	3723.54	3729.78	
3733.18	3737.22	3737.00	3730.04	3738.42	3736.18	3732.82	3740.02	3734.22	3746.64	3742.76	3739.04	3745.24	3741.34	3742.46	3747.72	
3746.58	3617.08	3692.02	3729.38	3729.80	3731.78	3737.18	3743.82	3739.72	3730.78	3738.30	3737.02	3739.22	3740.78	3736.64	3735.32	
3736.10	3723.54	3714.74	3712.04	3731.64	3727.48	3727.26	3723.90	3722.48	3702.42	3722.02	3714.10	3724.16	3725.78	3746.54	3692.86	

*******************************************2025/07/23;15:34:33
Probe number 290
Concentration entered by User 5.20% (Compensated: 5.58% at temperature 25.3)
1300.60	1317.56	1328.52	1341.24	1355.44	1367.46	1382.44	1397.48	1414.82	1431.24	1451.44	1472.58	1494.80	1518.32	1534.68	1551.72	
1567.36	1598.34	1625.86	1668.84	1696.72	1723.86	1751.38	1781.10	1816.36	1855.22	1904.12	1953.12	2011.44	2064.80	2140.94	2237.26	
2327.42	2460.74	2616.16	2795.42	2994.98	3193.56	3356.12	3470.94	3544.18	3588.04	3618.70	3640.28	3650.58	3662.14	3672.64	3681.10	
3680.90	3715.74	3710.16	3713.36	3715.80	3722.18	3726.46	3722.68	3726.64	3732.00	3728.10	3728.26	3731.26	3726.90	3722.82	3732.92	
3736.38	3735.50	3736.06	3735.80	3728.10	3724.88	3721.42	3712.08	3724.10	3715.96	3729.78	3724.94	3728.14	3729.46	3725.18	3731.52	
3734.62	3738.74	3738.46	3731.66	3739.94	3738.02	3734.28	3741.58	3735.94	3748.12	3744.44	3740.50	3746.60	3742.68	3743.94	3749.02	
3748.28	3619.16	3694.08	3730.94	3731.52	3733.40	3738.40	3745.34	3741.12	3732.62	3740.02	3738.32	3740.88	3742.30	3737.94	3736.70	
3737.80	3725.08	3716.40	3713.66	3733.44	3729.14	3728.88	3725.86	3724.04	3704.56	3723.42	3715.72	3725.94	3727.76	3747.88	3695.26	

*******************************************2025/07/23;15:35:03
Probe number 291
Concentration entered by User 5.09% (Compensated: 5.47% at temperature 25.3)
1300.32	1317.96	1329.22	1341.66	1355.80	1367.70	1381.86	1396.96	1414.86	1431.32	1453.12	1474.90	1495.60	1519.36	1535.32	1550.84	
1566.20	1597.36	1626.42	1666.86	1694.66	1720.70	1748.04	1780.22	1818.14	1857.70	1902.04	1951.98	2006.52	2054.32	2130.06	2225.78	
2332.42	2472.46	2632.38	2818.30	3017.04	3212.74	3372.48	3484.40	3551.14	3592.02	3622.62	3644.46	3653.64	3664.46	3674.00	3682.12	
3682.18	3716.96	3710.84	3713.84	3716.50	3722.80	3726.94	3723.18	3727.32	3732.26	3728.36	3728.78	3731.54	3727.14	3723.28	3733.46	
3736.66	3735.80	3736.10	3736.04	3728.16	3725.00	3721.56	3712.40	3724.38	3716.08	3729.70	3724.64	3728.42	3729.30	3725.78	3731.80	
3734.56	3738.68	3738.80	3731.58	3739.78	3738.10	3734.30	3741.52	3735.62	3747.82	3744.12	3740.76	3746.46	3742.78	3743.80	3749.16	
3748.10	3619.44	3694.16	3731.12	3731.40	3733.28	3738.56	3745.40	3741.14	3732.46	3739.94	3738.44	3740.68	3742.10	3738.06	3736.60	
3737.86	3725.24	3716.14	3713.76	3733.50	3729.20	3729.04	3725.92	3724.22	3704.48	3723.50	3716.04	3725.76	3727.80	3747.74	3694.88	

*******************************************2025/07/23;15:35:33
Probe number 292
Concentration entered by User 5.17% (Compensated: 5.55% at temperature 25.3)
1299.74	1317.18	1328.58	1341.54	1355.98	1367.04	1382.08	1396.50	1414.14	1431.56	1453.80	1473.80	1493.90	1518.04	1534.98	1552.00	
1566.86	1597.38	1624.96	1664.44	1693.56	1720.96	1750.00	1780.52	1815.44	1854.76	1900.18	1947.90	2002.44	2058.54	2141.68	2240.12	
2334.28	2469.14	2625.08	2799.54	2997.88	3197.48	3361.64	3474.64	3545.34	3586.80	3617.24	3638.94	3649.06	3659.94	3670.00	3678.42	
3678.86	3713.80	3707.82	3710.86	3713.30	3719.54	3724.12	3720.06	3724.50	3729.06	3725.24	3725.46	3728.86	3723.78	3720.30	3730.28	
3733.64	3733.36	3733.56	3733.38	3725.68	3722.18	3719.02	3709.38	3721.70	3713.42	3727.06	3722.08	3725.84	3726.94	3722.68	3728.96	
3732.24	3736.30	3736.34	3729.30	3737.30	3735.68	3731.84	3739.16	3733.42	3745.72	3741.96	3738.50	3744.30	3740.68	3741.70	3746.68	
3746.04	3615.92	3691.14	3728.42	3728.94	3730.90	3736.32	3743.22	3738.58	3729.96	3737.48	3736.06	3738.44	3739.80	3735.86	3734.50	
3735.40	3722.78	3713.04	3711.10	3731.30	3726.70	3726.34	3722.86	3721.62	3701.50	3721.12	3713.30	3723.10	3725.18	3745.72	3692.40	

*******************************************2025/07/23;15:36:02
Probe number 293
Concentration entered by User 5.15% (Compensated: 5.52% at temperature 25.3)
1300.14	1317.56	1328.74	1341.16	1354.98	1367.80	1382.98	1397.24	1415.42	1433.04	1454.56	1474.56	1494.96	1518.98	1533.54	1549.44	
1566.54	1596.34	1625.44	1667.22	1696.24	1722.20	1747.80	1778.26	1817.02	1857.82	1899.04	1948.00	2005.80	2064.26	2140.20	2228.24	
2329.48	2469.78	2621.54	2801.14	3001.34	3199.32	3364.80	3484.62	3552.50	3592.62	3620.36	3642.48	3651.70	3662.36	3672.96	3681.02	
3681.00	3716.28	3710.06	3713.46	3715.82	3721.88	3725.84	3722.36	3726.42	3731.12	3727.38	3727.88	3730.94	3726.22	3722.62	3732.46	
3736.02	3735.40	3735.08	3734.76	3727.70	3724.32	3721.08	3712.10	3723.50	3715.58	3729.12	3724.26	3727.86	3728.66	3724.60	3730.82	
3734.00	3738.26	3738.12	3730.84	3739.08	3737.46	3733.78	3741.14	3735.04	3747.36	3743.72	3740.04	3745.86	3742.04	3743.48	3748.48	
3747.56	3618.88	3693.74	3730.72	3730.94	3732.82	3738.12	3744.90	3740.40	3731.76	3738.78	3738.12	3740.20	3741.38	3737.68	3736.24	
3736.92	3724.62	3715.50	3713.08	3732.78	3728.54	3728.04	3724.86	3723.34	3703.80	3722.80	3715.26	3725.16	3727.10	3747.20	3694.10	

*******************************************2025/07/23;15:36:32
Probe number 294
Concentration entered by User 5.16% (Compensated: 5.53% at temperature 25.3)
1300.34	1317.22	1327.84	1340.56	1354.46	1366.20	1381.28	1395.68	1414.36	1432.04	1452.36	1473.10	1494.58	1519.64	1535.68	1551.52	
1565.96	1595.12	1622.56	1662.68	1691.72	1719.84	1746.62	1778.22	1817.08	1857.28	1899.34	1949.04	2003.30	2060.36	2139.82	2233.76	
2337.10	2473.12	2625.48	2814.16	3008.20	3196.56	3362.64	3480.50	3550.62	3591.54	3621.54	3642.74	3652.08	3663.02	3672.80	3680.90	
3680.78	3715.76	3709.94	3712.86	3715.38	3721.16	3725.50	3722.12	3725.96	3730.92	3727.18	3727.24	3730.52	3725.80	3721.72	3732.10	
3735.66	3734.72	3734.82	3734.76	3727.16	3723.64	3720.74	3711.30	3723.24	3715.22	3728.68	3723.76	3726.84	3728.30	3724.44	3730.52	
3733.82	3737.84	3737.74	3730.56	3739.14	3737.08	3733.18	3740.92	3734.74	3747.26	3743.50	3739.54	3745.66	3741.80	3743.18	3748.00	
3747.16	3618.42	3692.90	3729.88	3730.30	3732.72	3737.50	3744.50	3740.02	3731.38	3738.54	3737.64	3739.76	3741.16	3737.36	3735.72	
3736.82	3724.04	3714.96	3712.92	3732.52	3728.14	3727.80	3724.38	3723.04	3703.22	3722.16	3714.90	3725.08	3726.50	3746.76	3693.60	

*******************************************2025/07/23;15:37:02
Probe number 295
Concentration entered by User 5.15% (Compensated: 5.52% at temperature 25.3)
1299.80	1316.38	1327.30	1339.88	1354.46	1366.34	1381.78	1396.42	1414.48	1430.80	1451.26	1472.76	1495.06	1520.04	1534.40	1549.14	
1563.88	1595.06	1622.92	1663.80	1691.86	1717.88	1745.42	1777.22	1814.02	1852.60	1898.04	1949.74	2005.90	2059.52	2139.02	2235.08	
2334.70	2474.18	2631.38	2819.18	3012.16	3198.74	3362.80	3480.84	3549.04	3589.94	3618.20	3639.00	3648.64	3659.84	3669.40	3677.90	
3677.54	3713.26	3706.90	3710.24	3712.90	3719.42	3723.48	3719.70	3723.74	3729.10	3725.18	3725.36	3728.34	3723.52	3720.32	3730.02	
3733.88	3733.08	3733.20	3733.00	3725.54	3722.12	3718.56	3708.92	3721.04	3712.88	3726.66	3721.80	3725.18	3726.40	3722.42	3728.94	
3732.40	3735.82	3735.98	3728.70	3737.20	3735.36	3731.32	3738.88	3733.24	3745.42	3741.46	3737.98	3743.92	3739.82	3741.36	3746.52	
3745.58	3615.74	3690.58	3728.32	3728.50	3730.74	3735.66	3742.78	3738.40	3729.50	3737.00	3735.86	3737.94	3739.54	3735.28	3734.16	
3734.72	3722.28	3713.04	3710.98	3730.70	3726.14	3725.84	3722.78	3721.24	3701.10	3720.52	3712.60	3722.46	3724.22	3745.02	3691.36	

*******************************************2025/07/23;15:37:32
Probe number 296
Concentration entered by User 5.13% (Compensated: 5.51% at temperature 25.3)
1298.88	1316.98	1327.78	1340.58	1355.54	1366.78	1381.30	1395.98	1414.48	1430.84	1452.08	1473.62	1495.12	1520.08	1535.08	1550.80	
1567.08	1597.70	1624.86	1664.02	1690.56	1716.14	1745.78	1778.54	1819.28	1856.04	1896.84	1948.92	2008.36	2065.04	2136.02	2224.72	
2325.88	2468.62	2625.72	2809.70	3008.66	3201.34	3367.08	3482.72	3551.44	3591.70	3620.54	3642.40	3650.88	3662.36	3672.92	3680.48	
3680.66	3715.42	3709.20	3712.32	3714.88	3721.00	3725.72	3721.64	3725.90	3731.04	3727.06	3727.16	3730.32	3725.46	3722.04	3732.04	
3735.56	3734.96	3734.74	3734.72	3727.12	3723.68	3720.14	3710.74	3723.04	3714.46	3728.24	3723.44	3726.66	3727.76	3724.16	3730.36	
3733.62	3737.48	3737.40	3730.48	3738.64	3736.50	3732.78	3740.42	3734.52	3746.90	3742.98	3739.44	3745.52	3741.32	3742.74	3747.74	
3747.20	3617.70	3692.36	3729.86	3730.12	3732.22	3737.46	3743.82	3739.72	3731.32	3738.78	3737.12	3739.52	3740.64	3737.00	3735.50	
3736.42	3723.90	3714.94	3712.56	3732.38	3727.84	3727.20	3724.28	3722.36	3702.98	3722.06	3714.24	3724.58	3726.26	3746.52	3693.36	

*******************************************2025/07/23;15:38:02
Probe number 297
Concentration entered by User 5.19% (Compensated: 5.57% at temperature 25.3)
1300.18	1317.98	1329.66	1342.50	1356.02	1367.46	1381.92	1395.94	1414.38	1432.08	1453.70	1473.58	1495.02	1520.62	1535.48	1551.14	
1566.44	1598.34	1628.64	1664.56	1690.84	1717.96	1747.90	1780.60	1820.34	1860.02	1900.98	1954.16	2011.20	2062.60	2134.98	2223.96	
2327.74	2471.14	2618.52	2802.98	2995.52	3190.22	3360.12	3475.46	3546.38	3587.42	3618.02	3640.38	3649.94	3661.78	3671.54	3679.74	
3679.52	3714.80	3708.44	3711.68	3714.18	3720.24	3724.80	3721.40	3725.58	3730.24	3726.34	3726.84	3729.56	3725.44	3721.82	3731.62	
3735.16	3734.34	3734.66	3734.54	3726.60	3723.32	3719.82	3710.36	3722.60	3714.60	3728.12	3723.08	3726.74	3727.58	3723.98	3730.42	
3733.34	3737.26	3737.26	3730.26	3738.54	3736.52	3732.72	3740.30	3734.46	3746.80	3743.08	3739.14	3745.02	3741.58	3742.68	3747.86	
3747.20	3617.26	3692.52	3729.54	3730.30	3732.22	3737.18	3744.14	3739.88	3731.12	3738.70	3737.24	3739.72	3741.00	3736.88	3735.66	
3736.30	3724.44	3714.70	3712.66	3732.44	3727.70	3727.52	3724.52	3722.64	3703.10	3722.04	3714.58	3724.60	3726.14	3746.80	3693.54	

*******************************************2025/07/23;15:38:32
Probe number 298
Concentration entered by User 5.03% (Compensated: 5.41% at temperature 25.4)
1298.96	1316.26	1327.52	1340.16	1354.02	1365.96	1380.28	1395.22	1412.80	1429.84	1450.86	1471.64	1492.64	1517.02	1532.76	1547.74	
1563.44	1594.70	1622.22	1662.04	1690.60	1718.04	1745.64	1776.48	1814.60	1853.52	1896.24	1947.20	2003.26	2058.64	2138.34	2231.48	
2333.38	2479.16	2638.90	2829.36	3028.72	3222.92	3383.84	3493.94	3558.26	3596.22	3624.76	3645.24	3653.46	3664.14	3674.08	3681.68	
3681.94	3716.32	3709.80	3713.08	3715.56	3721.52	3726.20	3722.38	3726.52	3731.30	3727.26	3727.54	3730.40	3725.70	3722.32	3732.10	
3735.48	3734.54	3734.86	3734.66	3726.82	3723.70	3720.18	3710.58	3722.66	3714.50	3728.24	3723.48	3726.44	3727.68	3723.96	3730.02	
3733.08	3737.36	3736.66	3730.02	3738.46	3736.48	3732.70	3739.76	3734.06	3746.52	3742.76	3739.04	3744.86	3741.02	3742.42	3747.46	
3746.70	3617.34	3691.98	3729.16	3729.44	3731.62	3737.00	3743.78	3739.48	3730.60	3737.98	3736.74	3739.06	3740.48	3736.86	3735.18	
3735.74	3723.46	3714.34	3712.08	3731.78	3727.20	3726.96	3723.90	3722.24	3702.40	3721.56	3714.16	3724.16	3725.54	3745.92	3692.92	

*******************************************2025/07/23;15:39:03
Probe number 299
Concentration entered by User 5.15% (Compensated: 5.54% at temperature 25.4)
1301.06	1318.22	1329.30	1342.00	1356.06	1368.34	1382.78	1396.56	1414.46	1432.50	1453.14	1473.52	1494.52	1519.42	1536.60	1552.26	
1568.00	1597.28	1625.62	1667.26	1694.36	1722.60	1750.36	1781.38	1821.40	1861.76	1904.68	1952.10	2005.28	2056.42	2139.46	2241.80	
2340.06	2472.16	2626.86	2809.72	3005.66	3196.66	3364.58	3481.28	3551.00	3592.68	3621.00	3642.32	3651.74	3663.78	3673.84	3682.38	
3682.70	3717.24	3710.62	3713.90	3716.52	3722.94	3727.04	3723.50	3727.38	3732.34	3728.50	3728.66	3731.52	3726.96	3723.40	3733.38	
3736.72	3736.06	3736.30	3736.08	3728.40	3724.96	3721.76	3712.60	3724.40	3716.30	3729.78	3724.92	3728.34	3729.30	3725.72	3731.84	
3735.12	3738.68	3738.76	3731.96	3740.02	3738.04	3734.46	3741.86	3736.10	3748.18	3744.32	3740.74	3746.48	3742.66	3744.02	3749.42	
3748.46	3619.94	3694.24	3731.38	3731.40	3733.66	3738.44	3745.72	3741.06	3732.44	3739.90	3738.54	3741.32	3742.28	3738.30	3736.84	
3737.96	3725.40	3716.66	3713.98	3733.66	3729.22	3728.92	3725.66	3724.08	3704.90	3723.68	3716.10	3725.96	3727.48	3748.04	3695.44	

*******************************************2025/07/23;15:39:33
Probe number 300
Concentration entered by User 5.18% (Compensated: 5.57% at temperature 25.5)
1299.18	1317.30	1327.94	1340.76	1354.86	1367.36	1381.48	1396.58	1414.16	1430.84	1452.16	1473.60	1494.28	1518.80	1534.68	1548.94	
1565.16	1597.44	1625.10	1665.48	1694.38	1720.80	1745.58	1777.34	1817.18	1858.04	1901.14	1950.62	2005.66	2054.64	2131.68	2225.90	
2324.26	2461.72	2621.34	2803.56	3001.40	3194.76	3359.42	3474.40	3545.96	3588.10	3617.18	3638.96	3648.16	3659.20	3669.04	3677.42	
3677.94	3713.56	3707.50	3710.56	3712.82	3719.24	3723.88	3720.16	3724.08	3729.28	3725.56	3725.64	3728.76	3724.16	3719.96	3730.52	
3734.04	3733.62	3733.28	3733.18	3725.60	3722.04	3718.48	3709.46	3721.84	3713.40	3727.22	3722.04	3725.88	3726.40	3722.64	3729.50	
3732.46	3736.18	3736.08	3728.98	3737.28	3735.64	3731.58	3739.26	3733.30	3745.90	3742.04	3738.12	3744.10	3740.28	3741.84	3746.72	
3745.92	3616.16	3691.48	3728.46	3729.12	3730.80	3736.50	3743.04	3738.92	3729.88	3737.38	3736.16	3738.52	3739.86	3735.86	3734.58	
3735.02	3722.64	3713.06	3711.32	3730.90	3726.54	3726.18	3723.04	3721.42	3701.34	3721.06	3712.76	3723.32	3724.94	3745.72	3691.76	

*******************************************2025/07/23;15:40:03
Probe number 301
Concentration entered by User 5.13% (Compensated: 5.52% at temperature 25.5)
1301.58	1318.94	1330.32	1342.26	1356.42	1367.70	1383.20	1397.46	1414.98	1431.72	1453.18	1475.22	1495.70	1520.82	1536.60	1551.26	
1567.80	1599.84	1627.28	1668.42	1696.18	1723.24	1750.42	1779.72	1818.96	1859.48	1898.92	1947.82	2008.28	2061.36	2140.08	2244.34	
2354.42	2492.66	2639.02	2815.44	3005.96	3202.62	3370.96	3485.70	3552.78	3593.04	3621.48	3643.78	3651.66	3663.08	3673.52	3681.42	
3681.00	3716.30	3709.92	3713.02	3715.58	3721.96	3726.46	3722.28	3726.56	3731.10	3727.48	3727.72	3730.76	3726.18	3722.58	3732.20	
3735.60	3735.30	3735.56	3735.28	3727.58	3724.56	3720.96	3711.78	3723.52	3715.82	3729.20	3724.26	3727.72	3728.74	3724.90	3731.26	
3734.38	3738.12	3738.22	3730.86	3739.10	3737.52	3733.86	3740.98	3735.12	3747.38	3743.94	3740.02	3745.84	3741.78	3743.60	3748.76	
3747.74	3619.46	3693.36	3730.48	3730.70	3733.04	3737.78	3744.76	3740.22	3732.06	3739.08	3737.92	3740.34	3741.54	3737.64	3736.26	
3736.96	3724.82	3715.62	3713.34	3733.02	3728.74	3728.24	3724.68	3723.52	3703.62	3722.92	3715.26	3725.34	3727.32	3747.14	3694.38	

*******************************************2025/07/23;15:40:33
Probe number 302
Concentration entered by User 5.14% (Compensated: 5.53% at temperature 25.5)
1301.34	1318.36	1330.34	1343.04	1357.34	1369.10	1383.48	1397.20	1415.10	1432.44	1453.50	1474.98	1497.48	1521.22	1533.86	1550.04	
1566.38	1596.20	1624.12	1666.36	1694.26	1721.30	1745.98	1774.60	1816.06	1855.60	1903.88	1959.30	2017.84	2070.80	2145.82	2239.62	
2336.76	2477.20	2634.52	2817.14	3008.04	3203.30	3365.00	3480.92	3551.20	3593.16	3622.38	3643.62	3652.86	3664.30	3674.32	3682.46	
3683.08	3717.84	3711.70	3714.82	3717.00	3723.00	3727.70	3723.56	3727.92	3732.62	3728.88	3729.48	3732.38	3727.98	3724.28	3734.12	
3737.54	3737.14	3737.22	3737.08	3729.18	3726.04	3722.42	3713.34	3725.16	3717.16	3730.76	3725.56	3729.14	3730.22	3726.10	3732.48	
3735.60	3739.48	3739.72	3732.46	3740.66	3738.52	3734.90	3742.38	3736.44	3748.82	3745.16	3741.38	3747.20	3743.56	3744.62	3749.78	
3749.16	3621.18	3695.04	3732.02	3732.20	3734.50	3739.30	3745.86	3741.68	3733.28	3740.64	3739.28	3741.60	3742.90	3738.96	3737.78	
3738.78	3726.30	3717.28	3715.14	3734.52	3730.00	3730.12	3726.64	3724.96	3705.26	3724.84	3716.76	3726.78	3728.52	3748.66	3696.16	

*******************************************2025/07/23;15:41:03
Probe number 303
Concentration entered by User 5.21% (Compensated: 5.61% at temperature 25.6)
1300.66	1318.20	1329.24	1341.90	1355.40	1367.60	1382.54	1397.00	1416.36	1433.70	1454.26	1474.84	1496.24	1521.38	1537.60	1552.74	
1567.12	1597.54	1626.08	1667.18	1695.08	1722.38	1748.86	1780.90	1819.46	1858.54	1902.52	1954.50	2011.60	2060.20	2138.80	2243.46	
2345.80	2478.04	2628.78	2809.58	2997.84	3188.48	3353.62	3471.64	3544.08	3587.52	3617.38	3640.24	3650.26	3661.16	3671.86	3680.54	
3680.38	3715.86	3709.58	3712.72	3715.46	3722.00	3726.44	3723.08	3726.82	3731.66	3727.96	3728.30	3731.40	3726.90	3723.38	3733.24	
3736.70	3736.24	3736.30	3736.30	3728.74	3725.08	3721.82	3712.36	3724.62	3716.26	3729.84	3724.80	3728.64	3729.56	3725.46	3731.74	
3734.76	3738.90	3738.86	3731.74	3739.86	3738.26	3734.46	3741.66	3736.18	3748.34	3744.54	3740.78	3746.74	3742.76	3744.26	3749.54	
3748.88	3620.36	3694.26	3731.22	3732.02	3733.92	3738.84	3745.56	3741.22	3732.68	3740.48	3738.72	3741.10	3742.34	3738.28	3737.26	
3738.16	3725.50	3716.54	3714.26	3733.76	3729.48	3729.00	3726.00	3724.32	3704.66	3723.96	3715.98	3726.06	3728.08	3748.06	3695.44	

*******************************************2025/07/23;15:41:33
Probe number 304
Concentration entered by User 5.19% (Compensated: 5.59% at temperature 25.6)
1300.70	1317.94	1329.14	1341.58	1355.98	1367.90	1382.78	1397.42	1415.42	1431.88	1453.68	1474.86	1496.02	1520.16	1535.24	1549.74	
1566.12	1596.60	1622.42	1663.44	1692.20	1719.64	1749.20	1781.70	1819.96	1857.74	1902.22	1954.28	2005.76	2061.32	2137.88	2231.58	
2337.10	2468.52	2613.82	2801.46	2998.78	3190.92	3359.24	3475.34	3544.82	3588.76	3619.18	3641.56	3651.22	3662.22	3672.76	3680.94	
3681.20	3716.06	3709.54	3712.62	3715.72	3721.54	3725.70	3722.14	3726.46	3731.02	3727.32	3727.94	3730.82	3726.28	3722.20	3732.66	
3735.96	3735.52	3735.60	3735.08	3727.82	3724.32	3720.86	3711.72	3723.78	3715.82	3729.62	3724.38	3727.68	3728.90	3725.16	3731.80	
3734.34	3738.36	3738.46	3731.26	3739.40	3737.64	3733.58	3741.20	3735.66	3747.82	3743.98	3740.16	3746.14	3742.48	3743.90	3748.98	
3748.22	3619.36	3693.82	3730.78	3731.44	3733.04	3738.50	3745.28	3740.90	3732.56	3739.70	3738.70	3740.48	3741.80	3737.84	3736.60	
3737.24	3725.10	3716.42	3714.06	3733.64	3729.18	3728.70	3725.18	3723.68	3704.00	3723.46	3715.58	3725.74	3727.28	3747.70	3694.74	

*******************************************2025/07/23;15:42:03
Probe number 305
Concentration entered by User 5.14% (Compensated: 5.54% at temperature 25.6)
1301.46	1318.38	1329.08	1341.54	1356.02	1367.64	1382.70	1397.06	1415.26	1432.30	1453.70	1475.50	1496.40	1521.10	1536.22	1551.32	
1567.52	1597.50	1624.14	1664.82	1694.78	1721.62	1747.90	1780.52	1817.08	1858.32	1903.60	1957.58	2012.74	2065.86	2143.20	2237.94	
2335.72	2468.32	2628.34	2814.58	3007.70	3201.30	3366.50	3481.26	3549.18	3591.50	3619.94	3641.38	3651.08	3662.44	3672.58	3680.76	
3680.58	3715.68	3709.24	3712.78	3715.00	3721.40	3725.64	3722.32	3726.68	3731.12	3727.26	3727.54	3730.66	3725.70	3722.48	3732.08	
3735.88	3735.36	3735.26	3735.14	3727.16	3724.44	3720.28	3711.60	3723.56	3715.40	3728.94	3724.08	3727.38	3728.26	3724.72	3731.08	
3733.92	3738.20	3737.92	3731.04	3739.04	3737.28	3733.58	3740.92	3734.88	3747.44	3743.58	3740.14	3745.56	3741.94	3743.52	3748.44	
3747.68	3619.00	3693.14	3730.12	3730.92	3733.10	3738.08	3744.96	3740.22	3731.92	3739.02	3738.00	3740.20	3741.50	3737.76	3736.26	
3736.76	3724.56	3715.42	3713.56	3733.02	3728.48	3728.34	3724.90	3723.64	3703.68	3722.48	3715.12	3725.18	3727.00	3747.14	3694.58	

*******************************************2025/07/23;15:42:33
Probe number 306
Concentration entered by User 5.18% (Compensated: 5.58% at temperature 25.6)
1300.66	1317.60	1329.14	1342.32	1356.50	1368.50	1383.34	1396.88	1415.12	1432.88	1453.20	1473.96	1496.20	1523.28	1537.38	1550.38	
1564.94	1596.34	1624.90	1667.22	1694.80	1720.78	1746.44	1777.40	1817.48	1858.56	1901.96	1956.56	2017.24	2074.66	2146.30	2231.44	
2339.54	2474.12	2623.04	2806.14	2998.32	3194.02	3361.36	3473.96	3545.10	3588.62	3619.22	3641.76	3650.92	3661.52	3671.16	3679.20	
3679.58	3714.62	3708.60	3711.66	3714.44	3720.92	3725.16	3721.60	3725.56	3730.72	3727.04	3726.90	3730.18	3725.28	3721.82	3732.02	
3735.44	3734.86	3734.60	3734.82	3726.98	3723.84	3720.40	3711.10	3723.08	3714.78	3728.60	3723.60	3727.36	3727.82	3724.50	3731.22	
3733.62	3737.72	3737.38	3730.52	3738.74	3737.02	3732.68	3740.54	3734.72	3747.18	3743.54	3739.58	3745.58	3741.48	3743.02	3748.00	
3747.50	3618.22	3692.84	3730.08	3730.56	3732.32	3737.78	3744.50	3740.06	3731.60	3738.92	3737.64	3739.88	3741.18	3737.30	3736.00	
3736.64	3724.34	3715.08	3712.68	3732.82	3728.32	3728.00	3724.86	3723.04	3703.56	3722.48	3714.88	3724.92	3726.72	3746.82	3693.90	

*******************************************2025/07/23;15:43:03
Probe number 307
Concentration entered by User 5.16% (Compensated: 5.56% at temperature 25.7)
1300.38	1317.94	1329.56	1342.22	1356.44	1368.72	1383.04	1397.02	1415.00	1432.16	1452.86	1474.42	1496.48	1521.18	1535.68	1549.32	
1566.00	1597.94	1624.72	1665.20	1696.22	1723.26	1751.12	1784.18	1822.40	1858.80	1903.44	1957.50	2014.28	2066.52	2140.06	2231.28	
2337.58	2487.28	2642.60	2817.62	3007.00	3196.54	3362.60	3481.52	3552.18	3594.00	3624.36	3645.88	3655.32	3666.16	3676.78	3684.70	
3685.56	3719.68	3713.46	3716.26	3718.76	3725.12	3729.42	3726.18	3730.14	3734.84	3730.90	3731.10	3734.14	3729.94	3726.08	3735.56	
3739.42	3738.46	3738.62	3738.54	3731.14	3727.62	3724.36	3715.56	3727.42	3718.78	3732.42	3727.64	3731.04	3731.80	3728.08	3734.62	
3737.48	3741.32	3741.24	3734.32	3742.48	3740.74	3736.94	3743.94	3738.72	3750.56	3746.72	3743.32	3749.12	3745.14	3746.62	3751.84	
3750.94	3624.08	3697.26	3734.04	3734.20	3736.44	3740.98	3747.76	3743.46	3735.50	3742.44	3741.36	3743.70	3744.78	3740.80	3739.30	
3740.32	3728.24	3719.36	3716.96	3736.38	3731.98	3731.62	3728.74	3727.02	3707.76	3726.50	3718.98	3729.12	3730.54	3750.48	3698.34	

*******************************************2025/07/23;15:43:33
Probe number 308
Concentration entered by User 5.21% (Compensated: 5.62% at temperature 25.7)
1301.16	1319.40	1329.92	1342.36	1356.62	1368.64	1383.24	1397.40	1415.08	1433.18	1454.40	1474.74	1496.52	1522.28	1538.16	1553.94	
1568.68	1598.70	1626.22	1668.14	1697.92	1727.78	1754.96	1784.96	1824.76	1860.96	1903.96	1957.02	2014.46	2071.44	2146.56	2237.12	
2332.90	2471.56	2627.72	2812.78	3003.70	3188.36	3350.98	3471.68	3544.12	3587.60	3617.32	3639.80	3649.66	3661.68	3672.98	3680.36	
3680.80	3715.84	3709.46	3713.34	3715.80	3722.10	3726.24	3722.80	3727.36	3731.88	3728.16	3728.48	3731.88	3727.10	3723.40	3733.20	
3736.84	3736.20	3736.20	3736.14	3728.38	3725.34	3721.20	3712.56	3724.48	3716.32	3729.92	3724.86	3728.52	3729.54	3725.74	3731.96	
3734.80	3739.24	3738.88	3731.86	3740.00	3738.08	3734.60	3741.86	3736.08	3748.38	3744.62	3740.90	3746.96	3742.76	3744.24	3749.26	
3748.70	3620.30	3694.30	3731.60	3731.90	3734.12	3739.02	3746.02	3741.34	3733.02	3740.34	3738.96	3741.10	3742.44	3738.70	3737.04	
3738.34	3725.72	3716.60	3714.36	3734.12	3729.68	3729.24	3726.12	3724.26	3705.28	3723.96	3716.20	3726.20	3728.30	3748.16	3695.80	

*******************************************2025/07/23;15:44:03
Probe number 309
Concentration entered by User 5.21% (Compensated: 5.62% at temperature 25.6)
1300.32	1318.02	1328.84	1341.66	1355.50	1368.04	1382.18	1396.82	1415.58	1431.80	1452.38	1473.42	1494.94	1518.58	1535.60	1551.46	
1567.16	1595.48	1623.90	1665.44	1692.68	1721.06	1748.54	1781.48	1820.30	1856.88	1901.06	1956.08	2011.16	2067.38	2149.80	2240.58	
2342.68	2472.72	2620.28	2807.34	3006.76	3191.58	3350.82	3467.24	3538.60	3583.72	3616.06	3638.74	3648.24	3659.74	3670.50	3678.66	
3678.68	3714.00	3707.98	3710.74	3713.38	3719.44	3724.38	3720.94	3724.84	3729.60	3726.04	3726.12	3729.12	3724.58	3720.96	3731.12	
3734.62	3733.76	3733.80	3733.92	3725.92	3722.62	3719.16	3710.14	3722.06	3713.72	3727.58	3722.34	3726.42	3726.92	3723.14	3729.82	
3732.60	3736.78	3736.20	3729.54	3737.86	3736.14	3732.40	3739.44	3733.74	3745.92	3742.42	3738.62	3744.72	3740.68	3742.30	3747.36	
3746.16	3617.16	3691.54	3729.24	3729.74	3732.04	3736.44	3743.82	3739.22	3730.78	3738.12	3736.90	3738.80	3740.26	3736.32	3735.06	
3736.02	3723.32	3713.84	3712.34	3731.66	3727.50	3726.68	3723.84	3721.90	3702.32	3721.40	3713.88	3723.74	3725.74	3745.94	3693.20	

*******************************************2025/07/23;15:44:33
Probe number 310
Concentration entered by User 5.17% (Compensated: 5.58% at temperature 25.7)
1301.40	1318.72	1330.04	1343.28	1357.74	1370.88	1385.26	1398.82	1417.38	1433.74	1454.86	1477.48	1501.12	1524.62	1538.58	1552.12	
1566.64	1599.48	1626.90	1667.02	1694.96	1722.80	1750.82	1779.90	1820.54	1863.42	1906.00	1956.66	2014.62	2069.10	2150.22	2241.12	
2339.78	2469.88	2623.52	2811.94	3005.72	3194.12	3358.86	3476.88	3550.04	3593.64	3621.66	3644.24	3655.44	3666.08	3675.98	3684.32	
3684.44	3718.96	3712.12	3715.68	3718.08	3724.24	3728.80	3725.04	3729.10	3733.68	3730.22	3730.52	3733.62	3728.88	3725.48	3735.30	
3738.34	3737.92	3738.00	3737.94	3730.28	3726.86	3723.42	3714.56	3726.28	3718.48	3731.74	3726.98	3730.42	3731.10	3727.82	3734.08	
3736.76	3740.80	3740.76	3733.78	3741.72	3739.96	3736.36	3743.50	3737.88	3750.08	3746.34	3742.48	3748.32	3744.46	3745.98	3751.04	
3750.28	3623.12	3696.56	3733.08	3733.98	3736.02	3740.98	3747.64	3743.24	3734.80	3741.98	3740.68	3742.96	3744.16	3740.26	3739.16	
3740.20	3727.56	3718.86	3716.62	3736.04	3731.68	3730.94	3727.76	3726.38	3706.96	3725.76	3718.28	3727.96	3730.22	3749.84	3697.86	

*******************************************2025/07/23;15:45:03
Probe number 311
Concentration entered by User 5.16% (Compensated: 5.56% at temperature 25.6)
1300.98	1318.14	1329.52	1342.08	1355.90	1369.24	1384.12	1398.58	1416.08	1433.14	1453.84	1474.98	1496.22	1519.82	1536.26	1552.50	
1566.22	1598.94	1628.00	1666.14	1695.86	1727.18	1755.20	1782.52	1819.92	1859.88	1906.20	1954.26	2013.92	2065.44	2141.28	2229.26	
2326.30	2467.30	2630.08	2817.48	3011.26	3199.80	3361.92	3476.72	3547.54	3590.90	3621.76	3643.60	3653.02	3664.20	3674.82	3683.14	
3682.96	3717.72	3711.44	3714.54	3717.20	3723.60	3728.34	3724.42	3728.82	3733.56	3729.36	3729.86	3732.74	3728.50	3724.82	3734.78	
3738.40	3737.72	3737.44	3737.60	3729.44	3726.86	3723.04	3714.28	3726.08	3718.08	3731.44	3726.48	3730.10	3730.54	3726.62	3733.48	
3736.40	3740.24	3740.14	3733.26	3741.32	3739.74	3735.68	3743.50	3737.34	3749.66	3745.92	3741.92	3748.10	3743.94	3745.80	3750.78	
3749.98	3622.20	3696.08	3732.98	3733.06	3735.48	3740.42	3747.06	3742.64	3734.26	3741.40	3740.10	3742.56	3743.64	3739.94	3738.60	
3739.42	3727.22	3717.96	3716.06	3735.30	3730.94	3730.48	3727.52	3725.88	3706.86	3725.26	3717.86	3727.92	3729.46	3749.30	3697.46	

*******************************************2025/07/23;15:45:33
Probe number 312
Concentration entered by User 5.14% (Compensated: 5.55% at temperature 25.7)
1300.78	1317.46	1329.10	1342.66	1356.24	1367.52	1382.36	1397.06	1415.10	1432.54	1454.46	1476.04	1497.90	1522.92	1538.60	1552.54	
1566.54	1598.90	1629.14	1668.18	1695.80	1722.52	1748.48	1779.46	1822.16	1861.92	1907.10	1957.22	2010.32	2058.68	2137.78	2234.00	
2334.08	2470.22	2628.44	2823.44	3017.12	3200.52	3363.00	3480.00	3548.36	3590.30	3620.00	3641.74	3650.92	3662.04	3672.66	3680.82	
3681.30	3715.92	3709.92	3713.22	3715.00	3721.72	3725.72	3722.08	3726.38	3731.02	3726.90	3727.42	3730.66	3726.18	3722.34	3732.40	
3735.76	3735.16	3735.24	3735.12	3727.18	3724.58	3720.56	3711.40	3723.10	3715.52	3729.02	3724.08	3727.74	3728.38	3724.66	3731.44	
3734.24	3738.08	3737.96	3730.74	3739.18	3737.18	3733.50	3740.86	3735.18	3747.46	3743.78	3739.96	3745.70	3742.02	3743.56	3748.64	
3747.98	3618.78	3693.30	3730.42	3730.86	3733.08	3738.20	3745.04	3740.26	3731.70	3739.62	3738.04	3739.86	3741.78	3737.52	3736.50	
3736.88	3724.88	3715.02	3713.48	3732.86	3728.88	3728.06	3725.20	3723.38	3703.80	3723.22	3714.98	3725.20	3727.04	3747.12	3694.28	

*******************************************2025/07/23;15:46:03
Probe number 313
Concentration entered by User 5.10% (Compensated: 5.51% at temperature 25.7)
1300.72	1318.64	1330.04	1342.08	1356.46	1369.18	1384.36	1398.82	1417.06	1434.48	1455.20	1475.22	1496.56	1520.42	1536.72	1553.16	
1568.98	1598.92	1628.00	1667.82	1696.06	1722.76	1748.52	1781.48	1821.46	1858.12	1899.82	1954.84	2017.44	2070.24	2146.50	2243.58	
2337.18	2471.20	2624.22	2810.50	3011.70	3208.22	3373.28	3486.18	3555.94	3596.72	3625.18	3645.00	3655.30	3666.16	3675.86	3683.28	
3683.50	3717.98	3711.74	3715.20	3717.50	3723.92	3727.94	3724.66	3728.44	3733.32	3729.56	3729.66	3732.16	3728.28	3724.36	3734.66	
3737.70	3737.42	3737.30	3737.36	3729.28	3726.56	3722.86	3714.30	3725.68	3717.92	3731.14	3726.12	3729.60	3730.24	3726.64	3733.28	
3736.02	3740.04	3740.02	3732.92	3741.20	3739.20	3735.58	3742.68	3737.16	3749.44	3745.56	3741.56	3747.38	3743.80	3745.22	3750.28	
3749.90	3621.86	3695.88	3732.66	3733.10	3735.16	3740.18	3746.92	3742.24	3734.20	3741.30	3740.04	3742.10	3743.18	3739.50	3738.34	
3738.78	3727.04	3717.92	3715.78	3735.08	3730.72	3730.34	3727.28	3725.46	3706.66	3725.24	3717.52	3727.44	3729.06	3749.18	3697.14	

*******************************************2025/07/23;15:46:33
Probe number 314
Concentration entered by User 5.10% (Compensated: 5.51% at temperature 25.8)
1301.38	1318.56	1330.52	1343.36	1357.72	1369.88	1384.28	1399.22	1417.42	1433.30	1455.16	1476.02	1497.84	1522.62	1536.98	1551.14	
1568.82	1599.32	1629.18	1669.26	1697.26	1724.70	1751.68	1783.28	1822.46	1862.10	1905.50	1961.44	2018.50	2071.02	2153.20	2245.20	
2342.08	2481.84	2636.16	2820.20	3018.32	3211.26	3371.96	3484.02	3551.32	3593.22	3621.58	3643.76	3653.00	3664.14	3674.16	3682.00	
3682.62	3717.46	3711.04	3714.36	3716.56	3722.90	3727.06	3723.70	3727.72	3732.46	3728.40	3729.40	3732.20	3727.74	3724.16	3734.08	
3737.58	3736.68	3737.08	3736.86	3729.16	3726.40	3722.32	3713.58	3725.42	3717.36	3730.78	3725.70	3729.60	3729.88	3726.70	3732.90	
3735.56	3739.94	3739.74	3732.54	3740.66	3738.86	3735.20	3742.32	3736.96	3749.18	3745.36	3741.32	3747.28	3743.40	3744.92	3750.12	
3749.66	3621.54	3695.28	3732.36	3732.50	3734.84	3739.56	3746.58	3742.02	3733.88	3740.88	3739.80	3741.76	3742.88	3738.98	3738.04	
3738.72	3726.34	3717.22	3715.20	3734.76	3730.32	3729.80	3727.00	3724.92	3706.04	3725.12	3717.20	3727.34	3728.92	3748.74	3696.46	

*******************************************2025/07/23;15:47:03
Probe number 315
Concentration entered by User 5.10% (Compensated: 5.51% at temperature 25.8)
1300.82	1318.46	1330.18	1343.52	1357.42	1369.34	1385.10	1398.98	1416.34	1433.98	1454.38	1476.14	1497.36	1521.92	1538.34	1553.94	
1568.68	1600.06	1629.86	1670.40	1697.00	1721.40	1748.74	1778.30	1817.60	1855.38	1903.48	1957.58	2016.90	2070.54	2151.58	2248.44	
2350.10	2481.92	2634.80	2823.84	3018.68	3210.08	3372.30	3484.54	3553.38	3597.70	3626.38	3647.24	3655.10	3666.08	3677.04	3685.22	
3685.06	3719.36	3712.78	3716.04	3718.58	3724.70	3729.18	3725.50	3729.70	3734.06	3730.56	3730.86	3733.84	3729.38	3725.86	3735.70	
3739.12	3738.24	3738.50	3738.28	3730.40	3727.58	3724.08	3715.34	3726.92	3719.34	3732.14	3727.44	3730.92	3731.66	3727.86	3734.60	
3737.20	3741.36	3740.88	3734.20	3742.24	3740.52	3736.42	3743.92	3738.12	3750.22	3746.72	3742.72	3748.90	3744.94	3746.30	3751.52	
3750.70	3623.56	3697.12	3733.70	3734.38	3736.16	3741.24	3748.00	3743.60	3735.06	3742.34	3741.14	3743.36	3744.50	3740.78	3739.38	
3740.26	3728.26	3718.78	3717.24	3736.50	3732.00	3731.60	3728.44	3726.50	3707.88	3726.30	3718.74	3728.22	3730.52	3749.94	3698.32	

*******************************************2025/07/23;15:47:33
Probe number 316
Concentration entered by User 5.05% (Compensated: 5.46% at temperature 25.8)
1301.34	1319.06	1330.04	1341.80	1356.00	1368.86	1384.02	1398.80	1416.96	1434.32	1454.60	1476.46	1496.06	1520.46	1536.20	1552.34	
1567.90	1599.50	1626.86	1666.68	1694.92	1721.60	1750.00	1781.64	1819.34	1857.10	1900.32	1951.72	2006.54	2061.34	2145.68	2243.32	
2338.88	2469.56	2634.18	2830.00	3020.84	3215.02	3381.52	3494.24	3559.88	3599.10	3627.64	3647.86	3656.42	3666.90	3676.90	3684.80	
3685.04	3719.30	3712.96	3716.32	3718.58	3724.60	3728.80	3725.52	3729.68	3733.70	3730.06	3730.68	3733.66	3728.86	3725.68	3735.28	
3738.98	3738.22	3738.16	3738.32	3730.08	3727.58	3723.90	3715.06	3726.58	3718.76	3732.02	3726.90	3730.62	3731.28	3728.02	3734.24	
3737.02	3740.98	3740.64	3733.72	3741.86	3740.22	3736.34	3743.86	3737.84	3750.18	3746.50	3742.76	3748.14	3744.62	3746.00	3751.34	
3750.70	3623.40	3697.04	3733.48	3733.70	3736.12	3741.04	3747.78	3743.06	3734.88	3742.24	3740.74	3742.92	3744.62	3740.32	3739.28	
3739.66	3727.90	3718.88	3716.92	3735.92	3731.66	3731.04	3728.46	3726.48	3707.56	3726.32	3718.40	3728.20	3730.06	3749.72	3698.42	

*******************************************2025/07/23;15:48:03
Probe number 317
Concentration entered by User 5.15% (Compensated: 5.57% at temperature 25.8)
1301.64	1319.54	1330.00	1342.52	1356.80	1368.50	1383.52	1396.86	1414.64	1432.20	1453.70	1475.46	1496.98	1520.92	1536.14	1550.88	
1567.98	1599.46	1628.06	1668.76	1694.24	1719.42	1745.12	1778.20	1818.82	1857.80	1900.78	1952.32	2007.72	2062.64	2142.34	2241.12	
2338.38	2474.06	2626.58	2813.02	3008.22	3198.36	3363.26	3480.18	3550.28	3592.28	3621.04	3642.54	3651.68	3662.76	3673.04	3681.22	
3681.34	3716.70	3710.42	3713.20	3715.74	3721.98	3726.54	3723.04	3727.18	3731.54	3727.64	3727.92	3731.36	3726.64	3723.04	3733.18	
3736.54	3736.00	3736.16	3736.04	3727.64	3724.86	3721.30	3712.56	3723.90	3716.24	3729.80	3724.64	3728.12	3728.74	3725.44	3731.62	
3734.80	3738.92	3738.52	3731.44	3739.72	3737.86	3734.08	3741.56	3735.76	3748.10	3744.14	3740.68	3746.18	3742.64	3744.04	3749.04	
3748.48	3620.22	3694.30	3730.98	3731.46	3733.76	3738.68	3745.62	3741.02	3732.60	3739.82	3738.98	3740.84	3742.22	3738.16	3736.78	
3737.62	3725.70	3716.20	3714.42	3733.86	3729.34	3728.50	3726.08	3723.80	3704.58	3724.00	3716.22	3726.10	3727.70	3747.86	3695.34	

*******************************************2025/07/23;15:48:33
Probe number 318
Concentration entered by User 5.14% (Compensated: 5.56% at temperature 25.9)
1301.60	1318.64	1329.20	1341.78	1356.30	1368.40	1383.84	1398.12	1416.58	1433.66	1453.86	1475.06	1495.84	1521.14	1536.60	1551.34	
1567.64	1598.24	1626.86	1668.50	1697.40	1725.46	1751.60	1783.66	1819.20	1857.30	1905.50	1957.82	2016.90	2068.76	2147.94	2242.92	
2343.76	2477.82	2626.66	2803.84	2995.78	3199.34	3369.32	3484.62	3553.14	3594.26	3622.68	3644.72	3654.56	3665.16	3675.18	3683.32	
3683.50	3717.98	3711.10	3714.04	3716.76	3723.14	3727.58	3724.08	3728.22	3732.76	3729.16	3729.36	3732.26	3727.94	3724.12	3734.28	
3737.46	3737.04	3737.28	3737.24	3729.36	3726.30	3722.32	3713.90	3725.42	3717.90	3731.18	3725.74	3729.48	3730.02	3726.70	3733.06	
3735.80	3739.84	3739.84	3732.68	3740.98	3739.36	3735.24	3742.92	3736.86	3749.18	3745.62	3741.62	3747.26	3743.46	3745.16	3750.28	
3749.68	3622.12	3695.68	3732.26	3732.84	3735.06	3739.96	3746.78	3742.54	3733.72	3741.38	3739.78	3742.18	3743.34	3739.34	3737.82	
3738.94	3726.52	3717.54	3715.44	3735.06	3730.54	3729.96	3727.22	3725.40	3706.26	3724.68	3717.12	3727.02	3729.08	3748.72	3696.82	

*******************************************2025/07/23;15:49:03
Probe number 319
Concentration entered by User 5.08% (Compensated: 5.50% at temperature 25.9)
1301.56	1319.34	1330.56	1344.22	1358.16	1370.34	1385.56	1399.58	1417.08	1433.84	1454.70	1476.88	1498.02	1522.28	1540.02	1556.76	
1571.40	1599.66	1627.14	1668.68	1696.90	1721.82	1749.42	1782.38	1822.12	1861.76	1903.96	1954.24	2015.28	2073.74	2156.34	2250.90	
2351.18	2478.94	2623.78	2812.10	3015.40	3214.02	3374.56	3487.38	3556.50	3597.52	3625.42	3646.10	3656.12	3666.86	3676.90	3685.18	
3685.14	3719.86	3712.66	3716.16	3718.70	3725.08	3728.96	3725.58	3730.12	3734.72	3730.80	3730.98	3733.84	3729.90	3725.90	3736.00	
3739.48	3738.84	3738.66	3738.70	3731.00	3728.06	3724.08	3715.60	3727.18	3719.64	3732.68	3727.76	3731.52	3732.22	3728.72	3735.06	
3737.78	3741.86	3741.56	3734.56	3742.70	3740.98	3736.94	3744.50	3738.88	3750.66	3747.32	3743.46	3748.84	3745.20	3746.78	3751.92	
3751.30	3624.50	3697.74	3734.28	3734.56	3736.86	3741.86	3748.16	3743.96	3735.90	3742.86	3741.66	3743.92	3745.16	3741.24	3739.86	
3740.76	3728.86	3719.46	3717.78	3736.90	3732.52	3731.64	3728.92	3727.06	3708.62	3726.70	3719.20	3729.08	3731.04	3750.52	3699.04	

*******************************************2025/07/23;15:49:33
Probe number 320
Concentration entered by User 5.14% (Compensated: 5.56% at temperature 25.9)
1301.60	1318.90	1330.18	1343.16	1357.12	1369.34	1384.02	1398.12	1417.70	1435.64	1455.04	1474.74	1496.00	1522.86	1539.36	1553.56	
1569.66	1600.66	1630.76	1673.38	1698.24	1723.22	1751.84	1786.98	1827.56	1858.54	1900.46	1952.26	2011.04	2071.38	2157.18	2255.10	
2356.00	2480.26	2634.16	2814.36	3004.56	3199.24	3368.20	3484.28	3553.22	3596.52	3623.68	3645.34	3654.78	3665.62	3675.78	3683.50	
3684.16	3718.76	3712.30	3715.10	3718.08	3724.08	3728.92	3725.18	3729.30	3733.92	3730.04	3730.40	3733.38	3729.22	3725.60	3735.74	
3739.10	3738.32	3738.28	3738.04	3730.26	3727.46	3723.78	3715.18	3726.74	3718.90	3732.12	3726.62	3730.98	3731.26	3727.88	3734.52	
3737.14	3740.98	3740.90	3734.10	3741.94	3740.30	3736.58	3743.94	3738.06	3750.10	3746.66	3742.70	3748.38	3744.66	3746.68	3751.22	
3750.90	3623.54	3696.92	3733.64	3734.12	3736.06	3741.18	3747.62	3743.42	3735.06	3742.56	3740.86	3743.20	3744.52	3740.72	3739.06	
3740.26	3727.94	3719.12	3716.82	3736.10	3731.82	3731.18	3728.44	3726.62	3707.90	3726.20	3718.42	3728.34	3730.40	3749.74	3698.28	

*******************************************2025/07/23;15:50:03
Probe number 321
Concentration entered by User 5.21% (Compensated: 5.63% at temperature 25.9)
1301.30	1318.70	1330.58	1342.96	1357.04	1369.56	1384.96	1399.22	1416.44	1432.86	1453.80	1474.86	1495.42	1521.06	1536.78	1551.30	
1567.36	1598.96	1624.38	1662.92	1692.08	1720.82	1750.64	1783.04	1821.42	1861.42	1905.22	1953.04	2011.86	2064.06	2142.94	2240.10	
2339.10	2472.24	2619.70	2802.18	2994.68	3186.56	3355.48	3475.52	3546.64	3590.48	3619.00	3641.54	3651.26	3662.46	3673.04	3681.68	
3682.00	3716.26	3710.16	3713.60	3716.18	3722.58	3726.86	3723.28	3727.48	3732.18	3728.28	3728.56	3731.68	3727.14	3723.60	3733.42	
3737.10	3736.32	3736.34	3736.62	3728.20	3725.50	3721.56	3713.08	3724.42	3716.74	3730.20	3724.78	3728.74	3729.20	3726.10	3732.40	
3734.92	3739.48	3738.98	3732.12	3739.70	3738.24	3734.26	3741.94	3736.14	3748.76	3744.76	3740.96	3746.36	3743.16	3744.58	3749.44	
3749.12	3621.10	3694.44	3731.66	3732.08	3734.06	3739.28	3745.68	3741.42	3733.30	3740.68	3739.26	3741.34	3742.94	3738.96	3737.28	
3738.26	3725.94	3716.74	3714.88	3734.26	3730.12	3729.10	3726.40	3724.44	3705.68	3724.14	3716.40	3726.64	3728.36	3748.06	3696.14	

*******************************************2025/07/23;15:50:33
Probe number 322
Concentration entered by User 5.15% (Compensated: 5.57% at temperature 25.9)
1301.00	1318.48	1329.18	1341.08	1355.44	1368.48	1383.30	1398.06	1416.76	1433.14	1453.32	1473.42	1497.36	1523.04	1538.46	1552.44	
1567.88	1599.50	1627.34	1668.24	1695.62	1723.62	1750.78	1780.76	1817.82	1855.06	1900.74	1951.22	2007.42	2063.70	2149.86	2250.50	
2349.64	2482.64	2635.54	2813.36	3006.62	3201.18	3364.96	3480.10	3548.20	3591.76	3620.80	3643.02	3652.00	3662.96	3673.52	3681.76	
3681.90	3716.96	3710.40	3713.66	3715.98	3722.12	3726.94	3723.46	3727.54	3732.28	3728.58	3728.76	3731.50	3727.10	3723.60	3733.52	
3737.26	3736.36	3736.08	3736.16	3727.98	3725.24	3721.54	3712.68	3724.56	3716.72	3730.00	3724.90	3728.56	3729.20	3725.88	3732.14	
3735.04	3739.30	3738.80	3731.90	3740.24	3738.64	3734.64	3741.96	3735.90	3748.18	3744.86	3740.84	3746.46	3742.78	3744.28	3749.64	
3748.88	3620.92	3694.78	3731.96	3731.90	3734.24	3739.02	3745.70	3741.46	3732.86	3740.36	3739.06	3741.48	3742.54	3738.58	3737.28	
3738.04	3726.02	3716.72	3714.74	3734.20	3729.78	3729.04	3726.16	3724.46	3705.42	3724.16	3716.30	3726.44	3728.36	3748.20	3695.46	

*******************************************2025/07/23;15:51:03
Probe number 323
Concentration entered by User 5.13% (Compensated: 5.55% at temperature 25.9)
1302.60	1319.66	1330.26	1343.62	1358.10	1369.92	1383.76	1398.16	1416.94	1434.92	1455.66	1476.14	1497.16	1520.34	1536.20	1552.42	
1570.10	1602.14	1628.50	1669.02	1698.26	1725.98	1752.44	1782.36	1821.68	1861.28	1907.84	1962.78	2013.72	2067.36	2150.18	2244.22	
2342.32	2478.64	2639.02	2817.74	3004.06	3201.64	3369.32	3483.92	3552.64	3594.76	3624.34	3646.48	3654.82	3666.16	3676.42	3684.72	
3685.00	3719.30	3712.62	3716.08	3718.32	3724.52	3728.66	3725.68	3729.92	3734.18	3730.38	3730.54	3733.68	3729.44	3726.12	3735.84	
3739.26	3738.60	3738.48	3738.54	3730.50	3727.88	3723.92	3715.62	3727.00	3719.50	3732.76	3727.40	3730.96	3731.42	3728.18	3734.92	
3737.24	3741.38	3741.54	3734.20	3742.08	3740.68	3736.86	3744.20	3738.70	3750.66	3746.74	3743.14	3748.80	3744.80	3746.54	3751.66	
3751.30	3624.08	3697.80	3733.92	3733.96	3736.22	3741.48	3747.90	3743.60	3735.34	3742.54	3741.12	3743.48	3744.74	3741.04	3739.52	
3740.52	3728.36	3719.18	3717.44	3736.68	3732.28	3731.60	3728.86	3726.80	3707.82	3726.72	3718.98	3728.98	3731.00	3750.00	3698.74	

*******************************************2025/07/23;15:51:33
Probe number 324
Concentration entered by User 5.10% (Compensated: 5.53% at temperature 25.9)
1301.40	1318.76	1329.62	1342.12	1356.76	1369.50	1384.62	1400.46	1418.02	1434.40	1455.14	1477.70	1499.94	1522.72	1534.80	1551.42	
1567.76	1599.26	1626.70	1666.96	1696.10	1725.42	1754.00	1785.00	1823.48	1861.74	1907.88	1956.80	2010.34	2067.50	2146.76	2242.76	
2343.52	2479.46	2637.34	2820.74	3011.88	3208.56	3372.52	3486.82	3553.84	3594.76	3623.20	3645.96	3654.38	3665.82	3676.70	3684.64	
3684.72	3719.48	3712.26	3715.82	3718.50	3725.10	3729.36	3726.10	3729.96	3734.74	3730.96	3731.40	3733.84	3729.80	3726.22	3736.00	
3739.44	3738.74	3738.62	3738.84	3730.50	3727.76	3724.52	3715.66	3727.06	3719.38	3732.72	3727.76	3731.44	3731.86	3728.54	3735.02	
3737.62	3741.66	3741.42	3734.62	3742.46	3740.78	3736.94	3744.34	3738.94	3750.80	3747.06	3743.24	3748.80	3745.18	3746.72	3751.74	
3751.32	3624.58	3697.56	3734.28	3734.40	3736.44	3741.50	3747.94	3743.96	3735.50	3742.94	3741.52	3743.64	3745.22	3741.18	3739.72	
3740.30	3728.32	3719.48	3717.64	3736.52	3732.38	3731.88	3729.08	3726.96	3708.20	3726.82	3719.26	3728.78	3730.96	3750.34	3698.70	

*******************************************2025/07/23;15:52:03
Probe number 325
Concentration entered by User 5.12% (Compensated: 5.53% at temperature 25.8)
1302.26	1319.48	1330.54	1343.12	1357.60	1369.14	1383.04	1398.06	1416.50	1434.32	1455.68	1477.28	1499.22	1523.22	1537.98	1554.16	
1569.42	1602.52	1630.34	1668.74	1695.46	1726.10	1754.90	1782.52	1819.54	1860.14	1905.34	1956.10	2015.56	2068.92	2143.48	2235.78	
2331.76	2466.78	2624.94	2815.22	3008.68	3202.70	3371.36	3487.00	3555.30	3597.92	3626.48	3647.96	3657.18	3667.78	3678.20	3685.92	
3686.10	3720.04	3713.74	3717.00	3719.28	3725.32	3729.92	3726.42	3730.42	3734.94	3730.98	3731.42	3734.20	3730.06	3726.46	3736.42	
3739.58	3738.92	3739.08	3738.88	3730.80	3728.20	3724.60	3716.10	3727.10	3719.90	3733.18	3727.96	3731.68	3732.12	3728.86	3735.44	
3738.04	3742.00	3741.62	3734.68	3742.80	3741.22	3737.38	3744.66	3739.02	3751.24	3747.18	3743.68	3749.14	3745.50	3746.90	3752.28	
3751.78	3625.02	3697.90	3734.42	3734.78	3736.92	3741.72	3748.48	3744.20	3735.82	3743.00	3741.66	3743.84	3745.26	3741.34	3740.02	
3741.00	3729.10	3719.64	3717.92	3737.12	3732.78	3732.18	3729.30	3727.24	3708.62	3727.30	3719.38	3728.98	3730.90	3750.62	3699.14	

*******************************************2025/07/23;15:52:33
Probe number 326
Concentration entered by User 5.14% (Compensated: 5.56% at temperature 25.8)
1302.20	1319.82	1331.44	1344.20	1357.64	1369.24	1382.96	1398.14	1417.16	1434.50	1455.90	1476.58	1498.26	1522.14	1538.46	1553.22	
1569.48	1601.68	1628.28	1668.94	1698.24	1723.64	1749.92	1781.50	1821.02	1858.98	1908.44	1963.74	2011.72	2064.18	2148.36	2242.82	
2342.38	2479.88	2628.24	2807.46	3005.54	3201.30	3367.42	3482.40	3551.92	3592.68	3622.28	3644.02	3653.24	3663.78	3674.68	3682.98	
3683.08	3717.70	3710.66	3714.30	3716.68	3722.56	3727.40	3724.16	3728.18	3732.96	3729.24	3729.24	3732.62	3728.50	3724.78	3734.62	
3737.92	3737.52	3737.50	3737.26	3729.24	3726.72	3722.82	3714.14	3726.00	3718.20	3731.28	3726.26	3729.82	3730.40	3727.14	3733.86	
3736.20	3740.46	3740.04	3733.12	3741.28	3739.80	3735.96	3743.22	3737.50	3749.62	3745.62	3742.02	3747.48	3743.86	3745.54	3750.98	
3750.10	3622.80	3696.34	3732.68	3733.20	3735.50	3740.22	3747.02	3742.44	3734.28	3741.34	3740.52	3742.38	3743.72	3739.70	3738.54	
3739.42	3727.24	3717.88	3716.42	3735.24	3730.72	3730.02	3727.82	3725.52	3706.82	3725.38	3718.14	3727.84	3729.52	3749.02	3697.46	

*******************************************2025/07/23;15:53:03
Probe number 327
Concentration entered by User 5.23% (Compensated: 5.64% at temperature 25.8)
1300.76	1318.14	1329.62	1342.14	1356.04	1368.00	1381.88	1396.80	1415.08	1433.30	1453.12	1473.78	1495.42	1520.80	1537.80	1553.08	
1567.24	1597.56	1626.08	1667.26	1697.20	1726.56	1752.06	1781.78	1821.28	1858.28	1897.60	1949.56	2007.88	2061.08	2139.44	2236.04	
2337.84	2467.14	2619.58	2801.50	2994.18	3182.46	3352.20	3472.80	3544.00	3588.58	3619.06	3641.72	3651.22	3662.18	3672.42	3681.00	
3681.22	3716.00	3708.94	3712.92	3715.32	3721.66	3726.28	3722.74	3726.98	3731.14	3727.64	3728.04	3730.90	3726.46	3722.72	3732.82	
3736.24	3736.00	3735.78	3735.54	3727.54	3724.40	3720.84	3712.40	3723.96	3716.10	3729.38	3724.20	3728.08	3728.68	3725.18	3731.78	
3734.20	3738.54	3738.06	3731.18	3739.52	3737.54	3733.78	3741.26	3735.52	3748.06	3744.08	3740.34	3745.92	3742.38	3743.66	3749.02	
3748.72	3620.02	3693.52	3731.08	3731.38	3733.56	3738.60	3745.10	3740.74	3732.36	3739.72	3738.30	3740.74	3742.02	3738.16	3736.54	
3737.32	3725.24	3715.72	3714.10	3733.40	3728.96	3728.34	3725.64	3723.74	3704.54	3723.38	3715.40	3725.82	3727.04	3747.36	3694.72	

*******************************************2025/07/23;15:53:33
Probe number 328
Concentration entered by User 5.18% (Compensated: 5.60% at temperature 25.7)
1301.18	1318.68	1329.30	1341.58	1355.50	1367.30	1381.96	1396.00	1414.78	1431.84	1452.72	1474.94	1497.26	1520.22	1535.42	1551.50	
1567.30	1598.10	1625.32	1665.88	1697.26	1724.22	1749.70	1781.48	1820.14	1858.62	1900.42	1951.82	2012.68	2065.84	2140.62	2238.96	
2333.18	2466.94	2626.64	2807.88	2998.38	3191.90	3359.20	3476.30	3549.04	3590.22	3619.46	3641.92	3651.10	3662.00	3672.12	3680.36	
3681.44	3715.86	3709.04	3712.64	3715.02	3721.60	3726.10	3722.60	3727.16	3731.46	3727.84	3727.84	3730.72	3726.58	3722.88	3733.04	
3736.64	3736.10	3735.68	3735.80	3727.68	3724.76	3720.72	3712.66	3724.06	3716.38	3729.76	3724.14	3728.38	3728.92	3725.44	3731.82	
3734.48	3738.80	3738.50	3731.24	3739.50	3737.96	3733.98	3741.54	3735.62	3748.22	3744.18	3740.40	3745.94	3742.08	3743.84	3749.22	
3748.76	3620.02	3694.08	3731.02	3731.78	3733.44	3738.72	3745.14	3740.92	3732.64	3740.08	3738.46	3741.04	3742.18	3738.14	3736.88	
3737.78	3725.32	3715.88	3714.14	3733.94	3729.16	3728.64	3726.12	3723.84	3704.84	3723.64	3715.76	3725.78	3728.04	3747.74	3695.26	

*******************************************2025/07/23;15:54:03
Probe number 329
Concentration entered by User 5.02% (Compensated: 5.43% at temperature 25.7)
1301.52	1319.00	1329.96	1342.76	1356.98	1369.22	1384.42	1397.72	1415.62	1433.00	1453.72	1475.44	1497.92	1522.32	1537.28	1553.38	
1568.44	1598.90	1626.42	1665.54	1692.24	1721.02	1750.46	1784.14	1822.84	1859.78	1905.50	1957.70	2013.92	2068.14	2149.72	2245.04	
2337.38	2469.08	2626.46	2823.74	3031.08	3223.98	3383.64	3494.22	3559.10	3600.10	3628.10	3648.82	3657.26	3667.68	3677.94	3686.04	
3685.92	3720.56	3713.00	3716.48	3718.66	3725.24	3729.88	3726.02	3730.32	3734.94	3730.74	3730.90	3734.02	3729.78	3726.34	3735.98	
3739.38	3738.90	3738.68	3738.38	3730.60	3727.42	3724.08	3715.54	3727.08	3719.16	3732.42	3727.30	3731.20	3731.36	3728.18	3734.64	
3737.28	3741.62	3741.00	3734.38	3742.36	3740.74	3736.78	3744.18	3738.48	3750.64	3746.80	3743.00	3748.20	3744.62	3746.66	3751.70	
3751.08	3624.32	3697.42	3733.62	3734.12	3736.40	3741.28	3747.84	3743.86	3735.36	3742.52	3741.10	3743.14	3744.76	3740.78	3739.12	
3740.42	3728.08	3718.94	3716.90	3736.62	3732.16	3731.46	3728.58	3726.72	3707.98	3726.14	3718.90	3728.66	3730.48	3749.94	3698.62	

*******************************************2025/07/23;15:54:33
Probe number 330
Concentration entered by User 5.01% (Compensated: 5.41% at temperature 25.7)
1299.64	1317.48	1328.48	1340.72	1354.64	1367.14	1382.38	1396.62	1414.48	1431.32	1452.18	1472.98	1494.38	1518.60	1533.82	1549.62	
1565.64	1596.44	1624.42	1664.96	1693.28	1719.78	1746.36	1776.44	1817.28	1855.12	1899.08	1951.24	2007.42	2061.82	2141.02	2241.74	
2345.14	2488.82	2645.54	2833.82	3032.40	3225.32	3388.24	3498.26	3562.60	3601.70	3627.66	3648.32	3656.46	3666.96	3677.24	3684.34	
3683.98	3718.66	3711.86	3715.08	3717.52	3723.50	3727.84	3724.38	3728.72	3732.82	3729.22	3729.38	3732.46	3728.00	3724.42	3734.46	
3737.74	3737.00	3737.26	3737.18	3728.96	3725.98	3722.24	3713.50	3725.04	3717.00	3730.86	3725.46	3729.38	3729.80	3726.66	3732.90	
3735.60	3739.70	3739.20	3732.18	3740.44	3738.88	3735.06	3742.22	3736.78	3748.84	3745.40	3741.18	3746.76	3742.94	3744.72	3749.94	
3749.62	3620.80	3695.16	3731.94	3732.00	3734.42	3739.22	3746.36	3741.72	3733.58	3740.76	3739.36	3741.48	3743.18	3738.98	3737.50	
3738.12	3725.92	3716.98	3715.38	3734.18	3730.00	3729.16	3726.46	3724.60	3705.50	3724.38	3716.68	3726.56	3728.64	3748.46	3696.14	

*******************************************2025/07/23;15:55:03
Probe number 331
Concentration entered by User 5.10% (Compensated: 5.50% at temperature 25.6)
1301.08	1318.62	1330.20	1343.38	1357.30	1368.96	1383.52	1397.12	1415.82	1433.06	1453.24	1475.38	1496.42	1520.06	1535.30	1550.50	
1565.02	1595.80	1626.74	1669.32	1696.28	1722.92	1749.48	1782.22	1821.08	1858.38	1903.50	1953.90	2012.18	2068.98	2149.10	2239.74	
2333.46	2465.62	2618.10	2810.10	3016.14	3210.00	3372.10	3486.42	3555.54	3597.02	3625.14	3646.44	3655.58	3667.10	3676.92	3684.94	
3684.82	3718.94	3712.22	3715.70	3718.36	3724.88	3729.32	3725.70	3729.58	3734.64	3730.42	3730.72	3733.44	3729.54	3725.76	3735.56	
3739.48	3738.58	3738.56	3738.28	3730.22	3727.70	3724.26	3715.20	3726.84	3719.38	3732.50	3727.08	3730.66	3731.58	3727.72	3734.64	
3736.90	3741.10	3740.98	3734.14	3742.06	3740.32	3736.42	3744.02	3738.24	3750.36	3746.92	3742.70	3748.24	3744.82	3746.46	3751.74	
3750.98	3623.82	3697.14	3733.70	3734.30	3736.02	3741.16	3747.94	3743.36	3735.36	3742.30	3741.16	3743.40	3744.64	3740.52	3739.52	
3740.18	3727.98	3718.58	3717.12	3736.38	3731.86	3731.52	3728.50	3726.36	3707.48	3726.30	3718.68	3728.34	3730.22	3749.88	3698.58	

*******************************************2025/07/23;15:55:33
Probe number 332
Concentration entered by User 5.14% (Compensated: 5.54% at temperature 25.7)
1301.60	1318.96	1330.02	1341.82	1355.54	1367.66	1383.16	1397.90	1415.88	1433.20	1453.86	1475.42	1498.04	1522.90	1537.38	1551.84	
1566.64	1596.82	1625.82	1666.08	1692.12	1718.68	1746.90	1779.66	1819.54	1857.24	1900.64	1950.66	2011.02	2063.70	2142.26	2234.72	
2332.48	2469.82	2626.70	2815.16	3014.22	3200.08	3365.00	3483.32	3552.82	3594.12	3623.94	3644.90	3654.12	3665.22	3675.02	3683.42	
3683.72	3717.52	3711.04	3713.86	3716.42	3723.18	3727.60	3724.10	3728.14	3732.42	3728.30	3728.68	3732.02	3727.58	3724.02	3733.76	
3737.20	3737.10	3736.74	3736.64	3728.54	3725.34	3722.18	3713.48	3725.02	3717.28	3730.66	3725.50	3729.24	3729.92	3726.42	3732.82	
3735.72	3739.90	3739.52	3732.28	3740.46	3738.56	3734.92	3742.42	3736.56	3749.02	3745.18	3741.42	3746.66	3743.32	3744.94	3750.14	
3749.42	3621.30	3695.58	3731.68	3732.10	3734.52	3739.58	3746.30	3741.74	3733.38	3741.08	3739.66	3741.72	3743.30	3739.10	3738.12	
3738.54	3726.60	3717.26	3715.46	3734.80	3730.18	3729.52	3726.54	3724.70	3705.80	3724.40	3716.92	3726.46	3728.76	3748.02	3696.10	

*******************************************2025/07/23;15:56:03
Probe number 333
Concentration entered by User 5.19% (Compensated: 5.59% at temperature 25.6)
1301.16	1318.56	1329.50	1341.62	1356.40	1368.66	1383.52	1397.46	1415.68	1432.30	1453.18	1475.56	1498.16	1523.76	1537.58	1550.16	
1566.68	1598.80	1626.74	1668.10	1695.90	1724.30	1753.22	1784.10	1821.34	1857.80	1897.54	1951.14	2012.58	2071.36	2150.38	2244.18	
2343.36	2478.24	2633.24	2814.08	3003.74	3191.40	3355.46	3478.74	3550.30	3592.26	3621.30	3644.18	3653.88	3665.34	3674.98	3683.22	
3683.06	3717.86	3711.02	3713.92	3716.76	3723.08	3727.54	3724.18	3728.36	3732.62	3728.92	3729.38	3732.50	3728.04	3723.90	3734.38	
3737.40	3736.82	3736.78	3736.46	3728.40	3725.74	3722.44	3713.48	3725.44	3717.64	3730.60	3725.58	3729.40	3729.94	3726.18	3733.06	
3735.72	3739.60	3739.42	3732.36	3740.58	3738.64	3735.04	3742.62	3737.14	3748.74	3745.24	3741.38	3746.88	3742.88	3745.10	3750.30	
3749.54	3621.30	3695.30	3732.00	3732.54	3734.86	3739.62	3746.34	3742.10	3733.68	3740.76	3739.74	3741.64	3742.98	3739.02	3737.98	
3739.04	3726.64	3717.32	3715.40	3734.64	3730.40	3729.50	3727.06	3724.74	3705.74	3725.06	3716.90	3726.98	3728.76	3748.84	3696.24	

*******************************************2025/07/23;15:56:33
Probe number 334
Concentration entered by User 5.02% (Compensated: 5.42% at temperature 25.6)
1300.84	1317.74	1329.66	1342.22	1356.60	1368.66	1383.28	1397.68	1415.18	1432.66	1453.92	1474.42	1495.98	1520.06	1535.52	1552.28	
1567.96	1599.14	1628.04	1668.66	1695.94	1723.30	1750.62	1780.66	1818.02	1854.70	1896.02	1946.62	2002.34	2060.38	2143.94	2238.28	
2337.48	2477.76	2634.76	2823.54	3030.76	3226.58	3385.34	3494.12	3559.46	3599.98	3626.52	3647.04	3656.44	3666.64	3676.64	3684.00	
3684.46	3718.84	3711.62	3714.62	3717.12	3723.58	3728.16	3724.70	3729.14	3733.48	3729.38	3730.02	3732.94	3728.26	3724.86	3734.36	
3737.90	3737.28	3737.28	3737.44	3729.06	3726.34	3722.96	3714.18	3726.08	3717.98	3731.54	3726.20	3729.36	3730.16	3726.78	3733.12	
3735.92	3740.30	3739.94	3732.86	3740.76	3739.32	3735.38	3742.86	3737.14	3749.22	3745.48	3741.34	3747.06	3743.80	3745.26	3750.96	
3749.88	3622.12	3696.02	3732.64	3733.00	3735.00	3740.10	3746.76	3742.52	3734.00	3741.36	3739.82	3742.18	3743.56	3739.62	3738.32	
3738.86	3726.70	3717.92	3715.82	3735.06	3730.84	3730.12	3727.34	3725.62	3706.28	3724.92	3717.76	3727.10	3729.16	3749.08	3696.72	

*******************************************2025/07/23;15:57:03
Probe number 335
Concentration entered by User 5.14% (Compensated: 5.54% at temperature 25.6)
1301.04	1317.84	1329.32	1342.74	1356.20	1368.46	1383.48	1398.06	1416.88	1434.30	1454.76	1474.22	1494.78	1519.68	1534.92	1551.84	
1568.12	1599.82	1628.04	1667.46	1694.96	1725.64	1751.96	1779.60	1819.22	1860.72	1906.86	1958.38	2013.14	2067.36	2144.24	2237.64	
2338.06	2468.68	2615.90	2802.06	3004.80	3201.10	3366.86	3481.00	3550.84	3591.80	3621.60	3644.06	3652.32	3663.36	3674.10	3682.18	
3681.90	3716.42	3710.02	3713.28	3715.84	3722.30	3727.40	3724.08	3728.28	3732.68	3728.68	3729.42	3731.98	3727.68	3724.38	3734.38	
3737.62	3737.00	3736.72	3736.84	3728.94	3725.98	3722.26	3713.56	3725.04	3717.38	3730.64	3725.48	3729.38	3729.72	3726.28	3733.10	
3735.80	3740.00	3739.36	3732.12	3740.16	3738.84	3734.62	3742.24	3736.86	3748.76	3744.94	3741.16	3746.86	3743.16	3744.98	3750.34	
3749.64	3621.20	3695.08	3731.94	3732.44	3734.88	3739.64	3746.18	3741.86	3733.58	3740.84	3739.42	3741.54	3742.90	3739.08	3737.96	
3738.68	3726.16	3717.74	3715.14	3734.86	3730.26	3730.02	3726.66	3724.88	3705.48	3724.52	3716.92	3726.66	3728.62	3748.72	3696.38	

*******************************************2025/07/23;15:57:33
Probe number 336
Concentration entered by User 5.13% (Compensated: 5.54% at temperature 25.6)
1301.96	1318.32	1329.28	1342.20	1356.44	1368.54	1383.28	1398.66	1416.74	1433.76	1452.86	1473.88	1497.46	1522.48	1537.28	1551.68	
1565.96	1597.04	1627.38	1668.38	1698.68	1725.44	1749.86	1784.30	1821.18	1861.66	1906.34	1949.46	1998.78	2057.82	2142.32	2232.50	
2322.14	2460.42	2627.98	2812.06	3008.06	3204.06	3367.60	3480.26	3549.68	3592.74	3621.78	3643.58	3652.12	3663.22	3673.42	3681.94	
3681.92	3716.86	3710.22	3713.84	3716.30	3722.58	3727.30	3724.08	3727.84	3732.84	3728.84	3729.02	3732.12	3727.82	3724.50	3734.48	
3737.62	3737.04	3736.88	3736.78	3728.64	3725.78	3722.16	3713.58	3725.42	3717.64	3730.62	3725.42	3729.40	3730.02	3726.38	3733.22	
3735.46	3739.78	3739.52	3732.70	3740.38	3739.00	3735.32	3742.66	3736.84	3749.00	3745.30	3741.24	3746.90	3743.10	3744.92	3750.24	
3749.66	3621.12	3695.24	3732.22	3732.50	3735.04	3739.94	3746.50	3741.90	3733.80	3740.68	3739.62	3741.66	3743.12	3739.30	3737.70	
3738.72	3726.18	3717.64	3715.44	3734.78	3730.24	3729.90	3726.72	3725.16	3705.88	3724.64	3716.96	3726.76	3728.70	3748.56	3696.42	

*******************************************2025/07/23;15:58:03
Probe number 337
Concentration entered by User 5.14% (Compensated: 5.54% at temperature 25.7)
1301.60	1318.90	1329.38	1342.40	1357.06	1369.50	1384.82	1399.00	1417.28	1434.78	1455.68	1477.00	1499.44	1523.18	1538.16	1551.18	
1566.32	1597.58	1626.98	1669.84	1697.52	1726.40	1753.90	1784.80	1826.90	1866.04	1908.08	1960.80	2017.86	2069.16	2138.72	2229.60	
2328.36	2459.20	2614.26	2802.26	3005.72	3202.64	3366.66	3479.46	3549.10	3593.10	3622.42	3643.60	3652.92	3664.26	3674.74	3682.60	
3682.76	3717.26	3710.88	3713.58	3716.56	3722.74	3727.42	3723.98	3728.18	3733.06	3729.18	3729.28	3732.24	3728.18	3724.60	3734.26	
3737.90	3737.30	3737.34	3737.32	3728.72	3725.86	3722.50	3713.78	3725.34	3717.76	3730.98	3725.36	3729.28	3730.04	3727.00	3733.28	
3736.04	3740.36	3739.96	3732.76	3740.82	3739.18	3735.20	3742.92	3737.18	3749.28	3745.58	3741.78	3747.20	3743.54	3745.56	3750.76	
3750.08	3622.28	3695.84	3732.36	3732.82	3735.22	3739.98	3746.72	3742.46	3734.02	3741.48	3739.86	3741.76	3743.54	3739.48	3738.16	
3738.86	3726.70	3717.48	3715.68	3735.06	3730.84	3730.18	3727.18	3725.60	3706.02	3724.94	3717.18	3727.36	3729.24	3749.16	3696.96	

*******************************************2025/07/23;15:58:33
Probe number 338
Concentration entered by User 5.11% (Compensated: 5.51% at temperature 25.6)
1300.78	1318.04	1329.06	1341.56	1356.26	1368.64	1382.80	1398.24	1415.84	1433.04	1454.54	1474.46	1495.50	1520.10	1535.98	1550.66	
1566.52	1597.62	1626.50	1666.52	1694.24	1722.04	1749.54	1780.80	1820.82	1858.60	1902.68	1954.84	2009.88	2064.78	2140.88	2234.44	
2336.68	2478.16	2631.18	2810.02	3006.28	3203.70	3374.44	3488.02	3554.78	3596.06	3623.46	3644.54	3653.04	3664.08	3674.44	3683.26	
3683.58	3717.88	3711.22	3714.56	3716.78	3723.16	3728.36	3724.72	3728.44	3733.16	3728.80	3728.98	3732.46	3728.10	3724.66	3734.52	
3737.86	3737.36	3737.34	3737.20	3729.08	3726.44	3722.84	3713.96	3725.64	3717.60	3730.90	3725.54	3729.54	3730.42	3726.76	3733.08	
3735.90	3740.22	3739.56	3732.66	3740.82	3739.20	3735.18	3742.88	3737.32	3749.32	3745.38	3741.54	3746.86	3743.62	3745.40	3750.52	
3750.00	3622.06	3695.80	3732.12	3733.04	3734.80	3740.00	3746.46	3742.06	3733.78	3741.36	3739.40	3741.82	3743.46	3739.22	3737.80	
3738.92	3726.84	3717.26	3715.94	3734.66	3730.40	3729.64	3727.00	3725.16	3705.96	3725.08	3717.16	3726.86	3729.02	3748.68	3696.96	

*******************************************2025/07/23;15:59:03
Probe number 339
Concentration entered by User 5.17% (Compensated: 5.57% at temperature 25.6)
1302.76	1320.50	1330.88	1343.58	1356.84	1368.44	1384.50	1397.48	1415.36	1433.68	1455.60	1476.22	1497.00	1521.24	1536.50	1552.86	
1566.50	1598.60	1626.60	1666.04	1694.34	1723.98	1753.28	1784.48	1821.38	1859.82	1903.04	1957.10	2013.58	2068.34	2141.52	2239.36	
2344.32	2473.44	2622.12	2801.52	2999.64	3194.76	3361.20	3481.62	3549.68	3592.84	3621.80	3643.88	3653.04	3663.72	3674.42	3682.96	
3682.92	3717.42	3711.12	3714.26	3716.90	3723.06	3727.28	3724.34	3728.48	3732.94	3728.86	3729.40	3732.44	3727.90	3724.56	3734.46	
3737.98	3737.28	3737.28	3737.26	3728.82	3726.18	3722.52	3713.84	3725.80	3717.82	3731.26	3725.90	3729.42	3730.20	3726.94	3733.30	
3736.18	3740.62	3740.24	3732.52	3740.82	3739.16	3735.32	3742.70	3737.24	3749.34	3745.84	3741.58	3747.28	3743.56	3745.68	3750.78	
3750.30	3622.22	3695.84	3732.48	3733.02	3735.16	3740.34	3746.86	3742.42	3734.18	3741.54	3739.90	3742.12	3743.38	3739.48	3738.44	
3738.96	3726.80	3717.86	3715.80	3735.10	3730.90	3730.42	3727.12	3725.90	3706.00	3724.96	3717.66	3727.48	3729.14	3749.06	3697.54	

*******************************************2025/07/23;15:59:33
Probe number 340
Concentration entered by User 5.11% (Compensated: 5.51% at temperature 25.6)
1301.34	1319.44	1330.84	1344.10	1357.56	1368.88	1384.56	1399.38	1416.22	1433.96	1456.10	1477.62	1498.66	1522.56	1536.38	1551.36	
1568.98	1600.44	1628.62	1667.24	1696.16	1725.90	1751.52	1781.92	1820.78	1858.08	1901.86	1952.12	2008.08	2064.54	2143.68	2238.90	
2341.92	2481.90	2629.66	2806.68	3002.24	3201.70	3374.10	3491.94	3559.16	3599.84	3627.90	3648.50	3657.26	3667.82	3678.10	3686.06	
3686.10	3719.98	3713.32	3716.18	3718.62	3724.96	3729.42	3726.38	3730.46	3734.94	3730.48	3731.36	3734.34	3730.12	3726.50	3736.30	
3739.96	3739.38	3739.22	3738.92	3731.16	3728.42	3724.58	3716.08	3727.78	3720.10	3733.42	3728.12	3731.84	3732.38	3728.92	3735.64	
3738.40	3742.18	3742.02	3734.88	3742.92	3741.20	3737.14	3744.82	3739.10	3751.18	3747.50	3743.32	3748.90	3745.16	3747.28	3752.80	
3752.00	3625.16	3698.08	3734.32	3735.16	3737.00	3742.18	3748.66	3744.30	3736.34	3743.22	3742.12	3744.16	3745.50	3741.32	3740.28	
3740.74	3729.00	3719.76	3717.88	3737.18	3732.70	3732.10	3729.44	3727.64	3708.78	3727.26	3719.48	3729.38	3731.12	3750.72	3699.50	

*******************************************2025/07/23;16:00:03
Probe number 341
Concentration entered by User 5.12% (Compensated: 5.52% at temperature 25.6)
1300.14	1317.72	1329.10	1342.16	1355.56	1367.06	1382.42	1396.98	1415.92	1432.90	1453.46	1475.56	1496.38	1520.34	1536.32	1553.06	
1567.76	1598.82	1627.16	1667.26	1694.12	1721.72	1750.12	1783.78	1822.28	1859.36	1901.28	1951.36	2008.68	2062.46	2145.64	2241.70	
2339.14	2473.66	2628.92	2813.64	3006.60	3202.24	3370.46	3487.58	3555.64	3596.72	3624.48	3645.22	3653.48	3664.46	3674.70	3682.70	
3683.24	3717.46	3711.02	3714.18	3716.50	3723.28	3727.90	3724.46	3728.36	3732.90	3729.10	3729.74	3732.72	3728.46	3724.70	3734.74	
3737.82	3737.36	3737.40	3737.22	3729.18	3726.52	3722.70	3714.08	3725.94	3718.20	3731.22	3726.00	3729.62	3730.60	3727.14	3733.40	
3736.08	3740.36	3739.96	3732.88	3740.94	3739.02	3735.30	3742.86	3737.18	3749.68	3745.84	3741.48	3747.20	3743.54	3745.36	3750.84	
3750.06	3622.10	3695.90	3732.32	3733.24	3735.04	3740.56	3746.78	3742.62	3734.08	3741.28	3740.08	3742.28	3743.70	3739.78	3738.30	
3739.12	3726.72	3717.96	3715.96	3735.46	3730.98	3730.06	3727.18	3725.46	3706.20	3725.32	3717.44	3727.30	3729.08	3749.34	3697.00	

*******************************************2025/07/23;16:00:33
Probe number 342
Concentration entered by User 5.11% (Compensated: 5.50% at temperature 25.6)
1300.88	1317.60	1328.72	1341.46	1355.10	1367.08	1382.20	1398.04	1416.12	1432.84	1453.96	1474.92	1497.10	1519.88	1534.14	1549.46	
1564.76	1594.84	1624.38	1666.62	1696.68	1723.16	1743.72	1775.42	1817.48	1856.68	1902.16	1954.70	2010.26	2062.30	2143.76	2236.36	
2332.88	2466.74	2620.08	2819.92	3016.54	3207.46	3370.36	3483.68	3550.62	3591.44	3620.04	3641.86	3651.40	3662.44	3672.26	3680.22	
3680.28	3715.32	3708.58	3711.40	3713.56	3720.26	3725.30	3722.24	3726.54	3731.00	3726.64	3727.18	3730.04	3725.74	3722.34	3732.54	
3736.08	3735.28	3735.24	3734.86	3727.00	3723.80	3720.54	3711.52	3723.68	3715.86	3729.38	3723.56	3727.32	3728.26	3724.70	3731.58	
3733.98	3738.30	3737.84	3730.76	3738.96	3737.00	3733.14	3740.66	3735.26	3747.52	3743.70	3739.42	3745.16	3741.52	3743.44	3749.06	
3748.12	3619.22	3693.26	3730.42	3731.18	3733.08	3738.38	3744.80	3740.34	3731.86	3739.38	3737.72	3739.82	3741.40	3737.18	3736.06	
3736.88	3724.64	3715.30	3713.50	3732.92	3728.62	3727.90	3725.02	3723.12	3703.64	3723.12	3714.86	3724.94	3727.08	3747.00	3694.28	

*******************************************2025/07/23;16:01:03
Probe number 343
Concentration entered by User 5.15% (Compensated: 5.55% at temperature 25.5)
1300.86	1319.58	1330.26	1342.12	1355.36	1368.44	1383.82	1397.98	1416.12	1433.32	1454.22	1476.52	1496.62	1519.88	1533.62	1549.44	
1567.66	1598.96	1626.26	1669.56	1698.86	1725.14	1749.88	1783.94	1825.88	1864.64	1904.34	1955.60	2011.70	2058.84	2135.20	2232.64	
2333.58	2472.24	2620.42	2806.64	3002.62	3194.04	3365.58	3483.46	3553.52	3596.02	3624.28	3645.78	3654.68	3666.16	3676.54	3684.62	
3684.72	3718.92	3711.58	3714.80	3717.46	3724.20	3728.66	3725.88	3729.74	3733.90	3729.96	3730.52	3733.40	3729.00	3725.70	3735.32	
3738.86	3738.58	3738.16	3738.06	3729.78	3727.24	3723.66	3714.78	3726.80	3719.02	3731.94	3726.86	3730.30	3731.08	3727.88	3734.36	
3737.12	3740.86	3740.92	3733.80	3741.86	3740.12	3736.58	3743.56	3738.20	3750.36	3746.42	3742.36	3747.86	3744.48	3746.32	3751.72	
3750.58	3623.94	3696.94	3733.36	3733.94	3736.16	3741.08	3747.46	3743.10	3735.12	3742.12	3741.10	3742.80	3744.34	3740.48	3739.24	
3739.98	3727.60	3718.82	3716.84	3736.26	3731.72	3731.26	3728.44	3726.36	3707.22	3725.80	3718.22	3728.18	3729.98	3749.82	3698.04	

*******************************************2025/07/23;16:01:33
Probe number 344
Concentration entered by User 5.14% (Compensated: 5.53% at temperature 25.6)
1300.56	1318.20	1330.04	1342.18	1356.12	1368.60	1383.04	1397.06	1415.04	1432.42	1452.32	1473.34	1495.70	1521.14	1537.42	1552.64	
1566.64	1598.22	1627.48	1668.06	1695.38	1721.50	1748.10	1780.80	1819.54	1859.00	1900.98	1948.26	2009.20	2071.98	2148.76	2243.08	
2341.12	2467.94	2616.32	2809.54	3010.34	3200.02	3366.52	3483.02	3550.54	3591.84	3621.58	3643.88	3653.32	3663.68	3674.50	3682.30	
3681.96	3716.58	3710.28	3713.06	3715.60	3722.08	3726.88	3723.30	3727.74	3732.06	3728.20	3728.58	3731.64	3727.12	3723.54	3733.82	
3737.32	3736.24	3736.48	3735.98	3727.92	3724.98	3721.48	3712.84	3724.74	3716.90	3730.22	3724.82	3728.68	3729.38	3725.86	3732.04	
3735.14	3739.22	3738.84	3731.80	3739.84	3738.26	3734.34	3741.88	3736.34	3748.40	3744.76	3740.40	3746.14	3742.26	3744.26	3749.90	
3749.38	3620.60	3694.18	3731.22	3732.24	3734.30	3739.12	3745.86	3741.64	3733.20	3740.08	3739.02	3740.86	3742.80	3738.46	3737.60	
3738.14	3725.66	3716.26	3714.78	3734.32	3729.96	3729.14	3726.28	3724.06	3705.20	3723.86	3716.22	3726.28	3728.12	3747.94	3695.80	

*******************************************2025/07/23;16:02:03
Probe number 345
Concentration entered by User 5.13% (Compensated: 5.52% at temperature 25.5)
1301.78	1319.22	1329.90	1341.82	1356.46	1369.34	1384.36	1397.94	1416.86	1433.40	1454.36	1475.92	1497.14	1522.44	1536.86	1551.20	
1566.86	1597.64	1624.52	1664.08	1693.16	1721.26	1749.60	1784.40	1826.26	1865.66	1908.60	1957.46	2013.50	2066.92	2143.02	2239.60	
2341.04	2471.66	2625.38	2813.06	3003.46	3201.94	3369.14	3486.08	3556.80	3598.32	3626.36	3648.02	3656.78	3668.42	3678.84	3687.10	
3686.50	3720.56	3713.84	3716.62	3719.00	3725.52	3729.98	3727.08	3731.14	3735.52	3731.28	3731.50	3734.60	3730.54	3727.10	3736.52	
3740.48	3739.56	3739.24	3739.20	3731.36	3728.34	3724.88	3715.96	3728.22	3720.00	3733.52	3727.90	3731.54	3732.32	3729.06	3735.46	
3738.28	3742.56	3741.98	3734.72	3743.10	3741.36	3737.50	3744.68	3739.38	3751.20	3747.74	3743.50	3748.88	3745.46	3747.32	3752.90	
3751.96	3625.10	3698.40	3734.38	3735.18	3737.38	3742.40	3748.74	3744.28	3736.24	3743.60	3741.86	3744.08	3745.32	3741.52	3740.22	
3741.04	3729.14	3720.08	3718.06	3737.30	3732.84	3732.38	3729.48	3727.42	3708.76	3727.22	3719.36	3729.30	3731.30	3751.02	3699.18	

*******************************************2025/07/23;16:02:33
Probe number 346
Concentration entered by User 5.15% (Compensated: 5.53% at temperature 25.4)
1299.94	1317.20	1328.52	1340.84	1354.74	1366.88	1381.20	1395.44	1413.60	1430.90	1451.60	1472.40	1493.56	1518.22	1533.52	1548.34	
1563.96	1595.68	1623.10	1665.54	1694.22	1720.10	1747.38	1778.36	1815.72	1852.70	1899.42	1951.92	2010.34	2058.84	2136.66	2231.30	
2338.22	2476.18	2620.54	2801.30	2994.62	3196.42	3368.86	3486.22	3552.02	3592.74	3621.04	3642.66	3650.90	3662.28	3672.88	3681.42	
3681.20	3715.72	3708.88	3712.08	3714.04	3720.80	3725.78	3722.44	3726.72	3730.94	3726.80	3727.52	3730.64	3726.08	3722.52	3732.40	
3735.76	3735.18	3735.60	3735.04	3727.02	3724.06	3720.70	3711.44	3723.70	3715.44	3729.06	3723.62	3727.48	3728.48	3724.60	3731.38	
3734.16	3738.42	3737.92	3730.80	3738.96	3737.24	3733.40	3740.66	3735.00	3747.34	3743.98	3739.36	3745.00	3741.52	3743.44	3748.78	
3748.24	3619.08	3693.42	3730.24	3730.84	3732.94	3738.18	3744.98	3740.64	3732.02	3739.40	3737.98	3740.16	3741.44	3737.40	3736.26	
3737.02	3724.72	3715.52	3713.42	3733.10	3728.56	3728.26	3724.84	3723.22	3703.76	3722.86	3714.76	3725.02	3726.72	3746.82	3694.22	

*******************************************2025/07/23;16:03:03
Probe number 347
Concentration entered by User 5.13% (Compensated: 5.52% at temperature 25.4)
1299.94	1316.98	1328.06	1341.18	1355.60	1368.04	1382.48	1396.24	1413.86	1431.60	1452.88	1473.56	1493.88	1517.86	1533.32	1550.24	
1566.40	1599.14	1626.62	1666.90	1694.48	1721.40	1749.36	1780.04	1818.14	1857.18	1900.12	1948.92	2001.84	2058.16	2138.04	2234.60	
2330.34	2462.56	2614.32	2799.46	3000.48	3201.42	3369.00	3484.02	3551.24	3591.62	3620.14	3642.34	3650.80	3661.54	3672.24	3680.48	
3680.40	3714.76	3708.00	3710.72	3713.48	3720.18	3724.98	3721.58	3725.88	3730.30	3726.08	3726.54	3729.56	3725.34	3721.98	3731.70	
3735.46	3734.58	3734.56	3734.14	3725.86	3722.98	3719.78	3710.48	3722.72	3714.60	3728.16	3722.86	3725.98	3727.62	3724.02	3730.48	
3733.44	3737.58	3736.88	3729.94	3737.80	3736.18	3732.64	3739.86	3734.42	3746.98	3742.88	3738.42	3744.42	3740.72	3742.60	3748.28	
3747.32	3617.90	3692.02	3729.34	3730.16	3732.14	3737.16	3743.82	3739.50	3731.14	3738.34	3736.80	3738.90	3740.68	3736.34	3735.16	
3735.96	3723.44	3714.58	3712.22	3731.90	3727.70	3727.20	3724.14	3722.06	3702.36	3721.56	3714.04	3723.80	3726.10	3746.36	3693.32	

*******************************************2025/07/23;16:03:33
Probe number 348
Concentration entered by User 4.98% (Compensated: 5.36% at temperature 25.4)
1300.24	1317.62	1328.54	1341.14	1355.04	1367.02	1381.74	1396.06	1414.82	1432.06	1452.90	1473.36	1494.10	1518.18	1533.80	1549.94	
1565.82	1597.12	1624.54	1664.36	1690.20	1717.36	1745.66	1776.98	1813.12	1848.50	1895.28	1946.50	2002.62	2055.60	2131.72	2230.86	
2340.68	2485.46	2644.24	2831.84	3034.48	3233.96	3393.18	3498.90	3561.72	3600.26	3626.56	3647.26	3655.48	3666.22	3676.24	3684.18	
3683.92	3718.32	3711.42	3713.78	3716.26	3723.18	3727.82	3724.74	3728.70	3733.06	3728.98	3729.16	3732.38	3728.00	3724.64	3734.10	
3737.66	3737.18	3737.02	3736.68	3728.70	3725.70	3722.14	3713.10	3725.06	3716.94	3730.60	3724.98	3728.88	3729.82	3726.12	3732.82	
3735.76	3739.68	3739.26	3731.82	3740.14	3738.46	3734.60	3742.38	3736.72	3748.84	3745.00	3740.88	3746.18	3742.66	3744.52	3750.22	
3749.48	3621.30	3695.00	3731.56	3732.42	3734.42	3739.72	3745.86	3741.86	3733.22	3740.80	3739.36	3741.32	3742.64	3738.62	3737.54	
3738.34	3726.14	3716.82	3714.56	3734.28	3730.08	3729.40	3726.22	3724.80	3704.70	3724.08	3716.78	3726.16	3728.44	3748.36	3695.88	

*******************************************2025/07/23;16:04:03
Probe number 349
Concentration entered by User 5.12% (Compensated: 5.51% at temperature 25.4)
1299.96	1316.88	1328.24	1341.38	1355.70	1367.54	1381.68	1396.28	1414.56	1430.98	1451.24	1472.68	1493.36	1518.36	1533.64	1548.02	
1561.34	1591.32	1620.02	1661.28	1688.84	1718.10	1746.30	1776.44	1813.72	1851.86	1896.46	1949.40	2006.88	2057.14	2136.56	2233.40	
2339.60	2482.18	2641.40	2821.56	3009.80	3207.24	3369.68	3480.42	3548.56	3591.02	3619.70	3641.94	3650.90	3662.24	3672.18	3680.86	
3681.06	3715.38	3709.00	3711.90	3714.20	3720.56	3725.70	3722.66	3726.44	3730.78	3727.16	3727.28	3730.24	3726.02	3722.70	3732.16	
3735.94	3734.82	3735.10	3735.12	3726.82	3723.64	3720.18	3711.08	3723.14	3715.30	3728.52	3723.18	3726.66	3727.92	3724.24	3730.72	
3733.84	3737.64	3737.48	3730.50	3738.58	3736.72	3732.44	3740.36	3735.08	3747.30	3743.54	3739.22	3744.56	3741.30	3742.88	3748.88	
3748.06	3618.78	3692.62	3730.00	3730.36	3732.76	3738.04	3744.40	3740.02	3731.46	3738.82	3737.24	3739.70	3741.16	3737.18	3735.78	
3736.30	3723.92	3714.94	3712.86	3732.50	3727.90	3727.66	3724.38	3722.40	3703.16	3722.26	3714.58	3724.18	3726.60	3746.50	3693.42	

*******************************************2025/07/23;16:04:32
Probe number 350
Concentration entered by User 5.19% (Compensated: 5.57% at temperature 25.3)
1300.70	1318.00	1329.80	1341.68	1355.86	1367.76	1382.86	1396.78	1415.80	1433.98	1455.50	1475.10	1495.80	1519.86	1534.34	1549.66	
1565.74	1597.56	1626.66	1665.60	1694.34	1721.46	1747.26	1781.18	1822.12	1857.34	1899.40	1950.14	2008.44	2061.96	2139.66	2233.16	
2333.26	2467.96	2623.22	2805.28	2997.56	3190.36	3359.08	3478.14	3546.02	3588.86	3618.16	3640.44	3648.90	3660.48	3670.36	3679.12	
3679.04	3714.16	3707.90	3710.82	3713.52	3720.00	3725.06	3721.74	3726.00	3730.52	3726.16	3726.74	3730.18	3725.96	3722.38	3731.88	
3735.78	3735.06	3735.10	3734.90	3726.66	3723.52	3720.22	3711.18	3723.12	3715.28	3728.44	3723.28	3726.86	3727.78	3724.46	3730.94	
3734.18	3738.04	3737.64	3730.12	3738.30	3736.68	3732.92	3740.60	3735.36	3747.36	3743.64	3739.08	3744.96	3741.12	3742.84	3748.76	
3747.78	3618.62	3692.80	3730.00	3730.92	3732.70	3737.84	3744.32	3740.22	3731.68	3739.20	3737.72	3740.22	3741.52	3736.94	3736.10	
3736.90	3724.36	3715.10	3712.80	3732.84	3728.36	3727.90	3724.52	3722.80	3703.30	3722.46	3714.82	3724.54	3726.38	3747.00	3694.02	

*******************************************2025/07/23;16:05:03
Probe number 351
Concentration entered by User 5.22% (Compensated: 5.60% at temperature 25.3)
1300.86	1317.68	1329.42	1341.94	1355.78	1368.08	1383.04	1397.42	1415.46	1432.34	1453.72	1474.60	1495.78	1520.62	1536.88	1552.60	
1568.12	1600.42	1625.80	1663.88	1693.18	1720.52	1748.16	1777.80	1819.80	1861.52	1903.00	1951.50	2004.78	2066.64	2146.22	2235.90	
2331.60	2472.38	2622.06	2792.22	2977.54	3179.34	3357.84	3478.50	3548.42	3592.24	3621.84	3644.40	3653.16	3664.40	3674.54	3682.14	
3682.66	3716.82	3710.22	3713.30	3715.66	3722.28	3727.14	3723.82	3728.14	3732.30	3728.46	3728.36	3731.74	3727.36	3724.10	3733.84	
3737.68	3736.80	3737.00	3736.76	3729.08	3725.62	3722.50	3713.36	3725.56	3717.22	3730.84	3725.02	3728.92	3730.08	3726.42	3732.82	
3735.82	3739.66	3739.48	3732.24	3740.36	3738.24	3734.44	3742.36	3737.08	3748.92	3745.22	3740.96	3746.56	3742.98	3744.72	3750.54	
3749.54	3621.64	3694.98	3731.84	3732.74	3734.92	3739.72	3746.12	3741.86	3733.48	3740.92	3739.66	3741.64	3743.28	3739.12	3737.90	
3738.78	3726.34	3717.66	3715.48	3734.86	3730.34	3729.90	3726.86	3725.00	3705.40	3724.54	3716.78	3726.80	3728.54	3748.72	3696.10	

*******************************************2025/07/23;16:05:33
Probe number 352
Concentration entered by User 5.22% (Compensated: 5.60% at temperature 25.4)
1301.08	1318.42	1329.42	1342.00	1356.08	1368.30	1383.16	1397.70	1415.66	1431.16	1453.10	1475.08	1495.90	1520.38	1535.42	1551.08	
1568.24	1598.32	1625.10	1665.56	1691.72	1719.54	1748.82	1781.00	1816.62	1854.90	1899.58	1951.72	2007.18	2059.74	2137.28	2232.66	
2333.28	2471.02	2625.82	2801.84	2984.82	3180.38	3358.60	3478.52	3545.16	3587.16	3618.08	3641.08	3648.90	3660.14	3671.50	3679.82	
3680.30	3714.94	3708.48	3711.42	3714.08	3721.10	3725.72	3722.70	3726.60	3730.98	3727.32	3727.54	3730.64	3726.22	3722.42	3732.58	
3735.86	3735.60	3735.30	3735.06	3726.92	3723.82	3720.54	3711.38	3723.84	3715.60	3728.94	3723.42	3727.22	3728.38	3724.46	3731.28	
3734.28	3738.16	3737.82	3730.54	3738.74	3736.66	3733.46	3740.80	3735.54	3747.52	3743.82	3739.26	3744.86	3741.20	3743.22	3749.30	
3748.54	3619.02	3693.24	3730.28	3731.28	3733.10	3738.24	3744.62	3740.38	3732.02	3739.46	3738.00	3740.32	3741.54	3737.38	3736.24	
3737.06	3724.66	3715.38	3713.44	3732.98	3728.34	3727.92	3724.70	3723.38	3703.28	3722.76	3715.22	3724.88	3727.00	3747.10	3693.96	

*******************************************2025/07/23;16:06:03
Probe number 353
Concentration entered by User 5.19% (Compensated: 5.58% at temperature 25.4)
1300.40	1317.86	1330.08	1342.56	1355.96	1368.26	1383.96	1398.48	1417.40	1433.44	1453.56	1474.02	1496.44	1521.38	1536.28	1551.40	
1567.62	1598.50	1625.40	1665.76	1692.98	1721.20	1751.02	1777.62	1818.22	1855.36	1897.48	1955.66	2018.96	2071.48	2146.92	2241.60	
2335.50	2469.34	2624.96	2815.44	3003.22	3190.94	3356.72	3473.44	3544.00	3588.28	3617.24	3640.32	3650.38	3661.50	3671.88	3681.18	
3681.30	3715.76	3709.52	3712.40	3714.96	3721.60	3726.64	3723.84	3728.12	3732.66	3728.50	3728.56	3732.16	3727.60	3723.96	3733.98	
3737.66	3736.78	3737.00	3736.60	3728.70	3725.52	3721.94	3713.16	3725.56	3717.00	3730.36	3725.08	3728.64	3730.06	3726.44	3732.84	
3735.90	3739.52	3739.62	3731.84	3740.26	3738.36	3735.04	3742.16	3736.96	3749.02	3745.32	3740.74	3746.40	3742.96	3744.54	3750.54	
3749.60	3621.48	3695.26	3732.10	3732.34	3734.82	3739.76	3746.08	3741.84	3733.42	3741.04	3739.42	3741.36	3743.16	3739.00	3737.72	
3738.84	3726.40	3717.44	3715.16	3734.42	3730.16	3729.76	3726.50	3724.98	3705.48	3724.16	3716.72	3726.46	3728.34	3748.74	3696.48	

*******************************************2025/07/23;16:06:33
Probe number 354
Concentration entered by User 5.23% (Compensated: 5.62% at temperature 25.4)
1300.24	1317.58	1329.36	1342.24	1356.38	1368.24	1383.56	1397.68	1414.76	1432.04	1454.30	1475.56	1495.32	1519.78	1535.68	1551.10	
1567.66	1598.38	1627.46	1668.00	1694.62	1720.50	1749.62	1783.98	1821.58	1856.24	1902.58	1952.76	2009.56	2068.96	2140.26	2225.12	
2323.10	2465.90	2628.24	2810.58	2994.48	3184.50	3350.32	3468.40	3543.18	3588.16	3619.96	3642.24	3650.62	3662.40	3673.00	3680.98	
3681.28	3715.92	3709.90	3712.80	3715.28	3721.98	3727.02	3724.00	3728.08	3732.40	3728.12	3728.92	3731.82	3727.44	3723.88	3734.00	
3737.70	3737.16	3736.92	3736.44	3728.68	3725.98	3722.36	3712.94	3725.30	3717.30	3730.52	3725.54	3728.82	3730.12	3726.62	3732.60	
3735.88	3739.66	3739.34	3732.16	3740.76	3738.70	3734.82	3742.36	3737.02	3749.02	3745.22	3741.06	3746.46	3742.96	3745.00	3750.58	
3749.72	3621.80	3694.76	3731.96	3732.68	3735.00	3739.72	3746.58	3741.88	3733.66	3740.88	3739.44	3741.74	3743.28	3739.22	3737.80	
3738.48	3726.54	3716.88	3714.88	3734.66	3730.26	3729.76	3726.06	3725.02	3705.32	3724.34	3717.02	3726.42	3728.74	3748.76	3695.96	

*******************************************2025/07/23;16:07:03
Probe number 355
Concentration entered by User 5.20% (Compensated: 5.59% at temperature 25.4)
1301.22	1317.92	1329.88	1342.66	1355.62	1367.66	1381.78	1396.80	1415.72	1431.76	1453.70	1476.48	1497.66	1520.66	1535.12	1550.56	
1567.58	1598.78	1624.02	1665.02	1694.22	1720.74	1747.76	1778.60	1816.92	1856.90	1898.90	1953.14	2014.56	2067.86	2142.92	2232.88	
2329.18	2457.68	2620.12	2805.52	2996.40	3191.72	3354.70	3472.50	3544.54	3588.62	3617.90	3641.26	3650.74	3662.14	3673.16	3681.48	
3681.46	3716.48	3709.90	3712.50	3714.88	3722.08	3726.92	3723.94	3727.46	3732.44	3728.06	3728.70	3731.94	3727.64	3723.56	3733.76	
3737.38	3736.38	3736.66	3736.20	3728.62	3725.10	3721.82	3712.76	3725.18	3716.96	3730.40	3725.20	3728.80	3729.60	3725.92	3732.44	
3735.72	3739.54	3739.30	3731.88	3739.96	3738.18	3734.50	3742.16	3736.80	3748.92	3745.10	3740.56	3746.34	3742.78	3744.82	3750.46	
3749.70	3621.52	3695.34	3731.70	3732.34	3734.86	3739.86	3745.92	3741.98	3733.48	3740.92	3739.36	3741.34	3742.98	3738.92	3737.72	
3738.36	3726.14	3717.26	3714.94	3734.46	3730.14	3729.62	3726.58	3724.80	3705.36	3724.44	3716.32	3726.78	3728.10	3748.46	3696.22	

*******************************************2025/07/23;16:07:33
Probe number 356
Concentration entered by User 5.19% (Compensated: 5.57% at temperature 25.3)
1300.92	1318.78	1330.68	1343.22	1357.82	1369.54	1383.92	1397.32	1414.78	1432.38	1454.16	1474.88	1496.76	1520.16	1535.86	1551.78	
1569.34	1598.98	1624.78	1666.40	1695.82	1721.38	1747.10	1781.60	1822.54	1857.98	1899.26	1951.60	2007.86	2057.68	2141.56	2243.38	
2345.32	2471.24	2620.22	2806.86	2993.56	3188.96	3360.68	3478.44	3546.76	3589.18	3618.66	3640.54	3649.86	3661.30	3671.60	3680.10	
3679.98	3714.46	3708.18	3710.78	3713.18	3719.90	3725.06	3722.06	3726.14	3730.92	3726.56	3727.08	3730.40	3726.10	3722.44	3732.68	
3735.96	3735.52	3735.34	3734.78	3727.04	3723.84	3720.86	3711.26	3723.62	3715.58	3728.98	3723.74	3727.12	3728.16	3724.54	3731.32	
3734.20	3738.16	3737.82	3730.60	3738.92	3736.78	3733.06	3740.92	3735.26	3747.46	3743.74	3739.18	3745.00	3741.30	3743.32	3749.22	
3748.38	3619.40	3693.16	3730.26	3731.30	3733.16	3737.94	3744.78	3740.50	3731.94	3739.30	3737.70	3740.06	3741.56	3737.28	3736.18	
3737.24	3724.52	3715.26	3713.48	3733.08	3728.32	3728.06	3724.66	3723.30	3703.50	3722.64	3714.84	3724.76	3726.72	3747.10	3694.56	

*******************************************2025/07/23;16:08:03
Probe number 357
Concentration entered by User 5.12% (Compensated: 5.50% at temperature 25.4)
1300.58	1318.38	1329.32	1341.26	1354.96	1367.54	1382.06	1397.38	1415.54	1432.72	1454.76	1476.30	1494.94	1518.80	1534.32	1550.74	
1567.34	1597.88	1625.78	1665.22	1692.44	1718.56	1745.26	1777.72	1815.68	1854.08	1897.74	1952.98	2010.28	2060.56	2135.74	2230.82	
2334.82	2463.14	2617.78	2811.94	3007.72	3200.72	3372.34	3486.70	3552.60	3594.38	3623.26	3644.88	3653.86	3664.22	3674.54	3683.88	
3683.28	3717.76	3710.92	3713.76	3715.86	3722.56	3727.88	3724.04	3728.50	3732.86	3728.64	3728.92	3731.98	3727.74	3724.24	3733.88	
3737.70	3736.90	3736.98	3736.74	3729.02	3725.74	3722.20	3713.34	3725.38	3717.08	3730.86	3725.34	3729.02	3729.88	3726.18	3733.00	
3735.92	3739.94	3739.44	3732.28	3740.52	3738.76	3734.98	3742.42	3737.06	3749.00	3745.40	3740.88	3746.68	3742.90	3745.02	3750.80	
3749.74	3621.44	3695.06	3732.12	3732.72	3734.98	3739.74	3746.42	3742.14	3733.74	3741.30	3739.36	3741.62	3743.12	3739.08	3737.72	
3738.72	3726.20	3717.78	3715.30	3734.82	3730.40	3729.84	3726.52	3725.02	3705.60	3724.56	3716.88	3726.74	3728.52	3748.68	3696.18	

*******************************************2025/07/23;16:08:33
Probe number 358
Concentration entered by User 5.18% (Compensated: 5.56% at temperature 25.3)
1300.60	1318.00	1329.70	1341.72	1355.98	1369.06	1383.44	1397.98	1415.54	1432.14	1453.26	1474.70	1496.64	1522.12	1536.90	1550.22	
1566.22	1598.82	1628.60	1667.68	1694.54	1720.14	1746.74	1780.28	1816.98	1854.40	1896.22	1949.28	2012.50	2067.36	2147.10	2239.90	
2335.00	2469.62	2622.92	2799.20	2993.88	3195.14	3360.50	3476.86	3548.78	3592.68	3622.08	3643.40	3653.04	3664.80	3675.22	3683.26	
3683.24	3717.72	3710.98	3713.90	3716.26	3722.54	3727.50	3724.66	3728.56	3733.06	3728.92	3729.36	3732.78	3728.44	3724.82	3734.54	
3737.98	3737.44	3737.36	3736.88	3729.28	3726.04	3722.70	3713.42	3726.06	3718.10	3730.90	3725.78	3729.50	3730.28	3727.06	3733.42	
3736.62	3740.74	3740.02	3732.94	3740.84	3739.02	3735.30	3742.98	3737.98	3749.64	3745.64	3741.48	3746.96	3743.64	3745.22	3751.34	
3750.36	3622.60	3696.14	3732.58	3733.18	3735.38	3740.32	3746.60	3742.84	3734.02	3741.70	3740.16	3742.34	3743.74	3739.60	3738.60	
3739.10	3726.92	3718.02	3715.76	3735.18	3730.76	3730.26	3727.28	3725.62	3706.36	3725.14	3717.46	3727.14	3728.88	3749.30	3697.02	

*******************************************2025/07/23;16:09:03
Probe number 359
Concentration entered by User 5.21% (Compensated: 5.59% at temperature 25.3)
1300.10	1317.50	1329.02	1341.90	1355.54	1367.02	1381.62	1396.20	1414.78	1431.82	1453.76	1475.12	1495.98	1518.96	1535.16	1551.28	
1566.62	1596.00	1624.46	1664.10	1691.38	1721.88	1750.82	1782.50	1817.46	1854.40	1899.64	1951.10	2007.84	2060.16	2139.20	2235.58	
2338.60	2472.50	2619.38	2798.70	2995.88	3189.02	3353.44	3471.14	3543.70	3588.42	3618.20	3640.02	3650.18	3661.34	3671.92	3680.50	
3680.40	3715.26	3708.90	3711.50	3714.28	3720.94	3726.00	3722.70	3726.60	3731.50	3727.20	3727.64	3731.18	3726.38	3723.00	3732.90	
3736.76	3736.10	3736.00	3735.62	3727.60	3724.42	3721.10	3712.02	3724.06	3716.40	3729.24	3724.18	3727.88	3728.52	3725.24	3731.74	
3734.76	3738.82	3738.44	3731.22	3739.68	3737.64	3733.40	3741.22	3735.90	3748.12	3744.48	3739.94	3745.36	3741.94	3743.96	3749.42	
3748.90	3620.12	3693.96	3730.70	3731.62	3733.86	3738.78	3745.10	3741.06	3732.64	3740.04	3738.32	3740.54	3741.86	3738.16	3736.76	
3737.44	3725.12	3716.20	3713.96	3733.80	3729.18	3728.74	3725.50	3723.90	3704.38	3723.46	3715.74	3725.40	3727.30	3747.50	3695.12	

*******************************************2025/07/23;16:09:33
Probe number 360
Concentration entered by User 5.13% (Compensated: 5.50% at temperature 25.2)
1300.64	1318.10	1329.78	1342.72	1356.20	1368.34	1384.34	1398.88	1416.54	1434.58	1454.70	1475.90	1494.98	1519.36	1535.60	1550.26	
1566.52	1598.20	1628.02	1664.82	1691.62	1719.50	1745.30	1780.42	1821.42	1860.66	1903.36	1955.60	2011.48	2065.30	2139.58	2226.02	
2321.42	2459.80	2617.34	2807.96	3009.04	3206.26	3365.22	3481.06	3553.78	3596.28	3625.74	3646.06	3654.62	3666.56	3676.70	3684.54	
3684.60	3718.76	3712.54	3714.88	3717.18	3723.74	3728.86	3725.82	3729.98	3734.40	3730.20	3730.60	3733.40	3729.26	3725.86	3735.60	
3739.38	3738.30	3738.10	3737.86	3730.32	3727.20	3724.00	3714.54	3727.12	3718.82	3732.04	3726.58	3730.28	3731.32	3727.62	3734.28	
3737.30	3740.84	3740.98	3733.48	3741.64	3739.96	3736.32	3743.68	3738.60	3750.44	3746.90	3742.32	3747.48	3744.18	3746.32	3751.90	
3751.08	3623.78	3697.04	3733.20	3734.18	3736.26	3741.10	3747.50	3743.52	3734.94	3742.38	3740.78	3742.90	3744.38	3740.34	3739.18	
3739.94	3727.74	3718.96	3716.48	3736.02	3731.82	3730.94	3727.84	3726.36	3707.06	3725.86	3718.30	3728.08	3730.02	3749.94	3697.56	

*******************************************2025/07/23;16:10:03
Probe number 361
Concentration entered by User 5.17% (Compensated: 5.54% at temperature 25.2)
1301.34	1318.90	1330.32	1342.82	1357.16	1369.36	1383.94	1397.84	1414.40	1431.74	1453.48	1475.02	1495.00	1518.56	1533.82	1551.52	
1567.38	1597.00	1625.38	1667.14	1696.34	1721.88	1746.02	1778.54	1818.52	1855.52	1897.04	1950.04	2012.92	2064.06	2139.80	2230.38	
2328.00	2467.66	2630.08	2813.92	3001.50	3196.32	3360.30	3477.96	3550.20	3594.96	3623.76	3644.78	3653.40	3664.30	3674.84	3682.96	
3682.42	3717.08	3710.50	3713.42	3715.78	3722.10	3727.72	3724.58	3728.44	3732.70	3728.48	3728.72	3732.22	3728.04	3724.28	3734.24	
3737.60	3737.18	3736.90	3736.40	3729.08	3725.36	3722.48	3713.30	3725.26	3717.28	3730.76	3725.26	3728.72	3730.10	3726.52	3732.98	
3736.00	3739.94	3739.50	3732.06	3740.42	3738.78	3734.96	3742.34	3737.06	3749.32	3745.22	3740.88	3746.14	3743.24	3744.78	3750.70	
3749.72	3621.68	3695.20	3731.86	3732.60	3734.78	3739.86	3746.38	3741.86	3733.74	3741.28	3739.74	3741.60	3743.52	3739.12	3737.58	
3738.66	3726.28	3717.40	3715.40	3734.82	3730.14	3729.78	3726.78	3724.98	3705.88	3724.56	3716.50	3726.52	3728.42	3748.88	3696.32	

