*******************************************2025/07/21;14:12:25
Probe number 0
Concentration entered by User 0.00% (Compensated: 0.29% at temperature 24.3)
1137.92	1149.24	1158.48	1170.32	1182.88	1195.42	1210.16	1224.72	1242.68	1261.06	1281.08	1304.02	1327.30	1352.22	1373.46	1390.64	
1412.50	1449.36	1492.86	1549.68	1600.74	1646.00	1698.08	1758.26	1828.16	1907.16	2001.06	2118.84	2275.76	2469.82	2779.26	3144.78	
3400.70	3609.34	3677.12	3655.66	3653.12	3662.20	3674.74	3683.24	3686.70	3693.74	3696.36	3702.94	3701.68	3697.14	3703.74	3707.70	
3707.06	3727.52	3729.08	3725.46	3732.88	3736.74	3738.74	3734.02	3735.84	3737.94	3731.68	3730.80	3735.12	3730.60	3725.96	3732.24	
3732.60	3730.74	3732.46	3727.28	3724.26	3721.24	3720.46	3724.12	3726.00	3722.38	3725.20	3717.06	3724.38	3722.66	3718.56	3722.26	
3717.90	3728.94	3736.34	3727.10	3728.92	3723.22	3717.20	3723.82	3730.96	3741.68	3739.32	3730.86	3732.00	3732.24	3735.84	3739.44	
3740.02	3601.48	3687.34	3726.54	3726.66	3727.92	3731.06	3741.72	3742.54	3734.42	3733.02	3730.22	3730.84	3736.50	3728.98	3731.30	
3727.36	3725.94	3717.10	3717.82	3725.96	3719.94	3717.92	3717.56	3718.76	3713.62	3710.48	3711.92	3719.54	3722.58	3737.40	3690.04	

*******************************************2025/07/21;14:12:31
Probe number 1
Concentration entered by User 0.00% (Compensated: 0.29% at temperature 24.3)
1137.42	1148.60	1157.86	1169.36	1181.94	1194.64	1209.32	1224.02	1241.74	1260.04	1280.66	1302.82	1326.26	1350.88	1372.54	1389.92	
1411.06	1448.20	1491.78	1548.36	1598.72	1644.98	1696.88	1757.06	1826.64	1906.28	1998.92	2116.96	2273.66	2468.32	2776.94	3141.84	
3397.62	3606.46	3673.22	3651.76	3649.34	3658.94	3671.32	3679.94	3683.18	3690.00	3692.94	3699.74	3698.58	3693.76	3700.64	3704.74	
3703.74	3724.64	3726.44	3722.76	3729.86	3733.82	3735.72	3731.26	3733.06	3735.66	3729.84	3728.12	3732.34	3727.42	3722.88	3729.76	
3730.00	3727.90	3730.00	3724.44	3721.58	3718.12	3717.44	3721.32	3723.10	3719.24	3722.30	3714.98	3721.70	3720.16	3715.70	3719.48	
3715.20	3726.36	3733.68	3724.58	3725.88	3720.80	3714.70	3720.58	3728.64	3739.42	3736.60	3728.14	3729.10	3729.74	3733.54	3736.58	
3737.02	3597.38	3684.08	3723.58	3723.86	3725.04	3728.22	3739.06	3739.68	3731.82	3730.20	3727.32	3728.12	3733.28	3725.96	3728.52	
3724.54	3723.78	3715.58	3716.32	3723.56	3716.70	3714.84	3715.20	3716.98	3711.02	3708.68	3709.08	3716.68	3719.68	3734.92	3686.52	

*******************************************2025/07/21;14:12:38
Probe number 2
Concentration entered by User 0.00% (Compensated: 0.29% at temperature 24.3)
1136.90	1148.26	1157.30	1169.24	1181.64	1194.44	1208.68	1223.62	1241.36	1259.70	1280.56	1302.78	1326.06	1350.68	1371.86	1389.08	
1410.60	1447.52	1491.14	1548.34	1598.66	1643.70	1696.46	1756.58	1826.66	1905.42	1998.72	2116.30	2272.64	2466.52	2774.76	3140.92	
3395.92	3605.62	3673.64	3652.22	3648.74	3659.20	3671.40	3679.82	3682.98	3690.36	3693.00	3699.98	3698.64	3694.32	3700.48	3704.64	
3703.84	3724.58	3726.34	3722.66	3729.86	3733.96	3735.86	3731.34	3732.98	3735.58	3729.22	3727.96	3731.98	3727.68	3723.02	3729.30	
3729.74	3727.96	3729.92	3724.30	3721.48	3718.44	3717.08	3721.08	3722.88	3719.50	3722.48	3714.82	3722.04	3720.38	3715.92	3719.76	
3715.18	3726.48	3733.58	3724.52	3726.08	3720.52	3714.28	3720.78	3728.24	3739.24	3736.30	3727.82	3729.04	3729.70	3733.28	3736.72	
3736.98	3596.90	3683.82	3723.88	3723.66	3725.24	3728.12	3738.98	3739.58	3731.92	3730.16	3727.04	3728.36	3733.60	3725.66	3729.00	
3724.46	3722.94	3714.24	3714.38	3723.18	3716.96	3714.54	3714.88	3715.86	3710.58	3707.66	3708.90	3716.50	3719.92	3734.54	3686.52	

*******************************************2025/07/21;14:43:10
Probe number 1
Concentration entered by User 5.06% (Compensated: 5.43% at temperature 25.3)
1305.92	1324.02	1334.96	1346.76	1357.94	1365.24	1372.16	1379.78	1393.76	1412.22	1434.64	1458.26	1483.00	1502.64	1516.24	1530.50	
1543.82	1562.08	1588.80	1634.62	1672.38	1696.28	1723.04	1766.24	1805.38	1825.54	1861.28	1927.14	2000.36	2060.46	2146.68	2270.10	
2411.42	2529.56	2667.14	2842.36	3035.24	3227.08	3374.68	3473.06	3524.72	3545.86	3519.66	3489.08	3476.60	3516.64	3554.58	3541.10	
3532.26	3575.48	3577.54	3558.32	3547.46	3548.28	3562.16	3563.06	3560.26	3575.52	3604.86	3613.10	3626.72	3636.76	3654.68	3689.48	
3701.04	3716.76	3728.70	3728.08	3730.08	3730.26	3731.76	3734.46	3742.38	3737.28	3732.72	3728.40	3751.62	3758.94	3756.34	3756.18	
3747.32	3736.36	3733.02	3688.12	3656.52	3561.82	3430.40	3359.98	3260.80	3178.48	3062.68	3047.48	3039.40	3078.06	3122.54	3137.34	
3217.10	3142.88	3389.34	3553.68	3638.56	3724.16	3739.44	3767.36	3772.74	3774.66	3776.34	3780.44	3786.08	3787.20	3780.28	3772.16	
3769.14	3765.92	3753.82	3748.48	3746.90	3737.98	3737.62	3739.68	3747.26	3747.14	3751.70	3756.22	3765.96	3770.16	3781.56	3751.76	

*******************************************2025/07/21;14:43:56
Probe number 2
Concentration entered by User 4.39% (Compensated: 4.82% at temperature 26.0)
1300.56	1319.10	1328.48	1341.28	1352.40	1360.52	1367.22	1375.78	1389.38	1406.28	1427.30	1452.16	1476.48	1496.74	1509.08	1521.78	
1534.44	1554.26	1581.78	1627.20	1662.58	1687.00	1714.58	1750.10	1783.20	1802.04	1833.74	1890.28	1968.18	2039.86	2123.28	2241.44	
2388.40	2525.74	2713.28	2937.92	3161.54	3355.24	3487.74	3541.18	3565.82	3581.34	3560.96	3538.62	3526.60	3553.82	3583.62	3574.36	
3571.22	3612.12	3615.72	3603.36	3596.14	3596.80	3609.52	3612.80	3612.58	3623.72	3642.30	3647.78	3660.78	3667.64	3677.00	3704.52	
3712.12	3721.12	3731.06	3730.56	3731.78	3729.30	3730.54	3732.90	3741.62	3738.14	3735.50	3730.02	3748.82	3751.18	3749.10	3747.96	
3739.50	3732.52	3733.80	3707.62	3693.50	3627.68	3514.20	3473.68	3384.98	3360.02	3303.98	3316.82	3313.12	3291.00	3309.26	3315.10	
3394.10	3282.90	3515.32	3625.40	3681.02	3720.14	3733.98	3764.62	3761.90	3764.96	3767.44	3769.28	3775.16	3777.70	3770.66	3765.98	
3763.70	3762.32	3751.84	3748.68	3749.08	3741.98	3741.74	3742.94	3748.46	3747.12	3750.28	3754.62	3763.30	3766.94	3778.36	3747.28	

*******************************************2025/07/21;14:45:43
Probe number 3
Concentration entered by User 4.12% (Compensated: 4.68% at temperature 27.6)
1297.78	1316.34	1327.18	1340.10	1355.02	1368.78	1383.44	1398.58	1417.38	1434.38	1455.18	1479.58	1500.52	1522.54	1541.08	1557.10	
1578.64	1610.94	1646.04	1690.06	1727.26	1765.22	1802.66	1833.72	1872.80	1914.62	1962.46	2014.76	2091.04	2167.94	2266.32	2363.74	
2469.20	2610.92	2786.18	3011.72	3220.56	3407.70	3529.84	3581.50	3606.56	3629.64	3647.96	3669.88	3684.86	3691.84	3700.50	3704.76	
3705.82	3727.02	3728.34	3726.30	3737.38	3743.50	3746.82	3743.08	3742.20	3743.98	3737.34	3733.42	3736.36	3730.84	3726.40	3731.66	
3729.76	3729.02	3732.04	3726.38	3724.26	3719.20	3720.08	3719.52	3719.38	3711.88	3715.04	3707.94	3719.16	3718.84	3715.98	3718.00	
3713.66	3706.04	3702.06	3685.04	3684.20	3667.46	3658.42	3643.86	3611.32	3605.98	3599.28	3599.84	3619.08	3652.14	3673.58	3683.40	
3694.10	3557.58	3671.54	3724.58	3741.28	3737.96	3740.56	3742.84	3734.54	3717.72	3710.86	3698.58	3688.62	3686.70	3684.08	3703.28	
3700.66	3689.30	3671.78	3687.82	3706.14	3713.48	3709.46	3716.38	3719.86	3721.22	3724.48	3732.44	3735.68	3741.12	3755.04	3715.50	

*******************************************2025/07/21;14:45:49
Probe number 4
Concentration entered by User 4.03% (Compensated: 4.59% at temperature 27.7)
1297.86	1316.38	1327.72	1341.38	1354.52	1367.34	1382.98	1397.86	1416.38	1434.24	1454.22	1476.64	1499.64	1521.92	1541.24	1556.92	
1575.80	1609.60	1646.14	1692.46	1728.78	1763.28	1797.86	1834.16	1872.38	1912.92	1963.56	2016.12	2090.14	2161.32	2256.76	2362.66	
2482.50	2631.50	2816.96	3033.80	3239.66	3426.88	3546.06	3592.98	3615.52	3636.64	3653.48	3674.02	3687.64	3693.36	3701.60	3705.96	
3707.18	3728.22	3729.96	3727.84	3738.04	3744.06	3747.30	3743.26	3742.74	3745.08	3738.96	3735.34	3737.78	3733.30	3729.30	3734.46	
3732.98	3731.64	3734.46	3729.26	3727.32	3722.78	3723.72	3723.40	3723.36	3716.38	3719.68	3713.28	3724.20	3722.98	3720.28	3722.68	
3718.04	3711.72	3708.22	3692.28	3691.46	3675.88	3666.26	3652.80	3622.52	3617.54	3610.78	3611.38	3628.90	3658.72	3679.14	3688.44	
3698.84	3562.52	3674.78	3725.82	3741.54	3738.72	3741.20	3744.04	3736.30	3719.56	3713.46	3702.38	3693.84	3692.66	3689.98	3708.12	
3705.18	3694.32	3678.20	3692.96	3709.58	3716.46	3711.92	3718.34	3721.24	3722.14	3724.88	3732.22	3735.62	3741.02	3754.94	3715.56	

*******************************************2025/07/21;14:49:00
Probe number 5
Concentration entered by User 5.73% (Compensated: 6.27% at temperature 27.3)
1284.50	1300.44	1308.34	1318.20	1330.70	1342.74	1357.80	1372.82	1388.22	1400.56	1416.44	1433.10	1450.52	1466.72	1480.84	1494.02	
1508.56	1529.24	1552.34	1580.30	1598.02	1612.76	1632.56	1661.58	1697.46	1730.24	1761.06	1798.84	1858.54	1913.82	1989.16	2100.98	
2235.22	2385.08	2557.52	2742.08	2907.08	3084.82	3263.94	3411.80	3495.52	3541.28	3567.44	3588.50	3595.34	3597.64	3601.82	3601.68	
3592.50	3620.92	3621.60	3616.50	3639.86	3658.76	3667.76	3671.72	3682.70	3685.62	3681.86	3687.20	3703.76	3711.64	3714.54	3729.38	
3735.18	3738.48	3742.36	3741.46	3743.12	3743.58	3743.96	3744.64	3748.62	3741.14	3727.16	3714.54	3711.22	3685.56	3673.72	3699.40	
3693.10	3698.60	3695.80	3682.38	3678.24	3673.82	3694.58	3731.52	3735.60	3752.70	3737.46	3716.42	3727.04	3739.42	3751.24	3751.60	
3751.20	3617.04	3689.00	3725.78	3735.30	3747.08	3754.68	3760.16	3743.28	3732.02	3732.56	3750.64	3760.14	3758.80	3742.34	3734.04	
3740.80	3745.34	3744.54	3742.28	3740.64	3733.78	3733.68	3739.90	3740.74	3736.52	3734.46	3734.80	3740.74	3744.34	3757.36	3717.28	

*******************************************2025/07/21;14:49:29
Probe number 6
Concentration entered by User 5.60% (Compensated: 6.10% at temperature 26.9)
1283.64	1300.08	1308.00	1318.00	1329.00	1341.72	1357.14	1371.44	1386.04	1400.42	1417.02	1434.12	1450.98	1468.88	1484.20	1499.02	
1515.06	1535.20	1558.50	1587.36	1609.04	1629.92	1648.46	1677.92	1714.50	1749.84	1782.94	1822.44	1874.64	1928.10	2011.32	2128.46	
2265.78	2418.66	2595.30	2785.26	2949.02	3116.28	3285.48	3425.86	3503.80	3544.30	3568.92	3589.92	3598.58	3601.34	3606.50	3609.32	
3603.18	3630.82	3632.82	3630.04	3651.48	3669.16	3677.46	3679.84	3688.70	3690.76	3687.28	3692.02	3706.00	3711.72	3714.32	3727.68	
3732.44	3734.40	3738.44	3737.26	3738.90	3738.64	3739.34	3739.88	3743.44	3736.84	3728.66	3719.30	3721.14	3702.38	3692.26	3712.16	
3704.88	3709.02	3709.04	3698.06	3696.30	3689.02	3703.12	3733.52	3736.50	3750.00	3735.32	3715.82	3724.98	3738.22	3750.04	3750.90	
3750.84	3613.36	3685.38	3723.96	3733.20	3744.78	3751.44	3757.32	3741.84	3731.16	3731.24	3747.16	3756.82	3755.76	3741.10	3735.04	
3740.86	3744.80	3742.50	3740.12	3740.06	3732.74	3732.26	3736.86	3738.06	3732.02	3729.96	3730.62	3736.48	3739.70	3753.36	3712.22	

*******************************************2025/07/21;14:50:34
Probe number 7
Concentration entered by User 5.28% (Compensated: 5.72% at temperature 26.1)
1266.48	1283.42	1294.02	1305.48	1316.34	1327.42	1340.12	1351.36	1365.20	1378.92	1396.90	1415.68	1436.04	1456.04	1473.22	1485.44	
1499.54	1527.02	1553.18	1585.16	1610.80	1636.28	1659.78	1687.78	1726.64	1763.84	1800.66	1846.02	1902.44	1955.70	2032.88	2130.76	
2263.58	2423.44	2599.50	2793.36	2992.56	3176.54	3341.80	3457.96	3525.60	3572.80	3600.40	3621.34	3627.28	3632.52	3648.96	3661.24	
3665.54	3697.36	3701.20	3698.30	3702.22	3703.46	3708.38	3707.06	3714.02	3719.44	3713.14	3713.12	3718.78	3713.20	3711.02	3719.64	
3720.84	3721.92	3726.40	3724.70	3724.78	3722.94	3722.12	3725.20	3728.88	3727.38	3732.04	3727.86	3735.26	3733.56	3731.96	3738.66	
3734.92	3741.22	3743.66	3736.70	3743.68	3742.76	3740.14	3742.66	3742.44	3749.30	3745.92	3743.90	3746.68	3746.92	3749.02	3748.76	
3751.30	3616.52	3699.50	3736.32	3736.20	3740.62	3741.50	3750.74	3749.24	3743.22	3743.20	3741.20	3742.70	3745.80	3736.86	3739.52	
3737.74	3736.92	3728.52	3728.70	3735.86	3731.32	3729.08	3728.44	3729.10	3725.64	3725.58	3726.30	3731.00	3732.20	3746.26	3704.10	

*******************************************2025/07/21;14:51:04
Probe number 8
Concentration entered by User 5.13% (Compensated: 5.56% at temperature 26.0)
1268.08	1284.92	1294.80	1307.14	1318.80	1329.32	1340.76	1352.56	1367.92	1381.94	1399.30	1418.84	1437.76	1457.84	1473.86	1486.84	
1504.30	1530.46	1554.58	1588.56	1617.52	1642.46	1664.98	1691.82	1727.98	1762.24	1795.80	1844.88	1906.78	1962.26	2043.94	2144.56	
2271.96	2440.26	2636.08	2831.86	3014.18	3198.42	3366.10	3485.00	3549.12	3590.90	3616.70	3635.42	3639.10	3643.78	3659.30	3671.72	
3676.16	3706.34	3710.68	3707.42	3710.94	3711.82	3717.08	3715.32	3722.14	3727.34	3721.86	3721.78	3727.00	3721.86	3719.52	3728.30	
3729.08	3730.02	3734.00	3732.22	3732.12	3730.66	3729.84	3732.44	3736.22	3734.46	3739.20	3735.04	3742.02	3740.34	3738.76	3745.28	
3741.88	3748.00	3749.44	3742.78	3749.48	3748.86	3746.54	3749.14	3749.10	3755.58	3752.18	3750.34	3752.62	3753.20	3755.12	3754.60	
3757.30	3626.80	3706.80	3742.74	3742.86	3746.86	3747.48	3756.50	3755.12	3749.22	3749.34	3747.68	3749.10	3751.58	3743.46	3745.44	
3744.24	3743.46	3735.34	3735.76	3742.28	3737.70	3735.88	3735.18	3735.28	3732.68	3732.34	3733.24	3737.74	3738.72	3752.56	3711.50	

*******************************************2025/07/21;14:51:34
Probe number 9
Concentration entered by User 5.29% (Compensated: 5.71% at temperature 25.9)
1267.06	1283.08	1294.38	1306.60	1317.86	1327.72	1339.38	1351.54	1365.60	1380.34	1397.86	1416.70	1436.18	1457.28	1474.34	1486.20	
1502.70	1527.76	1551.26	1583.12	1612.78	1638.88	1662.30	1687.52	1727.34	1766.30	1805.48	1854.14	1912.86	1959.04	2029.52	2129.02	
2266.88	2425.20	2602.16	2784.98	2975.32	3170.62	3344.84	3463.66	3532.00	3578.14	3604.32	3624.02	3628.80	3634.04	3650.12	3661.82	
3666.04	3698.02	3702.82	3699.44	3703.46	3704.44	3709.74	3707.84	3715.04	3720.04	3715.00	3714.60	3720.14	3714.90	3712.46	3721.12	
3722.22	3723.12	3727.54	3725.74	3725.80	3723.92	3723.10	3725.60	3729.58	3728.02	3733.16	3728.90	3735.96	3733.84	3732.68	3739.40	
3735.60	3741.86	3743.56	3736.84	3743.56	3742.72	3740.58	3743.30	3743.36	3749.86	3746.22	3744.26	3747.06	3747.62	3749.56	3749.08	
3751.60	3617.14	3699.58	3736.14	3736.84	3740.82	3741.84	3750.70	3749.48	3743.48	3743.36	3741.48	3743.00	3745.54	3737.38	3739.40	
3737.98	3737.16	3729.22	3729.30	3736.02	3731.40	3729.48	3728.52	3728.94	3725.80	3725.58	3726.66	3731.16	3732.08	3746.54	3703.74	

*******************************************2025/07/21;14:52:04
Probe number 10
Concentration entered by User 5.09% (Compensated: 5.50% at temperature 25.7)
1267.58	1283.50	1293.72	1305.98	1318.24	1328.44	1339.70	1350.56	1367.10	1383.22	1400.72	1418.22	1436.02	1456.12	1475.34	1487.86	
1502.92	1528.56	1556.48	1589.56	1614.84	1642.30	1668.18	1696.26	1729.62	1768.58	1802.04	1848.54	1908.70	1961.78	2034.50	2129.94	
2260.36	2425.68	2618.66	2812.74	3012.34	3207.28	3377.02	3487.86	3546.84	3587.46	3611.88	3630.06	3633.86	3637.42	3653.00	3665.12	
3669.10	3700.02	3704.92	3701.64	3704.96	3706.42	3711.26	3710.18	3716.82	3722.54	3716.96	3716.82	3722.06	3716.90	3714.76	3722.84	
3723.86	3724.96	3728.98	3727.46	3727.14	3725.64	3724.74	3727.16	3731.06	3729.96	3734.34	3730.42	3737.20	3735.56	3733.82	3740.70	
3737.26	3743.32	3744.92	3738.34	3745.00	3744.14	3741.96	3744.78	3744.52	3751.68	3747.70	3745.78	3748.28	3749.02	3751.14	3750.74	
3752.92	3619.22	3700.88	3737.72	3738.06	3742.40	3743.02	3752.28	3750.58	3744.58	3744.76	3743.14	3744.22	3747.30	3738.58	3741.02	
3739.54	3738.34	3730.58	3730.66	3737.52	3732.74	3730.58	3729.78	3730.62	3727.30	3727.04	3728.02	3732.42	3733.64	3748.00	3705.74	

*******************************************2025/07/21;14:52:34
Probe number 11
Concentration entered by User 5.17% (Compensated: 5.58% at temperature 25.7)
1266.76	1283.88	1293.90	1305.38	1317.00	1327.32	1339.04	1349.74	1363.38	1379.20	1399.70	1417.42	1434.46	1455.06	1472.24	1485.84	
1501.46	1526.86	1553.16	1587.52	1613.06	1635.96	1659.58	1686.82	1723.80	1761.66	1796.80	1845.76	1906.44	1959.92	2029.38	2131.70	
2262.40	2421.06	2608.56	2803.40	3001.62	3191.70	3362.72	3475.76	3538.32	3580.40	3606.16	3625.12	3629.08	3633.12	3647.90	3660.38	
3664.24	3695.64	3701.40	3697.88	3701.46	3702.80	3708.24	3706.40	3713.70	3719.06	3713.06	3713.30	3718.32	3712.98	3711.08	3719.56	
3720.70	3721.62	3725.84	3724.00	3723.56	3721.98	3721.12	3724.02	3727.92	3726.16	3730.98	3727.20	3733.86	3732.20	3730.86	3737.34	
3734.02	3739.88	3742.00	3734.90	3741.82	3740.74	3738.66	3741.78	3741.60	3748.76	3744.76	3742.74	3745.28	3745.82	3748.28	3747.86	
3750.02	3614.26	3696.90	3734.08	3734.70	3738.86	3740.02	3748.90	3747.72	3741.54	3741.20	3739.50	3741.00	3743.92	3735.52	3737.80	
3736.22	3735.24	3727.42	3727.12	3734.02	3729.52	3727.44	3726.34	3727.34	3724.04	3723.44	3724.50	3729.20	3730.24	3744.64	3702.02	

*******************************************2025/07/21;14:53:04
Probe number 12
Concentration entered by User 5.11% (Compensated: 5.51% at temperature 25.6)
1266.46	1283.70	1293.94	1306.14	1316.80	1327.78	1340.08	1351.90	1365.54	1380.18	1397.46	1416.52	1433.66	1452.78	1471.92	1484.28	
1500.42	1526.70	1556.08	1590.34	1615.10	1636.76	1660.66	1690.94	1726.78	1765.94	1801.36	1847.16	1909.10	1963.66	2037.08	2143.84	
2278.58	2441.12	2621.86	2820.42	3016.40	3203.68	3371.30	3483.22	3544.06	3586.62	3609.82	3627.08	3630.08	3634.34	3649.16	3662.52	
3666.16	3698.00	3703.18	3699.14	3702.78	3704.02	3709.02	3706.96	3714.48	3719.98	3714.60	3714.34	3719.02	3714.24	3711.90	3720.74	
3721.18	3722.52	3726.96	3724.66	3724.28	3722.66	3721.86	3724.18	3728.30	3727.02	3732.26	3727.98	3734.14	3733.00	3731.60	3737.96	
3734.60	3740.72	3742.42	3735.52	3742.36	3741.40	3739.54	3742.22	3742.36	3749.44	3745.30	3743.14	3745.86	3746.50	3748.64	3748.54	
3750.66	3615.34	3697.60	3734.46	3735.40	3739.80	3740.42	3749.44	3748.12	3741.90	3741.86	3740.36	3741.82	3744.78	3735.88	3738.06	
3736.60	3735.92	3727.88	3727.96	3734.56	3730.06	3727.84	3726.76	3727.96	3724.66	3724.04	3725.14	3729.54	3730.98	3745.14	3702.22	

*******************************************2025/07/21;14:53:34
Probe number 13
Concentration entered by User 4.93% (Compensated: 5.33% at temperature 25.6)
1267.50	1283.52	1293.90	1305.94	1317.32	1327.66	1339.52	1350.78	1364.92	1379.66	1397.16	1415.56	1434.96	1455.34	1472.70	1485.06	
1501.34	1527.26	1555.08	1586.66	1610.72	1636.08	1661.66	1690.48	1727.02	1763.92	1799.20	1843.68	1902.08	1959.62	2038.72	2143.72	
2281.06	2436.26	2627.16	2847.00	3050.64	3236.58	3400.66	3506.72	3560.34	3599.02	3620.62	3637.22	3640.30	3643.36	3657.70	3669.06	
3673.10	3703.52	3709.22	3705.02	3708.46	3709.28	3714.46	3713.38	3720.02	3725.58	3720.18	3719.82	3724.46	3719.64	3716.98	3725.46	
3726.66	3727.80	3731.70	3729.56	3729.48	3727.52	3727.02	3729.26	3733.00	3731.82	3736.30	3732.52	3738.96	3737.32	3735.92	3742.34	
3738.98	3744.84	3746.50	3739.86	3746.40	3745.88	3743.84	3746.80	3746.48	3753.44	3749.46	3747.26	3749.84	3750.70	3752.72	3752.56	
3754.56	3621.74	3702.94	3739.62	3739.38	3743.74	3744.72	3753.72	3752.20	3746.10	3746.08	3744.52	3746.16	3748.60	3740.56	3742.20	
3740.90	3740.24	3732.46	3732.18	3739.00	3734.46	3732.32	3731.50	3732.04	3729.22	3728.52	3729.72	3734.04	3734.96	3749.28	3707.16	

*******************************************2025/07/21;14:54:04
Probe number 14
Concentration entered by User 5.03% (Compensated: 5.43% at temperature 25.6)
1266.32	1282.64	1293.56	1305.40	1316.70	1327.28	1339.56	1350.00	1363.98	1378.48	1397.12	1415.56	1435.74	1454.74	1472.08	1483.84	
1499.24	1524.84	1552.04	1586.50	1609.78	1633.60	1655.06	1685.42	1724.52	1760.80	1793.88	1840.26	1901.48	1959.08	2029.46	2132.28	
2271.42	2433.22	2636.74	2847.18	3029.80	3215.78	3384.92	3493.26	3546.70	3584.24	3606.98	3624.70	3628.14	3631.20	3645.52	3658.14	
3662.00	3693.00	3699.02	3694.20	3698.32	3699.06	3704.32	3702.74	3710.56	3715.90	3710.56	3709.98	3715.04	3709.84	3707.18	3716.04	
3717.22	3718.14	3722.24	3720.54	3719.96	3718.38	3717.46	3720.10	3723.82	3722.36	3727.46	3723.56	3730.26	3728.58	3726.72	3734.00	
3730.44	3736.76	3738.36	3731.20	3738.28	3737.28	3735.16	3738.58	3738.26	3745.64	3741.44	3739.44	3741.70	3742.72	3744.96	3744.46	
3746.92	3608.72	3692.36	3730.52	3731.00	3735.38	3736.50	3745.70	3744.34	3738.16	3737.68	3735.86	3737.54	3740.62	3731.78	3733.98	
3732.86	3731.52	3723.26	3723.46	3730.62	3725.58	3723.22	3722.40	3723.46	3719.78	3719.40	3720.60	3724.80	3726.32	3741.18	3697.36	

*******************************************2025/07/21;14:54:34
Probe number 15
Concentration entered by User 4.99% (Compensated: 5.40% at temperature 25.6)
1268.88	1286.56	1297.06	1308.80	1319.98	1330.36	1341.76	1353.30	1368.26	1382.74	1400.64	1419.50	1437.64	1457.48	1476.34	1489.80	
1504.84	1528.88	1556.82	1591.78	1618.38	1644.76	1667.76	1693.88	1733.18	1769.14	1804.96	1851.90	1911.36	1969.48	2034.64	2135.42	
2272.74	2442.40	2628.58	2821.60	3019.54	3220.58	3396.96	3508.82	3563.38	3601.02	3623.62	3640.38	3643.42	3646.72	3661.20	3673.08	
3677.34	3707.24	3713.80	3709.36	3712.74	3713.78	3718.32	3716.80	3723.88	3729.22	3723.86	3723.80	3728.38	3723.62	3721.42	3729.56	
3730.46	3731.40	3735.68	3733.54	3733.42	3731.48	3730.56	3733.26	3736.90	3735.66	3740.30	3736.34	3742.80	3741.16	3739.42	3745.98	
3742.78	3748.88	3750.10	3743.52	3750.48	3749.42	3747.40	3750.60	3750.30	3757.10	3753.14	3751.12	3753.58	3754.66	3756.58	3756.20	
3758.20	3627.98	3707.60	3743.26	3743.68	3747.78	3748.50	3757.00	3756.02	3750.18	3749.96	3748.54	3749.82	3752.62	3744.06	3746.18	
3745.18	3744.04	3736.58	3736.68	3743.12	3738.72	3736.74	3735.70	3736.60	3733.34	3733.08	3734.02	3738.30	3739.46	3753.52	3712.50	

*******************************************2025/07/21;14:55:04
Probe number 16
Concentration entered by User 4.84% (Compensated: 5.24% at temperature 25.6)
1267.68	1284.24	1294.74	1306.48	1317.70	1328.34	1340.04	1351.76	1365.46	1380.58	1399.02	1417.72	1436.26	1456.46	1473.52	1484.98	
1501.28	1527.92	1552.92	1585.22	1611.98	1638.00	1661.54	1687.56	1721.08	1758.06	1795.58	1844.32	1903.60	1962.26	2036.84	2129.86	
2269.18	2445.84	2644.56	2855.86	3062.74	3253.38	3416.46	3518.74	3567.94	3601.42	3621.80	3637.06	3639.42	3641.62	3655.18	3666.88	
3670.74	3701.10	3706.82	3702.38	3706.04	3706.80	3711.76	3710.32	3717.58	3722.66	3717.54	3717.06	3721.80	3716.90	3714.22	3722.54	
3724.04	3724.56	3728.80	3726.64	3726.52	3724.44	3723.56	3726.50	3729.96	3729.16	3733.80	3729.46	3736.24	3734.56	3733.04	3739.50	
3736.36	3742.32	3743.74	3736.86	3743.72	3742.86	3741.28	3743.98	3743.66	3751.02	3747.10	3744.84	3746.92	3748.08	3750.22	3750.02	
3752.06	3617.48	3699.54	3736.36	3736.84	3741.26	3741.70	3751.00	3749.54	3743.66	3743.30	3741.74	3742.94	3746.04	3737.54	3739.72	
3738.06	3737.42	3729.60	3729.28	3736.14	3731.20	3729.34	3728.34	3729.54	3725.92	3725.54	3726.54	3730.76	3732.34	3746.58	3704.40	

*******************************************2025/07/21;14:55:34
Probe number 17
Concentration entered by User 4.90% (Compensated: 5.31% at temperature 25.7)
1267.62	1285.20	1295.56	1307.34	1319.16	1329.46	1342.16	1352.98	1367.04	1381.62	1399.06	1418.26	1438.16	1458.42	1474.86	1487.00	
1501.60	1530.88	1558.96	1589.50	1615.02	1639.16	1662.98	1690.76	1729.10	1770.60	1808.68	1853.36	1911.66	1966.76	2037.16	2144.02	
2274.54	2432.86	2633.32	2850.86	3051.44	3239.72	3406.02	3511.88	3564.42	3600.36	3622.16	3638.28	3640.28	3642.50	3656.04	3668.38	
3672.30	3702.90	3708.84	3704.02	3707.80	3708.52	3713.32	3711.68	3719.00	3724.44	3719.14	3718.62	3723.56	3718.48	3716.06	3724.60	
3725.68	3726.50	3731.02	3729.10	3728.94	3727.22	3726.14	3728.54	3732.46	3731.34	3736.22	3731.96	3738.18	3736.94	3735.22	3741.90	
3738.94	3744.46	3746.14	3739.02	3745.70	3744.86	3743.36	3746.34	3746.30	3753.16	3749.08	3746.86	3749.18	3750.34	3752.46	3752.38	
3754.30	3621.02	3702.14	3738.66	3739.20	3743.56	3744.26	3753.14	3751.88	3745.72	3745.90	3744.12	3745.40	3748.16	3739.88	3742.02	
3741.00	3739.78	3732.12	3731.98	3738.78	3733.98	3731.84	3731.06	3731.92	3728.80	3728.12	3729.30	3733.80	3734.78	3748.88	3706.96	

*******************************************2025/07/21;14:56:04
Probe number 18
Concentration entered by User 4.95% (Compensated: 5.35% at temperature 25.7)
1265.42	1281.92	1292.60	1304.52	1315.74	1325.60	1338.10	1349.94	1364.74	1378.56	1395.26	1414.52	1433.56	1452.00	1468.80	1482.04	
1499.30	1525.96	1552.68	1581.82	1608.46	1638.30	1662.30	1687.98	1722.04	1756.98	1796.08	1847.38	1910.26	1963.96	2038.22	2139.56	
2266.12	2420.70	2621.32	2832.34	3035.54	3234.32	3402.26	3503.26	3552.84	3589.40	3609.68	3625.38	3627.42	3629.78	3643.44	3655.66	
3659.62	3691.26	3697.64	3692.82	3696.62	3697.56	3702.60	3701.24	3708.88	3714.34	3708.96	3708.18	3713.54	3707.90	3705.36	3714.12	
3715.46	3716.28	3721.06	3718.56	3718.16	3716.36	3715.68	3717.94	3721.66	3720.80	3725.88	3721.62	3728.16	3726.92	3724.88	3732.18	
3728.66	3734.88	3736.90	3729.42	3736.34	3735.30	3733.36	3736.86	3736.44	3743.96	3739.60	3737.24	3739.94	3740.98	3743.46	3743.52	
3745.52	3605.72	3689.88	3728.32	3728.98	3733.66	3734.62	3744.02	3742.60	3736.34	3736.16	3734.26	3735.90	3738.72	3729.86	3732.50	
3730.68	3730.14	3721.52	3721.58	3728.78	3723.32	3721.34	3720.46	3721.56	3718.26	3717.58	3718.16	3722.96	3724.52	3739.84	3695.58	

*******************************************2025/07/21;14:56:34
Probe number 19
Concentration entered by User 4.84% (Compensated: 5.25% at temperature 25.7)
1267.48	1284.18	1295.06	1306.48	1317.04	1326.84	1338.82	1351.18	1366.40	1380.80	1398.56	1417.82	1436.50	1455.60	1473.10	1485.12	
1500.92	1527.34	1553.82	1587.20	1613.40	1638.16	1660.62	1686.86	1722.44	1762.98	1801.14	1846.42	1912.50	1967.74	2038.88	2134.70	
2281.34	2466.68	2661.22	2862.90	3057.98	3252.84	3420.96	3519.96	3569.08	3603.82	3623.50	3637.84	3639.94	3641.96	3656.10	3667.56	
3671.02	3701.78	3707.64	3702.98	3706.44	3707.52	3712.38	3710.74	3717.40	3722.96	3717.54	3716.94	3722.16	3717.00	3714.42	3722.92	
3724.06	3724.72	3729.58	3727.04	3726.92	3724.96	3724.24	3726.60	3730.50	3729.26	3734.32	3730.28	3736.62	3735.08	3733.56	3739.78	
3737.02	3742.70	3745.00	3737.34	3744.02	3743.38	3741.28	3744.76	3744.86	3751.74	3747.62	3745.10	3747.54	3748.58	3750.66	3750.62	
3752.58	3618.32	3699.76	3736.82	3737.30	3741.78	3742.34	3751.34	3749.90	3744.24	3743.96	3742.50	3744.02	3746.68	3738.22	3740.20	
3738.86	3738.24	3730.12	3729.96	3736.76	3732.06	3729.74	3729.16	3729.76	3726.72	3726.08	3727.68	3731.76	3733.04	3747.02	3704.94	

*******************************************2025/07/21;14:57:04
Probe number 20
Concentration entered by User 4.88% (Compensated: 5.29% at temperature 25.7)
1267.38	1284.74	1295.22	1306.90	1317.38	1327.58	1339.10	1350.40	1364.20	1379.16	1398.38	1418.16	1436.34	1457.48	1474.98	1486.22	
1501.76	1526.86	1554.46	1587.60	1613.64	1636.26	1660.28	1691.86	1731.28	1770.90	1804.04	1844.56	1908.42	1970.08	2049.80	2154.36	
2281.16	2447.58	2638.40	2838.72	3047.70	3246.64	3413.80	3515.04	3565.74	3600.76	3622.32	3636.56	3637.88	3639.32	3653.50	3665.06	
3668.92	3699.68	3706.58	3701.82	3705.50	3706.10	3711.04	3709.44	3716.56	3722.18	3716.64	3716.50	3721.30	3716.00	3713.62	3722.14	
3723.44	3724.00	3728.88	3726.58	3726.62	3724.46	3723.50	3725.96	3730.36	3728.64	3733.64	3729.72	3736.16	3734.44	3732.90	3739.40	
3736.54	3742.38	3743.86	3736.76	3743.34	3742.84	3740.96	3744.06	3744.06	3751.18	3746.94	3744.54	3746.96	3748.40	3750.54	3750.08	
3752.22	3617.56	3699.44	3736.02	3736.54	3741.08	3741.94	3750.98	3749.94	3743.70	3743.66	3741.76	3743.48	3746.18	3737.72	3739.96	
3738.56	3737.54	3730.02	3729.52	3736.52	3731.56	3729.46	3728.72	3729.56	3726.20	3725.74	3726.64	3731.22	3732.32	3746.98	3704.10	

*******************************************2025/07/21;14:57:34
Probe number 21
Concentration entered by User 4.89% (Compensated: 5.30% at temperature 25.7)
1268.06	1284.90	1295.80	1307.76	1317.92	1329.08	1341.88	1352.22	1366.70	1381.46	1398.24	1417.06	1436.76	1458.82	1476.48	1486.60	
1502.04	1527.52	1555.04	1586.92	1614.84	1639.28	1663.28	1692.50	1727.38	1764.82	1806.84	1861.88	1926.54	1975.24	2048.42	2157.72	
2285.82	2441.48	2639.48	2851.16	3047.34	3239.84	3412.02	3518.44	3567.88	3603.26	3623.84	3638.98	3640.86	3642.86	3657.44	3668.78	
3672.60	3703.48	3708.84	3704.66	3708.50	3708.88	3713.98	3712.32	3719.32	3725.08	3719.70	3719.30	3723.78	3719.04	3716.40	3724.96	
3726.24	3727.18	3731.72	3729.26	3728.96	3727.08	3726.42	3728.58	3732.54	3731.36	3736.20	3732.32	3738.40	3736.70	3735.10	3741.86	
3738.78	3744.68	3746.28	3739.42	3746.06	3745.08	3743.06	3746.30	3746.32	3753.70	3749.52	3747.22	3749.66	3750.58	3752.70	3752.58	
3754.40	3621.24	3702.42	3738.76	3738.96	3743.80	3744.32	3753.24	3751.94	3745.98	3745.52	3744.16	3745.64	3748.64	3740.14	3742.42	
3740.84	3739.94	3732.26	3732.36	3738.94	3734.24	3731.96	3731.52	3732.00	3728.98	3728.48	3729.68	3734.04	3735.24	3748.98	3707.42	

*******************************************2025/07/21;14:58:04
Probe number 22
Concentration entered by User 4.88% (Compensated: 5.28% at temperature 25.7)
1268.34	1284.46	1294.90	1307.32	1318.34	1328.84	1341.56	1353.46	1367.04	1381.94	1400.24	1417.92	1434.62	1454.10	1473.42	1486.60	
1502.98	1530.40	1556.40	1587.84	1614.36	1640.80	1666.24	1694.44	1732.98	1769.20	1802.14	1850.80	1914.04	1971.68	2054.40	2154.40	
2283.68	2445.10	2641.58	2842.94	3045.50	3244.66	3416.76	3519.54	3569.36	3602.96	3623.32	3638.62	3640.36	3642.86	3657.06	3668.48	
3672.68	3703.22	3709.14	3704.32	3707.76	3708.48	3713.46	3711.94	3719.08	3724.40	3719.10	3718.86	3723.58	3718.34	3716.16	3724.34	
3725.70	3726.48	3731.22	3728.92	3728.40	3726.72	3726.08	3728.36	3732.30	3731.00	3735.72	3731.58	3738.12	3736.52	3735.24	3741.60	
3738.76	3744.64	3746.16	3738.90	3745.52	3744.84	3743.18	3746.36	3746.40	3753.16	3749.06	3746.78	3749.32	3750.16	3752.58	3752.54	
3754.42	3620.68	3702.00	3738.36	3738.82	3743.24	3743.90	3753.00	3751.84	3745.76	3745.52	3744.14	3745.56	3748.18	3740.14	3741.98	
3740.64	3739.92	3732.08	3731.88	3739.16	3733.58	3731.96	3731.14	3732.06	3728.94	3728.48	3729.24	3733.44	3734.74	3749.10	3706.80	

*******************************************2025/07/21;14:58:34
Probe number 23
Concentration entered by User 4.82% (Compensated: 5.23% at temperature 25.7)
1268.32	1285.44	1296.18	1307.40	1318.52	1328.70	1341.08	1353.20	1367.32	1380.38	1398.40	1418.34	1437.04	1457.46	1476.00	1489.16	
1505.40	1529.62	1556.14	1590.84	1617.44	1641.76	1663.06	1693.80	1732.36	1768.44	1804.70	1850.84	1919.66	1981.60	2065.00	2164.02	
2293.14	2452.20	2642.92	2849.06	3056.94	3257.20	3425.42	3526.78	3575.12	3607.90	3627.98	3642.66	3644.42	3645.84	3659.72	3670.72	
3675.36	3705.46	3711.14	3706.68	3710.12	3710.82	3715.68	3714.12	3721.44	3726.74	3721.58	3721.10	3725.80	3720.86	3718.10	3726.90	
3728.04	3728.58	3733.10	3731.16	3730.70	3728.96	3728.18	3730.70	3734.30	3733.16	3737.96	3734.24	3740.34	3738.86	3737.10	3743.70	
3740.62	3746.48	3748.10	3740.86	3747.60	3746.68	3744.82	3748.22	3748.52	3755.36	3750.78	3748.62	3751.14	3752.30	3754.64	3754.34	
3756.18	3624.02	3704.28	3740.98	3740.90	3745.32	3746.26	3755.24	3754.00	3747.70	3747.46	3745.88	3747.26	3750.14	3742.14	3744.00	
3742.34	3742.20	3734.08	3734.02	3740.84	3736.06	3733.84	3733.40	3734.16	3731.12	3730.64	3731.48	3735.40	3736.86	3750.58	3709.86	

*******************************************2025/07/21;14:59:04
Probe number 24
Concentration entered by User 4.88% (Compensated: 5.29% at temperature 25.7)
1268.28	1285.12	1294.90	1306.90	1319.48	1330.64	1342.06	1353.72	1368.18	1382.42	1399.06	1417.92	1436.92	1455.88	1473.66	1486.98	
1501.44	1527.50	1555.98	1589.96	1616.30	1640.70	1663.22	1690.02	1726.56	1767.58	1807.64	1858.84	1925.84	1985.62	2059.84	2161.36	
2291.26	2449.48	2646.30	2856.76	3045.38	3238.44	3418.56	3522.00	3570.58	3604.78	3624.80	3639.32	3640.90	3643.06	3656.92	3668.18	
3672.30	3703.20	3709.24	3704.52	3708.32	3708.72	3713.70	3712.32	3719.32	3724.88	3719.36	3719.04	3724.12	3719.20	3716.60	3724.94	
3726.10	3726.94	3731.48	3729.32	3729.02	3727.38	3726.36	3728.74	3732.34	3731.26	3736.28	3732.20	3738.38	3736.88	3735.40	3741.84	
3739.00	3744.74	3746.36	3739.50	3746.02	3745.42	3743.34	3746.64	3746.62	3753.50	3749.46	3747.02	3749.54	3750.54	3753.08	3752.50	
3754.74	3621.00	3702.52	3738.84	3739.40	3743.84	3744.60	3753.72	3752.08	3746.08	3746.06	3744.52	3745.94	3748.72	3740.48	3742.54	
3741.16	3740.36	3732.78	3732.56	3739.18	3734.46	3732.20	3731.56	3732.40	3729.22	3728.78	3729.94	3734.10	3735.12	3749.48	3707.08	

*******************************************2025/07/21;14:59:34
Probe number 25
Concentration entered by User 4.88% (Compensated: 5.29% at temperature 25.7)
1268.80	1285.08	1295.16	1307.10	1318.28	1328.56	1340.68	1353.46	1368.72	1383.00	1399.72	1418.64	1438.82	1460.06	1477.04	1488.08	
1502.76	1528.50	1556.96	1592.30	1615.76	1638.48	1662.38	1689.14	1724.82	1766.66	1805.76	1856.58	1916.38	1973.58	2055.36	2164.16	
2290.54	2451.26	2639.22	2836.42	3045.94	3245.44	3416.72	3518.94	3568.70	3604.36	3624.56	3638.86	3640.58	3642.72	3656.28	3668.44	
3672.76	3703.64	3709.60	3704.90	3708.26	3708.90	3714.04	3712.28	3719.38	3724.98	3720.04	3719.66	3723.84	3719.26	3716.54	3724.84	
3726.18	3727.64	3731.84	3729.02	3728.86	3727.32	3726.32	3729.04	3732.92	3731.64	3736.24	3732.02	3738.52	3736.94	3735.46	3742.12	
3739.06	3744.74	3746.56	3739.68	3746.08	3744.98	3743.46	3746.68	3746.92	3753.88	3749.52	3746.94	3749.52	3750.80	3753.00	3752.74	
3754.82	3621.84	3702.04	3739.04	3739.36	3743.64	3744.48	3753.66	3752.10	3746.10	3746.16	3744.40	3745.96	3748.92	3740.58	3742.34	
3741.18	3740.26	3732.46	3732.32	3739.18	3734.40	3732.36	3731.38	3732.72	3729.38	3728.78	3729.66	3733.86	3735.18	3749.16	3707.28	

*******************************************2025/07/21;15:00:04
Probe number 26
Concentration entered by User 4.89% (Compensated: 5.29% at temperature 25.7)
1268.02	1285.04	1295.82	1308.20	1318.66	1328.82	1340.96	1352.68	1366.28	1380.74	1399.02	1418.08	1437.04	1457.50	1473.08	1484.60	
1501.92	1528.52	1556.12	1588.62	1616.18	1644.30	1669.18	1694.16	1730.42	1766.78	1807.06	1858.22	1919.00	1978.68	2060.50	2160.76	
2292.46	2465.86	2657.66	2855.04	3054.26	3244.44	3410.98	3513.70	3566.36	3602.32	3622.44	3638.24	3639.34	3642.16	3655.96	3667.54	
3671.88	3702.98	3708.76	3704.30	3707.88	3708.36	3713.62	3712.26	3719.44	3725.02	3719.36	3719.26	3723.90	3719.10	3716.12	3724.52	
3725.74	3727.20	3731.48	3729.44	3728.98	3727.22	3726.36	3728.88	3732.60	3731.48	3736.46	3732.48	3738.48	3736.68	3735.42	3742.10	
3738.92	3744.98	3746.42	3739.38	3745.92	3744.88	3743.38	3746.52	3746.86	3753.88	3749.04	3746.86	3749.54	3750.60	3752.76	3752.64	
3754.90	3621.40	3702.24	3738.66	3738.96	3743.72	3744.72	3753.64	3752.16	3746.34	3745.90	3744.58	3745.92	3748.54	3740.50	3742.54	
3740.96	3740.36	3732.58	3732.12	3739.00	3734.54	3732.12	3731.10	3732.18	3728.90	3728.74	3729.78	3734.02	3734.98	3749.38	3707.50	

*******************************************2025/07/21;15:00:34
Probe number 27
Concentration entered by User 4.82% (Compensated: 5.23% at temperature 25.7)
1267.44	1283.72	1294.18	1305.70	1317.34	1328.36	1340.66	1351.62	1365.78	1380.08	1398.48	1416.86	1435.66	1455.28	1472.66	1485.70	
1501.34	1526.98	1554.34	1588.06	1614.46	1641.68	1666.38	1695.28	1728.10	1763.84	1800.84	1851.24	1919.10	1980.68	2061.88	2167.62	
2302.48	2470.36	2666.20	2870.78	3069.50	3257.78	3419.28	3520.04	3571.16	3605.98	3626.94	3641.22	3642.78	3644.86	3658.18	3669.34	
3673.06	3704.22	3710.42	3706.00	3709.00	3709.40	3714.66	3713.14	3720.10	3725.52	3719.98	3719.84	3724.40	3719.50	3716.78	3725.02	
3726.44	3727.18	3731.64	3729.02	3728.98	3727.30	3726.24	3729.16	3732.36	3731.58	3736.22	3732.32	3738.20	3736.86	3735.34	3742.36	
3739.10	3744.82	3746.40	3739.28	3745.94	3744.88	3743.22	3746.52	3746.70	3753.74	3749.36	3747.22	3749.24	3750.52	3752.90	3752.78	
3754.58	3621.18	3702.22	3738.92	3739.36	3743.44	3744.34	3753.82	3751.82	3746.34	3745.94	3744.50	3745.72	3748.52	3740.28	3742.24	
3740.88	3740.16	3732.30	3732.42	3739.06	3734.20	3732.12	3731.48	3732.38	3728.96	3728.54	3729.58	3734.02	3735.00	3749.18	3706.86	

*******************************************2025/07/21;15:01:04
Probe number 28
Concentration entered by User 4.86% (Compensated: 5.27% at temperature 25.7)
1268.00	1284.98	1295.74	1307.54	1319.40	1329.90	1342.32	1354.18	1367.42	1381.84	1399.30	1419.06	1437.84	1457.88	1474.10	1487.48	
1504.48	1530.58	1556.74	1589.46	1618.76	1644.02	1666.80	1695.28	1733.04	1768.00	1802.58	1855.80	1919.26	1981.02	2063.90	2165.74	
2300.22	2466.50	2652.52	2850.26	3057.06	3248.70	3415.80	3522.14	3570.88	3605.60	3626.30	3640.94	3641.86	3644.10	3658.30	3670.56	
3674.28	3705.08	3711.26	3706.62	3710.38	3710.90	3715.46	3713.98	3721.40	3726.64	3721.14	3721.12	3726.08	3720.84	3718.20	3726.88	
3727.82	3728.92	3733.16	3730.76	3730.66	3728.74	3728.30	3730.88	3734.60	3733.30	3738.12	3734.26	3740.12	3738.48	3737.30	3743.62	
3740.86	3746.70	3748.34	3741.34	3747.52	3746.54	3744.94	3748.30	3748.50	3755.14	3750.94	3748.62	3750.94	3752.26	3754.32	3754.02	
3756.30	3624.26	3704.22	3740.34	3741.54	3745.58	3746.28	3755.14	3753.88	3747.90	3747.78	3746.14	3747.54	3750.10	3741.84	3744.16	
3742.90	3742.04	3734.02	3733.94	3741.10	3736.38	3734.14	3733.30	3734.06	3731.08	3730.74	3731.68	3735.52	3736.94	3750.82	3709.24	

*******************************************2025/07/21;15:01:34
Probe number 29
Concentration entered by User 4.88% (Compensated: 5.29% at temperature 25.7)
1268.36	1284.86	1295.66	1307.68	1318.38	1329.18	1341.72	1353.12	1366.86	1381.70	1399.90	1417.68	1436.32	1456.86	1473.30	1484.90	
1501.72	1527.72	1555.22	1590.06	1616.92	1642.22	1667.24	1698.82	1738.24	1776.86	1816.22	1863.78	1926.66	1992.38	2068.22	2164.88	
2294.30	2454.78	2643.60	2853.12	3056.40	3246.70	3408.02	3514.80	3568.44	3604.24	3625.38	3640.46	3642.32	3644.26	3658.36	3669.58	
3673.82	3704.84	3710.90	3705.98	3709.28	3710.16	3715.06	3713.40	3720.54	3725.80	3720.62	3720.36	3724.76	3720.42	3717.58	3726.04	
3726.94	3728.12	3732.52	3730.38	3730.38	3728.48	3727.68	3729.92	3733.98	3732.86	3737.66	3733.58	3739.58	3738.20	3737.00	3743.18	
3740.28	3746.14	3747.64	3740.70	3747.20	3746.32	3744.42	3748.00	3748.08	3754.44	3750.32	3748.34	3750.74	3751.84	3754.20	3753.90	
3755.96	3623.40	3704.10	3740.22	3740.70	3745.18	3745.84	3754.72	3753.54	3747.48	3747.48	3745.62	3747.12	3750.00	3741.68	3743.54	
3742.08	3741.58	3734.26	3733.74	3740.88	3735.78	3733.94	3732.88	3733.68	3730.54	3730.12	3731.10	3735.54	3736.52	3750.54	3709.02	

*******************************************2025/07/21;15:02:04
Probe number 30
Concentration entered by User 4.76% (Compensated: 5.17% at temperature 25.8)
1267.92	1284.18	1295.18	1307.20	1317.90	1327.82	1340.18	1351.44	1366.00	1380.04	1398.14	1417.88	1436.06	1455.52	1472.06	1484.14	
1499.84	1526.44	1555.32	1589.18	1616.08	1643.26	1664.58	1692.16	1725.60	1761.66	1803.60	1854.18	1918.10	1972.48	2051.86	2155.40	
2297.32	2471.22	2667.02	2883.20	3082.24	3267.66	3431.06	3528.72	3574.76	3607.94	3628.20	3642.24	3642.78	3644.82	3658.02	3668.88	
3672.76	3704.04	3709.94	3705.42	3708.42	3709.16	3713.78	3712.00	3719.30	3725.18	3719.66	3719.24	3724.40	3718.90	3716.20	3724.82	
3725.82	3726.96	3731.16	3729.30	3728.88	3726.96	3725.92	3728.58	3732.46	3731.36	3736.24	3732.08	3738.34	3736.44	3735.24	3741.80	
3739.10	3744.76	3746.04	3739.16	3745.54	3744.72	3743.12	3746.48	3746.72	3753.62	3749.00	3746.84	3748.90	3750.54	3752.62	3752.72	
3754.58	3621.20	3701.96	3738.72	3739.08	3743.44	3744.28	3753.44	3752.04	3745.76	3745.62	3744.18	3745.78	3748.50	3740.14	3742.20	
3740.88	3740.08	3732.16	3732.22	3738.80	3734.02	3731.84	3730.68	3731.86	3729.16	3728.40	3729.36	3733.62	3734.92	3749.14	3707.08	

*******************************************2025/07/21;15:02:34
Probe number 31
Concentration entered by User 4.83% (Compensated: 5.25% at temperature 25.8)
1269.12	1286.10	1296.78	1308.14	1318.96	1330.38	1342.44	1353.46	1367.68	1382.76	1400.28	1419.20	1438.98	1459.38	1477.40	1489.16	
1504.22	1528.68	1555.62	1588.70	1619.14	1643.56	1666.40	1695.66	1735.36	1775.88	1811.46	1859.28	1924.42	1985.00	2065.54	2163.88	
2297.44	2464.88	2676.82	2882.10	3069.14	3250.98	3417.60	3522.66	3574.72	3610.80	3631.12	3646.68	3647.86	3648.98	3662.22	3673.72	
3677.86	3708.60	3714.54	3710.38	3713.62	3714.70	3718.98	3717.80	3724.86	3729.86	3725.08	3724.34	3729.40	3724.26	3721.56	3729.96	
3730.90	3731.88	3736.78	3734.30	3734.20	3732.26	3731.46	3733.92	3737.52	3736.48	3740.94	3737.26	3743.22	3741.72	3740.16	3746.46	
3743.62	3749.50	3751.02	3744.18	3750.58	3749.42	3747.88	3751.12	3751.44	3758.16	3753.64	3751.38	3753.50	3755.22	3757.40	3757.26	
3759.02	3628.74	3708.12	3743.56	3744.26	3748.34	3749.44	3757.90	3756.62	3750.74	3750.72	3748.90	3750.46	3753.16	3745.16	3746.96	
3745.98	3744.90	3737.74	3737.34	3744.28	3739.32	3737.06	3736.40	3737.44	3734.16	3733.86	3734.62	3738.96	3739.74	3753.88	3713.42	

*******************************************2025/07/21;15:03:04
Probe number 32
Concentration entered by User 4.91% (Compensated: 5.33% at temperature 25.9)
1268.56	1285.68	1296.04	1307.54	1319.06	1329.04	1341.26	1352.22	1366.28	1379.78	1397.44	1418.38	1437.22	1455.72	1473.38	1485.26	
1501.66	1528.10	1555.88	1591.10	1616.86	1641.58	1662.92	1691.48	1731.72	1772.30	1810.52	1858.56	1920.30	1976.98	2058.34	2164.00	
2288.92	2457.78	2647.02	2848.76	3039.32	3237.36	3410.84	3514.28	3564.40	3600.42	3621.16	3637.16	3638.26	3640.00	3653.98	3665.96	
3669.90	3701.88	3708.32	3703.52	3706.92	3707.06	3712.58	3711.04	3718.48	3724.04	3718.58	3718.08	3723.02	3718.16	3715.32	3724.28	
3724.96	3726.08	3730.50	3728.54	3728.28	3726.36	3725.50	3728.00	3731.90	3730.86	3735.32	3731.28	3737.62	3736.04	3734.48	3741.34	
3738.48	3744.14	3745.60	3738.58	3745.02	3743.90	3742.46	3745.78	3746.38	3752.94	3748.38	3745.92	3748.58	3749.70	3752.32	3752.28	
3754.28	3620.14	3701.10	3737.88	3738.64	3743.22	3743.90	3752.76	3751.52	3745.36	3745.38	3743.76	3744.78	3748.02	3739.54	3741.62	
3740.22	3739.32	3731.68	3731.44	3738.32	3733.58	3731.08	3730.90	3731.38	3728.58	3727.92	3728.94	3733.10	3734.34	3748.64	3706.38	

*******************************************2025/07/21;15:03:34
Probe number 33
Concentration entered by User 4.85% (Compensated: 5.27% at temperature 25.9)
1267.22	1283.94	1294.24	1306.32	1318.14	1328.56	1340.68	1351.86	1366.56	1380.80	1397.78	1417.46	1436.54	1455.34	1472.18	1485.94	
1502.60	1526.92	1552.96	1587.92	1612.38	1635.20	1661.20	1690.82	1725.04	1767.72	1810.54	1861.36	1924.26	1986.84	2068.48	2168.06	
2300.78	2461.36	2652.16	2854.16	3052.02	3253.52	3420.54	3518.30	3566.80	3601.12	3621.42	3635.58	3637.42	3639.34	3652.66	3665.18	
3669.52	3701.28	3707.40	3702.56	3705.98	3706.42	3711.40	3709.34	3717.06	3722.82	3717.48	3717.14	3722.28	3716.76	3714.32	3722.64	
3723.72	3725.10	3729.70	3727.46	3726.62	3724.98	3724.32	3726.84	3730.92	3729.74	3734.78	3730.32	3736.50	3734.94	3733.60	3740.24	
3737.44	3743.36	3744.74	3737.50	3744.48	3743.22	3741.10	3745.06	3745.18	3752.00	3747.70	3745.36	3747.64	3748.78	3751.42	3751.40	
3753.40	3618.72	3700.46	3737.16	3737.74	3741.92	3742.94	3751.80	3750.54	3744.46	3743.96	3742.70	3744.20	3747.16	3738.52	3740.62	
3739.02	3738.36	3730.96	3730.50	3737.48	3732.64	3730.48	3729.64	3730.46	3727.44	3726.92	3727.82	3732.18	3733.30	3747.66	3705.52	

*******************************************2025/07/21;15:04:04
Probe number 34
Concentration entered by User 4.92% (Compensated: 5.34% at temperature 25.9)
1268.48	1285.32	1296.00	1307.48	1318.24	1328.74	1341.76	1353.92	1367.34	1381.78	1400.00	1418.74	1436.68	1456.76	1474.84	1486.54	
1501.44	1526.34	1553.80	1588.82	1616.02	1642.24	1665.74	1696.38	1736.44	1777.08	1813.60	1862.14	1926.90	1977.90	2051.34	2151.20	
2289.56	2448.88	2645.48	2858.14	3050.82	3235.96	3403.96	3509.58	3561.96	3598.76	3619.98	3635.80	3636.66	3639.38	3654.06	3665.92	
3669.72	3701.38	3707.02	3703.16	3706.18	3706.70	3711.80	3710.48	3717.78	3723.34	3717.98	3717.68	3722.54	3717.30	3714.38	3723.62	
3724.52	3725.50	3729.98	3728.04	3727.82	3726.04	3724.80	3727.50	3731.24	3730.46	3735.06	3730.98	3737.26	3735.64	3734.18	3741.02	
3738.06	3743.96	3745.52	3738.34	3744.64	3743.60	3742.06	3745.34	3745.86	3752.90	3748.04	3745.92	3748.32	3749.56	3752.14	3751.74	
3753.74	3619.40	3700.90	3737.88	3738.16	3742.92	3743.52	3752.36	3751.36	3744.90	3745.04	3743.52	3744.92	3747.64	3739.04	3741.44	
3740.22	3739.14	3731.36	3731.42	3738.12	3733.64	3731.22	3730.26	3730.96	3728.32	3727.70	3728.68	3733.02	3734.08	3748.36	3706.16	

*******************************************2025/07/21;15:04:34
Probe number 35
Concentration entered by User 4.89% (Compensated: 5.32% at temperature 26.0)
1267.88	1283.98	1294.22	1306.66	1318.02	1328.20	1340.16	1351.10	1365.52	1380.24	1398.00	1416.08	1435.12	1454.92	1471.98	1485.12	
1502.74	1530.18	1557.74	1592.50	1616.56	1639.68	1663.98	1695.34	1731.86	1770.58	1808.60	1859.04	1925.78	1982.46	2062.50	2162.30	
2303.42	2468.90	2662.94	2867.14	3055.36	3240.42	3408.78	3512.80	3564.66	3601.74	3622.34	3636.86	3638.06	3640.16	3654.46	3665.52	
3670.40	3701.36	3707.46	3703.06	3706.78	3707.18	3712.06	3710.30	3717.60	3723.14	3717.80	3717.40	3722.16	3716.74	3714.34	3723.00	
3723.96	3725.10	3729.50	3727.60	3727.18	3725.14	3724.66	3727.02	3730.84	3729.76	3734.56	3730.82	3736.94	3735.34	3733.98	3740.62	
3737.46	3743.64	3744.84	3737.84	3744.04	3743.12	3741.34	3745.00	3745.54	3752.04	3747.84	3745.58	3747.46	3749.22	3751.46	3751.34	
3753.48	3619.12	3700.06	3737.10	3737.78	3742.26	3743.12	3751.98	3750.90	3744.60	3744.46	3742.86	3744.68	3747.22	3738.82	3740.98	
3739.14	3738.72	3730.96	3731.04	3737.74	3732.58	3730.64	3729.76	3730.82	3727.52	3727.12	3727.86	3732.36	3733.58	3748.04	3705.64	

*******************************************2025/07/21;15:05:04
Probe number 36
Concentration entered by User 4.90% (Compensated: 5.33% at temperature 26.0)
1267.58	1284.44	1295.00	1306.94	1317.80	1328.10	1340.86	1352.22	1366.54	1381.06	1399.32	1418.60	1436.36	1456.36	1472.94	1485.40	
1501.68	1527.88	1555.64	1590.22	1619.10	1643.54	1667.24	1700.26	1737.82	1773.92	1815.12	1865.22	1926.28	1987.26	2063.48	2161.16	
2292.60	2458.14	2655.98	2858.38	3056.92	3241.48	3405.68	3511.48	3562.78	3598.50	3621.06	3636.86	3637.40	3639.66	3654.30	3665.94	
3670.32	3702.44	3708.12	3704.02	3707.06	3707.74	3712.82	3711.26	3718.84	3723.72	3718.94	3718.88	3723.18	3718.40	3715.48	3723.84	
3725.06	3726.28	3731.12	3728.82	3728.50	3726.98	3725.68	3728.36	3732.30	3731.30	3735.92	3731.76	3738.10	3736.50	3734.80	3741.70	
3738.80	3744.66	3746.40	3739.28	3745.26	3744.22	3742.74	3746.22	3746.60	3753.50	3749.02	3746.76	3748.90	3750.24	3752.58	3752.44	
3754.42	3620.68	3701.84	3738.42	3738.84	3743.42	3744.28	3753.28	3751.60	3745.60	3745.58	3744.16	3745.74	3748.58	3739.92	3742.16	
3740.82	3739.86	3732.48	3732.42	3739.10	3734.00	3731.96	3731.20	3731.88	3729.02	3728.22	3729.16	3733.56	3734.96	3748.96	3707.02	

*******************************************2025/07/21;15:05:34
Probe number 37
Concentration entered by User 4.91% (Compensated: 5.34% at temperature 26.0)
1266.82	1283.08	1293.52	1304.84	1316.72	1328.06	1340.46	1350.74	1364.66	1379.24	1396.02	1414.38	1434.74	1454.56	1469.78	1483.42	
1499.44	1524.56	1553.70	1586.78	1614.82	1638.92	1658.98	1688.70	1729.64	1769.62	1808.22	1852.72	1913.84	1977.96	2064.92	2171.26	
2293.84	2458.66	2649.34	2857.68	3052.68	3245.70	3402.40	3500.24	3551.52	3588.60	3610.40	3626.34	3627.60	3629.68	3644.06	3655.86	
3660.86	3693.54	3699.82	3694.70	3698.34	3698.74	3703.60	3701.94	3709.62	3715.64	3710.68	3709.76	3714.68	3709.16	3706.66	3715.34	
3716.40	3717.54	3722.72	3720.56	3719.66	3717.70	3717.20	3719.98	3723.72	3722.68	3727.70	3723.26	3729.90	3728.08	3726.54	3733.72	
3730.52	3736.86	3738.50	3731.10	3737.44	3736.48	3734.54	3738.24	3738.82	3745.84	3741.16	3738.82	3741.00	3742.78	3745.10	3745.38	
3747.36	3608.72	3692.00	3730.02	3730.54	3735.46	3736.16	3745.56	3744.36	3737.92	3737.50	3735.86	3737.66	3740.86	3731.98	3733.90	
3732.38	3731.70	3723.38	3723.76	3730.74	3725.80	3723.60	3722.84	3722.84	3720.08	3719.48	3721.06	3725.28	3726.30	3741.44	3697.50	

*******************************************2025/07/21;15:06:04
Probe number 38
Concentration entered by User 4.81% (Compensated: 5.23% at temperature 26.0)
1269.46	1286.44	1296.94	1308.68	1319.96	1330.02	1341.60	1353.72	1368.90	1383.08	1399.98	1418.32	1437.76	1458.68	1475.42	1488.14	
1504.54	1530.34	1558.66	1593.80	1619.66	1643.92	1668.68	1700.58	1740.62	1779.20	1813.76	1864.68	1931.46	1992.06	2070.14	2171.10	
2301.34	2467.68	2661.44	2873.00	3072.66	3260.30	3421.76	3521.98	3574.20	3609.06	3628.38	3643.02	3644.12	3646.34	3659.84	3671.18	
3676.00	3707.18	3713.20	3708.86	3712.42	3712.22	3716.98	3715.06	3722.36	3727.96	3723.10	3722.52	3727.36	3722.42	3719.58	3728.18	
3729.44	3730.24	3734.54	3732.48	3731.92	3729.92	3729.46	3732.02	3735.48	3734.74	3739.58	3735.46	3741.52	3739.78	3738.38	3744.92	
3742.34	3748.16	3749.54	3742.58	3748.78	3747.70	3745.94	3749.46	3749.70	3756.56	3752.26	3749.96	3752.26	3753.46	3755.62	3755.70	
3757.84	3626.54	3706.26	3741.80	3742.54	3746.96	3747.68	3756.28	3754.88	3749.14	3749.06	3747.64	3749.10	3751.68	3743.38	3745.28	
3744.28	3743.12	3735.82	3735.56	3742.54	3737.92	3735.38	3734.58	3735.74	3732.44	3732.30	3732.74	3736.96	3738.18	3752.38	3711.16	

*******************************************2025/07/21;15:06:34
Probe number 39
Concentration entered by User 4.82% (Compensated: 5.25% at temperature 26.0)
1268.14	1284.88	1295.54	1307.28	1318.60	1329.36	1341.66	1352.78	1366.60	1381.10	1399.42	1418.08	1436.80	1456.90	1473.26	1486.18	
1502.42	1527.28	1554.26	1588.38	1617.00	1643.82	1666.70	1695.84	1732.78	1771.80	1810.30	1858.34	1926.64	1991.16	2075.36	2178.48	
2318.82	2485.66	2681.08	2876.38	3068.28	3257.66	3421.16	3521.34	3572.28	3607.00	3626.54	3641.82	3643.06	3644.60	3658.46	3669.72	
3674.16	3705.60	3711.50	3706.58	3709.74	3710.32	3715.12	3713.54	3720.86	3726.08	3720.76	3720.78	3725.26	3720.00	3717.26	3725.74	
3727.08	3727.80	3732.34	3730.36	3729.96	3728.22	3727.48	3730.04	3733.98	3733.00	3737.54	3733.54	3739.44	3738.08	3736.68	3743.24	
3740.10	3746.00	3747.50	3740.66	3746.68	3745.80	3744.10	3747.58	3747.92	3754.56	3750.12	3747.98	3750.06	3751.54	3753.84	3754.42	
3755.86	3622.86	3703.64	3739.74	3740.60	3744.94	3745.58	3754.68	3753.22	3747.24	3747.12	3745.32	3747.02	3749.58	3741.56	3743.50	
3742.46	3741.40	3733.84	3733.84	3740.44	3735.40	3733.42	3732.42	3733.34	3730.34	3730.02	3730.94	3735.34	3736.18	3750.22	3708.80	

*******************************************2025/07/21;15:07:04
Probe number 40
Concentration entered by User 4.87% (Compensated: 5.30% at temperature 25.9)
1266.82	1283.58	1294.44	1306.94	1317.72	1327.82	1340.52	1351.96	1366.02	1380.76	1397.88	1415.50	1433.74	1453.62	1471.64	1484.16	
1502.22	1527.84	1554.12	1587.70	1614.26	1636.92	1662.72	1696.72	1735.94	1775.84	1809.34	1862.30	1932.36	1992.56	2072.28	2171.98	
2306.30	2477.14	2660.08	2850.36	3049.84	3249.30	3417.52	3513.08	3559.88	3594.84	3615.60	3629.62	3630.64	3633.20	3647.22	3658.68	
3663.30	3695.32	3701.78	3697.50	3700.14	3700.68	3705.80	3704.20	3711.54	3717.38	3712.04	3711.56	3716.72	3711.36	3708.48	3717.20	
3718.24	3719.70	3724.26	3722.08	3721.56	3719.68	3718.88	3721.46	3725.46	3724.74	3729.28	3725.00	3731.24	3730.00	3728.30	3735.26	
3732.40	3738.56	3739.94	3732.58	3739.04	3737.98	3736.22	3739.74	3740.60	3747.88	3743.06	3740.40	3742.82	3744.22	3746.86	3746.90	
3748.74	3611.44	3694.42	3731.60	3732.72	3737.16	3738.00	3747.34	3746.16	3739.66	3739.26	3737.70	3739.30	3742.28	3733.34	3735.76	
3733.96	3733.20	3725.46	3725.44	3732.34	3727.68	3725.16	3724.10	3725.12	3721.98	3721.34	3722.50	3726.98	3728.32	3742.86	3699.50	

*******************************************2025/07/21;15:07:34
Probe number 41
Concentration entered by User 4.85% (Compensated: 5.27% at temperature 25.9)
1266.92	1283.40	1294.16	1305.84	1316.30	1326.56	1338.94	1350.50	1365.16	1380.02	1398.48	1416.88	1435.34	1454.52	1472.72	1485.34	
1500.14	1526.20	1553.76	1586.50	1613.14	1637.50	1661.16	1691.04	1729.14	1773.66	1813.82	1864.16	1931.40	1994.92	2071.92	2163.26	
2291.62	2465.16	2663.54	2868.46	3062.28	3251.04	3416.10	3515.56	3565.60	3601.38	3620.56	3634.00	3635.22	3636.32	3649.94	3662.18	
3666.22	3698.56	3704.74	3700.04	3703.34	3703.34	3707.96	3706.34	3714.14	3719.76	3714.56	3714.06	3719.04	3713.56	3710.74	3719.32	
3720.72	3721.52	3726.30	3724.12	3723.76	3722.18	3720.80	3723.64	3727.72	3726.42	3731.16	3727.20	3733.44	3731.84	3730.28	3737.40	
3734.46	3740.72	3741.80	3734.72	3740.90	3740.06	3738.22	3741.90	3742.30	3749.44	3744.66	3742.08	3744.44	3745.64	3748.50	3748.66	
3750.48	3614.14	3696.76	3733.58	3734.32	3739.18	3740.10	3749.02	3747.54	3741.10	3740.98	3739.76	3741.14	3744.18	3735.40	3737.58	
3736.28	3735.10	3727.52	3727.28	3734.60	3729.66	3727.30	3726.22	3727.22	3723.50	3723.52	3724.76	3728.68	3729.84	3744.58	3701.76	

*******************************************2025/07/21;15:08:04
Probe number 42
Concentration entered by User 4.96% (Compensated: 5.38% at temperature 25.9)
1266.80	1283.84	1294.84	1306.92	1317.18	1327.90	1339.58	1351.28	1365.28	1379.98	1398.52	1416.84	1434.18	1455.26	1473.10	1484.86	
1501.72	1528.16	1556.46	1589.30	1616.34	1639.54	1662.98	1695.68	1734.94	1772.92	1809.82	1858.78	1921.26	1982.70	2068.32	2168.28	
2286.56	2448.40	2645.34	2846.46	3036.98	3228.68	3401.14	3503.88	3554.96	3590.42	3611.32	3627.42	3629.44	3631.86	3645.08	3657.20	
3661.72	3694.40	3701.26	3696.62	3700.08	3700.34	3705.26	3703.62	3711.52	3717.24	3712.02	3711.58	3716.50	3710.78	3708.10	3717.06	
3718.16	3719.14	3724.00	3721.80	3721.86	3719.96	3719.02	3721.38	3725.26	3724.38	3729.42	3725.02	3731.72	3729.74	3728.48	3735.34	
3732.44	3738.56	3740.20	3732.84	3739.28	3738.28	3736.48	3740.00	3740.84	3747.94	3743.00	3740.50	3742.70	3744.30	3746.74	3746.82	
3749.00	3611.42	3694.18	3731.98	3732.48	3737.24	3738.36	3747.26	3745.84	3739.58	3739.54	3737.90	3739.48	3742.16	3733.58	3735.56	
3734.62	3733.24	3725.70	3725.62	3732.82	3727.68	3725.28	3724.42	3725.52	3722.02	3722.04	3722.36	3726.90	3728.00	3743.18	3699.30	

*******************************************2025/07/21;15:08:34
Probe number 43
Concentration entered by User 4.83% (Compensated: 5.25% at temperature 25.8)
1267.00	1283.88	1294.46	1306.32	1317.34	1328.08	1341.10	1351.90	1366.60	1381.56	1399.48	1417.56	1435.92	1455.08	1472.66	1484.46	
1500.58	1528.06	1555.28	1587.08	1613.88	1639.92	1664.14	1695.76	1736.44	1775.02	1815.44	1861.20	1927.56	1989.30	2070.80	2177.62	
2314.72	2475.76	2666.66	2866.32	3063.22	3253.84	3421.28	3522.54	3572.54	3605.80	3623.96	3637.90	3639.18	3641.06	3654.62	3665.80	
3669.70	3701.84	3708.04	3703.64	3706.52	3706.74	3711.18	3709.18	3717.40	3722.76	3717.44	3717.32	3722.14	3716.56	3713.94	3722.18	
3723.74	3724.76	3729.28	3727.36	3726.64	3725.08	3724.06	3726.56	3730.66	3729.92	3734.30	3730.10	3736.56	3734.78	3733.36	3740.00	
3737.32	3743.76	3744.64	3737.12	3743.78	3742.54	3741.06	3744.54	3745.22	3751.92	3747.12	3745.02	3747.30	3748.60	3751.16	3751.36	
3753.36	3618.32	3700.20	3736.56	3737.36	3741.84	3742.64	3751.72	3750.16	3744.18	3743.98	3742.46	3743.92	3746.66	3738.42	3740.52	
3739.20	3738.14	3730.16	3730.44	3737.38	3732.26	3730.20	3729.24	3730.16	3727.16	3726.66	3727.90	3731.86	3732.90	3747.38	3705.18	

*******************************************2025/07/21;15:09:04
Probe number 44
Concentration entered by User 4.79% (Compensated: 5.21% at temperature 25.8)
1267.88	1284.56	1294.80	1306.22	1317.36	1328.78	1341.28	1352.68	1366.76	1382.62	1399.88	1417.66	1435.90	1455.44	1472.86	1485.08	
1501.96	1527.84	1555.82	1591.76	1618.72	1640.22	1663.92	1695.86	1732.96	1773.84	1814.14	1863.44	1930.28	1988.92	2061.20	2170.68	
2310.38	2472.22	2653.32	2858.32	3069.82	3266.36	3425.66	3525.82	3574.40	3607.52	3626.98	3641.06	3642.00	3643.50	3656.90	3668.22	
3672.38	3703.96	3710.44	3705.38	3708.76	3708.48	3713.38	3711.52	3719.00	3724.68	3719.52	3718.90	3723.92	3718.28	3716.18	3724.04	
3725.58	3726.74	3731.32	3729.12	3728.84	3727.00	3726.50	3728.56	3732.64	3731.72	3736.22	3732.42	3738.54	3736.44	3735.12	3742.12	
3738.92	3745.18	3746.32	3739.42	3745.44	3744.38	3742.98	3746.36	3746.98	3753.78	3749.10	3746.44	3748.98	3750.28	3753.18	3752.88	
3755.04	3621.34	3701.96	3738.34	3739.28	3743.60	3744.50	3753.62	3752.26	3745.92	3745.64	3744.32	3746.22	3748.36	3740.48	3742.44	
3741.14	3739.92	3732.48	3732.26	3738.98	3734.22	3731.82	3731.44	3732.22	3728.82	3728.78	3729.48	3733.50	3734.88	3749.34	3707.34	

*******************************************2025/07/21;15:09:34
Probe number 45
Concentration entered by User 4.85% (Compensated: 5.27% at temperature 25.8)
1268.08	1284.42	1294.78	1306.18	1317.46	1328.22	1340.88	1352.74	1367.02	1381.20	1399.50	1418.18	1436.46	1457.66	1474.30	1486.26	
1501.38	1528.48	1555.72	1589.04	1617.86	1643.02	1666.02	1696.00	1733.56	1774.80	1814.56	1866.28	1932.54	1995.96	2072.78	2177.08	
2308.10	2465.68	2647.42	2849.90	3055.80	3253.84	3418.60	3518.92	3569.18	3605.66	3624.74	3638.92	3639.58	3640.88	3653.92	3665.98	
3669.58	3701.84	3708.26	3703.64	3706.72	3706.56	3711.34	3709.30	3717.46	3722.98	3717.62	3717.82	3722.34	3716.96	3713.98	3722.72	
3723.94	3725.08	3729.72	3727.76	3727.24	3725.46	3724.54	3726.92	3730.98	3729.80	3734.90	3730.72	3736.90	3735.20	3733.56	3740.64	
3737.90	3744.10	3745.24	3738.14	3744.14	3743.08	3741.74	3745.00	3745.54	3752.30	3748.00	3745.46	3747.52	3749.30	3751.62	3751.80	
3753.98	3619.12	3700.64	3737.16	3737.74	3742.44	3743.48	3752.04	3750.94	3744.42	3744.40	3742.60	3744.30	3747.44	3739.02	3740.80	
3739.92	3738.74	3730.78	3730.94	3737.72	3733.14	3730.72	3729.98	3730.84	3727.70	3727.54	3728.28	3732.62	3733.48	3747.84	3705.78	

*******************************************2025/07/21;15:10:04
Probe number 46
Concentration entered by User 4.82% (Compensated: 5.24% at temperature 25.8)
1266.74	1283.62	1294.64	1305.94	1316.76	1328.14	1340.40	1351.72	1365.84	1380.68	1399.46	1418.18	1435.46	1454.46	1473.62	1486.86	
1502.28	1527.80	1555.18	1587.04	1613.44	1639.78	1662.64	1695.72	1738.38	1779.08	1815.98	1863.46	1925.04	1988.88	2070.34	2176.04	
2312.38	2470.10	2655.18	2871.68	3070.20	3253.28	3420.12	3522.60	3571.38	3606.00	3625.54	3639.78	3640.72	3641.42	3654.98	3666.08	
3670.32	3702.64	3709.22	3703.92	3707.44	3706.92	3711.90	3710.52	3717.72	3723.30	3718.40	3717.76	3722.78	3717.22	3714.58	3723.36	
3724.48	3725.42	3730.32	3728.22	3727.44	3726.00	3725.52	3727.28	3731.44	3730.58	3735.02	3730.92	3737.36	3735.62	3734.14	3740.84	
3738.18	3743.88	3745.22	3738.18	3744.24	3743.42	3741.86	3745.18	3745.58	3752.36	3747.82	3745.62	3747.62	3749.18	3752.08	3751.92	
3753.94	3620.00	3701.08	3737.34	3738.28	3742.84	3743.60	3752.44	3751.10	3744.88	3744.78	3743.34	3744.70	3747.28	3739.26	3741.24	
3740.06	3738.76	3731.32	3731.04	3738.08	3733.18	3730.74	3730.28	3731.00	3727.72	3727.32	3728.52	3732.62	3733.50	3748.06	3705.84	

*******************************************2025/07/21;15:10:34
Probe number 47
Concentration entered by User 4.80% (Compensated: 5.21% at temperature 25.8)
1268.70	1286.38	1296.04	1307.42	1318.64	1329.48	1342.64	1353.54	1367.40	1382.46	1400.04	1420.12	1439.88	1461.06	1477.82	1489.10	
1504.86	1532.24	1558.32	1594.44	1622.98	1647.90	1672.20	1702.82	1739.76	1778.28	1815.84	1869.60	1940.12	1998.50	2081.72	2172.52	
2304.50	2473.58	2670.38	2868.64	3070.60	3261.78	3425.38	3525.36	3572.90	3606.68	3625.78	3640.64	3642.18	3644.52	3658.02	3669.24	
3672.78	3704.54	3711.12	3706.50	3709.94	3709.46	3714.42	3712.20	3719.84	3725.86	3720.52	3720.44	3725.12	3720.02	3717.22	3725.48	
3726.72	3727.66	3732.30	3730.44	3730.34	3728.22	3727.58	3729.72	3733.94	3732.94	3737.64	3733.58	3739.62	3737.76	3736.50	3743.36	
3740.54	3746.28	3747.62	3740.54	3746.76	3745.84	3744.24	3747.82	3747.98	3754.72	3750.24	3747.78	3749.94	3751.68	3754.14	3754.34	
3756.32	3623.64	3703.86	3739.76	3740.58	3745.18	3746.12	3754.66	3753.14	3747.36	3746.94	3745.46	3746.74	3750.20	3741.72	3743.84	
3742.30	3741.52	3734.16	3734.04	3740.80	3735.68	3733.50	3732.76	3733.38	3730.64	3729.88	3730.94	3735.46	3736.10	3750.26	3708.92	

*******************************************2025/07/21;15:11:04
Probe number 48
Concentration entered by User 4.85% (Compensated: 5.26% at temperature 25.8)
1268.50	1285.36	1295.72	1307.80	1319.10	1329.40	1341.20	1353.52	1368.76	1382.70	1400.88	1419.68	1437.60	1457.78	1475.92	1487.40	
1502.52	1528.76	1558.70	1593.18	1620.00	1642.20	1662.80	1693.70	1735.00	1777.74	1819.70	1867.74	1927.46	1986.94	2066.92	2177.52	
2320.50	2474.28	2654.44	2855.60	3056.74	3248.84	3422.02	3522.02	3572.22	3606.94	3626.54	3640.58	3641.62	3643.02	3655.90	3667.20	
3671.30	3703.42	3709.78	3705.26	3708.40	3708.04	3712.54	3710.76	3718.50	3724.22	3719.00	3719.08	3723.92	3717.94	3715.60	3724.12	
3724.94	3726.02	3730.60	3728.68	3728.16	3726.62	3725.56	3728.20	3732.02	3731.20	3735.80	3731.72	3737.94	3736.28	3734.54	3741.44	
3739.12	3744.60	3746.06	3738.86	3745.08	3744.30	3742.52	3745.88	3746.56	3753.24	3748.90	3746.38	3748.34	3750.04	3752.64	3752.68	
3754.64	3620.60	3701.76	3737.98	3739.08	3743.10	3744.14	3753.22	3751.80	3745.60	3745.50	3743.80	3745.28	3748.04	3739.64	3742.02	
3740.48	3739.54	3731.86	3731.88	3738.62	3734.26	3731.68	3731.08	3731.82	3728.42	3728.10	3728.94	3733.26	3734.54	3748.74	3706.34	

*******************************************2025/07/21;15:11:34
Probe number 49
Concentration entered by User 4.88% (Compensated: 5.28% at temperature 25.7)
1267.26	1283.98	1294.38	1305.74	1316.72	1327.06	1339.44	1351.76	1366.08	1379.80	1398.18	1416.72	1434.00	1455.54	1474.04	1486.88	
1502.08	1525.58	1553.28	1588.38	1613.30	1637.74	1661.74	1696.24	1736.12	1777.40	1815.64	1862.24	1929.34	1990.92	2067.24	2166.10	
2298.42	2473.16	2662.80	2863.44	3059.60	3246.28	3410.58	3513.78	3564.16	3598.22	3618.40	3632.26	3633.44	3634.96	3648.64	3660.50	
3664.10	3696.84	3703.68	3699.06	3701.84	3701.58	3706.32	3704.14	3712.50	3717.80	3713.10	3712.40	3717.54	3711.82	3708.92	3717.58	
3719.04	3720.24	3724.82	3722.82	3722.70	3720.92	3719.82	3722.14	3726.14	3725.34	3730.26	3726.08	3732.28	3730.36	3729.10	3736.20	
3733.14	3739.10	3740.76	3733.26	3739.74	3738.62	3736.94	3740.64	3741.30	3748.02	3743.70	3741.18	3743.26	3744.90	3747.62	3747.50	
3749.54	3612.12	3694.84	3732.34	3732.78	3737.68	3739.14	3747.62	3746.64	3740.24	3739.60	3738.48	3740.02	3742.90	3734.28	3736.28	
3734.96	3733.94	3726.20	3725.96	3733.32	3728.14	3725.76	3725.00	3725.94	3722.50	3722.06	3722.86	3727.58	3728.76	3743.56	3700.30	

*******************************************2025/07/21;15:12:04
Probe number 50
Concentration entered by User 4.79% (Compensated: 5.19% at temperature 25.7)
1268.96	1285.52	1295.12	1306.84	1317.98	1329.50	1341.84	1353.30	1367.92	1382.18	1400.92	1419.12	1437.30	1456.84	1474.64	1487.60	
1504.36	1528.52	1555.30	1587.82	1618.02	1643.64	1666.72	1697.48	1735.94	1772.58	1811.78	1859.84	1921.96	1986.86	2070.38	2169.76	
2306.28	2475.14	2677.54	2894.00	3083.52	3258.30	3424.44	3525.72	3574.02	3608.76	3627.68	3641.72	3642.30	3643.36	3656.64	3668.02	
3672.24	3704.02	3710.76	3706.42	3709.30	3709.02	3713.88	3711.70	3719.14	3724.70	3720.24	3720.10	3724.70	3718.94	3715.98	3724.78	
3725.72	3726.64	3731.64	3729.66	3729.18	3727.18	3726.38	3728.92	3732.70	3731.90	3736.82	3732.78	3738.42	3736.86	3735.28	3742.34	
3739.60	3745.64	3746.94	3739.38	3745.88	3744.84	3743.46	3747.18	3747.50	3753.96	3749.42	3746.98	3749.32	3750.88	3753.04	3753.26	
3755.36	3622.08	3702.74	3738.88	3739.74	3744.16	3745.20	3753.60	3752.46	3745.96	3745.92	3744.50	3746.10	3749.12	3740.56	3742.70	
3741.18	3740.26	3732.68	3732.84	3739.78	3734.66	3732.66	3731.40	3732.66	3729.70	3728.64	3730.00	3734.06	3735.28	3749.52	3707.78	

*******************************************2025/07/21;15:12:34
Probe number 51
Concentration entered by User 4.82% (Compensated: 5.23% at temperature 25.7)
1266.98	1284.14	1294.82	1306.64	1317.60	1328.34	1341.80	1353.34	1367.24	1380.86	1398.86	1418.86	1437.84	1457.54	1473.48	1485.10	
1502.30	1528.16	1554.72	1589.14	1618.78	1642.88	1662.98	1695.20	1736.34	1777.94	1816.34	1863.18	1924.12	1989.34	2069.56	2172.32	
2310.48	2477.48	2673.50	2874.66	3066.56	3257.50	3419.80	3521.20	3572.92	3607.72	3627.04	3640.06	3641.20	3642.44	3655.30	3666.66	
3670.58	3702.78	3709.60	3704.74	3707.64	3707.00	3711.28	3709.28	3716.78	3722.70	3717.58	3717.58	3722.48	3717.42	3714.24	3722.74	
3723.78	3725.02	3729.78	3727.80	3727.58	3725.34	3724.68	3727.20	3730.92	3730.08	3734.64	3730.66	3736.60	3734.88	3733.50	3740.48	
3738.04	3743.64	3745.08	3737.66	3744.08	3743.10	3741.30	3745.06	3745.46	3752.28	3747.82	3745.28	3747.46	3749.18	3751.40	3751.78	
3753.66	3619.46	3700.24	3736.82	3737.90	3742.50	3743.06	3751.96	3750.60	3744.38	3744.18	3742.84	3744.54	3747.10	3738.60	3740.86	
3739.50	3738.50	3730.60	3730.64	3737.78	3732.60	3730.38	3729.84	3730.42	3727.44	3726.94	3728.00	3732.24	3733.16	3747.78	3705.28	

*******************************************2025/07/21;15:13:04
Probe number 52
Concentration entered by User 4.80% (Compensated: 5.20% at temperature 25.7)
1268.18	1285.18	1296.16	1307.66	1319.34	1329.98	1342.62	1354.00	1367.96	1381.20	1399.76	1418.72	1436.14	1456.02	1474.50	1488.56	
1506.06	1531.54	1556.80	1593.28	1621.18	1645.84	1668.74	1700.94	1742.96	1783.12	1821.40	1870.56	1935.56	1992.22	2069.64	2180.26	
2315.06	2478.86	2668.12	2871.26	3071.36	3263.60	3426.38	3523.84	3573.62	3609.14	3627.50	3641.78	3642.14	3644.20	3658.00	3669.24	
3673.18	3704.96	3711.44	3706.64	3709.32	3709.22	3713.68	3711.64	3719.22	3725.46	3720.00	3720.16	3724.98	3719.74	3716.60	3724.96	
3725.96	3727.28	3731.82	3730.22	3729.82	3727.88	3726.96	3729.50	3733.20	3732.40	3736.84	3733.00	3738.70	3737.44	3735.80	3742.26	
3739.96	3745.82	3747.46	3740.14	3745.96	3745.08	3743.40	3746.92	3747.60	3754.56	3749.74	3747.18	3749.66	3751.02	3753.78	3753.68	
3755.84	3622.06	3703.08	3739.44	3739.86	3744.62	3745.52	3754.28	3752.94	3746.68	3746.56	3745.22	3746.50	3749.06	3741.02	3742.96	
3741.54	3740.88	3733.18	3733.34	3740.20	3735.22	3732.96	3732.44	3732.88	3730.24	3729.24	3730.50	3734.36	3735.86	3750.06	3708.14	

*******************************************2025/07/21;15:13:34
Probe number 53
Concentration entered by User 4.79% (Compensated: 5.20% at temperature 25.7)
1268.22	1284.36	1295.00	1306.42	1317.50	1328.04	1339.70	1352.80	1367.30	1381.40	1399.34	1418.46	1436.16	1455.72	1473.80	1487.16	
1503.22	1528.02	1555.64	1590.64	1621.46	1645.02	1666.08	1697.56	1737.18	1778.70	1818.22	1864.26	1931.52	1992.32	2071.86	2176.58	
2322.76	2485.16	2672.84	2871.78	3075.04	3265.14	3426.32	3523.58	3572.60	3606.22	3625.58	3639.50	3640.82	3642.64	3655.54	3666.68	
3670.84	3702.52	3709.44	3704.58	3707.16	3706.82	3711.34	3708.86	3716.98	3722.74	3717.92	3717.82	3722.62	3717.04	3714.08	3722.34	
3724.10	3724.74	3730.00	3728.00	3727.50	3725.56	3724.66	3727.14	3731.04	3729.88	3734.94	3730.64	3736.66	3734.92	3733.64	3740.38	
3737.66	3743.84	3745.42	3737.64	3744.12	3743.24	3741.28	3744.88	3745.38	3752.38	3747.72	3745.38	3747.32	3748.80	3751.32	3751.60	
3753.84	3619.06	3700.42	3736.86	3737.98	3742.12	3743.22	3752.04	3750.66	3744.18	3744.30	3742.46	3744.32	3747.30	3738.92	3740.88	
3739.48	3738.34	3731.00	3730.90	3737.76	3732.76	3730.32	3729.68	3730.66	3727.42	3726.88	3727.78	3732.24	3733.42	3747.92	3705.62	

*******************************************2025/07/21;15:14:04
Probe number 54
Concentration entered by User 4.85% (Compensated: 5.25% at temperature 25.7)
1267.86	1284.72	1294.50	1306.72	1318.32	1328.60	1341.36	1354.42	1369.12	1382.30	1400.32	1419.98	1438.22	1457.92	1476.12	1489.58	
1506.24	1532.74	1558.90	1593.44	1619.24	1641.96	1664.18	1699.72	1743.84	1780.80	1823.76	1874.48	1938.22	1998.50	2074.06	2181.36	
2307.50	2476.62	2673.72	2873.36	3063.92	3248.96	3418.12	3521.66	3570.40	3605.84	3624.16	3638.22	3640.32	3641.50	3654.86	3666.22	
3670.20	3702.12	3708.80	3703.86	3706.88	3706.30	3711.16	3709.10	3716.64	3722.66	3717.94	3717.46	3722.34	3717.00	3714.12	3722.54	
3723.82	3724.74	3729.64	3727.76	3727.72	3725.48	3724.70	3727.06	3730.88	3730.04	3735.04	3730.44	3736.86	3735.08	3733.46	3740.10	
3737.82	3743.72	3745.16	3737.90	3744.22	3742.90	3741.48	3745.00	3745.30	3752.42	3747.86	3745.46	3747.36	3749.04	3751.70	3752.00	
3753.84	3619.30	3700.52	3736.74	3737.86	3742.38	3743.46	3752.18	3750.80	3744.38	3744.20	3743.32	3744.72	3747.16	3739.04	3741.00	
3739.46	3739.00	3731.22	3731.06	3737.88	3733.04	3730.52	3729.88	3730.88	3727.56	3727.10	3728.06	3732.54	3733.76	3747.74	3705.50	

*******************************************2025/07/21;15:14:34
Probe number 55
Concentration entered by User 4.81% (Compensated: 5.22% at temperature 25.7)
1268.76	1285.36	1296.34	1308.08	1318.76	1330.08	1343.28	1355.10	1368.52	1384.12	1401.96	1420.58	1438.80	1459.64	1477.04	1488.72	
1504.56	1530.48	1560.04	1594.06	1620.24	1647.20	1670.04	1699.30	1741.12	1784.06	1826.68	1872.74	1937.80	2002.14	2082.44	2186.54	
2317.10	2479.24	2664.58	2862.84	3063.88	3259.36	3426.02	3524.38	3573.02	3607.68	3626.82	3641.54	3642.98	3643.88	3656.54	3667.92	
3672.14	3703.90	3710.88	3706.38	3709.24	3708.22	3712.70	3710.50	3718.64	3724.12	3720.16	3719.34	3724.70	3719.12	3716.02	3724.46	
3725.84	3726.64	3731.64	3729.52	3729.60	3727.54	3726.66	3728.84	3733.06	3732.24	3737.06	3732.70	3738.74	3737.14	3735.74	3742.40	
3739.68	3745.70	3747.14	3739.66	3745.94	3744.88	3743.24	3746.68	3747.44	3754.26	3749.64	3747.20	3749.32	3750.68	3753.46	3753.72	
3755.80	3622.68	3703.24	3738.96	3739.86	3744.36	3745.32	3753.82	3752.44	3746.42	3746.22	3744.72	3746.40	3749.10	3740.92	3742.46	
3741.76	3740.76	3732.76	3732.90	3739.70	3734.78	3732.80	3731.60	3732.80	3729.52	3729.16	3730.08	3734.24	3735.40	3749.62	3708.14	

*******************************************2025/07/21;15:15:04
Probe number 56
Concentration entered by User 4.80% (Compensated: 5.21% at temperature 25.7)
1268.74	1285.06	1295.74	1307.32	1319.16	1330.48	1343.06	1355.04	1368.84	1383.98	1401.60	1419.66	1438.48	1460.12	1476.98	1489.84	
1504.68	1528.50	1558.26	1594.70	1620.74	1647.62	1673.46	1704.02	1740.72	1780.58	1820.42	1871.14	1937.52	1997.88	2077.60	2179.40	
2313.94	2485.14	2681.68	2890.90	3081.72	3256.44	3420.28	3524.46	3575.94	3610.58	3629.66	3644.16	3644.60	3645.90	3658.94	3669.96	
3672.84	3705.36	3711.96	3707.26	3709.62	3709.28	3713.98	3711.56	3719.44	3725.38	3720.08	3720.16	3725.18	3720.34	3717.06	3725.32	
3726.38	3727.12	3731.58	3730.28	3730.20	3728.50	3727.14	3729.24	3733.68	3732.38	3737.14	3733.40	3739.14	3737.42	3735.94	3742.78	
3740.34	3746.06	3747.34	3740.20	3746.22	3745.52	3743.78	3747.06	3747.58	3754.40	3749.80	3747.50	3749.68	3751.10	3753.48	3753.96	
3755.78	3622.88	3703.38	3739.22	3740.18	3744.70	3745.40	3754.24	3752.68	3746.78	3746.30	3744.92	3746.44	3749.16	3741.14	3743.10	
3741.82	3740.92	3733.02	3733.14	3740.24	3735.46	3733.22	3732.24	3732.84	3730.40	3729.52	3730.64	3734.68	3735.76	3750.20	3708.34	

*******************************************2025/07/21;15:15:34
Probe number 57
Concentration entered by User 4.87% (Compensated: 5.27% at temperature 25.7)
1267.80	1284.54	1296.72	1308.84	1318.86	1329.38	1341.56	1353.22	1367.10	1383.02	1402.52	1420.10	1436.78	1458.68	1476.38	1488.86	
1504.88	1530.60	1556.78	1592.90	1622.22	1648.70	1670.66	1698.02	1739.86	1785.42	1823.24	1869.72	1941.08	2002.00	2078.14	2177.02	
2306.88	2477.00	2668.46	2858.18	3053.28	3247.14	3416.26	3521.80	3572.08	3606.88	3625.04	3639.62	3640.40	3641.84	3655.20	3666.64	
3670.06	3702.52	3709.42	3704.66	3707.56	3706.60	3711.18	3709.06	3716.92	3722.64	3717.64	3717.70	3722.56	3717.10	3714.12	3722.54	
3723.64	3724.66	3729.90	3727.48	3727.54	3725.40	3724.70	3726.76	3731.06	3730.02	3734.98	3730.66	3736.82	3734.92	3733.68	3740.42	
3737.96	3743.90	3745.34	3738.02	3743.98	3742.88	3741.50	3745.04	3745.52	3752.10	3747.62	3745.18	3747.38	3749.02	3751.76	3751.78	
3754.10	3619.02	3700.16	3737.12	3737.78	3742.38	3743.56	3752.10	3751.10	3744.50	3744.32	3742.86	3744.50	3747.38	3738.76	3740.94	
3739.70	3738.60	3731.24	3731.06	3738.02	3732.92	3730.76	3730.06	3730.74	3727.92	3727.06	3728.22	3732.08	3733.40	3747.74	3705.46	

*******************************************2025/07/21;15:16:04
Probe number 58
Concentration entered by User 4.77% (Compensated: 5.18% at temperature 25.7)
1269.06	1284.96	1295.44	1307.52	1319.92	1330.68	1342.66	1354.54	1369.32	1383.62	1401.38	1420.26	1440.46	1460.84	1478.90	1490.22	
1505.06	1529.86	1557.08	1596.10	1624.72	1645.18	1667.90	1703.00	1740.40	1777.38	1812.26	1862.86	1937.88	2005.00	2083.04	2183.02	
2308.24	2467.82	2663.90	2872.80	3073.72	3264.62	3433.34	3529.36	3576.44	3611.94	3630.62	3643.78	3643.84	3644.94	3658.36	3669.78	
3673.94	3705.52	3712.56	3707.64	3710.42	3709.74	3714.30	3712.04	3720.02	3725.38	3720.64	3720.84	3725.90	3719.62	3717.06	3725.40	
3726.62	3727.58	3732.40	3730.58	3730.20	3728.52	3727.38	3729.56	3733.70	3732.94	3737.12	3733.58	3739.70	3737.66	3736.28	3742.98	
3740.26	3746.26	3747.26	3740.10	3746.52	3745.36	3744.10	3747.54	3747.88	3754.64	3750.20	3747.74	3749.74	3751.32	3754.06	3754.10	
3756.20	3623.36	3703.92	3739.62	3740.34	3744.86	3745.84	3754.54	3753.06	3747.00	3746.72	3745.40	3746.58	3749.52	3741.28	3743.32	
3742.14	3741.18	3733.82	3733.70	3740.36	3735.54	3733.48	3732.46	3733.36	3730.42	3729.90	3730.66	3735.00	3736.04	3750.10	3708.38	

*******************************************2025/07/21;15:16:34
Probe number 59
Concentration entered by User 4.82% (Compensated: 5.22% at temperature 25.7)
1269.20	1285.30	1294.82	1307.32	1320.20	1332.18	1343.54	1355.06	1368.28	1383.34	1401.98	1421.08	1437.76	1457.32	1476.86	1489.10	
1506.42	1535.28	1561.44	1595.96	1623.22	1647.70	1675.46	1710.72	1746.48	1781.36	1821.96	1874.06	1947.64	2013.94	2087.16	2191.40	
2322.44	2469.74	2654.26	2857.00	3062.50	3258.14	3423.46	3524.76	3571.42	3606.10	3625.64	3640.52	3641.20	3643.14	3655.66	3666.88	
3671.08	3703.12	3709.86	3705.44	3708.14	3707.86	3712.04	3709.62	3717.34	3723.14	3718.56	3718.78	3723.80	3717.74	3714.82	3723.26	
3724.34	3725.42	3730.58	3728.56	3727.92	3726.46	3725.52	3728.08	3731.72	3730.54	3735.70	3731.76	3737.54	3735.84	3734.30	3741.32	
3738.68	3744.66	3745.56	3738.56	3744.86	3743.70	3742.28	3745.62	3746.22	3752.86	3748.50	3745.64	3747.74	3749.88	3752.26	3752.36	
3754.44	3620.38	3701.24	3737.64	3738.60	3743.24	3744.14	3752.92	3751.30	3745.22	3745.02	3743.82	3745.06	3748.10	3739.56	3741.80	
3740.38	3739.72	3731.70	3731.78	3739.02	3733.66	3731.22	3730.60	3731.56	3728.32	3728.00	3729.06	3732.94	3734.58	3748.58	3706.40	

*******************************************2025/07/21;15:17:04
Probe number 60
Concentration entered by User 4.76% (Compensated: 5.17% at temperature 25.6)
1268.70	1285.58	1295.36	1307.92	1319.70	1330.40	1342.88	1354.86	1368.86	1383.70	1402.38	1420.46	1438.20	1459.22	1477.94	1490.28	
1507.60	1533.08	1559.98	1592.86	1618.50	1646.46	1670.06	1704.36	1744.66	1782.58	1820.46	1865.84	1933.52	2002.56	2079.66	2176.02	
2311.40	2480.84	2668.26	2874.30	3072.50	3267.14	3434.76	3534.34	3579.70	3612.62	3630.60	3646.34	3646.20	3647.72	3659.98	3671.04	
3674.82	3706.16	3713.24	3708.44	3711.80	3711.10	3715.52	3712.82	3720.34	3726.10	3721.32	3721.62	3726.56	3721.18	3717.68	3726.34	
3727.28	3728.44	3733.28	3730.90	3730.82	3729.20	3727.60	3730.36	3734.10	3733.48	3737.88	3733.96	3739.92	3738.08	3736.94	3743.60	
3740.96	3746.48	3747.88	3741.16	3747.42	3746.22	3744.30	3747.94	3748.68	3755.22	3750.74	3748.34	3750.32	3752.20	3754.46	3754.92	
3756.70	3624.10	3704.30	3739.84	3740.96	3745.38	3746.42	3754.96	3753.56	3747.50	3746.98	3745.76	3747.52	3750.26	3742.04	3743.94	
3742.50	3741.90	3734.32	3734.32	3741.08	3736.20	3734.04	3733.24	3734.08	3730.94	3730.52	3731.24	3735.44	3736.60	3751.06	3709.06	

*******************************************2025/07/21;15:17:34
Probe number 61
Concentration entered by User 4.79% (Compensated: 5.19% at temperature 25.6)
1267.00	1283.96	1294.70	1306.08	1317.22	1329.32	1342.50	1352.94	1367.88	1381.90	1400.30	1419.10	1437.94	1457.98	1474.70	1487.04	
1503.78	1530.14	1557.96	1592.06	1621.74	1644.70	1665.58	1699.14	1740.24	1778.74	1817.06	1867.50	1936.50	2005.72	2086.30	2187.90	
2319.16	2480.76	2669.36	2879.38	3075.54	3259.98	3424.86	3528.12	3576.56	3608.16	3626.28	3640.82	3641.90	3643.44	3656.58	3667.46	
3670.92	3703.26	3709.72	3704.86	3707.76	3707.14	3711.16	3708.74	3716.88	3722.84	3717.44	3717.58	3722.48	3716.70	3714.10	3722.40	
3723.42	3724.64	3729.68	3727.60	3727.14	3725.50	3724.10	3726.24	3730.10	3729.56	3734.32	3730.46	3736.18	3734.60	3733.08	3740.02	
3737.62	3743.52	3744.64	3737.40	3743.72	3742.20	3741.02	3744.62	3744.90	3751.90	3747.18	3744.76	3746.84	3748.52	3751.18	3751.18	
3753.38	3618.48	3699.86	3736.70	3737.34	3742.48	3743.06	3751.80	3750.26	3744.20	3743.94	3742.42	3743.98	3746.96	3738.52	3740.46	
3739.18	3738.06	3730.68	3730.26	3737.46	3732.62	3730.42	3729.16	3730.26	3726.88	3726.44	3727.86	3731.72	3732.66	3747.62	3704.90	

*******************************************2025/07/21;15:18:04
Probe number 62
Concentration entered by User 4.79% (Compensated: 5.19% at temperature 25.6)
1268.36	1284.56	1295.16	1307.12	1318.80	1329.34	1341.36	1353.84	1368.98	1384.06	1402.98	1421.12	1439.36	1459.32	1476.94	1489.78	
1506.14	1531.64	1560.18	1594.88	1621.58	1649.74	1674.20	1701.10	1742.74	1781.22	1819.16	1870.52	1939.06	1995.64	2076.98	2183.10	
2318.16	2491.70	2674.48	2870.10	3063.84	3264.80	3430.52	3528.82	3576.28	3610.44	3628.72	3642.16	3644.04	3645.14	3657.78	3669.14	
3672.98	3704.40	3711.20	3706.72	3709.42	3709.14	3713.00	3710.86	3718.32	3724.36	3719.62	3719.88	3724.32	3719.20	3716.42	3724.38	
3725.56	3726.44	3731.78	3729.76	3729.18	3727.44	3726.46	3729.08	3732.64	3732.16	3736.64	3732.58	3738.46	3736.70	3735.50	3741.98	
3739.54	3745.44	3746.80	3739.56	3745.82	3744.68	3743.38	3746.48	3747.16	3753.78	3749.18	3747.08	3749.18	3750.68	3753.34	3753.68	
3755.74	3621.62	3702.74	3738.48	3739.58	3744.10	3745.16	3754.14	3752.48	3746.12	3745.98	3744.84	3746.32	3749.16	3740.84	3742.80	
3741.28	3740.46	3732.86	3732.80	3739.86	3734.84	3732.68	3731.66	3732.84	3729.38	3729.18	3729.92	3734.28	3735.24	3749.60	3707.54	

*******************************************2025/07/21;15:18:34
Probe number 63
Concentration entered by User 4.79% (Compensated: 5.18% at temperature 25.6)
1268.24	1285.42	1295.28	1307.46	1318.42	1329.12	1342.72	1355.34	1370.30	1384.06	1401.30	1419.84	1437.74	1458.18	1475.90	1489.06	
1506.10	1532.52	1561.26	1595.62	1622.32	1646.62	1670.36	1700.30	1741.52	1782.66	1818.88	1869.56	1938.90	2005.32	2085.24	2186.76	
2323.28	2486.50	2680.06	2879.96	3070.36	3261.18	3431.24	3531.96	3580.16	3613.40	3631.60	3644.80	3646.44	3647.76	3659.54	3670.62	
3674.70	3706.16	3712.66	3708.08	3710.74	3710.02	3714.52	3711.72	3719.38	3725.68	3720.98	3721.00	3725.76	3720.30	3717.26	3725.52	
3726.34	3727.48	3732.30	3730.84	3730.34	3728.52	3727.30	3729.58	3733.34	3732.54	3737.06	3733.22	3738.98	3737.42	3735.94	3742.72	
3740.16	3746.28	3747.22	3739.98	3746.36	3745.02	3743.72	3747.00	3747.48	3754.18	3749.82	3747.20	3749.42	3751.16	3753.64	3753.64	
3755.72	3622.64	3703.14	3739.20	3739.86	3744.64	3745.52	3754.10	3752.86	3746.72	3746.42	3744.98	3746.68	3749.38	3740.92	3743.02	
3742.06	3741.08	3733.04	3733.52	3740.10	3735.00	3732.94	3732.12	3733.06	3729.70	3729.60	3730.26	3734.50	3736.04	3749.94	3708.12	

*******************************************2025/07/21;15:19:04
Probe number 64
Concentration entered by User 4.79% (Compensated: 5.18% at temperature 25.5)
1268.54	1285.26	1295.82	1307.66	1320.64	1332.18	1343.94	1355.30	1369.60	1384.32	1402.30	1421.66	1439.22	1458.58	1477.04	1491.02	
1509.74	1535.64	1561.38	1594.66	1624.12	1648.82	1674.02	1702.12	1742.36	1789.20	1831.36	1883.70	1941.04	2002.42	2086.40	2185.20	
2317.48	2475.80	2669.06	2873.40	3071.18	3263.86	3429.06	3528.74	3577.34	3611.86	3630.36	3643.96	3645.34	3646.78	3659.66	3670.98	
3674.18	3705.82	3712.88	3707.94	3710.88	3710.14	3714.54	3711.42	3719.38	3725.46	3720.82	3720.60	3726.10	3720.44	3717.24	3725.36	
3726.46	3727.58	3732.14	3730.62	3730.34	3728.38	3727.28	3729.62	3733.78	3732.70	3737.46	3733.36	3739.18	3737.42	3736.38	3742.90	
3740.36	3746.28	3747.52	3740.22	3746.58	3745.38	3743.84	3747.18	3747.98	3754.44	3750.18	3747.44	3749.68	3751.28	3753.62	3754.12	
3756.12	3623.30	3703.60	3739.56	3740.62	3745.12	3746.04	3754.30	3752.96	3746.74	3746.56	3745.36	3746.88	3749.72	3741.42	3743.32	
3741.98	3741.38	3733.54	3733.36	3740.24	3735.26	3733.26	3732.52	3733.34	3730.32	3729.60	3730.78	3735.08	3736.46	3750.42	3708.60	

*******************************************2025/07/21;15:19:34
Probe number 65
Concentration entered by User 4.77% (Compensated: 5.16% at temperature 25.5)
1268.24	1284.06	1293.70	1305.82	1316.92	1328.28	1341.58	1353.08	1367.06	1381.42	1400.80	1419.68	1436.90	1457.80	1476.50	1488.12	
1503.82	1529.22	1556.36	1591.18	1620.08	1645.98	1668.34	1695.72	1735.70	1782.18	1820.46	1869.68	1942.14	2009.98	2100.24	2205.98	
2331.62	2486.72	2671.22	2867.22	3068.18	3267.78	3434.50	3532.92	3580.84	3613.44	3630.54	3643.40	3644.20	3645.04	3656.66	3668.10	
3672.06	3702.96	3710.56	3705.58	3708.56	3708.00	3711.74	3709.00	3717.20	3723.00	3718.70	3718.40	3723.10	3717.88	3714.68	3722.74	
3723.96	3725.16	3730.18	3728.20	3727.38	3725.72	3724.66	3726.96	3731.06	3730.12	3734.86	3731.00	3736.40	3734.84	3733.54	3740.38	
3737.84	3743.34	3745.04	3737.44	3743.72	3742.96	3741.06	3744.56	3745.20	3752.02	3747.60	3745.30	3747.30	3748.92	3751.24	3751.78	
3753.70	3619.12	3700.18	3736.90	3737.62	3742.28	3743.30	3751.98	3750.66	3744.20	3744.00	3743.00	3744.06	3747.20	3738.52	3740.38	
3739.50	3738.52	3730.70	3730.70	3737.58	3732.40	3730.42	3729.68	3730.36	3727.56	3726.84	3727.72	3731.84	3733.26	3747.72	3705.22	

*******************************************2025/07/21;15:20:04
Probe number 66
Concentration entered by User 4.78% (Compensated: 5.17% at temperature 25.5)
1267.88	1284.46	1295.16	1307.14	1317.66	1329.42	1343.00	1353.84	1368.42	1383.70	1401.28	1419.72	1439.08	1460.64	1477.42	1489.76	
1505.98	1533.08	1561.40	1596.32	1624.88	1648.98	1670.86	1699.84	1739.00	1778.22	1818.00	1869.54	1941.08	2002.06	2078.86	2178.90	
2308.20	2470.52	2667.52	2880.94	3080.70	3263.56	3426.38	3529.02	3578.58	3612.04	3630.52	3644.74	3645.52	3646.30	3658.86	3669.94	
3673.54	3705.10	3711.94	3707.34	3710.06	3709.16	3713.66	3710.72	3718.72	3724.22	3719.98	3720.08	3724.98	3718.92	3716.28	3724.62	
3725.36	3726.42	3731.48	3729.48	3729.52	3727.34	3726.18	3728.32	3732.54	3731.58	3736.60	3732.08	3738.18	3736.30	3734.94	3742.04	
3739.52	3745.34	3746.46	3739.32	3745.32	3744.20	3743.04	3745.94	3746.96	3753.88	3748.80	3746.46	3748.52	3750.24	3752.80	3753.14	
3755.04	3621.26	3702.18	3738.14	3739.28	3743.78	3744.74	3753.42	3752.08	3745.74	3745.50	3744.16	3745.54	3748.36	3740.18	3741.98	
3740.96	3739.88	3732.74	3732.32	3739.14	3734.16	3732.20	3731.22	3732.28	3729.12	3728.24	3729.24	3733.78	3734.60	3749.28	3707.28	

*******************************************2025/07/21;15:20:34
Probe number 67
Concentration entered by User 4.78% (Compensated: 5.18% at temperature 25.5)
1269.50	1286.22	1296.78	1308.20	1319.32	1330.66	1342.20	1354.56	1369.84	1384.32	1402.26	1420.60	1440.46	1461.48	1479.74	1490.06	
1506.72	1536.08	1565.46	1598.40	1624.84	1649.86	1674.20	1706.26	1742.70	1781.22	1827.10	1879.50	1943.50	2005.64	2084.76	2177.92	
2310.88	2472.42	2657.34	2864.86	3071.36	3264.16	3430.16	3529.42	3575.60	3610.44	3629.66	3643.76	3643.64	3645.62	3658.46	3669.64	
3673.00	3704.26	3711.52	3707.12	3709.86	3708.98	3713.10	3710.24	3718.10	3724.12	3719.76	3720.14	3724.86	3719.36	3716.12	3724.60	
3725.74	3726.84	3731.68	3730.10	3729.58	3727.58	3725.86	3728.52	3732.36	3731.80	3736.44	3732.88	3738.12	3736.44	3735.24	3742.16	
3739.62	3745.72	3746.50	3739.52	3745.66	3744.54	3742.98	3746.58	3746.90	3753.58	3749.04	3746.72	3748.76	3750.34	3752.90	3753.44	
3755.28	3622.32	3702.38	3738.66	3739.22	3744.10	3744.94	3753.76	3752.44	3745.98	3745.48	3744.80	3746.14	3748.76	3740.40	3742.40	
3741.32	3740.16	3732.58	3732.82	3739.40	3734.70	3732.44	3731.62	3732.34	3729.44	3728.80	3729.48	3733.86	3735.08	3749.34	3707.58	

*******************************************2025/07/21;15:21:04
Probe number 68
Concentration entered by User 4.64% (Compensated: 5.03% at temperature 25.5)
1267.68	1283.56	1293.68	1305.58	1316.70	1327.76	1340.30	1352.80	1368.20	1383.32	1400.32	1418.10	1435.86	1455.76	1473.64	1486.84	
1502.94	1529.68	1558.16	1590.04	1616.74	1642.48	1666.90	1698.76	1738.58	1780.22	1818.08	1870.74	1941.36	2006.52	2090.98	2197.12	
2336.56	2505.04	2698.40	2901.10	3107.76	3295.62	3449.90	3543.06	3587.98	3619.74	3636.04	3648.02	3648.82	3649.56	3661.58	3672.00	
3675.00	3706.08	3712.66	3707.54	3710.76	3709.56	3713.84	3711.26	3718.74	3724.50	3719.94	3719.62	3724.88	3719.04	3716.20	3724.28	
3724.80	3726.44	3731.30	3729.20	3729.10	3726.90	3725.46	3727.80	3731.66	3730.70	3735.68	3731.54	3737.20	3735.58	3734.22	3740.74	
3738.44	3744.54	3745.58	3738.50	3744.66	3743.58	3741.86	3745.38	3746.20	3752.42	3747.94	3745.50	3747.94	3749.02	3751.80	3752.20	
3754.30	3619.94	3701.12	3737.42	3738.12	3742.82	3744.04	3752.64	3751.40	3744.68	3744.82	3742.92	3745.04	3747.34	3738.92	3740.78	
3739.74	3739.26	3731.56	3731.00	3738.26	3733.16	3730.90	3730.26	3731.24	3727.90	3727.34	3728.12	3732.60	3733.68	3748.18	3705.96	

*******************************************2025/07/21;15:21:34
Probe number 69
Concentration entered by User 4.77% (Compensated: 5.16% at temperature 25.5)
1268.18	1284.50	1295.26	1307.20	1319.10	1329.96	1342.84	1354.82	1369.14	1384.74	1403.04	1421.78	1439.28	1458.80	1477.76	1491.74	
1508.20	1532.76	1559.00	1591.94	1619.72	1645.78	1669.82	1701.14	1740.70	1784.68	1824.70	1872.66	1943.80	2011.36	2089.58	2185.46	
2323.78	2501.94	2684.72	2879.32	3077.90	3270.60	3430.44	3527.06	3577.62	3611.50	3629.60	3643.58	3644.60	3646.06	3658.64	3669.46	
3672.70	3704.22	3711.10	3706.96	3709.40	3708.70	3712.72	3710.46	3718.00	3723.90	3719.44	3719.62	3724.12	3718.66	3715.32	3723.88	
3724.68	3726.14	3730.70	3729.20	3728.40	3726.62	3725.26	3727.82	3731.42	3730.90	3735.70	3731.44	3736.98	3735.64	3734.16	3741.30	
3738.32	3744.44	3745.50	3738.38	3744.90	3743.50	3741.88	3745.64	3745.60	3752.54	3748.24	3745.78	3747.78	3749.74	3751.96	3752.72	
3754.36	3620.20	3701.06	3737.82	3738.54	3743.22	3743.80	3752.74	3751.44	3744.96	3744.48	3743.80	3744.94	3747.92	3739.64	3741.48	
3740.02	3739.46	3731.36	3731.68	3738.24	3733.54	3731.28	3730.68	3731.52	3728.70	3727.46	3728.82	3733.02	3734.02	3748.44	3706.38	

*******************************************2025/07/21;15:22:04
Probe number 70
Concentration entered by User 4.77% (Compensated: 5.16% at temperature 25.4)
1268.80	1285.36	1295.56	1307.12	1318.32	1329.72	1343.20	1354.34	1368.64	1384.36	1402.98	1422.30	1439.96	1459.64	1478.30	1491.46	
1507.58	1533.84	1562.46	1596.00	1622.70	1646.06	1666.98	1700.04	1744.74	1786.18	1826.16	1871.32	1942.00	2005.86	2084.88	2188.68	
2332.04	2499.30	2682.20	2883.14	3080.24	3263.66	3430.24	3532.26	3581.22	3614.64	3632.88	3646.30	3647.48	3648.62	3661.28	3671.72	
3675.42	3706.24	3713.14	3708.06	3711.48	3710.52	3714.72	3711.54	3719.38	3725.38	3721.16	3721.00	3726.22	3720.50	3717.26	3725.20	
3726.14	3727.16	3732.62	3730.54	3730.12	3728.40	3727.16	3729.38	3733.44	3732.50	3737.30	3733.24	3738.78	3737.18	3735.86	3742.36	
3740.26	3745.90	3747.14	3740.36	3746.32	3745.36	3743.54	3746.74	3747.74	3754.00	3749.92	3747.18	3749.30	3750.84	3753.68	3753.80	
3755.80	3622.82	3703.00	3739.12	3740.04	3744.72	3745.56	3754.60	3753.14	3746.62	3746.48	3744.78	3746.76	3749.38	3741.04	3742.72	
3741.50	3741.00	3733.58	3733.34	3740.12	3735.04	3732.86	3732.16	3733.26	3729.78	3729.32	3730.48	3734.72	3735.98	3749.86	3708.16	

*******************************************2025/07/21;15:22:34
Probe number 71
Concentration entered by User 4.83% (Compensated: 5.22% at temperature 25.5)
1268.92	1284.88	1294.24	1306.44	1319.14	1330.40	1343.12	1354.70	1369.92	1384.24	1401.60	1420.00	1438.06	1458.88	1477.38	1491.74	
1506.22	1531.42	1558.00	1590.76	1619.52	1645.90	1668.04	1699.56	1739.28	1779.26	1819.04	1868.18	1934.52	2001.02	2097.26	2207.78	
2329.54	2489.86	2681.94	2882.96	3068.18	3252.96	3417.66	3522.46	3572.04	3607.78	3626.62	3641.14	3642.30	3643.92	3656.90	3667.64	
3671.42	3702.30	3709.42	3704.96	3707.58	3706.98	3710.84	3707.96	3715.78	3721.78	3717.10	3717.70	3722.62	3716.70	3713.44	3721.98	
3722.74	3724.16	3729.38	3726.94	3726.68	3724.98	3723.42	3725.86	3729.90	3728.90	3733.92	3729.68	3735.40	3734.08	3732.14	3739.52	
3736.78	3742.98	3743.74	3736.26	3743.02	3741.98	3740.34	3743.66	3743.90	3751.18	3746.44	3744.02	3746.42	3747.72	3750.44	3751.02	
3752.64	3617.50	3699.04	3735.90	3736.68	3741.58	3742.46	3751.34	3749.78	3743.30	3742.94	3742.30	3743.32	3745.94	3737.40	3739.44	
3738.22	3737.14	3729.94	3729.90	3736.54	3731.70	3729.30	3728.76	3729.66	3726.50	3725.78	3727.02	3731.04	3732.24	3746.70	3704.30	

*******************************************2025/07/21;15:23:04
Probe number 72
Concentration entered by User 4.75% (Compensated: 5.14% at temperature 25.5)
1269.52	1285.96	1296.64	1308.88	1320.74	1331.04	1343.14	1355.36	1371.14	1387.06	1404.82	1422.98	1441.76	1462.00	1481.54	1493.80	
1507.88	1533.74	1563.80	1597.90	1622.78	1647.66	1673.12	1705.32	1750.20	1796.42	1828.18	1876.60	1946.30	2013.38	2100.30	2204.40	
2333.78	2491.50	2667.42	2874.92	3080.20	3272.04	3433.92	3531.62	3579.42	3614.02	3631.94	3645.90	3647.64	3648.78	3661.36	3672.34	
3675.40	3707.06	3713.76	3709.00	3712.36	3711.22	3714.92	3712.52	3719.42	3725.58	3721.46	3721.62	3726.66	3720.94	3717.98	3725.64	
3726.96	3727.70	3732.82	3731.18	3730.72	3728.92	3727.86	3729.80	3733.80	3733.04	3737.74	3733.74	3739.36	3737.66	3736.64	3743.00	
3740.54	3746.34	3747.66	3740.58	3746.52	3745.84	3743.98	3747.56	3747.96	3754.48	3749.92	3747.72	3749.90	3751.64	3753.98	3754.44	
3756.14	3623.76	3703.64	3739.86	3740.46	3745.12	3746.00	3754.80	3753.18	3747.04	3746.88	3745.62	3747.04	3749.54	3741.42	3743.52	
3742.26	3741.44	3734.16	3733.72	3740.44	3735.50	3733.46	3732.66	3733.54	3730.76	3729.90	3730.74	3735.32	3736.32	3750.40	3708.86	

*******************************************2025/07/21;15:23:34
Probe number 73
Concentration entered by User 4.78% (Compensated: 5.17% at temperature 25.5)
1268.42	1284.98	1295.56	1307.76	1319.02	1330.30	1342.02	1353.62	1368.66	1383.66	1402.52	1422.74	1441.26	1460.16	1477.48	1489.64	
1505.46	1532.20	1560.18	1594.66	1621.72	1647.88	1673.60	1704.94	1741.74	1785.24	1830.26	1879.42	1942.64	2004.96	2096.64	2201.02	
2322.08	2479.22	2670.18	2887.84	3082.48	3263.82	3425.92	3526.16	3574.54	3608.90	3626.58	3640.64	3642.16	3642.88	3655.50	3666.44	
3669.58	3701.58	3709.00	3704.64	3707.22	3706.44	3710.50	3707.12	3715.14	3721.66	3716.94	3717.20	3722.08	3716.46	3713.62	3721.72	
3722.76	3723.96	3729.32	3727.52	3726.58	3724.80	3723.68	3725.88	3729.52	3729.06	3733.88	3729.96	3735.46	3733.84	3732.58	3739.54	
3736.48	3742.86	3743.92	3736.30	3743.02	3741.86	3740.24	3743.68	3744.10	3751.06	3746.60	3743.98	3746.20	3747.92	3750.26	3750.96	
3752.68	3617.78	3699.42	3735.78	3736.62	3741.10	3742.14	3751.46	3749.72	3743.44	3742.88	3741.66	3743.34	3746.14	3737.56	3739.58	
3738.52	3737.40	3729.76	3729.54	3736.78	3731.82	3729.24	3728.56	3729.26	3726.26	3725.66	3726.82	3730.84	3732.50	3746.86	3704.14	

*******************************************2025/07/21;15:24:04
Probe number 74
Concentration entered by User 4.78% (Compensated: 5.17% at temperature 25.5)
1269.64	1286.02	1296.12	1308.40	1320.90	1332.02	1344.76	1355.98	1371.70	1385.14	1402.66	1422.54	1440.96	1462.12	1480.72	1492.56	
1509.06	1534.58	1562.48	1597.86	1627.22	1650.96	1671.04	1707.02	1747.92	1790.50	1826.84	1879.24	1952.32	2010.46	2091.76	2188.14	
2323.16	2475.76	2672.64	2879.58	3069.80	3266.60	3430.56	3528.00	3576.30	3610.88	3628.64	3642.46	3644.22	3645.98	3658.66	3669.52	
3672.80	3704.04	3711.04	3706.34	3709.52	3708.56	3712.60	3709.62	3717.48	3723.44	3719.32	3719.14	3724.16	3718.78	3715.40	3723.86	
3724.48	3725.64	3731.22	3729.12	3728.54	3726.96	3725.48	3727.76	3731.62	3730.98	3735.62	3731.74	3737.38	3735.78	3734.28	3741.10	
3738.44	3744.70	3745.56	3738.48	3744.68	3743.62	3742.18	3745.46	3745.98	3752.84	3748.24	3745.66	3747.90	3749.52	3752.16	3752.72	
3754.40	3620.48	3701.44	3737.70	3738.30	3743.34	3744.22	3752.92	3751.38	3745.16	3744.98	3743.62	3745.10	3748.10	3739.76	3741.40	
3739.98	3739.62	3732.16	3731.76	3738.60	3733.38	3731.22	3730.78	3731.88	3728.54	3727.66	3728.72	3732.74	3734.44	3748.64	3706.20	

*******************************************2025/07/21;15:24:34
Probe number 75
Concentration entered by User 4.79% (Compensated: 5.18% at temperature 25.5)
1269.42	1286.10	1296.40	1308.48	1320.16	1331.30	1342.96	1354.30	1369.04	1384.52	1404.44	1422.62	1441.68	1461.96	1480.42	1492.96	
1508.96	1534.12	1563.24	1600.70	1627.94	1654.32	1677.46	1706.64	1748.88	1796.18	1832.58	1876.78	1940.76	2009.72	2094.40	2199.96	
2330.78	2483.38	2670.82	2867.26	3074.10	3266.48	3427.72	3525.96	3574.48	3609.82	3628.20	3642.00	3644.42	3646.24	3658.82	3669.88	
3672.72	3704.34	3710.80	3706.16	3709.64	3708.70	3712.76	3709.98	3717.42	3723.20	3719.20	3719.24	3724.58	3719.04	3715.36	3723.88	
3724.52	3725.84	3731.06	3729.12	3728.74	3726.70	3725.46	3727.76	3731.56	3730.86	3735.58	3731.72	3737.30	3735.68	3734.58	3741.18	
3738.72	3744.32	3745.44	3738.30	3744.56	3743.54	3741.94	3745.54	3746.26	3752.40	3748.28	3745.60	3747.92	3749.30	3751.90	3752.46	
3754.38	3620.46	3701.12	3737.80	3738.26	3743.06	3744.26	3753.04	3751.20	3745.08	3744.82	3743.64	3745.04	3747.88	3739.16	3741.36	
3740.12	3739.58	3731.58	3731.74	3738.42	3733.70	3731.30	3730.28	3731.30	3728.42	3727.44	3729.00	3733.14	3734.14	3748.62	3706.10	

*******************************************2025/07/21;15:25:04
Probe number 76
Concentration entered by User 4.75% (Compensated: 5.14% at temperature 25.5)
1268.80	1285.66	1295.96	1307.72	1318.98	1331.04	1343.32	1354.44	1369.04	1384.32	1404.16	1423.08	1441.52	1460.32	1479.16	1491.30	
1505.72	1531.94	1560.92	1596.16	1622.58	1647.68	1674.34	1709.30	1746.76	1787.32	1832.96	1880.32	1946.08	2017.04	2098.48	2189.94	
2313.02	2482.82	2685.90	2889.28	3086.76	3272.88	3429.86	3527.80	3577.56	3610.96	3630.02	3643.78	3644.90	3646.16	3658.98	3670.14	
3673.48	3704.58	3710.78	3706.92	3709.62	3708.66	3712.86	3709.88	3717.44	3723.96	3719.38	3719.94	3724.68	3719.28	3715.96	3724.04	
3724.94	3725.90	3731.22	3729.14	3728.66	3726.66	3725.06	3727.70	3731.64	3730.96	3735.36	3731.66	3737.04	3735.74	3734.58	3741.30	
3738.48	3744.70	3745.60	3738.58	3744.52	3743.66	3742.36	3745.38	3746.10	3752.50	3748.18	3745.88	3747.78	3749.36	3752.10	3752.42	
3754.34	3620.70	3701.30	3737.64	3738.68	3743.28	3744.22	3752.96	3751.42	3745.06	3744.98	3743.80	3745.26	3747.74	3739.30	3741.72	
3740.32	3739.52	3731.40	3731.84	3738.56	3733.82	3731.56	3730.62	3731.36	3728.20	3727.62	3728.60	3733.04	3734.16	3748.58	3706.36	

*******************************************2025/07/21;15:25:34
Probe number 77
Concentration entered by User 4.77% (Compensated: 5.16% at temperature 25.5)
1267.98	1284.58	1294.80	1306.72	1318.56	1330.02	1342.78	1355.16	1368.38	1383.34	1401.70	1421.32	1440.82	1462.64	1478.58	1489.32	
1504.54	1532.82	1560.94	1596.14	1624.12	1649.24	1673.02	1707.14	1749.76	1790.76	1833.24	1880.42	1944.18	2010.94	2099.42	2195.64	
2314.80	2478.08	2674.56	2881.58	3080.04	3268.82	3426.82	3526.66	3574.30	3607.94	3624.48	3639.20	3641.24	3643.00	3655.94	3666.74	
3670.40	3701.86	3708.98	3704.48	3707.18	3706.26	3710.60	3707.56	3715.20	3721.42	3717.32	3717.78	3722.82	3717.02	3713.44	3721.84	
3722.92	3723.74	3729.32	3727.00	3726.76	3724.68	3723.28	3725.22	3729.54	3728.94	3733.88	3729.08	3735.18	3733.74	3732.42	3739.08	
3736.72	3742.74	3743.84	3736.44	3742.98	3741.58	3740.18	3743.56	3744.18	3751.02	3746.40	3743.78	3745.92	3747.28	3750.38	3750.74	
3752.78	3617.12	3699.22	3735.68	3736.68	3741.16	3742.60	3751.48	3749.86	3743.08	3743.10	3741.88	3743.20	3745.98	3737.42	3739.34	
3738.20	3737.78	3729.78	3729.78	3736.72	3731.40	3729.22	3728.64	3729.60	3726.34	3725.58	3726.48	3731.00	3732.24	3746.56	3703.96	

*******************************************2025/07/21;15:26:04
Probe number 78
Concentration entered by User 4.85% (Compensated: 5.23% at temperature 25.5)
1269.66	1286.38	1296.14	1308.16	1319.88	1331.60	1345.16	1356.60	1370.72	1385.22	1403.72	1424.54	1442.64	1462.98	1482.10	1494.68	
1508.56	1533.12	1562.10	1595.44	1626.58	1656.18	1675.86	1707.82	1749.72	1789.62	1837.36	1888.16	1954.22	2015.32	2090.58	2196.74	
2320.74	2480.72	2672.56	2873.88	3061.04	3249.60	3417.72	3524.12	3576.38	3612.94	3630.08	3643.60	3645.12	3646.94	3658.90	3670.66	
3673.30	3705.22	3712.22	3707.42	3710.12	3709.34	3713.66	3710.04	3717.84	3724.24	3720.04	3720.50	3725.48	3720.06	3716.84	3724.70	
3725.60	3726.74	3732.16	3730.18	3729.62	3727.56	3726.20	3728.60	3732.52	3731.72	3736.38	3732.34	3737.80	3736.64	3734.78	3742.04	
3739.64	3745.26	3746.32	3739.44	3745.58	3744.42	3742.74	3746.32	3746.52	3753.56	3748.76	3746.20	3748.34	3750.18	3752.96	3753.36	
3755.02	3621.48	3702.26	3738.68	3739.08	3743.80	3744.96	3753.82	3752.32	3746.08	3745.64	3744.38	3745.88	3748.54	3740.10	3742.26	
3741.08	3740.18	3732.12	3732.54	3739.08	3734.46	3732.10	3731.40	3732.14	3729.12	3728.22	3729.52	3733.62	3734.88	3749.22	3707.58	

*******************************************2025/07/21;15:26:34
Probe number 79
Concentration entered by User 4.78% (Compensated: 5.17% at temperature 25.5)
1268.26	1284.86	1295.04	1306.90	1318.26	1329.38	1341.46	1352.62	1368.10	1383.74	1402.36	1421.38	1440.02	1459.54	1478.22	1490.26	
1505.88	1531.30	1560.34	1595.54	1621.88	1647.52	1673.02	1702.16	1741.02	1781.10	1823.24	1876.88	1950.06	2012.68	2093.22	2197.20	
2333.22	2500.22	2689.40	2886.10	3074.34	3263.34	3430.94	3530.78	3579.60	3612.68	3630.54	3643.50	3645.20	3646.38	3658.86	3669.18	
3672.94	3703.80	3710.70	3706.00	3708.72	3708.06	3711.90	3708.48	3716.38	3722.44	3718.48	3718.38	3723.94	3718.06	3715.04	3722.74	
3723.50	3724.88	3729.84	3728.06	3727.54	3725.72	3724.48	3726.26	3730.66	3729.78	3734.62	3730.28	3736.38	3734.30	3733.30	3739.94	
3737.72	3743.36	3744.64	3737.16	3743.60	3742.44	3740.66	3744.24	3744.58	3751.46	3746.88	3744.16	3746.82	3748.12	3751.10	3751.56	
3753.22	3618.40	3699.90	3736.40	3737.26	3742.00	3742.86	3752.02	3750.32	3743.72	3743.84	3742.34	3744.08	3746.74	3737.94	3740.16	
3738.82	3738.02	3730.46	3730.28	3737.32	3732.04	3730.04	3729.30	3730.12	3727.02	3726.48	3727.28	3731.98	3732.60	3747.36	3704.64	

*******************************************2025/07/21;15:27:04
Probe number 80
Concentration entered by User 4.86% (Compensated: 5.25% at temperature 25.4)
1269.64	1286.04	1296.14	1308.34	1319.32	1330.22	1343.96	1356.92	1370.98	1384.38	1402.52	1422.22	1440.82	1461.86	1478.96	1490.00	
1507.62	1535.86	1565.14	1598.98	1627.82	1651.26	1673.50	1710.28	1750.54	1790.96	1832.34	1883.38	1951.00	2018.90	2096.80	2193.40	
2330.54	2499.20	2677.60	2872.40	3065.38	3249.06	3412.08	3517.62	3571.20	3606.48	3626.16	3641.10	3642.60	3644.38	3656.70	3668.00	
3671.58	3702.76	3709.90	3705.34	3708.52	3707.40	3711.34	3708.20	3715.52	3721.94	3717.92	3718.22	3723.78	3718.30	3714.40	3722.88	
3723.84	3725.40	3730.38	3728.34	3727.64	3725.92	3724.52	3726.70	3730.90	3729.86	3734.80	3730.62	3736.48	3734.70	3733.16	3740.26	
3737.64	3743.34	3744.74	3737.40	3743.68	3742.80	3741.32	3744.76	3745.06	3751.94	3747.36	3744.82	3747.00	3748.68	3751.38	3751.84	
3753.68	3619.44	3700.26	3736.94	3737.54	3742.64	3743.46	3752.56	3750.92	3744.24	3744.08	3743.10	3744.40	3747.40	3738.72	3740.42	
3739.34	3738.50	3730.84	3730.80	3737.60	3732.44	3730.38	3729.78	3730.50	3727.46	3727.14	3727.90	3732.06	3733.26	3747.66	3705.44	

*******************************************2025/07/21;15:27:34
Probe number 81
Concentration entered by User 4.79% (Compensated: 5.18% at temperature 25.4)
1268.26	1285.26	1295.84	1307.06	1318.22	1329.50	1343.02	1355.20	1369.82	1384.74	1404.06	1423.26	1441.60	1460.82	1478.06	1490.50	
1507.04	1533.62	1562.54	1597.64	1624.60	1647.84	1670.06	1704.24	1747.84	1787.08	1824.24	1870.94	1941.56	2009.16	2091.96	2196.32	
2326.08	2487.98	2688.24	2892.74	3080.54	3259.00	3425.10	3523.28	3574.76	3610.18	3629.50	3642.90	3644.38	3645.64	3657.80	3669.22	
3672.42	3703.44	3710.32	3705.90	3709.38	3708.34	3712.10	3709.18	3716.76	3722.52	3718.86	3719.10	3724.32	3718.58	3714.88	3723.28	
3724.40	3725.20	3730.38	3728.76	3727.84	3725.84	3724.48	3726.84	3731.34	3729.98	3735.04	3730.94	3736.50	3734.74	3733.68	3740.28	
3738.14	3743.86	3744.84	3737.68	3744.12	3743.02	3741.28	3744.80	3745.22	3752.16	3747.52	3745.00	3746.98	3748.68	3751.24	3751.82	
3753.90	3619.48	3700.60	3737.12	3737.94	3742.66	3743.58	3752.28	3750.86	3744.32	3744.20	3742.86	3744.58	3747.40	3738.86	3740.76	
3739.64	3738.70	3731.08	3730.88	3737.94	3732.60	3731.02	3729.80	3731.18	3727.74	3727.10	3727.62	3732.12	3733.56	3747.68	3705.56	

*******************************************2025/07/21;15:28:04
Probe number 82
Concentration entered by User 4.82% (Compensated: 5.20% at temperature 25.4)
1269.12	1285.16	1295.84	1307.32	1318.68	1329.88	1343.08	1355.32	1369.84	1383.74	1401.82	1421.10	1439.42	1459.88	1478.66	1492.24	
1508.44	1533.94	1561.82	1594.88	1622.42	1650.22	1674.66	1705.60	1746.22	1791.80	1831.86	1879.76	1950.52	2012.46	2084.68	2184.90	
2322.00	2486.00	2675.42	2875.94	3072.26	3258.56	3419.80	3521.00	3571.76	3608.12	3626.08	3640.88	3642.36	3644.20	3657.40	3667.72	
3671.06	3702.42	3709.20	3704.60	3707.04	3706.34	3710.74	3707.38	3715.06	3721.36	3717.44	3717.64	3723.14	3717.22	3713.52	3721.88	
3722.92	3723.82	3729.22	3727.08	3726.78	3724.72	3723.66	3725.78	3729.80	3729.00	3733.58	3729.68	3735.22	3733.46	3732.54	3739.34	
3736.60	3742.86	3743.78	3736.52	3742.86	3741.90	3740.00	3743.76	3744.22	3750.74	3746.10	3743.98	3746.18	3747.82	3750.48	3750.80	
3752.88	3617.52	3699.18	3735.62	3736.66	3741.66	3742.32	3751.18	3749.86	3743.14	3743.16	3741.82	3743.40	3746.08	3737.64	3739.64	
3738.46	3737.60	3729.70	3729.68	3736.64	3731.52	3729.66	3728.36	3729.54	3726.34	3725.48	3726.34	3731.20	3732.32	3746.52	3703.90	

*******************************************2025/07/21;15:28:34
Probe number 83
Concentration entered by User 4.77% (Compensated: 5.14% at temperature 25.3)
1270.48	1287.56	1298.32	1310.36	1321.60	1331.84	1344.48	1356.86	1371.86	1387.04	1404.04	1423.96	1442.32	1463.34	1481.86	1493.40	
1509.94	1536.00	1564.30	1600.48	1630.08	1654.96	1679.24	1713.94	1754.42	1792.84	1835.08	1885.74	1956.88	2022.12	2100.98	2201.54	
2341.02	2498.70	2684.12	2886.18	3078.18	3267.00	3431.78	3532.14	3581.90	3617.04	3635.60	3650.26	3652.66	3654.22	3666.92	3677.72	
3681.00	3711.30	3717.94	3713.80	3716.96	3715.76	3719.60	3716.36	3723.68	3729.64	3725.96	3726.28	3731.36	3726.06	3722.74	3730.46	
3731.28	3732.36	3737.36	3735.50	3734.90	3733.24	3731.88	3733.76	3737.66	3737.06	3741.44	3737.64	3743.12	3741.66	3739.92	3746.46	
3744.34	3749.96	3750.96	3744.32	3750.12	3749.22	3747.74	3751.12	3751.48	3757.92	3753.62	3751.26	3753.24	3755.02	3757.34	3757.68	
3759.52	3628.98	3708.40	3743.56	3744.16	3749.06	3749.84	3758.32	3756.82	3750.46	3750.46	3749.06	3750.80	3753.32	3745.16	3747.02	
3745.74	3745.04	3737.64	3737.66	3744.06	3739.54	3737.60	3736.50	3737.40	3734.54	3733.56	3734.74	3738.92	3740.24	3754.10	3713.26	

*******************************************2025/07/21;15:29:04
Probe number 84
Concentration entered by User 4.80% (Compensated: 5.18% at temperature 25.4)
1269.28	1286.00	1295.36	1307.46	1320.56	1331.70	1343.68	1354.82	1369.24	1386.14	1404.54	1423.68	1441.48	1462.10	1480.28	1492.14	
1508.54	1536.06	1565.88	1600.52	1627.78	1651.36	1673.30	1710.12	1753.18	1792.32	1829.70	1880.36	1954.12	2020.06	2095.58	2192.22	
2324.60	2484.44	2672.20	2875.52	3070.20	3261.20	3424.66	3526.20	3574.04	3608.98	3626.28	3640.66	3642.72	3644.60	3658.30	3668.30	
3671.58	3703.04	3709.98	3705.08	3708.32	3707.68	3711.80	3708.22	3715.96	3722.26	3718.12	3718.78	3723.66	3718.18	3714.80	3723.06	
3723.88	3724.82	3730.04	3728.18	3727.72	3725.54	3724.54	3726.64	3730.46	3729.72	3734.48	3730.32	3736.16	3734.42	3733.12	3740.14	
3737.34	3743.50	3744.72	3737.16	3743.64	3742.22	3740.90	3744.56	3744.82	3751.56	3746.76	3744.50	3746.84	3748.60	3751.22	3751.56	
3753.50	3618.84	3700.10	3736.58	3737.68	3742.42	3742.82	3752.44	3750.32	3744.18	3744.14	3742.64	3744.18	3746.54	3738.22	3740.28	
3739.14	3738.16	3730.22	3730.42	3737.56	3732.38	3730.30	3729.32	3730.32	3727.22	3726.68	3727.34	3731.64	3733.06	3747.48	3705.08	

*******************************************2025/07/21;15:29:34
Probe number 85
Concentration entered by User 4.81% (Compensated: 5.18% at temperature 25.3)
1267.72	1285.28	1295.40	1307.44	1319.88	1330.88	1342.66	1353.68	1368.70	1384.16	1403.82	1423.14	1439.70	1459.46	1478.28	1490.42	
1506.90	1533.04	1561.00	1595.42	1624.34	1649.44	1671.62	1705.70	1748.98	1789.24	1825.96	1875.68	1943.92	2011.62	2098.58	2200.24	
2327.36	2491.12	2681.76	2874.42	3073.58	3261.04	3422.74	3522.52	3572.48	3607.52	3624.86	3638.50	3640.62	3642.90	3655.36	3666.32	
3669.40	3701.14	3707.98	3702.76	3706.00	3705.60	3709.58	3706.16	3713.70	3720.50	3716.04	3716.08	3721.36	3715.76	3712.38	3720.80	
3721.56	3722.60	3728.20	3726.28	3725.38	3723.56	3722.16	3724.14	3728.58	3727.82	3732.48	3728.44	3734.12	3732.60	3731.00	3737.86	
3735.44	3741.68	3742.60	3735.42	3741.56	3740.42	3738.94	3742.20	3743.02	3749.84	3745.36	3742.30	3744.58	3746.50	3748.96	3749.48	
3751.46	3615.16	3697.38	3734.20	3735.04	3740.02	3741.18	3750.30	3748.52	3741.92	3741.78	3740.60	3742.28	3744.84	3736.10	3738.04	
3737.04	3736.38	3728.48	3728.56	3735.48	3730.28	3728.00	3727.38	3728.20	3724.96	3724.26	3725.22	3729.72	3731.18	3745.42	3702.56	

*******************************************2025/07/21;15:30:04
Probe number 86
Concentration entered by User 4.85% (Compensated: 5.23% at temperature 25.3)
1269.54	1286.62	1296.08	1308.68	1320.36	1331.58	1344.12	1355.38	1369.76	1385.32	1404.22	1422.22	1442.44	1462.32	1481.76	1493.74	
1508.44	1534.14	1562.06	1595.66	1626.78	1653.52	1676.18	1709.26	1750.88	1794.94	1832.54	1883.68	1950.20	2010.98	2101.38	2207.46	
2335.36	2485.58	2664.90	2869.46	3067.14	3247.94	3414.40	3518.88	3572.02	3608.20	3625.18	3640.56	3642.92	3645.80	3658.22	3668.86	
3672.86	3703.14	3710.08	3705.86	3708.88	3708.40	3712.34	3709.14	3716.52	3723.14	3718.62	3718.88	3724.30	3719.22	3715.34	3723.58	
3724.76	3725.74	3730.90	3728.84	3728.36	3726.00	3724.96	3726.96	3731.36	3730.60	3735.24	3731.32	3736.64	3735.08	3733.96	3740.62	
3738.24	3744.00	3744.92	3737.60	3744.12	3743.34	3741.70	3744.82	3745.28	3751.90	3747.62	3745.38	3747.62	3749.12	3751.82	3752.04	
3754.14	3620.26	3700.96	3737.30	3738.22	3743.06	3743.78	3752.54	3751.32	3744.60	3744.24	3743.28	3744.72	3747.50	3738.84	3740.90	
3739.86	3738.98	3731.18	3730.86	3737.94	3733.20	3730.96	3730.24	3730.82	3727.74	3727.08	3727.78	3732.48	3733.80	3748.06	3705.70	

*******************************************2025/07/21;15:30:34
Probe number 87
Concentration entered by User 4.80% (Compensated: 5.18% at temperature 25.3)
1268.70	1285.56	1295.94	1307.64	1319.34	1330.66	1343.16	1354.70	1368.68	1383.92	1403.46	1423.00	1441.50	1461.22	1478.04	1489.68	
1504.78	1533.52	1562.50	1595.30	1625.96	1650.78	1674.50	1708.54	1749.34	1789.24	1828.10	1877.96	1949.12	2013.08	2095.16	2196.44	
2322.90	2492.14	2683.52	2877.26	3074.88	3263.36	3420.60	3524.60	3573.94	3608.84	3625.48	3639.38	3641.54	3642.64	3655.22	3666.20	
3669.44	3700.58	3707.58	3702.46	3705.72	3705.04	3709.00	3705.50	3712.98	3719.46	3715.22	3715.56	3720.94	3715.58	3711.68	3720.08	
3721.14	3722.02	3727.62	3725.64	3724.68	3722.82	3721.02	3723.40	3728.00	3726.96	3731.62	3728.00	3733.52	3731.62	3730.48	3737.20	
3734.64	3740.94	3742.00	3734.52	3741.14	3739.84	3738.16	3741.78	3742.10	3749.04	3744.24	3741.88	3744.00	3745.90	3748.52	3749.00	
3750.96	3614.20	3696.44	3733.38	3734.52	3739.40	3740.38	3749.40	3747.74	3741.24	3741.14	3739.88	3741.64	3744.22	3735.08	3737.54	
3736.00	3735.42	3727.74	3727.48	3734.58	3729.36	3727.12	3726.46	3727.14	3724.36	3723.14	3724.42	3728.96	3730.08	3744.66	3701.68	

*******************************************2025/07/21;15:31:04
Probe number 88
Concentration entered by User 4.81% (Compensated: 5.18% at temperature 25.3)
1269.46	1286.46	1297.52	1309.22	1320.20	1332.12	1345.82	1356.32	1371.56	1386.04	1403.58	1422.74	1442.66	1463.46	1481.90	1494.60	
1509.08	1536.66	1567.12	1598.72	1627.24	1653.14	1675.40	1710.62	1749.56	1791.56	1837.16	1887.90	1956.78	2017.52	2104.98	2204.72	
2335.52	2481.86	2674.74	2882.20	3073.68	3259.44	3421.72	3524.36	3575.44	3610.76	3628.66	3643.08	3645.26	3646.90	3659.68	3671.02	
3674.00	3704.84	3711.82	3707.02	3710.58	3709.64	3713.28	3710.12	3717.58	3723.46	3719.50	3719.78	3725.32	3719.58	3716.78	3724.58	
3725.22	3726.30	3731.70	3729.84	3728.76	3726.90	3725.62	3727.60	3731.94	3730.92	3735.74	3731.66	3737.32	3735.86	3734.38	3741.34	
3738.72	3744.40	3745.86	3738.58	3744.94	3743.56	3742.22	3745.38	3746.04	3752.58	3748.24	3745.50	3747.94	3749.22	3752.08	3752.40	
3754.60	3620.54	3701.26	3737.62	3738.58	3743.60	3744.44	3753.06	3751.86	3744.92	3745.10	3743.60	3745.36	3747.70	3739.32	3741.68	
3740.50	3739.58	3731.80	3731.78	3738.92	3733.66	3731.58	3730.82	3731.56	3728.36	3727.64	3728.80	3733.20	3734.28	3748.74	3706.44	

*******************************************2025/07/21;15:31:34
Probe number 89
Concentration entered by User 4.84% (Compensated: 5.22% at temperature 25.2)
1268.68	1285.42	1296.76	1308.96	1319.98	1330.04	1343.60	1356.02	1370.68	1385.48	1403.62	1422.46	1442.60	1464.18	1480.72	1493.22	
1509.04	1537.34	1562.98	1597.64	1628.36	1654.18	1680.76	1711.86	1747.82	1792.52	1835.28	1884.56	1955.04	2022.58	2114.92	2222.14	
2353.04	2502.74	2668.08	2856.60	3062.40	3254.20	3418.30	3522.14	3574.48	3611.30	3627.72	3642.06	3643.50	3646.02	3658.18	3669.56	
3672.46	3703.16	3710.00	3704.94	3708.50	3707.92	3711.60	3708.50	3715.72	3722.30	3718.16	3718.32	3724.00	3718.50	3714.94	3722.74	
3723.84	3724.86	3730.18	3728.50	3727.74	3725.54	3724.20	3726.26	3730.46	3729.68	3734.22	3730.22	3736.18	3734.68	3733.04	3739.70	
3737.52	3743.22	3744.50	3736.96	3743.42	3742.52	3740.80	3744.32	3744.54	3751.50	3747.16	3744.52	3746.76	3748.32	3751.24	3751.24	
3753.32	3618.48	3699.70	3736.82	3737.40	3742.34	3743.22	3751.80	3750.38	3743.96	3743.70	3742.64	3744.04	3746.48	3738.40	3740.42	
3738.98	3738.14	3730.48	3730.30	3737.34	3732.26	3730.04	3729.70	3730.32	3727.02	3726.08	3727.34	3731.76	3732.74	3747.78	3705.04	

*******************************************2025/07/21;15:32:04
Probe number 90
Concentration entered by User 4.84% (Compensated: 5.21% at temperature 25.2)
1269.18	1286.10	1296.90	1308.54	1320.34	1332.22	1345.80	1357.56	1371.20	1384.36	1402.92	1421.78	1440.38	1461.94	1480.38	1492.54	
1510.14	1536.52	1565.08	1600.94	1626.38	1651.52	1679.08	1710.64	1750.56	1793.12	1834.18	1888.98	1956.90	2010.68	2087.00	2188.00	
2322.08	2485.52	2673.58	2862.94	3063.84	3252.72	3417.98	3523.58	3573.62	3607.40	3625.56	3640.42	3642.44	3643.74	3655.90	3667.48	
3670.60	3701.52	3708.44	3703.30	3707.22	3705.98	3710.24	3706.72	3714.34	3720.34	3716.42	3716.98	3722.36	3716.52	3713.06	3721.38	
3722.30	3723.00	3728.72	3726.40	3725.92	3723.50	3722.64	3724.58	3728.96	3727.98	3732.68	3728.52	3734.46	3732.96	3731.36	3738.14	
3735.72	3741.66	3743.08	3735.36	3742.04	3740.96	3739.44	3742.74	3743.18	3750.10	3745.52	3743.14	3745.30	3746.78	3749.52	3749.70	
3751.68	3615.66	3697.94	3735.14	3735.64	3740.54	3741.78	3750.50	3749.16	3741.98	3742.12	3740.88	3742.40	3745.20	3736.36	3738.58	
3737.36	3736.68	3728.88	3728.94	3735.70	3730.92	3728.52	3727.48	3728.56	3725.38	3724.36	3725.68	3730.04	3731.36	3745.68	3703.00	

*******************************************2025/07/21;15:32:34
Probe number 91
Concentration entered by User 4.83% (Compensated: 5.20% at temperature 25.1)
1269.58	1286.34	1296.38	1307.82	1319.52	1330.28	1343.12	1354.92	1370.28	1385.32	1403.60	1421.94	1441.00	1462.02	1479.02	1491.80	
1507.86	1534.66	1563.26	1599.46	1628.58	1654.52	1680.02	1712.22	1756.88	1796.80	1836.36	1889.58	1957.64	2022.74	2106.60	2200.34	
2323.80	2488.96	2675.66	2874.20	3066.28	3253.02	3420.38	3520.90	3571.64	3607.72	3626.38	3640.26	3642.96	3645.60	3658.04	3669.40	
3672.30	3702.56	3709.98	3704.56	3708.08	3707.16	3711.68	3708.20	3715.04	3721.80	3717.36	3717.94	3723.36	3717.78	3714.32	3722.50	
3723.24	3724.02	3729.60	3727.64	3726.76	3724.64	3723.48	3725.50	3729.70	3728.82	3733.54	3729.84	3735.14	3733.36	3732.32	3739.10	
3736.30	3742.40	3743.24	3736.16	3742.66	3741.90	3740.02	3743.44	3743.80	3750.50	3745.96	3743.64	3746.10	3747.40	3750.20	3750.68	
3752.38	3616.86	3698.86	3735.46	3736.52	3741.12	3742.10	3751.12	3749.64	3742.92	3742.78	3741.66	3743.16	3745.52	3736.98	3739.02	
3738.18	3737.08	3729.26	3729.16	3736.26	3731.20	3728.98	3728.36	3729.28	3725.76	3724.84	3726.22	3730.70	3732.12	3746.46	3703.92	

*******************************************2025/07/21;15:33:04
Probe number 92
Concentration entered by User 4.89% (Compensated: 5.25% at temperature 25.1)
1269.44	1285.86	1296.50	1308.94	1320.52	1331.34	1343.84	1356.20	1370.02	1384.66	1404.00	1423.68	1441.54	1460.86	1480.66	1494.84	
1511.24	1538.08	1567.62	1600.12	1626.74	1651.54	1674.48	1711.72	1760.34	1797.84	1836.70	1886.26	1949.16	2015.20	2099.90	2200.90	
2335.56	2499.82	2687.52	2867.98	3053.70	3240.54	3412.44	3518.88	3569.34	3606.12	3624.10	3637.56	3639.72	3641.70	3654.18	3666.16	
3669.06	3700.22	3707.42	3702.44	3706.32	3705.32	3709.46	3706.00	3713.46	3719.52	3715.62	3715.72	3721.58	3716.12	3712.62	3720.52	
3721.60	3722.72	3727.88	3725.46	3725.10	3723.08	3721.66	3723.78	3728.06	3727.20	3732.36	3727.94	3733.84	3732.02	3730.74	3737.68	
3734.94	3741.32	3742.18	3734.76	3741.22	3740.30	3738.82	3742.20	3742.46	3749.22	3744.74	3742.30	3744.70	3746.22	3748.78	3749.42	
3751.12	3614.82	3697.04	3733.96	3735.18	3739.70	3740.98	3749.98	3748.48	3741.64	3741.36	3740.38	3741.82	3744.62	3735.70	3738.08	
3736.76	3735.90	3728.10	3728.08	3734.66	3729.94	3727.54	3726.80	3727.80	3724.46	3723.84	3724.60	3729.30	3730.40	3745.32	3702.34	

*******************************************2025/07/21;15:33:34
Probe number 93
Concentration entered by User 4.75% (Compensated: 5.12% at temperature 25.1)
1269.34	1285.90	1296.54	1309.26	1320.74	1332.54	1345.60	1357.64	1371.46	1387.48	1404.04	1423.16	1442.90	1463.68	1481.90	1493.90	
1510.56	1538.72	1566.44	1602.74	1630.90	1654.12	1679.64	1713.14	1756.12	1794.12	1836.90	1890.38	1959.52	2028.36	2108.34	2202.54	
2339.42	2503.80	2684.32	2884.32	3081.76	3268.62	3433.16	3536.12	3584.36	3619.10	3636.30	3648.00	3649.54	3651.84	3663.78	3674.70	
3677.90	3707.16	3714.00	3709.12	3712.68	3712.00	3715.24	3712.14	3719.18	3724.96	3721.42	3721.26	3726.62	3721.48	3717.84	3725.70	
3726.54	3727.58	3732.58	3730.80	3730.04	3727.84	3726.30	3728.80	3732.52	3732.02	3736.66	3732.44	3738.24	3736.58	3735.14	3741.68	
3739.24	3745.26	3746.54	3739.16	3745.46	3744.62	3742.80	3746.22	3746.46	3753.16	3748.70	3746.16	3748.54	3750.28	3752.74	3753.06	
3754.94	3621.32	3702.10	3738.58	3739.22	3743.98	3745.14	3753.62	3752.12	3745.60	3745.42	3744.36	3745.82	3748.36	3740.04	3742.32	
3740.72	3740.14	3732.38	3732.26	3739.18	3734.06	3731.94	3731.46	3732.22	3728.82	3728.04	3729.20	3733.80	3735.10	3749.14	3707.12	

*******************************************2025/07/21;15:34:04
Probe number 94
Concentration entered by User 4.81% (Compensated: 5.17% at temperature 25.1)
1269.84	1286.70	1297.46	1310.20	1321.72	1332.52	1345.06	1356.68	1372.26	1387.14	1404.66	1424.02	1444.26	1464.36	1482.88	1494.96	
1510.58	1538.36	1567.00	1599.94	1629.60	1658.94	1681.22	1711.74	1753.52	1797.30	1839.44	1890.72	1956.34	2020.70	2106.02	2201.98	
2324.28	2485.24	2675.70	2873.84	3070.84	3258.14	3423.46	3526.38	3576.30	3612.18	3628.48	3642.54	3645.34	3647.58	3659.90	3671.06	
3674.16	3704.58	3711.32	3706.36	3709.62	3708.80	3713.16	3709.74	3716.62	3722.48	3718.86	3719.40	3724.44	3719.26	3715.44	3723.64	
3724.52	3725.26	3730.58	3728.98	3728.06	3726.06	3724.94	3726.48	3730.98	3729.80	3734.78	3730.94	3736.52	3734.64	3733.50	3740.30	
3737.78	3743.50	3744.64	3737.24	3744.04	3743.00	3741.30	3744.64	3744.60	3751.82	3747.02	3744.48	3746.94	3748.86	3751.28	3751.42	
3753.72	3618.66	3700.14	3736.86	3737.68	3742.62	3743.66	3752.42	3750.70	3744.06	3743.86	3742.70	3744.16	3746.84	3738.50	3740.38	
3739.26	3738.40	3730.48	3730.44	3737.58	3732.50	3730.56	3729.72	3730.46	3727.32	3726.58	3727.36	3732.04	3733.42	3747.50	3705.22	

*******************************************2025/07/21;15:34:34
Probe number 95
Concentration entered by User 4.75% (Compensated: 5.11% at temperature 25.1)
1270.28	1286.64	1297.12	1309.46	1321.20	1331.90	1343.82	1355.86	1371.26	1385.90	1403.98	1423.74	1442.22	1462.24	1481.44	1495.46	
1511.26	1536.18	1563.04	1599.20	1627.68	1656.22	1680.22	1716.76	1760.66	1801.34	1842.74	1890.84	1961.94	2019.06	2097.26	2198.18	
2328.78	2494.10	2685.40	2879.70	3079.50	3273.98	3432.34	3532.10	3580.48	3614.88	3631.30	3644.54	3647.18	3649.04	3661.64	3672.18	
3675.04	3704.84	3711.88	3707.08	3710.56	3709.92	3713.82	3710.50	3717.58	3723.42	3719.50	3719.90	3725.24	3719.86	3716.28	3724.50	
3724.82	3725.94	3731.06	3728.96	3728.24	3726.34	3724.80	3726.80	3731.12	3730.22	3735.22	3731.10	3736.56	3735.18	3734.10	3740.94	
3738.06	3743.84	3745.04	3737.52	3744.12	3743.28	3741.42	3744.92	3745.08	3751.76	3747.40	3744.76	3747.56	3748.98	3751.58	3751.78	
3753.42	3619.34	3700.32	3737.14	3737.68	3742.70	3743.38	3752.50	3750.82	3744.44	3744.06	3742.82	3744.40	3747.06	3738.80	3740.80	
3739.16	3738.54	3730.64	3731.02	3737.46	3732.84	3730.60	3729.86	3730.56	3727.54	3726.40	3727.72	3732.08	3733.76	3747.74	3705.22	

*******************************************2025/07/21;15:35:04
Probe number 96
Concentration entered by User 4.76% (Compensated: 5.12% at temperature 25.1)
1268.84	1285.72	1296.44	1308.02	1320.04	1331.10	1344.10	1355.38	1369.24	1384.06	1402.78	1422.54	1441.86	1461.56	1481.10	1494.34	
1511.90	1537.56	1565.80	1601.28	1631.58	1655.80	1677.50	1709.40	1754.48	1796.46	1834.98	1889.52	1958.46	2026.50	2110.88	2205.80	
2334.52	2490.32	2670.92	2874.02	3076.92	3269.24	3433.24	3531.22	3579.46	3611.98	3627.52	3641.18	3642.38	3644.28	3656.76	3667.70	
3670.86	3701.00	3708.04	3702.72	3706.18	3705.80	3709.38	3705.98	3713.50	3719.74	3715.92	3716.04	3721.40	3715.56	3712.40	3720.64	
3721.16	3721.74	3727.32	3725.40	3724.46	3722.60	3721.08	3723.36	3727.50	3726.52	3731.44	3727.82	3733.26	3731.58	3730.40	3737.22	
3734.62	3740.26	3741.64	3733.90	3740.82	3739.74	3738.24	3741.58	3741.80	3748.76	3743.84	3741.38	3743.80	3745.62	3747.82	3748.64	
3750.38	3613.96	3696.24	3733.76	3734.40	3739.16	3740.20	3749.28	3747.70	3741.32	3740.66	3739.54	3741.16	3743.72	3734.96	3737.02	
3735.90	3735.02	3727.26	3726.92	3734.34	3729.02	3726.96	3726.20	3726.80	3723.94	3722.80	3723.74	3728.42	3729.80	3744.82	3701.44	

*******************************************2025/07/21;15:35:34
Probe number 97
Concentration entered by User 4.77% (Compensated: 5.13% at temperature 25.1)
1269.24	1285.38	1295.60	1308.20	1320.08	1330.66	1343.52	1355.86	1370.46	1384.74	1403.38	1422.38	1440.92	1461.58	1479.46	1491.84	
1508.62	1535.28	1564.14	1598.84	1628.72	1655.14	1678.10	1711.86	1755.44	1799.00	1837.86	1892.40	1965.98	2028.92	2112.62	2214.92	
2347.22	2507.18	2694.40	2890.40	3078.84	3267.50	3430.88	3528.84	3574.78	3609.72	3626.84	3640.76	3642.64	3644.76	3657.24	3668.46	
3670.96	3701.14	3708.92	3703.14	3706.96	3705.94	3710.18	3706.58	3714.18	3720.04	3716.18	3716.06	3721.68	3716.18	3712.66	3720.54	
3721.42	3722.50	3727.78	3725.62	3724.70	3722.92	3721.30	3723.46	3727.82	3727.06	3731.70	3728.06	3733.38	3731.80	3730.34	3737.34	
3735.14	3740.72	3742.02	3734.26	3741.00	3740.02	3738.40	3741.60	3741.80	3748.62	3744.42	3741.56	3744.28	3745.70	3748.46	3748.82	
3750.58	3614.14	3696.62	3733.88	3734.84	3739.42	3740.28	3749.48	3747.72	3741.16	3741.04	3739.76	3741.72	3743.90	3735.38	3737.32	
3736.44	3735.56	3727.60	3727.58	3734.14	3729.30	3727.34	3726.54	3727.02	3724.14	3723.06	3724.08	3728.96	3730.18	3744.84	3701.68	

*******************************************2025/07/21;15:36:04
Probe number 98
Concentration entered by User 4.81% (Compensated: 5.18% at temperature 25.2)
1271.20	1287.54	1297.00	1308.86	1321.22	1333.44	1346.22	1357.48	1371.78	1386.62	1405.56	1425.38	1444.64	1464.98	1482.36	1495.66	
1515.24	1543.82	1568.56	1603.48	1633.30	1658.26	1684.70	1718.60	1758.82	1796.84	1839.16	1892.90	1961.24	2026.78	2112.68	2206.64	
2322.20	2478.04	2686.18	2885.60	3071.42	3255.28	3423.82	3528.14	3578.26	3613.56	3630.36	3644.26	3646.82	3648.74	3661.58	3672.60	
3675.44	3705.22	3711.10	3706.68	3710.18	3709.14	3713.48	3710.06	3717.00	3723.24	3719.48	3719.76	3725.22	3719.78	3716.24	3724.04	
3724.36	3725.72	3730.86	3728.84	3728.04	3725.76	3724.44	3726.72	3730.80	3730.24	3734.72	3730.92	3736.38	3734.98	3733.54	3740.54	
3737.72	3743.90	3744.98	3737.22	3743.94	3742.84	3741.84	3745.06	3744.96	3751.88	3747.34	3744.66	3747.46	3748.86	3751.42	3751.60	
3753.24	3618.88	3700.42	3737.26	3737.92	3742.64	3743.56	3752.50	3751.04	3744.16	3743.98	3742.84	3744.54	3747.12	3738.70	3740.38	
3739.62	3738.56	3731.10	3730.58	3737.56	3732.56	3730.62	3730.04	3730.70	3727.42	3726.84	3727.78	3732.02	3733.44	3747.92	3705.38	

*******************************************2025/07/21;15:36:34
Probe number 99
Concentration entered by User 4.71% (Compensated: 5.08% at temperature 25.2)
1270.18	1286.56	1297.22	1309.52	1320.88	1332.02	1344.98	1357.12	1371.20	1386.26	1404.60	1424.14	1443.92	1463.56	1482.48	1495.36	
1511.88	1538.16	1566.66	1601.36	1630.50	1657.16	1681.18	1714.22	1757.50	1801.82	1842.18	1889.42	1959.14	2022.76	2111.32	2209.66	
2340.30	2514.32	2703.62	2895.44	3089.96	3280.18	3441.20	3539.52	3587.18	3618.98	3634.54	3647.38	3649.16	3652.30	3663.08	3674.00	
3676.22	3705.72	3712.50	3707.74	3710.86	3710.34	3714.38	3710.78	3717.68	3723.84	3719.78	3720.14	3725.38	3720.04	3716.96	3724.42	
3725.22	3726.14	3731.32	3729.24	3728.30	3726.24	3724.90	3727.00	3731.40	3730.60	3735.28	3731.32	3736.44	3735.10	3733.82	3740.68	
3738.10	3743.84	3745.18	3737.82	3743.90	3743.02	3741.70	3744.96	3744.96	3751.84	3747.10	3744.70	3747.26	3748.82	3751.40	3751.88	
3753.60	3619.36	3700.20	3737.18	3737.94	3742.66	3743.48	3752.50	3750.62	3744.52	3744.08	3742.90	3744.44	3747.10	3738.58	3740.86	
3739.40	3738.84	3731.04	3730.84	3737.84	3732.66	3730.90	3729.82	3730.50	3727.44	3726.82	3727.62	3732.40	3733.86	3747.74	3705.64	

*******************************************2025/07/21;15:37:04
Probe number 100
Concentration entered by User 4.80% (Compensated: 5.18% at temperature 25.3)
1270.36	1286.80	1297.82	1310.30	1321.66	1333.00	1345.88	1357.72	1371.62	1387.44	1405.66	1424.22	1444.32	1466.56	1485.74	1497.90	
1515.04	1541.12	1567.74	1603.92	1632.04	1655.68	1682.84	1719.54	1758.32	1802.30	1843.58	1897.52	1964.40	2023.02	2103.10	2204.12	
2335.48	2496.34	2676.12	2867.64	3067.60	3260.04	3427.96	3529.40	3577.62	3611.14	3627.44	3640.48	3642.74	3644.38	3656.90	3668.22	
3671.20	3701.60	3708.56	3703.06	3706.96	3706.18	3710.28	3706.46	3714.06	3720.20	3716.58	3716.82	3721.98	3716.52	3712.82	3721.30	
3722.00	3722.64	3728.16	3726.16	3725.36	3723.36	3721.98	3724.04	3728.32	3727.98	3732.50	3728.84	3734.10	3732.78	3731.16	3738.06	
3735.70	3741.44	3742.22	3734.98	3741.40	3740.74	3739.20	3742.48	3742.74	3749.64	3745.12	3742.56	3744.74	3746.66	3749.34	3749.64	
3751.36	3615.28	3697.46	3734.64	3735.62	3740.20	3741.10	3750.22	3748.52	3742.02	3741.86	3740.70	3742.34	3744.78	3736.04	3738.48	
3737.08	3736.36	3728.68	3728.26	3735.42	3730.36	3728.18	3727.44	3728.08	3724.80	3723.82	3724.98	3729.66	3731.02	3745.46	3702.78	

*******************************************2025/07/21;15:37:34
Probe number 101
Concentration entered by User 4.71% (Compensated: 5.08% at temperature 25.3)
1269.52	1286.24	1297.56	1309.04	1320.64	1332.04	1344.96	1356.24	1370.60	1385.84	1404.34	1423.92	1442.44	1463.44	1482.04	1494.68	
1512.68	1538.84	1567.34	1602.08	1632.46	1659.04	1683.78	1715.78	1758.02	1802.32	1846.46	1896.14	1960.24	2023.28	2106.28	2204.06	
2335.50	2501.84	2693.64	2888.02	3089.66	3281.40	3440.70	3537.60	3585.36	3616.46	3631.70	3644.86	3645.78	3647.96	3661.16	3672.00	
3674.42	3703.96	3710.64	3705.34	3708.84	3708.62	3712.30	3708.84	3716.36	3722.20	3718.62	3718.12	3723.76	3718.20	3714.98	3723.06	
3723.88	3724.60	3730.16	3727.82	3727.16	3724.90	3723.54	3725.88	3730.06	3729.10	3733.84	3730.10	3735.46	3733.84	3732.64	3739.24	
3736.76	3742.56	3743.82	3736.40	3743.04	3741.96	3740.56	3743.60	3744.02	3750.64	3746.50	3743.62	3746.52	3747.52	3750.42	3750.60	
3752.64	3616.98	3699.34	3735.82	3736.78	3741.62	3742.50	3751.36	3750.04	3743.38	3743.22	3741.60	3743.42	3745.98	3737.32	3739.54	
3738.46	3737.36	3729.60	3729.34	3736.56	3731.52	3729.52	3728.58	3729.54	3725.98	3725.06	3726.16	3731.12	3732.42	3746.62	3704.36	

*******************************************2025/07/21;15:38:04
Probe number 102
Concentration entered by User 4.72% (Compensated: 5.09% at temperature 25.3)
1269.64	1285.68	1295.80	1308.24	1320.20	1331.36	1344.02	1355.66	1369.92	1386.32	1405.18	1423.94	1443.16	1464.06	1482.06	1495.34	
1513.16	1540.12	1567.38	1601.24	1628.24	1654.78	1681.54	1715.94	1756.52	1800.78	1843.26	1896.54	1963.20	2028.98	2118.68	2221.16	
2352.66	2509.94	2692.38	2883.82	3084.80	3282.06	3438.32	3535.42	3580.64	3613.50	3628.78	3642.62	3644.20	3646.90	3659.16	3669.86	
3672.38	3702.32	3709.12	3704.10	3707.76	3707.04	3710.54	3707.28	3714.64	3720.50	3716.94	3716.90	3722.28	3717.02	3713.16	3721.20	
3721.94	3722.56	3727.90	3726.06	3724.98	3722.92	3721.44	3723.52	3727.96	3727.18	3732.14	3727.70	3733.76	3731.86	3730.30	3737.48	
3735.14	3741.04	3742.12	3734.46	3740.92	3740.06	3738.64	3741.98	3742.14	3749.08	3744.36	3742.08	3744.28	3745.68	3748.38	3748.90	
3750.76	3614.70	3696.50	3734.10	3735.02	3739.46	3740.62	3749.86	3747.98	3741.26	3741.32	3739.96	3741.42	3744.16	3735.54	3737.42	
3736.26	3735.54	3727.56	3727.46	3734.40	3729.54	3727.56	3726.54	3727.74	3724.28	3723.12	3724.54	3728.92	3730.68	3744.70	3701.54	

*******************************************2025/07/21;15:38:34
Probe number 103
Concentration entered by User 4.76% (Compensated: 5.14% at temperature 25.3)
1270.52	1287.04	1297.58	1309.26	1320.48	1332.00	1345.60	1357.78	1371.26	1386.24	1404.62	1425.40	1444.30	1463.18	1481.02	1493.70	
1511.24	1538.58	1569.38	1606.50	1634.32	1661.90	1685.74	1718.22	1758.30	1798.50	1840.30	1893.58	1966.66	2028.58	2113.18	2215.60	
2346.50	2506.40	2694.08	2891.64	3092.84	3270.32	3422.38	3524.82	3576.70	3610.64	3628.40	3641.34	3643.64	3646.50	3659.68	3670.54	
3673.44	3703.50	3709.94	3705.04	3708.54	3707.88	3712.08	3708.02	3715.48	3721.48	3717.60	3717.70	3723.24	3718.26	3714.46	3722.32	
3723.30	3724.08	3729.12	3727.22	3726.28	3724.30	3723.08	3724.90	3728.96	3728.48	3733.16	3729.42	3734.98	3733.28	3731.94	3738.74	
3736.34	3742.20	3743.30	3735.64	3742.52	3741.50	3740.22	3743.24	3743.64	3750.20	3745.58	3743.14	3745.94	3747.28	3749.82	3749.90	
3751.86	3616.18	3698.34	3735.44	3736.34	3740.90	3741.68	3750.92	3749.40	3742.64	3742.48	3741.36	3742.90	3745.22	3737.12	3738.86	
3737.76	3736.98	3729.20	3728.94	3736.36	3730.84	3728.70	3728.00	3729.06	3725.44	3724.84	3725.50	3730.26	3731.84	3746.14	3703.60	

*******************************************2025/07/21;15:39:04
Probe number 104
Concentration entered by User 4.84% (Compensated: 5.22% at temperature 25.3)
1271.46	1288.44	1298.54	1310.60	1322.52	1334.14	1346.32	1357.76	1372.10	1388.98	1408.74	1424.38	1442.84	1464.88	1484.70	1497.04	
1513.58	1541.46	1570.40	1607.60	1637.08	1660.02	1688.30	1723.02	1763.02	1802.28	1842.52	1902.68	1974.06	2034.20	2116.88	2216.78	
2341.36	2493.48	2680.88	2879.46	3068.90	3249.86	3414.52	3522.64	3574.56	3611.48	3628.24	3642.26	3644.72	3647.52	3660.26	3671.34	
3674.68	3704.12	3710.58	3706.22	3709.86	3709.42	3713.64	3709.76	3716.82	3723.24	3719.20	3719.48	3725.14	3719.82	3716.22	3724.40	
3724.68	3725.52	3731.34	3728.90	3727.94	3726.02	3724.38	3726.68	3731.28	3730.24	3735.38	3730.90	3736.44	3734.90	3733.50	3740.66	
3737.76	3743.44	3744.54	3737.28	3744.08	3743.00	3741.52	3744.62	3744.72	3751.52	3747.28	3744.90	3747.28	3748.68	3751.24	3751.50	
3753.26	3618.82	3700.26	3737.04	3738.02	3742.70	3743.64	3752.18	3751.00	3744.30	3744.28	3743.00	3744.70	3746.86	3738.58	3740.72	
3739.24	3738.74	3730.84	3730.62	3737.38	3732.88	3730.76	3729.62	3730.80	3727.26	3726.64	3727.72	3732.32	3733.46	3747.96	3705.42	

*******************************************2025/07/21;15:39:34
Probe number 105
Concentration entered by User 4.80% (Compensated: 5.17% at temperature 25.3)
1270.28	1286.78	1297.56	1309.30	1321.28	1332.96	1345.74	1357.08	1372.00	1388.00	1406.44	1425.28	1443.84	1464.38	1482.66	1497.36	
1513.84	1539.82	1569.44	1606.34	1633.04	1655.26	1682.48	1721.56	1763.28	1802.06	1845.50	1901.44	1974.20	2027.16	2104.10	2217.98	
2362.46	2521.28	2698.32	2882.12	3073.36	3262.06	3426.64	3528.74	3579.34	3614.12	3630.00	3643.44	3646.86	3649.16	3661.50	3672.48	
3675.54	3704.98	3711.70	3706.46	3710.24	3709.70	3713.36	3709.82	3717.34	3723.36	3719.42	3719.52	3724.66	3719.38	3716.40	3724.20	
3724.68	3725.46	3730.96	3728.72	3727.86	3725.82	3724.52	3726.54	3730.88	3730.08	3734.98	3730.82	3736.34	3734.74	3733.78	3740.38	
3737.68	3743.48	3744.88	3737.08	3743.96	3742.74	3741.46	3744.78	3744.52	3751.42	3746.72	3744.54	3747.22	3748.68	3751.10	3751.56	
3753.46	3618.48	3700.42	3736.98	3737.78	3742.58	3743.16	3752.04	3750.56	3744.26	3744.02	3742.60	3744.50	3746.62	3738.06	3740.74	
3739.28	3738.88	3730.88	3730.50	3737.40	3732.56	3730.40	3729.62	3730.50	3727.42	3726.28	3727.34	3731.82	3733.22	3747.66	3705.12	

*******************************************2025/07/21;15:40:04
Probe number 106
Concentration entered by User 4.76% (Compensated: 5.14% at temperature 25.3)
1269.32	1286.56	1296.70	1308.34	1319.70	1331.88	1344.68	1355.78	1370.50	1386.20	1404.44	1423.72	1442.92	1464.44	1482.12	1495.42	
1511.72	1538.52	1565.64	1601.96	1630.72	1658.66	1682.70	1715.26	1755.92	1796.54	1837.30	1897.20	1971.56	2034.06	2109.84	2205.34	
2344.20	2517.94	2708.20	2903.26	3087.96	3267.62	3427.20	3529.66	3579.56	3612.28	3628.62	3642.82	3644.92	3647.60	3659.66	3671.16	
3673.84	3703.86	3710.50	3705.34	3709.14	3708.18	3712.24	3708.42	3715.74	3722.08	3717.82	3717.86	3723.48	3718.00	3714.22	3722.44	
3723.10	3724.18	3729.14	3727.26	3726.06	3724.32	3722.46	3724.76	3729.34	3728.12	3733.06	3729.02	3734.62	3732.88	3731.76	3738.54	
3735.96	3741.72	3742.70	3735.44	3742.18	3741.26	3739.58	3742.80	3743.00	3749.74	3745.18	3742.80	3745.10	3747.20	3749.26	3749.80	
3751.84	3615.52	3698.02	3734.96	3735.94	3740.66	3741.60	3750.86	3748.84	3742.22	3742.26	3741.18	3742.56	3745.16	3736.74	3738.72	
3737.72	3736.66	3728.94	3728.88	3735.32	3730.84	3728.54	3727.96	3728.30	3725.14	3724.24	3725.84	3729.80	3731.46	3746.12	3702.80	

*******************************************2025/07/21;15:40:34
Probe number 107
Concentration entered by User 4.79% (Compensated: 5.17% at temperature 25.3)
1270.94	1288.04	1298.68	1310.96	1323.14	1333.52	1346.30	1358.54	1373.34	1389.08	1409.54	1428.38	1446.14	1464.94	1482.20	1496.38	
1512.78	1541.34	1570.62	1608.40	1637.68	1663.44	1687.66	1717.96	1761.14	1808.60	1850.44	1904.88	1976.20	2040.84	2120.36	2218.16	
2349.36	2505.14	2683.22	2870.18	3068.80	3265.36	3428.70	3526.96	3575.76	3610.94	3627.66	3641.38	3644.48	3646.70	3659.30	3670.68	
3674.10	3703.86	3710.20	3705.68	3709.44	3709.20	3712.90	3709.12	3716.64	3722.64	3718.58	3718.88	3724.14	3718.86	3715.50	3723.82	
3724.42	3725.18	3730.58	3728.12	3727.62	3725.70	3724.06	3726.34	3730.78	3730.02	3734.80	3730.82	3735.92	3734.54	3733.40	3739.98	
3737.52	3743.48	3744.12	3736.64	3743.64	3742.72	3741.26	3744.44	3744.38	3751.14	3746.76	3744.30	3746.98	3748.42	3750.84	3751.02	
3753.14	3618.02	3699.90	3736.94	3737.60	3742.54	3743.40	3752.00	3750.52	3743.84	3743.94	3742.60	3744.22	3746.68	3738.20	3740.50	
3739.24	3738.40	3730.52	3730.82	3737.28	3732.30	3730.14	3729.80	3730.42	3727.16	3726.16	3727.54	3731.72	3732.92	3747.34	3704.98	

*******************************************2025/07/21;15:41:04
Probe number 108
Concentration entered by User 4.80% (Compensated: 5.19% at temperature 25.4)
1269.60	1286.80	1296.90	1309.54	1321.26	1332.36	1346.26	1358.10	1370.48	1386.36	1405.26	1424.78	1443.38	1465.04	1482.24	1495.44	
1513.06	1540.38	1570.26	1605.80	1632.10	1657.10	1680.40	1715.04	1760.12	1806.74	1850.20	1901.82	1964.08	2023.14	2110.06	2216.90	
2344.48	2508.62	2682.66	2880.28	3079.72	3259.60	3421.56	3525.10	3575.70	3610.30	3627.24	3641.40	3644.00	3646.32	3659.38	3670.16	
3672.84	3702.52	3709.06	3704.52	3707.44	3707.18	3711.12	3707.72	3714.86	3721.02	3717.18	3717.30	3722.54	3717.42	3713.76	3721.92	
3722.82	3723.32	3728.70	3726.68	3725.68	3723.88	3722.22	3724.46	3728.74	3728.14	3732.92	3728.94	3733.90	3732.46	3731.36	3738.24	
3735.46	3741.42	3742.58	3735.34	3741.78	3740.96	3739.18	3742.98	3742.80	3749.56	3745.00	3742.82	3745.36	3746.76	3749.08	3749.96	
3751.58	3615.40	3697.50	3735.14	3735.46	3740.62	3741.48	3750.34	3748.74	3742.20	3741.76	3740.92	3742.50	3745.08	3736.30	3738.30	
3737.34	3736.60	3728.56	3728.64	3735.52	3730.20	3728.44	3727.88	3728.36	3724.94	3724.64	3725.18	3730.00	3731.28	3745.72	3702.88	

*******************************************2025/07/21;15:41:34
Probe number 109
Concentration entered by User 4.78% (Compensated: 5.17% at temperature 25.4)
1271.46	1287.92	1297.94	1309.96	1322.36	1334.10	1347.36	1358.56	1373.84	1390.10	1409.46	1427.42	1445.70	1465.90	1484.60	1497.56	
1513.68	1541.12	1572.06	1608.12	1636.04	1661.16	1685.62	1721.28	1763.44	1804.92	1843.24	1897.22	1970.92	2040.92	2122.82	2213.60	
2341.66	2505.00	2684.20	2879.06	3072.66	3262.50	3430.86	3532.62	3582.20	3616.48	3632.34	3645.44	3648.30	3651.66	3664.18	3674.70	
3677.88	3707.14	3713.62	3708.40	3712.46	3712.12	3715.38	3712.14	3719.28	3725.48	3721.48	3721.18	3726.88	3721.74	3718.34	3725.80	
3726.56	3727.66	3732.74	3730.96	3729.90	3727.70	3726.38	3728.60	3732.68	3731.62	3736.66	3732.86	3738.10	3736.46	3735.36	3742.08	
3739.70	3745.42	3746.32	3738.96	3745.50	3744.88	3743.26	3746.32	3746.44	3753.04	3748.68	3746.42	3748.72	3750.38	3752.86	3753.22	
3754.92	3621.24	3702.34	3738.78	3739.56	3744.46	3745.32	3754.10	3752.70	3745.92	3745.84	3744.64	3746.16	3748.64	3740.02	3742.42	
3741.48	3740.40	3732.82	3732.60	3739.66	3734.30	3732.50	3731.68	3732.52	3729.54	3728.02	3729.54	3734.02	3735.28	3749.50	3707.30	

*******************************************2025/07/21;15:42:04
Probe number 110
Concentration entered by User 4.71% (Compensated: 5.09% at temperature 25.5)
1269.98	1286.36	1296.70	1308.96	1320.64	1332.00	1345.54	1357.40	1371.44	1386.48	1405.40	1424.12	1441.80	1463.24	1483.74	1497.22	
1511.44	1537.54	1565.60	1600.44	1632.86	1660.46	1683.20	1717.34	1759.44	1800.66	1844.76	1898.20	1969.62	2038.78	2121.98	2216.10	
2348.78	2512.00	2698.86	2902.28	3094.36	3281.58	3437.38	3534.32	3581.92	3615.20	3630.88	3644.04	3646.90	3649.14	3660.66	3671.98	
3674.20	3703.94	3710.00	3705.40	3709.08	3708.20	3711.74	3708.30	3715.58	3721.48	3717.48	3717.54	3723.54	3717.40	3714.14	3722.26	
3722.82	3723.42	3728.80	3727.04	3725.88	3723.60	3722.12	3724.20	3728.72	3727.86	3732.46	3728.46	3734.08	3732.82	3730.92	3738.16	
3735.16	3741.34	3742.06	3734.82	3741.76	3740.68	3739.08	3742.40	3742.50	3749.30	3744.54	3742.34	3744.84	3746.24	3748.98	3749.66	
3750.88	3614.96	3697.24	3734.56	3735.40	3740.36	3741.10	3749.78	3748.46	3741.78	3741.54	3740.42	3742.08	3744.40	3736.22	3738.26	
3737.14	3736.08	3728.06	3728.02	3734.90	3729.98	3728.10	3727.38	3727.92	3724.48	3723.78	3724.78	3729.42	3730.98	3745.40	3702.38	

*******************************************2025/07/21;15:42:34
Probe number 111
Concentration entered by User 4.75% (Compensated: 5.14% at temperature 25.5)
1269.72	1286.34	1297.70	1309.42	1320.86	1332.32	1345.74	1356.94	1371.82	1387.00	1404.92	1423.92	1442.46	1464.36	1483.54	1496.54	
1512.46	1538.56	1565.70	1600.38	1633.28	1661.40	1686.50	1718.68	1759.64	1799.96	1837.56	1890.80	1960.36	2030.12	2121.82	2229.90	
2360.30	2518.02	2705.16	2891.00	3078.22	3273.02	3435.08	3531.20	3577.98	3611.70	3627.90	3640.80	3643.38	3647.02	3659.40	3670.22	
3672.38	3703.08	3709.28	3704.30	3708.20	3707.78	3711.04	3707.56	3714.70	3720.60	3716.74	3717.02	3722.40	3717.12	3713.62	3721.56	
3722.18	3722.52	3728.30	3726.20	3725.30	3723.36	3721.60	3723.62	3728.16	3727.22	3732.16	3728.20	3733.80	3732.20	3730.78	3737.74	
3735.14	3741.08	3742.30	3734.68	3741.34	3740.44	3738.84	3742.16	3742.08	3749.18	3744.82	3742.02	3744.54	3746.16	3748.74	3749.10	
3751.00	3614.70	3696.94	3734.54	3735.30	3740.10	3741.04	3750.10	3748.20	3741.84	3741.70	3740.14	3741.66	3744.36	3735.52	3737.76	
3736.52	3735.94	3728.24	3727.72	3734.82	3729.80	3727.38	3726.80	3727.72	3724.40	3723.32	3724.46	3729.44	3730.68	3744.96	3701.98	

*******************************************2025/07/21;15:43:04
Probe number 112
Concentration entered by User 4.75% (Compensated: 5.15% at temperature 25.5)
1269.92	1287.00	1298.04	1310.92	1321.62	1333.10	1345.88	1357.90	1372.58	1387.82	1407.40	1426.54	1445.16	1465.88	1484.14	1496.62	
1512.72	1539.80	1570.96	1607.52	1637.44	1662.72	1687.34	1723.12	1766.26	1807.76	1848.16	1901.12	1973.60	2043.88	2127.54	2220.70	
2346.32	2510.64	2693.12	2885.22	3083.52	3271.10	3431.38	3531.76	3581.42	3614.52	3628.42	3642.28	3645.50	3648.50	3660.80	3671.62	
3674.24	3703.74	3709.94	3704.92	3708.90	3708.84	3712.32	3708.60	3715.68	3721.54	3717.56	3718.12	3723.32	3717.94	3714.92	3722.42	
3723.46	3723.88	3729.40	3727.72	3726.42	3724.20	3722.70	3724.88	3729.40	3728.54	3733.72	3729.28	3734.84	3733.20	3732.14	3738.78	
3736.26	3742.16	3743.16	3735.72	3742.48	3741.44	3739.84	3743.02	3743.30	3750.20	3745.54	3742.90	3745.62	3747.02	3749.84	3749.98	
3752.02	3616.20	3698.92	3735.22	3736.38	3740.78	3741.98	3750.64	3749.42	3742.66	3742.88	3741.02	3742.88	3745.16	3737.02	3739.14	
3737.66	3737.24	3729.30	3729.22	3736.02	3730.84	3729.12	3728.16	3728.94	3725.52	3724.80	3725.96	3730.38	3731.68	3746.32	3703.48	

*******************************************2025/07/21;15:43:34
Probe number 113
Concentration entered by User 4.62% (Compensated: 5.01% at temperature 25.5)
1271.00	1287.36	1297.02	1309.60	1321.50	1333.18	1346.52	1358.72	1373.62	1388.44	1406.88	1425.68	1445.66	1467.40	1485.76	1496.58	
1512.56	1539.40	1567.88	1604.20	1633.50	1659.10	1684.28	1720.90	1764.60	1807.40	1847.68	1902.16	1973.68	2033.98	2119.36	2220.10	
2355.54	2522.94	2712.30	2911.48	3109.94	3300.36	3455.10	3547.00	3591.02	3621.28	3636.42	3649.10	3650.78	3653.22	3664.90	3675.38	
3677.08	3707.12	3713.48	3708.26	3711.60	3711.22	3714.90	3711.00	3718.22	3724.06	3720.52	3720.22	3725.66	3720.84	3717.34	3725.30	
3725.68	3726.18	3731.76	3729.90	3728.54	3726.78	3725.32	3727.16	3731.54	3730.92	3735.56	3731.68	3736.82	3735.60	3734.14	3740.80	
3738.32	3743.90	3745.10	3737.80	3744.50	3743.54	3741.80	3745.04	3745.44	3751.84	3747.32	3745.44	3747.48	3749.16	3751.86	3752.04	
3753.70	3619.42	3700.60	3737.60	3738.58	3742.90	3743.78	3752.84	3751.40	3744.70	3744.56	3743.38	3744.68	3747.24	3738.94	3740.66	
3739.74	3739.00	3731.16	3731.26	3738.10	3733.10	3731.02	3730.38	3731.08	3727.90	3726.86	3727.84	3732.58	3734.12	3748.04	3706.10	

*******************************************2025/07/21;15:44:04
Probe number 114
Concentration entered by User 4.66% (Compensated: 5.06% at temperature 25.6)
1270.48	1287.02	1297.74	1309.56	1321.32	1332.40	1344.84	1357.12	1371.52	1386.78	1406.22	1426.74	1446.12	1465.98	1484.24	1496.64	
1513.32	1540.28	1568.94	1604.34	1635.40	1661.08	1686.48	1721.36	1763.42	1806.82	1847.54	1901.54	1973.58	2042.32	2132.88	2237.54	
2370.00	2531.26	2720.20	2915.74	3108.30	3287.20	3446.74	3545.86	3592.32	3623.08	3637.24	3649.24	3651.76	3654.02	3665.86	3675.78	
3678.18	3707.64	3713.56	3708.30	3711.82	3711.52	3714.92	3711.18	3718.12	3723.82	3720.58	3720.18	3725.80	3720.34	3716.36	3724.68	
3725.22	3725.80	3731.14	3729.12	3727.92	3725.84	3724.52	3726.48	3730.88	3729.64	3734.94	3731.04	3736.26	3734.74	3733.76	3740.38	
3737.82	3743.34	3744.54	3737.26	3743.78	3742.88	3741.36	3744.66	3744.66	3751.14	3746.98	3744.38	3746.70	3748.36	3751.10	3751.08	
3752.90	3618.18	3699.98	3736.92	3737.56	3742.36	3743.32	3751.84	3750.44	3743.82	3743.90	3742.26	3744.06	3746.62	3738.06	3739.90	
3739.14	3738.32	3730.50	3730.42	3737.28	3732.12	3730.40	3729.44	3730.20	3726.80	3726.40	3727.12	3731.54	3733.12	3747.54	3704.84	

*******************************************2025/07/21;15:44:34
Probe number 115
Concentration entered by User 4.69% (Compensated: 5.09% at temperature 25.6)
1271.02	1287.62	1298.26	1310.74	1323.00	1334.66	1347.56	1359.20	1373.06	1388.42	1407.96	1427.18	1444.88	1466.08	1485.48	1499.90	
1516.40	1543.32	1572.70	1608.86	1638.30	1663.90	1687.88	1723.24	1767.14	1813.54	1856.90	1907.80	1975.44	2044.52	2134.88	2238.06	
2364.98	2525.86	2703.68	2893.50	3095.10	3285.40	3445.84	3543.44	3590.68	3622.06	3636.38	3649.18	3652.14	3655.00	3666.24	3676.72	
3679.40	3708.54	3714.52	3709.44	3712.74	3712.20	3715.44	3712.44	3719.06	3724.94	3721.36	3721.44	3726.66	3721.56	3717.92	3726.10	
3726.70	3727.12	3732.64	3730.04	3728.98	3727.30	3726.06	3728.26	3732.26	3731.42	3736.16	3732.14	3737.68	3736.12	3735.02	3741.40	
3738.84	3744.68	3745.74	3738.34	3744.88	3744.16	3742.52	3745.78	3745.66	3752.54	3747.92	3745.78	3747.96	3749.70	3752.36	3752.44	
3754.24	3620.16	3701.36	3738.42	3738.92	3743.42	3744.52	3753.32	3752.04	3745.52	3745.24	3744.22	3745.46	3747.88	3739.36	3741.68	
3740.56	3739.64	3732.06	3731.78	3738.72	3733.84	3731.86	3731.08	3731.66	3728.60	3727.68	3728.40	3733.30	3734.66	3748.90	3706.38	

*******************************************2025/07/21;15:45:04
Probe number 116
Concentration entered by User 4.66% (Compensated: 5.06% at temperature 25.6)
1271.12	1288.20	1298.56	1309.94	1321.66	1333.16	1346.54	1358.72	1372.92	1389.72	1407.80	1426.86	1445.58	1466.60	1484.76	1498.86	
1515.22	1541.54	1571.22	1606.86	1635.64	1660.34	1685.54	1719.00	1763.30	1807.40	1850.68	1907.80	1983.38	2047.16	2133.20	2228.04	
2354.26	2528.08	2719.02	2908.38	3104.36	3291.66	3445.08	3540.08	3586.36	3618.32	3633.32	3646.58	3649.10	3651.80	3663.96	3674.80	
3677.74	3706.94	3713.04	3707.66	3711.26	3710.60	3714.62	3710.68	3718.12	3723.88	3720.10	3720.26	3725.82	3720.62	3717.38	3725.00	
3725.92	3726.20	3731.48	3729.40	3728.22	3726.48	3724.96	3727.28	3731.72	3730.68	3735.36	3730.98	3736.66	3735.30	3734.30	3740.72	
3738.04	3744.02	3744.80	3737.76	3744.36	3743.28	3742.16	3745.10	3745.12	3751.80	3747.10	3744.96	3747.46	3748.78	3751.54	3751.88	
3753.54	3619.42	3700.80	3737.32	3738.22	3742.94	3743.94	3752.64	3751.16	3744.70	3744.48	3742.94	3744.64	3747.14	3738.56	3740.56	
3739.84	3738.98	3731.30	3731.10	3737.92	3733.00	3730.90	3729.98	3730.82	3727.38	3726.74	3727.72	3732.42	3733.88	3747.90	3705.88	

*******************************************2025/07/21;15:45:34
Probe number 117
Concentration entered by User 4.72% (Compensated: 5.13% at temperature 25.6)
1270.64	1287.50	1298.42	1310.46	1322.60	1332.86	1345.96	1358.10	1371.86	1387.50	1406.74	1426.50	1445.50	1465.30	1484.52	1498.88	
1514.82	1542.96	1571.08	1607.46	1637.76	1665.12	1687.72	1724.02	1764.14	1804.86	1850.42	1907.86	1974.80	2037.58	2121.80	2226.46	
2360.04	2527.62	2725.62	2913.76	3096.44	3275.16	3433.02	3531.10	3578.96	3613.22	3630.42	3643.80	3646.40	3649.30	3661.54	3672.34	
3674.72	3704.86	3710.50	3706.36	3709.30	3708.88	3712.60	3709.36	3716.06	3721.76	3718.08	3718.26	3723.98	3718.48	3715.26	3723.02	
3723.64	3724.18	3729.66	3727.38	3726.22	3724.30	3722.78	3724.88	3729.52	3728.40	3733.56	3729.10	3734.68	3733.16	3732.12	3738.72	
3736.06	3742.34	3743.00	3735.66	3742.14	3741.40	3739.92	3743.00	3743.16	3749.86	3745.32	3743.14	3745.56	3747.20	3749.68	3749.98	
3751.74	3616.16	3698.20	3735.66	3736.34	3741.12	3741.74	3750.78	3749.30	3742.68	3742.34	3741.12	3742.66	3745.18	3736.90	3738.82	
3738.02	3736.68	3728.84	3728.94	3735.66	3730.92	3728.82	3728.12	3728.90	3725.56	3724.62	3725.30	3730.54	3731.72	3746.32	3703.42	

*******************************************2025/07/21;15:46:04
Probe number 118
Concentration entered by User 4.66% (Compensated: 5.06% at temperature 25.6)
1270.70	1287.84	1298.36	1310.46	1321.68	1333.58	1346.82	1358.34	1373.22	1388.32	1406.82	1427.08	1445.24	1466.88	1485.52	1498.94	
1515.34	1542.66	1571.46	1608.20	1637.82	1665.32	1688.32	1722.26	1761.86	1806.42	1855.10	1908.92	1977.14	2037.62	2117.80	2222.92	
2365.22	2531.38	2719.34	2914.24	3099.02	3290.20	3451.00	3543.48	3588.02	3620.58	3635.50	3648.04	3649.36	3651.98	3663.82	3674.52	
3676.42	3706.62	3712.00	3707.32	3711.04	3710.12	3713.84	3710.24	3717.22	3723.24	3719.48	3720.02	3725.34	3720.02	3716.36	3724.12	
3725.04	3725.56	3730.64	3728.76	3727.36	3725.76	3724.14	3725.92	3730.82	3729.82	3734.74	3730.90	3736.08	3734.66	3733.42	3740.20	
3737.20	3742.92	3744.32	3736.94	3743.92	3742.84	3740.94	3744.50	3744.62	3750.90	3746.48	3744.20	3746.82	3748.26	3750.88	3751.34	
3753.18	3618.08	3699.80	3736.92	3737.56	3742.26	3743.20	3751.94	3750.32	3743.88	3743.76	3742.46	3744.08	3746.46	3738.00	3740.10	
3739.32	3738.32	3730.28	3730.22	3737.14	3732.28	3730.28	3729.14	3730.16	3726.76	3726.00	3727.14	3731.88	3733.20	3747.62	3704.98	

*******************************************2025/07/21;15:46:34
Probe number 119
Concentration entered by User 4.71% (Compensated: 5.11% at temperature 25.6)
1271.40	1289.26	1299.38	1311.26	1322.12	1333.72	1346.98	1358.86	1372.28	1387.46	1406.70	1427.08	1446.14	1465.94	1485.08	1498.22	
1516.58	1544.82	1572.84	1610.32	1639.30	1665.78	1689.14	1721.66	1765.00	1809.42	1852.86	1900.94	1974.78	2042.52	2124.48	2224.16	
2354.16	2516.78	2701.36	2895.48	3088.58	3280.54	3440.32	3536.14	3583.40	3616.74	3632.56	3645.44	3648.16	3650.52	3663.00	3673.40	
3676.10	3705.58	3711.22	3707.08	3710.40	3709.30	3713.66	3709.86	3716.72	3722.96	3719.40	3719.46	3725.06	3719.52	3716.14	3723.86	
3724.52	3725.26	3730.28	3728.60	3727.26	3725.48	3723.66	3726.06	3730.14	3729.66	3734.48	3730.30	3735.86	3734.46	3732.80	3739.58	
3737.36	3742.96	3744.02	3736.68	3743.48	3742.58	3740.96	3744.02	3744.22	3750.92	3746.48	3744.26	3746.42	3748.10	3750.62	3750.86	
3752.70	3618.10	3699.46	3736.54	3737.48	3742.00	3743.00	3751.66	3750.26	3743.80	3743.26	3742.30	3744.10	3746.44	3737.72	3740.34	
3738.72	3738.20	3730.42	3730.02	3736.96	3732.14	3730.14	3729.44	3730.00	3726.84	3725.66	3726.56	3731.42	3732.72	3747.38	3704.74	

*******************************************2025/07/21;15:47:04
Probe number 120
Concentration entered by User 4.76% (Compensated: 5.16% at temperature 25.6)
1270.72	1287.76	1298.94	1311.78	1323.26	1334.30	1347.56	1358.88	1374.38	1389.60	1408.30	1427.28	1446.06	1467.26	1485.96	1499.76	
1517.52	1546.92	1574.78	1608.62	1638.02	1664.98	1689.18	1723.30	1765.28	1807.82	1850.98	1910.22	1980.92	2044.02	2125.48	2221.24	
2356.84	2521.34	2704.74	2892.08	3080.50	3269.44	3431.66	3533.00	3581.88	3613.52	3629.42	3642.78	3645.28	3649.16	3661.06	3672.52	
3675.46	3705.38	3710.98	3706.46	3709.60	3709.34	3712.82	3709.04	3716.36	3722.72	3719.00	3719.00	3724.76	3719.28	3716.08	3723.74	
3724.46	3725.02	3730.30	3728.12	3726.78	3725.30	3723.52	3725.74	3730.10	3728.96	3734.04	3729.92	3735.72	3734.04	3732.72	3739.64	
3736.94	3742.60	3743.58	3736.40	3743.08	3742.58	3740.60	3743.94	3743.64	3750.58	3746.12	3743.70	3746.32	3747.84	3750.60	3750.76	
3752.38	3617.68	3699.16	3736.32	3737.22	3741.78	3742.70	3751.46	3750.00	3743.48	3743.50	3742.24	3743.58	3746.22	3737.14	3739.78	
3738.68	3738.28	3729.98	3729.80	3736.74	3731.82	3729.82	3728.92	3729.56	3726.24	3725.34	3726.48	3731.36	3732.84	3746.90	3704.42	

*******************************************2025/07/21;15:47:34
Probe number 121
Concentration entered by User 4.77% (Compensated: 5.17% at temperature 25.6)
1272.14	1289.28	1300.30	1311.86	1323.18	1333.64	1347.72	1359.90	1374.04	1389.54	1408.58	1427.88	1448.06	1468.10	1486.08	1500.72	
1517.20	1543.96	1572.70	1608.42	1637.10	1664.50	1697.24	1733.84	1773.20	1811.92	1854.20	1906.94	1979.14	2046.24	2128.62	2234.56	
2368.20	2530.76	2702.94	2890.78	3084.00	3266.78	3427.68	3530.96	3580.02	3614.12	3630.52	3644.42	3647.32	3650.30	3663.80	3675.02	
3677.52	3706.90	3712.84	3708.26	3711.02	3711.30	3714.88	3711.50	3718.28	3724.22	3721.02	3721.08	3726.40	3721.06	3717.74	3725.44	
3726.24	3727.08	3732.14	3729.76	3729.00	3727.06	3725.54	3727.54	3732.14	3731.02	3735.88	3731.98	3737.40	3735.60	3734.50	3741.38	
3738.84	3744.22	3745.56	3738.32	3744.54	3743.76	3742.16	3745.40	3745.52	3752.32	3747.86	3745.60	3747.86	3749.52	3752.12	3752.18	
3753.92	3620.20	3701.26	3738.28	3738.88	3743.46	3744.20	3753.14	3751.56	3745.06	3745.16	3743.92	3745.28	3747.52	3739.56	3742.14	
3740.24	3739.62	3731.88	3731.68	3738.38	3733.54	3731.62	3730.66	3731.58	3728.28	3727.62	3728.50	3733.08	3734.58	3748.52	3706.50	

*******************************************2025/07/21;15:48:04
Probe number 122
Concentration entered by User 4.70% (Compensated: 5.10% at temperature 25.6)
1271.10	1288.80	1298.74	1311.36	1323.78	1335.94	1349.16	1360.94	1375.40	1389.58	1408.80	1428.66	1448.58	1470.18	1489.16	1501.74	
1517.18	1545.28	1574.54	1614.18	1642.74	1668.52	1692.12	1725.56	1770.84	1810.94	1853.44	1911.74	1989.02	2050.38	2122.48	2217.00	
2348.22	2508.78	2701.76	2902.08	3091.58	3279.58	3441.90	3539.02	3585.80	3616.40	3632.00	3645.56	3647.58	3650.56	3663.48	3674.04	
3676.68	3706.30	3712.40	3707.12	3710.94	3710.44	3714.24	3710.64	3717.90	3724.28	3720.24	3720.20	3725.90	3720.68	3717.44	3725.42	
3725.84	3726.44	3731.76	3729.36	3728.58	3726.62	3724.96	3727.34	3731.84	3730.48	3735.46	3731.78	3737.16	3735.56	3734.20	3741.08	
3738.42	3744.06	3744.94	3737.74	3744.24	3743.52	3741.74	3745.08	3745.20	3752.08	3747.66	3745.34	3747.56	3749.20	3751.62	3751.90	
3753.74	3619.84	3701.16	3737.68	3738.72	3743.34	3743.94	3752.98	3751.22	3744.72	3744.78	3743.62	3745.14	3747.66	3738.98	3741.24	
3740.08	3739.14	3731.68	3731.68	3738.24	3733.58	3731.02	3730.50	3731.20	3727.98	3726.98	3728.08	3732.68	3734.16	3748.24	3706.18	

*******************************************2025/07/21;15:48:34
Probe number 123
Concentration entered by User 4.72% (Compensated: 5.12% at temperature 25.7)
1271.08	1287.68	1298.40	1311.36	1322.78	1335.68	1348.24	1359.34	1373.96	1388.80	1408.70	1429.80	1447.58	1467.74	1486.92	1500.06	
1517.52	1545.20	1574.04	1611.92	1642.12	1667.48	1693.38	1728.46	1772.26	1813.42	1861.52	1919.28	1987.80	2041.86	2122.20	2227.00	
2357.86	2512.50	2693.18	2898.20	3092.66	3275.46	3437.28	3537.22	3586.52	3618.88	3633.10	3646.22	3648.26	3651.76	3664.00	3674.92	
3677.40	3706.36	3712.52	3708.28	3711.32	3710.92	3714.26	3710.72	3718.06	3723.96	3720.30	3720.24	3725.78	3720.66	3717.30	3724.78	
3725.54	3726.08	3731.60	3729.30	3728.36	3726.52	3724.96	3726.76	3731.24	3730.50	3735.30	3731.32	3736.90	3735.38	3733.84	3740.84	
3738.04	3743.80	3744.80	3737.72	3744.10	3743.38	3741.66	3745.16	3745.14	3751.66	3746.90	3744.96	3747.36	3748.86	3751.54	3751.98	
3753.52	3618.88	3700.92	3737.44	3738.36	3743.12	3743.80	3752.50	3750.90	3744.60	3744.40	3743.48	3744.94	3747.16	3738.76	3740.84	
3739.52	3739.06	3731.16	3730.96	3737.86	3732.98	3730.82	3730.34	3730.86	3727.42	3726.56	3727.80	3732.40	3734.04	3748.26	3705.72	

*******************************************2025/07/21;15:49:04
Probe number 124
Concentration entered by User 4.74% (Compensated: 5.15% at temperature 25.7)
1273.22	1289.58	1300.86	1312.94	1324.18	1335.88	1349.40	1360.94	1376.14	1390.18	1409.84	1429.24	1448.64	1468.36	1488.16	1504.32	
1520.10	1547.58	1574.22	1611.22	1640.56	1669.74	1699.58	1735.06	1779.62	1822.44	1860.02	1912.08	1980.92	2046.60	2130.92	2234.26	
2370.12	2534.02	2715.78	2893.06	3082.76	3272.70	3436.62	3536.62	3585.96	3618.36	3634.96	3648.60	3651.96	3654.88	3667.64	3678.22	
3680.70	3710.16	3716.08	3711.58	3715.32	3714.36	3717.98	3714.52	3721.24	3727.30	3723.68	3723.70	3729.10	3724.12	3720.92	3728.34	
3729.12	3729.92	3734.74	3732.80	3731.84	3729.92	3728.34	3730.44	3735.08	3733.86	3738.60	3734.70	3740.08	3738.58	3737.16	3744.06	
3741.42	3746.90	3748.06	3740.96	3747.62	3746.78	3744.94	3748.08	3747.92	3754.92	3750.50	3748.50	3750.52	3752.26	3754.54	3754.84	
3756.42	3624.04	3704.74	3740.72	3741.60	3746.26	3747.14	3755.50	3754.30	3747.68	3747.94	3746.44	3747.90	3750.28	3742.08	3744.40	
3742.90	3742.36	3734.60	3734.26	3741.02	3736.48	3734.50	3734.04	3734.38	3731.24	3730.38	3731.32	3736.20	3737.24	3751.26	3709.94	

*******************************************2025/07/21;15:49:34
Probe number 125
Concentration entered by User 4.66% (Compensated: 5.07% at temperature 25.7)
1271.70	1289.66	1300.34	1312.36	1324.28	1335.46	1347.54	1358.42	1374.00	1390.42	1409.48	1427.62	1447.26	1469.86	1487.70	1500.66	
1519.06	1546.20	1571.64	1609.86	1640.96	1669.14	1693.16	1729.74	1774.80	1817.14	1856.40	1909.28	1982.36	2046.44	2137.72	2243.96	
2361.82	2512.22	2702.60	2907.58	3109.98	3291.88	3441.16	3537.70	3584.96	3617.50	3632.98	3645.72	3648.14	3651.16	3663.82	3674.62	
3676.84	3706.00	3712.12	3707.48	3710.74	3710.28	3714.34	3710.76	3717.50	3723.18	3720.32	3720.32	3725.90	3720.58	3716.74	3724.26	
3725.36	3726.10	3731.34	3729.28	3727.96	3725.84	3724.54	3726.26	3730.86	3729.98	3735.06	3730.66	3736.28	3735.00	3733.60	3740.48	
3737.82	3743.52	3744.72	3737.28	3743.72	3743.30	3741.36	3744.46	3744.60	3751.24	3747.12	3744.80	3747.18	3748.38	3751.34	3751.18	
3753.32	3618.48	3700.06	3737.00	3737.94	3742.60	3743.62	3752.12	3750.48	3744.14	3744.04	3742.74	3744.06	3746.80	3738.16	3740.92	
3739.36	3738.24	3730.68	3730.58	3737.58	3732.72	3730.82	3729.48	3730.56	3727.00	3726.36	3727.40	3731.94	3733.58	3747.90	3705.22	

*******************************************2025/07/21;15:50:04
Probe number 126
Concentration entered by User 4.57% (Compensated: 4.98% at temperature 25.8)
1269.92	1286.62	1297.58	1309.78	1321.04	1332.74	1345.78	1357.90	1372.46	1387.54	1406.08	1425.34	1445.08	1466.36	1485.70	1499.66	
1515.60	1543.72	1572.80	1608.76	1639.92	1666.58	1690.34	1723.58	1765.94	1808.22	1851.96	1909.42	1987.60	2053.40	2134.70	2237.76	
2381.28	2542.46	2725.60	2927.96	3124.34	3307.18	3461.56	3553.10	3595.16	3624.98	3637.44	3649.40	3651.56	3653.94	3666.50	3676.30	
3678.48	3707.82	3713.74	3708.66	3712.02	3711.08	3714.84	3711.28	3718.12	3723.90	3720.48	3720.64	3725.76	3720.52	3717.32	3724.70	
3725.40	3726.08	3731.18	3729.00	3727.70	3726.10	3724.56	3726.36	3730.82	3729.80	3734.56	3730.96	3736.40	3734.68	3733.36	3740.18	
3737.54	3743.04	3744.14	3737.04	3743.52	3742.32	3740.90	3744.34	3744.34	3750.94	3746.50	3744.16	3746.56	3748.52	3750.86	3750.86	
3752.62	3618.00	3699.76	3736.68	3737.74	3742.40	3743.44	3752.10	3750.18	3743.92	3743.74	3742.28	3743.86	3746.48	3737.92	3740.36	
3739.12	3738.44	3730.26	3730.36	3737.20	3732.32	3730.08	3729.52	3729.92	3726.80	3725.98	3726.90	3731.64	3733.12	3747.44	3704.64	

*******************************************2025/07/21;15:50:34
Probe number 127
Concentration entered by User 4.75% (Compensated: 5.17% at temperature 25.8)
1272.08	1289.10	1299.48	1311.32	1324.18	1336.04	1349.32	1360.62	1375.84	1390.84	1408.58	1429.22	1448.52	1469.54	1488.28	1502.76	
1520.82	1545.04	1575.00	1614.86	1644.52	1671.30	1696.60	1728.60	1773.60	1820.54	1864.00	1916.66	1980.12	2042.32	2127.26	2228.10	
2360.44	2515.12	2687.62	2872.46	3076.08	3268.10	3439.74	3540.32	3584.58	3616.92	3632.00	3645.76	3648.70	3652.24	3664.52	3675.12	
3677.36	3707.10	3712.70	3708.54	3712.28	3711.54	3715.54	3711.82	3718.44	3724.64	3721.12	3720.98	3726.44	3721.40	3717.94	3725.12	
3726.40	3727.16	3731.94	3730.26	3728.60	3726.86	3725.22	3727.36	3731.52	3730.66	3735.78	3731.58	3737.38	3736.02	3734.72	3741.34	
3738.90	3744.08	3745.26	3738.24	3744.78	3743.88	3742.28	3745.52	3745.60	3752.04	3747.96	3745.14	3748.00	3749.26	3751.98	3752.18	
3753.96	3619.96	3701.40	3737.90	3738.60	3743.36	3744.44	3753.04	3751.44	3744.92	3745.24	3743.68	3745.06	3747.54	3739.40	3741.36	
3740.22	3739.30	3731.88	3731.38	3738.38	3733.46	3731.42	3730.90	3731.32	3727.92	3727.58	3728.30	3733.14	3734.44	3748.50	3706.32	

*******************************************2025/07/21;15:51:04
Probe number 128
Concentration entered by User 4.60% (Compensated: 5.02% at temperature 25.9)
1272.12	1289.72	1300.72	1313.42	1324.96	1335.52	1348.98	1361.02	1375.36	1390.86	1409.70	1429.28	1446.84	1467.28	1487.56	1501.76	
1517.02	1544.94	1577.32	1613.46	1643.38	1670.38	1693.90	1728.02	1773.10	1816.12	1860.92	1912.14	1983.02	2045.34	2132.44	2232.88	
2367.42	2535.12	2731.26	2931.68	3119.12	3300.56	3454.10	3550.66	3597.12	3626.90	3640.16	3652.08	3654.44	3657.58	3669.34	3679.60	
3681.86	3711.02	3716.46	3711.44	3715.00	3714.18	3717.64	3713.94	3720.98	3727.02	3723.30	3723.40	3728.66	3723.52	3720.36	3727.90	
3728.64	3729.36	3734.34	3731.74	3730.78	3728.86	3727.26	3729.42	3733.92	3732.84	3737.90	3733.88	3739.14	3737.52	3736.40	3743.16	
3740.26	3746.28	3747.10	3739.98	3746.44	3745.66	3744.06	3747.00	3747.16	3753.74	3749.52	3747.14	3749.34	3751.16	3753.52	3753.78	
3755.58	3622.48	3703.52	3739.66	3740.56	3745.08	3746.18	3754.72	3753.00	3746.94	3746.78	3745.36	3746.64	3749.36	3741.04	3743.00	
3741.96	3741.04	3733.56	3733.32	3740.44	3735.24	3733.50	3732.56	3733.40	3730.08	3729.40	3730.36	3734.68	3736.14	3750.56	3708.46	

*******************************************2025/07/21;15:51:34
Probe number 129
Concentration entered by User 4.66% (Compensated: 5.08% at temperature 25.9)
1269.92	1287.12	1298.02	1310.06	1322.16	1333.66	1347.34	1359.72	1374.10	1388.28	1406.86	1427.00	1446.58	1467.52	1486.12	1500.06	
1515.24	1543.02	1572.36	1610.30	1642.12	1667.54	1692.56	1728.34	1771.46	1816.32	1860.24	1918.04	1993.64	2059.36	2138.36	2235.66	
2368.56	2530.90	2711.36	2902.66	3098.24	3289.34	3451.00	3544.34	3587.08	3618.02	3633.58	3646.32	3648.76	3650.80	3663.22	3673.78	
3676.12	3706.56	3711.36	3706.32	3710.20	3709.84	3713.56	3709.70	3716.58	3722.54	3718.86	3718.72	3724.58	3719.10	3716.04	3723.66	
3724.14	3725.08	3729.94	3727.34	3726.54	3724.50	3723.14	3724.86	3729.94	3728.94	3733.36	3729.66	3735.00	3733.56	3731.90	3738.88	
3736.30	3742.22	3743.38	3735.98	3742.68	3741.60	3740.00	3743.70	3743.26	3750.36	3745.48	3743.36	3745.92	3747.34	3749.86	3750.22	
3751.90	3616.62	3698.86	3735.72	3736.74	3741.28	3742.24	3750.88	3749.52	3742.86	3742.94	3741.66	3742.92	3745.50	3736.90	3739.14	
3738.06	3737.20	3729.06	3729.08	3736.20	3731.18	3729.02	3728.38	3729.10	3725.78	3725.04	3726.02	3730.50	3731.96	3746.58	3703.82	

*******************************************2025/07/21;15:52:04
Probe number 130
Concentration entered by User 4.65% (Compensated: 5.07% at temperature 25.9)
1272.38	1289.52	1299.88	1312.20	1323.52	1335.12	1347.90	1359.60	1374.16	1389.78	1408.84	1428.72	1447.66	1469.30	1489.16	1503.64	
1519.58	1546.58	1577.00	1615.36	1643.18	1667.74	1689.86	1724.92	1770.90	1818.82	1862.88	1923.38	1994.08	2054.10	2140.30	2237.06	
2368.68	2532.80	2711.02	2903.70	3107.78	3295.76	3447.52	3544.12	3592.12	3623.56	3637.18	3649.42	3652.64	3655.86	3667.72	3678.24	
3680.40	3709.84	3714.74	3710.02	3713.98	3713.68	3717.58	3713.58	3720.22	3726.62	3722.66	3722.64	3728.28	3722.86	3719.74	3727.00	
3727.72	3728.34	3733.20	3730.90	3729.86	3728.24	3726.52	3728.50	3733.00	3732.02	3736.54	3733.02	3738.18	3736.76	3735.10	3742.32	
3739.64	3745.40	3746.24	3739.22	3745.74	3744.92	3743.24	3746.70	3746.36	3752.92	3748.60	3746.40	3749.06	3750.52	3752.84	3752.82	
3754.92	3621.46	3702.28	3738.98	3739.72	3744.32	3745.32	3753.92	3752.28	3746.04	3745.90	3744.50	3746.22	3748.72	3740.32	3742.40	
3741.42	3740.40	3732.54	3732.54	3739.20	3734.40	3732.80	3731.90	3732.34	3729.10	3728.32	3729.30	3734.00	3735.58	3749.56	3707.36	

*******************************************2025/07/21;15:52:34
Probe number 131
Concentration entered by User 4.74% (Compensated: 5.16% at temperature 25.9)
1271.44	1288.72	1299.80	1312.02	1323.82	1334.92	1348.52	1361.06	1375.72	1391.30	1410.16	1429.42	1448.00	1470.64	1486.46	1500.30	
1520.50	1548.22	1577.70	1613.44	1642.58	1671.78	1696.14	1733.92	1776.42	1820.86	1862.96	1912.78	1984.64	2056.68	2139.56	2233.56	
2365.62	2525.70	2711.82	2906.20	3084.00	3270.00	3438.52	3538.00	3585.74	3617.90	3632.72	3646.14	3648.74	3651.56	3663.80	3674.18	
3677.36	3707.04	3712.14	3707.90	3711.10	3710.50	3714.10	3709.86	3717.34	3723.50	3720.10	3720.12	3725.20	3720.20	3716.94	3724.54	
3724.98	3725.66	3730.90	3728.82	3727.46	3725.52	3723.88	3726.34	3730.74	3730.08	3734.92	3730.58	3736.30	3735.04	3733.48	3740.14	
3737.34	3743.24	3744.28	3737.06	3743.56	3742.98	3741.18	3744.38	3744.42	3751.10	3746.54	3744.52	3746.88	3748.26	3751.10	3751.22	
3752.88	3618.40	3699.66	3736.92	3737.62	3742.30	3743.24	3752.38	3750.46	3744.16	3744.06	3742.64	3744.18	3746.70	3738.00	3740.34	
3739.30	3738.22	3730.48	3730.60	3737.12	3732.56	3730.36	3729.66	3730.42	3727.20	3726.10	3727.02	3731.84	3733.46	3747.76	3704.86	

*******************************************2025/07/21;15:53:04
Probe number 132
Concentration entered by User 4.71% (Compensated: 5.13% at temperature 25.9)
1270.58	1287.14	1297.94	1310.36	1322.30	1334.16	1347.54	1359.10	1374.36	1389.30	1408.46	1428.34	1447.06	1469.12	1488.08	1501.14	
1517.40	1545.44	1574.54	1611.50	1640.92	1665.30	1691.46	1726.38	1768.60	1813.52	1857.70	1913.34	1991.08	2063.28	2152.00	2249.82	
2373.58	2540.04	2724.42	2909.38	3093.98	3277.98	3439.28	3538.88	3586.50	3618.12	3633.16	3645.96	3648.52	3652.14	3664.46	3675.36	
3677.44	3707.22	3712.04	3707.68	3711.38	3710.28	3714.00	3710.94	3717.58	3723.40	3719.90	3719.70	3725.14	3719.98	3716.50	3724.46	
3724.62	3725.42	3730.60	3728.54	3727.08	3725.36	3723.74	3725.92	3730.54	3729.52	3734.54	3730.18	3735.70	3734.00	3733.02	3739.88	
3737.16	3743.20	3743.96	3736.58	3743.20	3742.58	3740.76	3744.34	3744.24	3750.70	3746.22	3743.90	3746.68	3748.26	3750.46	3750.74	
3752.56	3617.62	3699.56	3736.50	3737.30	3741.94	3742.72	3752.04	3750.16	3743.62	3743.60	3742.38	3743.96	3746.30	3737.58	3739.80	
3738.72	3737.98	3730.22	3729.72	3736.80	3731.80	3729.90	3729.28	3729.94	3726.36	3725.72	3726.68	3731.48	3732.72	3747.28	3704.38	

*******************************************2025/07/21;15:53:34
Probe number 133
Concentration entered by User 4.68% (Compensated: 5.11% at temperature 25.9)
1271.96	1288.98	1299.38	1311.44	1324.58	1336.92	1349.68	1362.32	1377.20	1391.50	1410.54	1430.38	1450.02	1470.92	1488.64	1503.26	
1521.44	1548.04	1574.62	1613.36	1645.38	1672.12	1694.06	1727.54	1776.14	1821.72	1862.46	1913.32	1982.56	2055.36	2145.42	2230.82	
2365.54	2537.76	2728.14	2915.84	3103.30	3284.32	3441.14	3536.74	3584.20	3617.18	3631.84	3645.46	3648.30	3651.20	3662.62	3673.20	
3675.66	3705.64	3710.86	3706.20	3709.88	3709.60	3713.42	3709.40	3716.42	3722.74	3718.62	3719.04	3724.82	3719.10	3716.04	3723.86	
3724.34	3725.24	3729.96	3727.92	3726.78	3724.90	3723.44	3725.56	3729.98	3728.88	3733.78	3730.12	3735.28	3733.96	3732.58	3739.58	
3736.72	3742.48	3743.48	3736.00	3742.74	3742.26	3740.56	3743.58	3743.50	3750.20	3746.06	3743.78	3746.20	3747.50	3750.32	3750.72	
3752.18	3616.54	3698.86	3736.34	3736.96	3741.66	3742.32	3751.30	3749.72	3743.14	3743.18	3741.90	3743.16	3745.90	3737.24	3739.84	
3738.50	3737.56	3729.74	3729.74	3736.52	3731.88	3729.70	3728.88	3729.70	3726.54	3725.38	3726.04	3731.16	3732.64	3746.90	3704.40	

*******************************************2025/07/21;15:54:04
Probe number 134
Concentration entered by User 4.65% (Compensated: 5.07% at temperature 25.9)
1270.48	1287.62	1298.70	1310.92	1323.02	1335.26	1348.36	1359.88	1373.96	1388.40	1407.38	1427.02	1445.76	1466.94	1485.38	1499.30	
1516.46	1543.92	1575.02	1614.42	1644.22	1667.86	1692.30	1728.58	1772.76	1814.74	1856.22	1906.98	1978.82	2053.12	2144.34	2249.34	
2383.14	2546.36	2725.84	2913.82	3103.48	3294.38	3449.46	3543.02	3588.16	3619.44	3633.76	3647.42	3650.36	3652.68	3664.84	3675.52	
3677.16	3706.58	3711.74	3706.80	3710.50	3710.14	3713.74	3709.90	3716.90	3722.54	3719.36	3719.50	3724.70	3719.60	3716.18	3723.66	
3724.30	3724.86	3730.38	3728.20	3726.80	3725.16	3723.36	3725.40	3730.02	3728.88	3734.24	3729.86	3735.06	3733.80	3732.62	3739.40	
3736.56	3742.48	3743.42	3735.94	3742.52	3742.24	3740.14	3743.50	3743.74	3750.00	3745.66	3743.44	3746.00	3747.50	3750.02	3750.26	
3752.02	3616.22	3698.64	3735.76	3736.90	3741.42	3742.36	3751.32	3749.66	3742.78	3742.88	3741.76	3743.44	3745.60	3737.08	3739.60	
3738.18	3737.32	3729.46	3729.52	3736.40	3731.18	3729.36	3728.62	3729.42	3725.80	3725.10	3726.00	3730.86	3732.56	3746.54	3703.88	

*******************************************2025/07/21;15:54:34
Probe number 135
Concentration entered by User 4.63% (Compensated: 5.05% at temperature 25.9)
1272.36	1289.46	1300.34	1312.30	1324.58	1336.96	1349.98	1361.28	1375.02	1391.00	1411.42	1431.70	1450.94	1472.06	1491.04	1503.06	
1519.10	1548.40	1579.14	1617.22	1644.10	1670.40	1694.54	1729.68	1779.82	1823.80	1862.30	1918.02	1990.58	2057.94	2144.50	2238.94	
2372.10	2543.34	2734.50	2916.54	3106.22	3296.52	3454.76	3550.68	3595.88	3625.50	3639.58	3652.04	3654.06	3657.28	3669.08	3679.66	
3682.30	3711.44	3715.84	3711.46	3715.34	3714.44	3717.84	3714.36	3721.30	3727.14	3723.92	3723.62	3729.28	3724.28	3720.56	3728.02	
3728.50	3729.32	3733.80	3731.74	3730.86	3729.34	3726.94	3729.76	3733.98	3732.74	3737.94	3733.80	3739.08	3737.96	3736.04	3743.28	
3740.46	3745.96	3747.16	3739.90	3746.30	3745.70	3743.94	3747.14	3747.32	3753.86	3749.26	3747.12	3749.68	3751.20	3753.62	3753.64	
3755.52	3622.58	3703.56	3740.04	3740.60	3745.40	3745.94	3754.46	3753.30	3746.78	3746.76	3745.32	3747.04	3749.34	3740.80	3743.38	
3742.10	3741.12	3733.36	3733.58	3740.20	3735.42	3733.20	3732.78	3733.26	3729.98	3729.22	3729.96	3734.90	3736.24	3750.10	3708.46	

*******************************************2025/07/21;15:55:04
Probe number 136
Concentration entered by User 4.75% (Compensated: 5.18% at temperature 25.9)
1272.28	1289.26	1300.08	1312.22	1324.22	1336.44	1351.44	1362.70	1376.34	1391.62	1409.36	1430.10	1449.78	1470.72	1489.36	1503.26	
1519.84	1547.28	1580.00	1618.20	1645.42	1673.18	1697.86	1731.20	1778.46	1824.34	1862.18	1916.38	1987.26	2048.08	2129.48	2237.22	
2371.90	2518.02	2691.32	2892.38	3088.00	3268.06	3431.56	3531.02	3581.34	3615.34	3631.12	3645.28	3648.14	3650.92	3663.30	3673.76	
3677.00	3706.54	3711.92	3707.30	3710.84	3710.46	3714.08	3710.96	3717.38	3723.34	3720.00	3719.80	3725.62	3720.20	3717.20	3724.72	
3725.18	3726.02	3730.98	3728.92	3727.86	3725.66	3724.06	3726.50	3731.20	3730.20	3735.06	3730.72	3736.46	3734.64	3733.46	3740.22	
3737.66	3743.12	3744.38	3736.94	3743.54	3743.12	3741.46	3744.56	3744.56	3751.02	3746.80	3744.56	3747.14	3748.30	3751.18	3751.06	
3752.78	3618.30	3700.38	3737.10	3737.80	3742.38	3743.56	3752.24	3750.50	3744.02	3744.20	3742.64	3744.56	3746.64	3738.16	3740.58	
3739.54	3738.72	3730.64	3730.48	3737.30	3732.46	3730.50	3729.86	3730.40	3727.00	3726.38	3727.46	3732.22	3733.54	3748.00	3705.34	

*******************************************2025/07/21;15:55:34
Probe number 137
Concentration entered by User 4.67% (Compensated: 5.09% at temperature 25.9)
1272.74	1289.84	1301.22	1314.04	1325.24	1336.88	1349.96	1361.70	1376.46	1391.56	1411.14	1431.26	1450.10	1471.94	1489.78	1504.04	
1520.72	1548.62	1579.76	1616.86	1648.24	1675.58	1699.92	1735.78	1780.50	1822.76	1865.58	1918.84	1990.50	2061.04	2145.04	2248.92	
2379.18	2535.74	2715.50	2899.86	3094.82	3288.98	3451.10	3547.72	3593.78	3623.94	3637.42	3650.92	3653.32	3657.00	3669.32	3679.06	
3681.32	3710.54	3715.68	3711.00	3715.06	3714.08	3717.86	3714.00	3721.02	3726.86	3723.22	3723.48	3728.64	3723.26	3720.52	3727.76	
3728.32	3729.02	3733.96	3731.82	3730.50	3728.88	3727.34	3729.04	3733.58	3732.84	3737.84	3733.36	3739.20	3737.60	3736.34	3742.74	
3739.96	3745.80	3746.72	3739.82	3746.28	3745.40	3744.02	3746.94	3747.16	3753.70	3749.04	3746.60	3749.48	3751.04	3753.40	3753.48	
3755.04	3622.42	3703.12	3739.64	3740.38	3744.98	3745.74	3754.44	3752.80	3746.62	3746.60	3745.22	3746.36	3749.14	3740.92	3742.84	
3741.78	3741.16	3733.44	3733.00	3739.98	3735.02	3733.68	3732.40	3733.26	3729.80	3728.98	3730.08	3734.66	3736.18	3750.04	3708.42	

*******************************************2025/07/21;15:56:04
Probe number 138
Concentration entered by User 4.69% (Compensated: 5.10% at temperature 25.8)
1271.64	1289.14	1300.22	1313.04	1324.34	1335.34	1348.34	1361.40	1376.64	1391.70	1410.08	1430.62	1450.20	1471.28	1489.54	1504.36	
1522.18	1549.80	1577.26	1615.46	1648.00	1674.88	1700.32	1736.56	1777.00	1815.24	1858.70	1917.42	1989.42	2054.84	2141.06	2247.22	
2375.64	2528.58	2717.44	2906.82	3093.58	3284.36	3445.74	3540.52	3587.08	3618.12	3634.26	3647.80	3649.92	3653.38	3665.56	3675.38	
3677.54	3707.36	3712.64	3708.00	3711.66	3711.34	3715.26	3711.42	3718.30	3723.66	3720.28	3720.26	3725.78	3720.80	3717.52	3725.10	
3725.56	3726.32	3731.18	3728.96	3727.98	3726.12	3724.54	3726.62	3731.08	3729.98	3735.10	3731.18	3736.46	3735.02	3733.54	3740.46	
3737.90	3743.54	3744.40	3737.38	3743.68	3743.10	3741.34	3744.76	3744.94	3751.48	3746.84	3744.62	3747.34	3748.74	3751.24	3751.34	
3753.20	3618.38	3700.34	3737.42	3737.78	3742.54	3743.42	3752.36	3750.86	3744.32	3744.40	3742.84	3744.56	3746.96	3738.26	3740.74	
3739.46	3738.82	3730.62	3730.70	3737.86	3732.58	3730.84	3729.88	3731.12	3727.52	3726.78	3727.74	3731.98	3733.52	3747.96	3705.16	

*******************************************2025/07/21;15:56:34
Probe number 139
Concentration entered by User 4.71% (Compensated: 5.13% at temperature 25.8)
1272.04	1289.70	1300.20	1312.86	1323.72	1335.20	1349.30	1360.78	1375.78	1391.56	1410.36	1430.36	1448.58	1469.34	1488.28	1503.30	
1519.56	1547.72	1577.84	1619.10	1647.48	1675.56	1701.26	1737.54	1779.96	1822.22	1865.26	1917.92	1985.18	2049.04	2141.16	2246.68	
2371.74	2535.10	2719.76	2904.30	3093.04	3278.42	3439.30	3537.86	3583.94	3614.50	3629.60	3644.46	3646.70	3650.14	3662.74	3673.46	
3676.42	3705.80	3711.14	3706.46	3709.76	3709.40	3713.74	3710.22	3716.96	3722.46	3718.72	3718.88	3724.62	3719.24	3716.08	3724.02	
3724.26	3724.84	3729.70	3727.64	3726.38	3724.56	3723.18	3724.96	3729.74	3728.66	3733.70	3729.40	3734.92	3733.52	3732.48	3739.16	
3736.36	3742.24	3743.26	3735.92	3742.44	3742.02	3740.30	3743.14	3743.48	3750.20	3745.68	3743.14	3745.78	3747.12	3750.28	3750.02	
3751.68	3616.48	3698.62	3736.00	3736.56	3741.32	3742.02	3751.10	3749.46	3742.90	3743.04	3741.40	3742.80	3745.90	3736.88	3739.42	
3738.02	3737.50	3729.44	3729.58	3735.84	3730.96	3729.24	3728.52	3729.36	3725.54	3724.94	3726.04	3730.80	3731.98	3746.70	3703.98	

*******************************************2025/07/21;15:57:04
Probe number 140
Concentration entered by User 4.71% (Compensated: 5.12% at temperature 25.8)
1271.42	1289.16	1300.08	1312.48	1323.74	1335.22	1348.98	1360.12	1374.56	1390.44	1408.98	1428.66	1447.12	1468.76	1488.78	1502.72	
1519.14	1546.78	1577.08	1615.94	1646.26	1672.44	1698.64	1732.10	1775.52	1821.10	1865.30	1917.64	1987.88	2052.28	2139.74	2243.20	
2374.18	2535.00	2714.92	2902.22	3096.26	3279.06	3439.94	3537.26	3585.18	3617.02	3631.58	3645.44	3649.02	3651.74	3663.88	3674.80	
3676.42	3706.14	3711.30	3706.58	3710.76	3710.06	3714.02	3710.42	3717.38	3722.90	3719.60	3719.26	3725.18	3720.20	3716.46	3724.08	
3724.80	3725.30	3730.38	3727.78	3726.88	3724.92	3723.30	3725.66	3730.34	3729.20	3733.98	3730.10	3735.40	3734.10	3732.54	3739.38	
3736.62	3742.32	3743.52	3736.16	3742.48	3741.84	3740.46	3743.36	3743.58	3749.92	3745.88	3743.40	3746.26	3747.40	3750.44	3750.20	
3751.96	3616.60	3698.90	3736.04	3737.08	3741.36	3742.26	3750.98	3750.04	3742.96	3742.98	3741.44	3743.14	3745.94	3737.42	3739.66	
3738.40	3737.44	3729.92	3729.26	3736.24	3731.20	3729.56	3728.88	3729.80	3725.96	3725.40	3726.38	3731.04	3732.46	3746.50	3703.76	

*******************************************2025/07/21;15:57:34
Probe number 141
Concentration entered by User 4.70% (Compensated: 5.12% at temperature 25.8)
1272.76	1289.42	1300.06	1313.22	1325.36	1336.68	1350.26	1361.60	1377.62	1392.46	1411.32	1431.04	1450.32	1471.36	1489.36	1503.52	
1521.76	1548.42	1580.02	1619.32	1648.08	1674.58	1695.78	1730.04	1779.30	1825.96	1868.66	1921.24	1990.18	2063.12	2150.52	2252.38	
2379.86	2526.96	2701.22	2908.22	3093.50	3277.74	3441.24	3542.42	3588.92	3620.92	3635.84	3648.68	3651.24	3654.76	3666.84	3677.16	
3679.32	3708.76	3713.98	3708.98	3713.24	3713.12	3716.74	3713.24	3719.84	3725.44	3722.18	3722.40	3727.60	3722.06	3718.94	3726.52	
3727.20	3728.02	3732.80	3730.56	3729.08	3727.50	3725.82	3728.14	3732.34	3731.42	3736.34	3732.28	3737.80	3736.24	3735.16	3741.78	
3738.98	3745.12	3745.88	3738.40	3745.26	3744.44	3742.74	3746.10	3745.92	3752.40	3748.18	3746.10	3748.54	3749.98	3752.64	3752.44	
3754.38	3620.50	3701.98	3738.52	3739.48	3744.22	3744.92	3753.72	3752.14	3745.66	3745.54	3744.16	3745.74	3748.34	3739.74	3742.04	
3740.98	3740.34	3732.22	3732.26	3738.78	3733.98	3731.98	3731.28	3732.12	3728.66	3727.74	3728.84	3733.62	3735.04	3749.36	3707.14	

*******************************************2025/07/21;15:58:04
Probe number 142
Concentration entered by User 4.56% (Compensated: 4.97% at temperature 25.8)
1271.60	1288.52	1299.12	1311.16	1323.00	1334.94	1348.38	1360.64	1374.48	1388.82	1407.44	1427.32	1447.06	1468.58	1487.86	1501.84	
1518.12	1546.40	1576.76	1614.86	1645.70	1671.90	1696.60	1731.86	1776.20	1819.86	1857.82	1911.52	1985.86	2054.82	2143.66	2255.90	
2391.56	2560.80	2751.88	2939.30	3122.82	3309.00	3462.52	3556.00	3600.46	3629.80	3642.90	3655.02	3657.66	3660.42	3671.94	3681.52	
3683.28	3712.04	3716.62	3712.08	3715.50	3715.28	3718.86	3715.16	3721.72	3727.18	3723.50	3723.38	3729.26	3724.10	3720.48	3727.96	
3728.76	3728.86	3734.08	3731.88	3730.16	3728.84	3727.02	3728.86	3733.92	3732.60	3737.50	3733.40	3738.70	3737.24	3735.82	3742.56	
3739.96	3745.38	3746.48	3739.52	3745.50	3744.98	3743.36	3746.60	3746.38	3753.20	3748.64	3746.26	3749.20	3750.50	3752.80	3753.02	
3754.80	3621.42	3702.72	3739.36	3740.22	3744.58	3745.26	3754.06	3752.42	3746.10	3746.20	3744.56	3746.02	3748.46	3740.16	3742.42	
3741.60	3740.72	3732.82	3732.76	3739.34	3734.56	3732.36	3731.82	3732.54	3729.12	3728.36	3729.22	3733.98	3735.60	3749.72	3707.72	

*******************************************2025/07/21;15:58:34
Probe number 143
Concentration entered by User 4.69% (Compensated: 5.11% at temperature 25.8)
1272.76	1290.24	1301.20	1314.02	1324.66	1336.82	1350.02	1362.14	1376.30	1391.56	1411.06	1431.40	1449.68	1470.54	1489.32	1504.22	
1521.44	1548.14	1579.58	1618.62	1646.10	1670.46	1701.06	1740.06	1785.86	1827.20	1865.90	1921.50	1993.54	2055.70	2150.14	2243.50	
2369.90	2539.14	2718.68	2914.06	3107.68	3282.78	3433.76	3534.64	3584.18	3616.54	3631.80	3644.70	3648.82	3652.70	3665.46	3675.72	
3678.32	3707.44	3713.00	3708.30	3711.86	3711.46	3715.90	3712.48	3718.76	3724.62	3720.74	3721.28	3726.52	3721.46	3718.20	3725.80	
3726.30	3726.72	3731.60	3729.58	3728.68	3726.46	3724.64	3726.74	3731.48	3730.46	3735.66	3731.48	3736.84	3735.36	3734.26	3741.00	
3738.00	3743.90	3744.82	3737.66	3744.06	3743.48	3742.10	3744.82	3744.90	3751.72	3747.36	3745.18	3747.56	3749.08	3751.88	3751.86	
3753.30	3619.30	3700.80	3737.52	3738.38	3742.96	3744.08	3752.54	3751.06	3744.60	3744.84	3743.34	3744.74	3747.32	3738.66	3741.08	
3739.78	3739.16	3731.44	3730.82	3737.82	3733.00	3731.04	3730.24	3731.02	3727.40	3726.88	3727.94	3732.56	3734.06	3748.12	3705.76	

*******************************************2025/07/21;15:59:04
Probe number 144
Concentration entered by User 4.68% (Compensated: 5.09% at temperature 25.8)
1272.46	1290.22	1300.94	1313.90	1325.08	1337.26	1350.08	1362.26	1376.86	1392.50	1410.82	1429.58	1448.98	1471.32	1489.30	1504.00	
1523.44	1550.60	1580.94	1618.98	1650.06	1673.00	1697.02	1736.44	1785.90	1826.62	1867.78	1926.34	2000.54	2064.46	2142.66	2236.68	
2368.82	2523.14	2705.74	2900.88	3100.32	3286.78	3445.64	3541.46	3587.00	3620.50	3634.66	3647.94	3650.82	3653.96	3665.70	3676.06	
3678.94	3707.98	3713.06	3708.72	3712.32	3712.32	3716.04	3712.22	3719.04	3724.82	3721.34	3720.94	3726.70	3721.56	3718.10	3725.96	
3726.32	3726.68	3731.92	3729.44	3728.46	3726.92	3725.10	3727.02	3731.76	3730.68	3735.82	3731.62	3736.86	3735.68	3734.10	3741.12	
3738.50	3744.20	3744.98	3737.76	3744.32	3744.00	3742.18	3745.20	3745.12	3751.74	3747.54	3745.12	3747.86	3749.32	3751.80	3751.98	
3753.68	3619.78	3701.06	3737.92	3738.60	3743.50	3744.08	3752.80	3751.70	3744.52	3744.94	3743.44	3744.90	3747.48	3739.02	3741.22	
3740.22	3739.22	3731.34	3731.38	3738.08	3733.30	3731.50	3730.74	3731.02	3727.72	3727.52	3728.20	3732.82	3734.06	3748.48	3706.22	

*******************************************2025/07/21;15:59:34
Probe number 145
Concentration entered by User 4.63% (Compensated: 5.03% at temperature 25.7)
1273.10	1290.14	1299.88	1312.90	1325.02	1336.00	1349.20	1361.40	1376.40	1392.04	1411.14	1430.04	1449.22	1470.58	1490.06	1503.94	
1519.06	1547.26	1579.64	1617.64	1648.24	1674.40	1701.20	1736.58	1781.04	1824.84	1865.28	1919.74	1995.90	2067.64	2154.02	2253.06	
2387.22	2549.18	2731.40	2920.48	3111.74	3295.68	3452.76	3550.00	3596.92	3627.06	3639.88	3653.76	3655.68	3658.50	3670.82	3681.14	
3682.84	3711.72	3716.64	3711.92	3715.98	3715.70	3719.34	3715.88	3722.30	3728.20	3724.30	3724.72	3729.50	3724.82	3721.48	3728.88	
3729.42	3729.84	3734.84	3732.64	3731.46	3729.68	3727.82	3729.92	3734.92	3733.38	3738.30	3734.40	3739.64	3738.18	3736.62	3743.56	
3741.10	3746.32	3747.30	3740.28	3746.86	3746.04	3744.40	3747.86	3747.30	3753.84	3749.64	3747.38	3749.86	3751.36	3753.90	3753.96	
3755.68	3622.94	3703.80	3739.98	3741.14	3745.54	3746.46	3754.96	3753.40	3747.06	3747.10	3745.82	3746.92	3749.68	3741.54	3743.38	
3742.26	3741.48	3733.84	3733.70	3740.42	3735.68	3733.42	3733.06	3733.46	3730.18	3728.96	3730.34	3735.28	3736.58	3750.78	3708.82	

*******************************************2025/07/21;16:00:04
Probe number 146
Concentration entered by User 4.71% (Compensated: 5.11% at temperature 25.7)
1272.46	1289.48	1300.16	1312.92	1325.18	1337.34	1350.42	1362.50	1377.00	1391.34	1410.08	1429.62	1449.30	1470.48	1489.32	1502.56	
1522.48	1551.60	1581.02	1617.86	1647.64	1675.82	1700.10	1735.18	1782.02	1825.50	1868.28	1924.18	1995.82	2062.34	2136.82	2236.28	
2367.32	2523.62	2704.72	2901.04	3093.36	3278.72	3438.54	3538.16	3586.90	3616.98	3633.48	3646.92	3649.48	3652.96	3665.64	3676.12	
3678.04	3707.52	3712.82	3708.14	3712.08	3711.16	3715.38	3712.08	3718.60	3724.22	3720.46	3720.62	3726.28	3721.02	3717.70	3725.24	
3725.86	3726.94	3731.20	3729.36	3728.00	3725.96	3724.62	3726.34	3731.24	3730.42	3735.18	3730.92	3736.38	3735.22	3733.60	3740.46	
3737.78	3743.44	3744.36	3737.10	3743.72	3742.82	3741.48	3744.50	3744.42	3751.04	3746.66	3744.56	3747.24	3748.44	3751.10	3750.90	
3752.86	3618.22	3700.26	3737.12	3737.74	3742.40	3743.26	3752.30	3750.50	3744.22	3744.06	3742.82	3744.30	3746.76	3738.24	3740.66	
3739.42	3738.70	3730.92	3730.70	3737.24	3732.46	3730.42	3729.92	3730.64	3727.16	3726.36	3727.12	3731.96	3733.26	3747.50	3705.64	

*******************************************2025/07/21;16:00:34
Probe number 147
Concentration entered by User 4.65% (Compensated: 5.06% at temperature 25.7)
1270.86	1287.34	1297.88	1310.02	1321.74	1333.82	1346.86	1359.10	1373.30	1388.30	1407.42	1426.80	1445.02	1467.24	1486.76	1500.20	
1516.94	1544.88	1574.94	1611.84	1642.88	1670.84	1697.50	1734.36	1776.88	1821.92	1867.98	1926.02	2000.96	2063.42	2149.02	2248.34	
2383.94	2559.38	2749.62	2931.40	3110.36	3288.70	3446.36	3543.04	3589.74	3621.74	3635.52	3648.34	3650.80	3653.84	3665.96	3676.12	
3678.18	3707.24	3712.32	3707.56	3711.02	3711.16	3714.86	3710.84	3717.38	3722.96	3719.38	3719.40	3724.68	3719.34	3716.06	3723.74	
3724.26	3724.58	3729.58	3727.30	3725.86	3724.28	3722.80	3724.66	3728.92	3728.16	3733.30	3728.92	3734.32	3732.76	3731.80	3738.50	
3735.90	3741.64	3742.44	3735.12	3741.98	3741.00	3739.24	3742.56	3742.46	3749.48	3744.76	3742.66	3745.24	3746.62	3749.08	3749.18	
3750.96	3614.96	3697.70	3735.22	3735.76	3740.58	3741.44	3749.98	3748.38	3742.06	3742.02	3740.54	3741.90	3744.60	3736.24	3738.14	
3737.34	3736.02	3728.56	3728.26	3735.12	3730.20	3728.30	3727.60	3728.24	3724.68	3723.68	3724.78	3729.56	3730.90	3745.56	3702.40	

*******************************************2025/07/21;16:01:04
Probe number 148
Concentration entered by User 4.69% (Compensated: 5.09% at temperature 25.7)
1271.32	1288.48	1299.24	1311.76	1324.40	1336.46	1349.18	1361.58	1376.06	1391.08	1411.18	1430.82	1448.56	1469.80	1489.16	1502.56	
1518.04	1546.22	1576.04	1616.70	1649.28	1675.96	1700.32	1736.48	1779.62	1823.22	1868.64	1920.86	1990.46	2058.98	2140.78	2244.58	
2379.32	2536.62	2719.76	2914.36	3104.22	3282.82	3437.60	3537.50	3585.10	3617.98	3632.32	3645.32	3648.04	3651.90	3664.22	3674.38	
3677.02	3706.26	3711.44	3706.54	3710.22	3709.94	3714.10	3710.66	3717.32	3723.02	3719.22	3719.28	3724.66	3719.68	3716.18	3723.88	
3724.76	3724.94	3730.02	3727.76	3726.40	3724.38	3722.76	3724.82	3729.80	3728.64	3733.60	3729.36	3734.86	3733.40	3732.06	3738.72	
3735.70	3741.72	3742.74	3735.26	3742.18	3741.66	3739.96	3743.04	3743.06	3749.56	3745.08	3742.82	3745.60	3747.00	3749.74	3749.52	
3751.42	3615.76	3697.86	3735.82	3736.26	3741.22	3741.96	3750.82	3748.98	3742.50	3742.42	3741.26	3742.96	3745.38	3736.60	3738.90	
3737.66	3737.10	3728.92	3728.78	3735.48	3730.74	3728.64	3728.14	3728.76	3725.32	3724.30	3725.58	3730.18	3731.70	3746.12	3703.10	

*******************************************2025/07/21;16:01:34
Probe number 149
Concentration entered by User 4.68% (Compensated: 5.09% at temperature 25.7)
1273.00	1290.18	1300.56	1312.98	1325.76	1338.36	1351.10	1362.24	1377.20	1392.56	1412.28	1431.98	1449.54	1471.84	1491.26	1504.76	
1522.34	1551.58	1581.42	1621.46	1649.22	1675.38	1703.92	1737.22	1775.24	1821.78	1869.92	1926.60	1998.24	2068.56	2155.74	2257.58	
2387.36	2543.02	2726.90	2913.74	3096.94	3281.76	3445.62	3546.10	3592.96	3622.26	3636.66	3650.16	3653.18	3657.20	3668.52	3679.04	
3681.48	3710.40	3715.54	3710.34	3714.46	3714.36	3718.70	3714.54	3721.32	3726.70	3723.30	3722.64	3728.34	3723.10	3720.10	3727.28	
3728.10	3728.46	3733.24	3731.16	3729.86	3728.26	3726.92	3728.70	3733.22	3731.88	3736.86	3732.64	3738.16	3737.04	3735.88	3742.06	
3739.50	3745.26	3746.02	3738.82	3745.52	3744.96	3743.12	3746.10	3746.18	3752.72	3748.66	3746.46	3748.88	3750.22	3752.66	3752.44	
3754.16	3620.80	3702.22	3738.96	3739.96	3744.20	3745.00	3753.86	3752.30	3745.84	3745.62	3744.26	3746.06	3748.30	3740.16	3741.96	
3740.96	3740.36	3732.50	3732.42	3739.04	3734.30	3732.52	3731.58	3732.34	3728.92	3728.40	3728.98	3733.82	3735.42	3749.38	3707.38	

*******************************************2025/07/21;16:02:04
Probe number 150
Concentration entered by User 4.60% (Compensated: 5.01% at temperature 25.7)
1271.48	1288.40	1298.52	1310.36	1322.60	1334.18	1347.56	1359.20	1374.68	1390.28	1409.64	1428.68	1446.84	1469.20	1487.66	1502.30	
1519.82	1548.50	1579.98	1617.10	1646.60	1672.08	1696.56	1730.00	1773.64	1821.10	1869.32	1926.12	1995.40	2064.12	2154.20	2256.08	
2379.90	2537.70	2726.46	2931.12	3123.48	3299.20	3452.56	3546.54	3591.80	3622.06	3635.92	3649.20	3651.64	3654.62	3666.58	3676.88	
3679.26	3707.36	3712.44	3707.56	3711.26	3711.02	3715.32	3710.98	3717.74	3723.40	3719.48	3719.38	3724.88	3719.52	3716.40	3723.84	
3724.50	3724.96	3729.92	3727.80	3726.24	3724.16	3722.96	3724.76	3729.40	3728.30	3733.42	3729.54	3734.92	3733.38	3732.02	3738.98	
3735.94	3741.92	3742.48	3735.58	3742.12	3741.60	3739.56	3742.84	3742.62	3749.66	3745.12	3742.86	3745.62	3747.12	3749.48	3749.58	
3750.96	3615.04	3698.10	3735.32	3736.10	3740.86	3741.64	3750.54	3748.88	3742.54	3742.46	3740.80	3742.72	3745.20	3736.52	3738.26	
3737.52	3737.14	3728.82	3728.66	3735.48	3730.50	3728.60	3727.96	3728.40	3725.18	3724.42	3725.32	3730.20	3731.50	3746.06	3702.74	

*******************************************2025/07/21;16:02:34
Probe number 151
Concentration entered by User 4.76% (Compensated: 5.17% at temperature 25.7)
1272.90	1290.02	1300.20	1311.48	1323.10	1335.98	1350.52	1362.08	1376.48	1393.44	1411.70	1430.74	1449.70	1470.30	1488.36	1502.86	
1520.98	1548.08	1579.24	1620.56	1651.42	1676.62	1702.54	1738.34	1782.32	1826.88	1865.96	1916.46	1993.36	2067.06	2144.80	2245.34	
2384.84	2546.94	2715.18	2893.26	3087.40	3268.54	3428.14	3531.88	3581.00	3613.10	3628.24	3642.66	3645.40	3649.06	3661.90	3673.18	
3675.74	3704.86	3710.14	3705.20	3709.30	3709.30	3713.34	3709.64	3716.18	3722.14	3718.10	3717.84	3723.36	3718.28	3715.10	3723.06	
3723.64	3723.92	3729.14	3726.78	3725.60	3723.62	3721.78	3724.22	3728.86	3727.56	3732.96	3728.56	3734.42	3732.78	3731.40	3738.12	
3735.52	3741.08	3742.32	3734.88	3741.56	3740.84	3739.10	3742.46	3742.04	3749.00	3744.90	3742.46	3745.28	3746.40	3749.00	3748.96	
3750.78	3614.98	3697.18	3734.90	3735.78	3740.52	3741.44	3750.28	3748.84	3742.12	3742.30	3740.62	3742.02	3744.74	3735.88	3738.22	
3737.20	3736.42	3728.30	3727.96	3735.10	3730.10	3728.12	3727.38	3728.28	3724.64	3724.00	3724.78	3729.88	3731.20	3745.76	3702.52	

*******************************************2025/07/21;16:03:04
Probe number 152
Concentration entered by User 4.65% (Compensated: 5.06% at temperature 25.7)
1273.04	1290.58	1301.20	1312.88	1324.86	1336.48	1350.60	1363.10	1377.82	1393.32	1413.18	1433.10	1450.46	1471.50	1490.58	1503.78	
1520.48	1551.12	1581.56	1618.30	1649.00	1678.86	1706.40	1742.34	1787.20	1832.88	1876.74	1932.12	1999.46	2059.70	2141.54	2242.78	
2376.26	2531.36	2713.98	2911.02	3109.38	3294.68	3445.12	3542.22	3589.22	3620.90	3635.36	3648.26	3650.82	3654.32	3666.84	3677.76	
3679.90	3708.62	3713.48	3708.84	3712.94	3712.66	3716.24	3712.84	3719.70	3725.44	3721.20	3721.48	3726.56	3721.46	3718.58	3726.04	
3726.62	3727.48	3732.26	3730.12	3728.40	3726.66	3725.00	3727.24	3731.68	3730.64	3735.30	3731.44	3736.88	3735.60	3734.06	3740.72	
3738.34	3743.66	3744.86	3737.62	3744.12	3743.46	3741.54	3744.94	3744.66	3751.46	3747.20	3744.68	3747.74	3749.10	3751.58	3751.40	
3753.26	3618.30	3700.48	3737.66	3738.36	3742.96	3743.72	3752.76	3750.78	3744.36	3744.60	3743.06	3744.74	3746.90	3738.86	3741.16	
3739.64	3738.76	3731.00	3730.74	3737.52	3732.92	3730.94	3730.34	3730.74	3727.42	3726.58	3727.76	3732.42	3733.82	3748.08	3705.88	

*******************************************2025/07/21;16:03:34
Probe number 153
Concentration entered by User 4.67% (Compensated: 5.08% at temperature 25.7)
1273.44	1290.78	1301.12	1313.26	1325.52	1337.66	1351.46	1363.36	1377.84	1393.82	1412.88	1431.44	1449.94	1471.66	1491.92	1506.18	
1521.90	1549.40	1582.52	1622.82	1652.18	1680.50	1705.80	1739.88	1782.20	1826.40	1869.44	1926.42	1998.94	2060.24	2143.94	2256.24	
2395.26	2546.18	2713.54	2906.60	3102.28	3285.40	3447.34	3544.92	3592.72	3623.38	3636.62	3651.16	3653.64	3657.04	3669.50	3679.72	
3682.34	3710.70	3715.48	3710.76	3714.84	3714.80	3718.70	3715.22	3721.70	3727.12	3723.30	3723.28	3728.56	3723.76	3720.34	3727.86	
3728.66	3728.96	3734.06	3731.26	3730.02	3728.24	3726.74	3728.78	3733.48	3732.12	3736.86	3732.96	3738.40	3737.34	3735.46	3742.22	
3739.46	3745.26	3746.20	3739.08	3745.50	3745.10	3743.52	3746.26	3746.30	3752.78	3748.78	3746.50	3749.00	3750.38	3752.80	3752.70	
3754.42	3621.24	3702.48	3739.28	3739.82	3744.40	3745.52	3753.80	3752.64	3746.14	3746.04	3744.76	3746.12	3748.86	3740.18	3742.40	
3740.98	3740.42	3732.76	3732.12	3739.48	3734.46	3732.42	3731.64	3732.54	3729.20	3728.54	3729.12	3734.22	3735.44	3749.74	3707.60	

*******************************************2025/07/21;16:04:04
Probe number 154
Concentration entered by User 4.69% (Compensated: 5.09% at temperature 25.7)
1274.72	1291.74	1302.26	1313.90	1325.52	1337.30	1351.22	1364.00	1378.68	1392.36	1412.30	1432.96	1451.94	1473.74	1490.78	1505.26	
1524.60	1554.64	1580.90	1617.30	1649.96	1678.26	1704.98	1740.98	1783.86	1829.24	1874.36	1931.66	1998.62	2064.64	2146.82	2247.12	
2381.06	2542.60	2711.64	2911.60	3109.18	3281.94	3437.46	3539.98	3588.76	3619.94	3634.72	3648.04	3651.22	3655.28	3667.52	3678.32	
3680.28	3708.88	3713.90	3709.38	3712.92	3713.38	3717.22	3713.86	3720.50	3725.90	3721.94	3721.80	3727.38	3722.30	3718.90	3726.68	
3727.16	3728.02	3732.46	3730.42	3728.46	3726.74	3725.52	3727.46	3732.34	3730.96	3736.38	3731.90	3737.50	3736.24	3734.66	3741.52	
3738.80	3744.54	3745.32	3737.88	3744.46	3744.02	3742.50	3745.44	3745.26	3751.78	3747.32	3745.14	3748.10	3749.32	3751.96	3751.96	
3753.64	3619.96	3701.12	3738.20	3738.68	3743.42	3744.36	3752.76	3751.26	3745.06	3745.06	3743.86	3745.08	3747.52	3739.40	3741.56	
3740.08	3739.58	3731.42	3731.40	3738.24	3733.28	3731.44	3730.54	3731.44	3727.90	3727.12	3728.18	3732.66	3734.42	3748.70	3706.62	

*******************************************2025/07/21;16:04:34
Probe number 155
Concentration entered by User 4.73% (Compensated: 5.13% at temperature 25.6)
1272.14	1289.72	1299.78	1312.04	1323.98	1335.74	1349.84	1362.20	1375.46	1391.28	1410.88	1430.64	1448.86	1471.58	1490.42	1505.68	
1522.24	1550.60	1581.48	1619.82	1648.12	1675.86	1704.04	1738.44	1781.42	1824.06	1865.96	1919.58	1992.38	2061.02	2145.24	2240.74	
2368.64	2525.14	2714.40	2908.76	3098.08	3271.26	3431.20	3533.28	3583.02	3615.30	3629.54	3642.74	3645.98	3650.14	3662.04	3672.72	
3675.18	3703.94	3709.54	3705.02	3709.00	3709.14	3713.50	3710.10	3716.68	3722.50	3718.44	3717.94	3723.46	3718.48	3715.24	3722.84	
3723.94	3723.90	3728.80	3726.38	3725.20	3723.16	3721.48	3723.98	3728.40	3727.24	3732.42	3728.02	3733.48	3732.52	3730.62	3737.78	
3734.92	3740.60	3741.70	3734.38	3740.92	3740.46	3738.70	3741.64	3741.68	3748.54	3744.26	3741.80	3744.58	3746.14	3748.46	3748.52	
3750.32	3613.74	3696.60	3734.60	3735.32	3740.08	3740.70	3749.88	3748.06	3741.42	3741.40	3740.16	3741.50	3744.14	3735.58	3737.50	
3736.46	3735.66	3727.72	3727.36	3734.22	3729.50	3727.62	3726.76	3727.58	3723.76	3723.30	3723.98	3728.94	3730.60	3745.22	3701.82	

*******************************************2025/07/21;16:05:04
Probe number 156
Concentration entered by User 4.65% (Compensated: 5.05% at temperature 25.6)
1272.82	1289.56	1300.06	1312.00	1323.50	1335.30	1348.78	1361.10	1375.30	1391.56	1411.74	1431.44	1450.32	1472.32	1491.44	1504.22	
1521.12	1550.52	1581.72	1618.86	1651.54	1679.38	1705.84	1742.52	1782.80	1826.72	1870.18	1924.84	1994.40	2063.20	2150.32	2254.40	
2380.60	2530.56	2717.16	2912.02	3105.12	3290.14	3450.18	3547.60	3592.58	3621.96	3636.22	3648.88	3651.74	3655.28	3667.20	3677.94	
3680.20	3708.40	3713.04	3708.36	3712.34	3712.60	3716.52	3712.56	3719.38	3725.20	3720.82	3720.76	3726.36	3721.24	3717.90	3725.14	
3726.16	3726.82	3731.68	3729.20	3727.82	3725.90	3724.06	3726.18	3731.08	3729.44	3735.10	3730.58	3736.30	3734.62	3733.32	3740.34	
3737.26	3742.76	3743.98	3736.62	3743.60	3742.82	3741.24	3744.02	3743.86	3750.56	3746.34	3743.90	3746.70	3747.96	3750.76	3750.78	
3752.46	3617.68	3699.72	3736.88	3737.40	3742.18	3743.44	3751.80	3750.22	3743.68	3744.10	3742.28	3743.74	3746.20	3737.70	3740.24	
3738.66	3737.98	3729.94	3729.96	3736.80	3732.30	3730.14	3729.00	3729.98	3726.44	3725.64	3726.54	3731.22	3732.82	3747.00	3704.40	

*******************************************2025/07/21;16:05:34
Probe number 157
Concentration entered by User 4.71% (Compensated: 5.11% at temperature 25.6)
1272.38	1289.26	1300.14	1312.10	1324.06	1335.42	1349.00	1361.48	1375.90	1391.60	1409.70	1429.18	1448.02	1470.84	1490.82	1505.14	
1521.20	1548.16	1580.14	1617.98	1648.78	1676.12	1703.76	1739.82	1782.84	1829.54	1877.66	1925.88	1992.82	2056.54	2150.34	2257.30	
2389.92	2540.44	2714.12	2899.58	3087.88	3276.94	3443.42	3542.12	3587.12	3618.00	3631.18	3644.74	3648.58	3651.42	3664.18	3674.88	
3677.68	3706.68	3711.54	3706.56	3710.74	3711.04	3715.10	3711.32	3718.12	3723.54	3719.40	3719.24	3724.62	3719.72	3716.90	3724.36	
3725.06	3725.24	3729.92	3727.96	3726.36	3724.54	3722.64	3724.92	3729.56	3728.46	3733.64	3729.18	3734.90	3733.52	3731.88	3738.98	
3735.96	3741.58	3742.60	3735.22	3742.08	3741.56	3739.64	3742.76	3742.78	3749.08	3745.24	3742.50	3745.64	3747.06	3749.66	3749.60	
3751.18	3615.38	3697.98	3735.38	3735.94	3741.04	3741.58	3750.48	3749.04	3742.36	3742.60	3741.26	3742.48	3744.84	3736.70	3738.72	
3737.48	3736.96	3728.54	3728.50	3735.52	3730.76	3728.38	3727.64	3728.74	3725.12	3724.16	3725.02	3730.12	3731.44	3745.92	3702.86	

*******************************************2025/07/21;16:06:04
Probe number 158
Concentration entered by User 4.70% (Compensated: 5.10% at temperature 25.5)
1273.46	1290.94	1301.62	1313.52	1325.84	1337.12	1350.58	1362.32	1377.16	1392.88	1412.24	1432.12	1449.84	1471.98	1491.98	1507.10	
1524.46	1551.52	1583.32	1622.74	1650.48	1676.00	1704.28	1741.34	1782.02	1827.02	1872.62	1925.26	1995.84	2068.26	2157.08	2250.22	
2368.62	2532.00	2710.12	2896.66	3096.94	3282.88	3437.56	3539.22	3588.62	3620.18	3635.56	3649.04	3652.38	3655.66	3667.04	3677.94	
3680.18	3708.66	3713.88	3709.14	3713.16	3713.52	3717.16	3713.42	3720.56	3726.00	3722.00	3721.30	3727.20	3722.14	3719.00	3726.48	
3727.34	3727.48	3732.30	3730.18	3728.84	3727.12	3725.24	3727.42	3731.76	3730.72	3735.86	3731.54	3736.96	3735.64	3734.38	3741.10	
3738.34	3743.86	3745.18	3737.54	3744.38	3743.88	3742.02	3745.16	3744.92	3751.80	3747.24	3745.18	3747.90	3749.10	3751.58	3751.54	
3753.02	3619.02	3701.10	3737.80	3738.56	3743.26	3744.12	3752.60	3750.98	3744.78	3744.70	3743.44	3744.84	3747.64	3738.82	3741.12	
3740.10	3738.96	3731.38	3730.86	3738.00	3732.88	3731.18	3730.24	3731.00	3727.70	3726.90	3727.58	3732.64	3734.20	3748.38	3705.80	

*******************************************2025/07/21;16:06:34
Probe number 159
Concentration entered by User 4.32% (Compensated: 4.71% at temperature 25.5)
1296.06	1313.90	1324.74	1336.62	1348.32	1359.84	1373.22	1386.08	1401.92	1416.98	1436.42	1457.00	1477.04	1497.80	1516.02	1529.26	
1545.72	1573.26	1604.86	1641.98	1671.00	1696.62	1720.48	1753.18	1795.06	1838.12	1882.42	1928.70	1994.70	2063.96	2153.48	2257.68	
2385.36	2555.94	2757.42	2977.96	3200.24	3363.98	3470.16	3540.70	3584.78	3621.64	3640.00	3654.44	3658.08	3660.52	3669.78	3678.58	
3680.96	3709.26	3714.28	3709.66	3714.12	3715.54	3719.92	3716.30	3721.22	3726.12	3722.16	3721.46	3726.42	3721.16	3717.50	3725.16	
3725.92	3726.58	3731.30	3729.06	3727.90	3724.88	3722.80	3724.56	3728.90	3727.86	3732.24	3727.98	3733.44	3731.78	3729.82	3736.56	
3733.80	3739.46	3741.12	3733.54	3740.94	3740.82	3739.82	3743.24	3743.16	3749.96	3746.06	3744.10	3746.86	3747.40	3749.94	3750.14	
3751.88	3617.12	3700.88	3738.76	3738.88	3743.68	3745.02	3751.58	3745.62	3729.28	3711.88	3691.40	3681.40	3685.38	3681.04	3694.74	
3701.02	3703.98	3700.58	3708.92	3724.54	3731.78	3740.60	3742.54	3748.40	3748.90	3747.90	3729.66	3724.44	3710.02	3698.80	3609.24	

