*******************************************2025/07/26;00:04:55
Probe number 34
Concentration entered by User 1.92% (Compensated: 2.91% at temperature 32.9)
1284.50	1299.94	1311.00	1323.12	1339.88	1354.78	1372.30	1389.26	1409.08	1427.22	1451.30	1476.10	1501.68	1526.92	1547.42	1566.52	
1590.18	1629.06	1663.86	1713.00	1746.24	1785.58	1823.00	1860.08	1900.42	1939.54	1981.92	2046.18	2121.60	2202.54	2330.76	2485.02	
2716.60	3058.62	3325.52	3523.04	3632.92	3656.88	3668.78	3675.96	3683.52	3692.44	3697.84	3700.70	3690.76	3688.18	3695.98	3697.12	
3698.02	3728.08	3714.64	3719.06	3722.02	3724.78	3727.82	3725.60	3728.66	3731.84	3727.18	3726.62	3729.40	3724.20	3720.62	3732.28	
3734.74	3736.34	3734.82	3735.76	3724.58	3729.14	3722.58	3719.58	3729.48	3721.82	3733.38	3728.44	3735.52	3734.26	3734.84	3738.54	
3738.06	3743.06	3740.44	3737.72	3743.68	3744.96	3739.42	3746.98	3739.36	3748.44	3744.62	3743.76	3750.34	3750.00	3750.42	3754.90	
3753.98	3631.52	3704.14	3743.28	3743.22	3745.06	3747.54	3751.98	3747.60	3741.70	3747.50	3746.56	3748.96	3750.78	3744.64	3743.38	
3743.38	3733.40	3722.90	3725.32	3740.88	3739.28	3737.00	3736.62	3727.70	3716.52	3732.88	3728.54	3735.98	3737.78	3751.38	3707.34	

*******************************************2025/07/26;00:09:55
Probe number 35
Concentration entered by User 1.91% (Compensated: 2.90% at temperature 32.8)
1287.12	1303.28	1313.62	1326.54	1343.02	1357.96	1375.08	1391.72	1412.04	1430.22	1455.04	1479.20	1505.12	1532.16	1550.70	1570.54	
1593.72	1632.22	1667.06	1717.90	1751.58	1789.00	1825.24	1863.66	1905.90	1947.14	1991.34	2048.20	2128.30	2205.46	2327.74	2496.18	
2732.10	3063.80	3324.12	3522.04	3637.78	3661.70	3673.96	3680.78	3688.34	3697.18	3702.70	3705.04	3695.26	3693.88	3700.92	3701.66	
3702.52	3731.94	3718.90	3723.32	3726.18	3729.00	3732.14	3729.56	3733.04	3735.84	3731.54	3730.70	3733.46	3728.54	3725.14	3736.34	
3738.56	3740.86	3739.08	3739.76	3728.78	3733.68	3727.00	3723.90	3733.76	3726.06	3737.32	3732.96	3739.78	3738.24	3738.92	3742.38	
3741.92	3746.72	3744.34	3741.46	3747.00	3748.56	3743.32	3750.42	3743.16	3751.88	3747.92	3747.70	3753.82	3753.66	3754.32	3758.30	
3757.64	3637.92	3709.06	3746.96	3747.10	3748.58	3751.22	3755.48	3751.20	3745.64	3751.00	3750.28	3752.34	3754.42	3748.40	3747.02	
3747.18	3737.38	3727.14	3729.66	3744.86	3743.08	3741.00	3740.38	3731.60	3721.40	3737.32	3733.12	3739.88	3741.64	3755.04	3712.04	

*******************************************2025/07/26;00:14:55
Probe number 36
Concentration entered by User 1.94% (Compensated: 2.93% at temperature 32.8)
1284.20	1299.92	1310.44	1322.98	1339.32	1354.10	1372.76	1388.98	1409.02	1428.00	1450.98	1474.70	1501.10	1527.84	1546.70	1565.28	
1588.60	1628.40	1661.36	1712.64	1745.32	1784.66	1823.48	1859.98	1898.52	1940.36	1982.76	2044.90	2117.72	2203.98	2325.32	2487.48	
2712.16	3055.52	3321.16	3512.24	3629.20	3653.00	3665.10	3672.96	3680.72	3689.34	3694.50	3697.50	3687.30	3685.76	3692.82	3693.34	
3694.78	3725.80	3711.70	3716.04	3719.62	3722.16	3725.28	3722.78	3726.02	3729.38	3724.58	3723.56	3726.74	3721.66	3717.82	3729.52	
3732.38	3734.18	3732.84	3732.98	3721.72	3726.64	3720.26	3716.52	3726.64	3718.96	3730.86	3726.16	3733.18	3731.52	3732.46	3735.72	
3735.76	3740.36	3737.78	3735.24	3740.90	3742.78	3737.00	3744.44	3736.80	3746.04	3742.14	3741.68	3748.00	3747.70	3747.88	3753.00	
3751.82	3628.18	3701.10	3740.66	3741.00	3742.92	3745.14	3750.02	3745.22	3739.28	3744.96	3744.06	3746.62	3748.86	3742.42	3740.90	
3741.10	3730.84	3720.08	3722.46	3738.52	3736.70	3734.12	3733.60	3725.00	3713.98	3730.56	3725.90	3733.64	3735.16	3749.42	3704.46	

*******************************************2025/07/26;00:19:55
Probe number 37
Concentration entered by User 1.91% (Compensated: 2.90% at temperature 32.8)
1285.68	1301.34	1312.44	1324.88	1340.34	1355.24	1373.90	1390.46	1410.20	1428.72	1452.26	1476.70	1502.72	1529.38	1549.24	1569.02	
1590.12	1629.60	1664.56	1713.84	1748.54	1785.56	1822.70	1861.48	1903.00	1941.56	1984.82	2050.16	2120.94	2205.70	2331.82	2491.74	
2720.36	3057.10	3325.26	3524.66	3634.28	3658.02	3670.42	3677.32	3684.98	3693.66	3700.10	3701.70	3691.52	3689.98	3697.14	3698.06	
3699.24	3729.42	3715.90	3720.24	3723.10	3725.90	3729.22	3726.50	3729.82	3733.08	3728.82	3727.74	3730.60	3725.32	3721.86	3733.26	
3736.08	3737.72	3736.24	3736.90	3725.64	3730.56	3723.84	3720.68	3730.44	3723.06	3734.68	3729.66	3736.78	3735.48	3735.80	3739.76	
3739.28	3743.88	3741.40	3738.90	3744.66	3745.92	3740.78	3747.76	3740.58	3749.42	3745.56	3744.82	3751.34	3751.02	3751.28	3755.96	
3755.44	3633.22	3705.78	3744.18	3744.38	3746.22	3748.70	3753.30	3748.68	3742.76	3748.42	3747.80	3749.98	3751.82	3745.78	3744.26	
3744.50	3734.42	3724.20	3726.56	3742.22	3740.34	3738.08	3737.46	3728.72	3718.16	3734.54	3730.00	3736.74	3738.94	3752.76	3709.00	

*******************************************2025/07/26;00:24:55
Probe number 38
Concentration entered by User 1.92% (Compensated: 2.91% at temperature 32.8)
1286.18	1301.88	1312.60	1325.18	1341.66	1356.22	1374.06	1390.62	1410.00	1428.14	1452.28	1476.72	1502.08	1529.26	1549.88	1568.04	
1589.76	1629.78	1662.74	1715.64	1747.68	1787.08	1823.84	1863.48	1900.40	1940.70	1989.58	2049.60	2118.98	2209.58	2335.56	2498.04	
2731.10	3046.16	3325.14	3523.28	3634.38	3658.90	3670.88	3677.82	3685.24	3694.16	3700.00	3702.50	3692.50	3690.36	3697.78	3698.52	
3699.30	3729.58	3716.32	3720.48	3723.34	3726.20	3729.06	3726.52	3730.12	3733.30	3728.84	3727.78	3730.88	3725.44	3722.26	3733.60	
3735.92	3737.82	3736.04	3737.08	3725.82	3730.68	3724.18	3721.04	3730.90	3723.42	3734.60	3729.84	3736.84	3735.90	3736.12	3739.74	
3739.42	3744.16	3741.62	3738.96	3744.86	3746.28	3740.92	3748.14	3740.76	3749.78	3745.62	3745.14	3751.36	3751.36	3751.64	3756.14	
3755.22	3633.96	3705.94	3744.66	3744.52	3746.42	3748.60	3753.36	3748.84	3742.98	3748.48	3747.62	3750.22	3752.12	3746.00	3744.46	
3744.72	3734.84	3724.54	3727.06	3742.52	3740.52	3738.40	3737.86	3729.38	3718.14	3734.76	3729.88	3737.52	3739.32	3752.76	3709.24	

*******************************************2025/07/26;00:29:55
Probe number 39
Concentration entered by User 1.93% (Compensated: 2.92% at temperature 32.7)
1285.66	1301.82	1313.00	1324.58	1340.78	1356.18	1373.78	1390.38	1409.66	1428.14	1452.42	1476.44	1502.92	1529.50	1548.74	1567.20	
1590.38	1631.18	1664.54	1715.22	1746.82	1785.22	1823.82	1863.40	1898.36	1937.20	1982.12	2044.86	2119.48	2203.72	2322.44	2489.88	
2718.56	3044.82	3323.64	3521.92	3634.04	3657.94	3669.26	3676.80	3684.14	3693.34	3698.68	3701.22	3690.90	3688.52	3696.42	3696.64	
3698.30	3728.44	3714.70	3718.96	3722.18	3725.02	3728.08	3725.70	3729.14	3731.90	3727.42	3726.36	3729.24	3723.84	3720.76	3732.12	
3734.90	3736.88	3735.00	3736.14	3724.50	3729.66	3722.76	3719.62	3729.78	3722.06	3733.48	3729.02	3736.02	3734.26	3735.22	3738.68	
3738.54	3743.12	3740.52	3737.92	3743.58	3745.28	3739.86	3746.98	3739.56	3748.54	3744.62	3744.06	3750.42	3750.40	3750.66	3754.86	
3754.20	3631.76	3704.80	3743.34	3743.76	3745.30	3747.66	3752.30	3747.78	3741.78	3747.90	3746.74	3749.08	3751.04	3744.80	3743.40	
3743.50	3733.48	3723.12	3725.46	3740.98	3739.18	3736.98	3736.60	3727.60	3716.94	3733.20	3728.90	3736.02	3737.84	3751.70	3707.90	

*******************************************2025/07/26;00:34:55
Probe number 40
Concentration entered by User 1.92% (Compensated: 2.91% at temperature 32.7)
1285.04	1301.22	1312.26	1325.10	1341.26	1356.30	1373.80	1390.44	1409.14	1428.16	1452.34	1476.66	1503.44	1529.22	1547.78	1567.82	
1591.58	1633.06	1665.38	1713.90	1746.68	1785.94	1823.20	1865.00	1901.66	1942.12	1986.70	2046.96	2124.76	2204.76	2329.16	2492.94	
2722.54	3050.08	3325.26	3521.20	3635.12	3657.30	3669.56	3676.80	3684.30	3693.40	3699.06	3701.76	3691.78	3689.94	3696.60	3697.50	
3698.34	3728.86	3715.12	3719.52	3722.34	3725.44	3727.96	3725.66	3729.12	3732.08	3727.54	3726.76	3729.80	3724.52	3721.00	3732.40	
3734.90	3736.98	3735.24	3736.02	3724.96	3730.04	3723.18	3720.16	3729.92	3721.88	3733.64	3728.70	3736.24	3734.54	3735.58	3738.82	
3738.50	3743.06	3740.82	3738.04	3743.84	3745.48	3740.10	3747.18	3739.64	3748.74	3745.00	3744.24	3750.58	3750.48	3751.20	3755.28	
3754.34	3632.42	3704.52	3743.76	3743.96	3745.48	3747.82	3752.70	3747.98	3742.00	3748.02	3746.96	3749.18	3751.30	3745.02	3743.64	
3744.14	3733.70	3723.08	3726.04	3741.52	3739.30	3737.44	3736.80	3728.04	3717.20	3733.54	3729.14	3736.34	3738.26	3752.10	3708.36	

*******************************************2025/07/26;00:39:55
Probe number 41
Concentration entered by User 1.94% (Compensated: 2.91% at temperature 32.7)
1284.96	1300.34	1311.38	1324.36	1340.62	1355.40	1372.58	1388.72	1409.42	1426.90	1450.94	1475.82	1502.12	1528.90	1549.02	1567.00	
1589.62	1630.08	1664.08	1714.42	1748.16	1785.38	1821.58	1860.80	1896.02	1936.06	1985.78	2040.20	2121.14	2200.48	2318.90	2483.76	
2714.04	3046.82	3322.96	3520.38	3633.12	3656.16	3668.12	3675.54	3682.92	3691.82	3697.28	3700.10	3689.96	3687.98	3695.22	3695.70	
3696.60	3727.24	3713.86	3718.12	3721.04	3724.00	3726.90	3724.22	3727.68	3731.00	3726.00	3725.22	3728.20	3723.34	3719.38	3730.94	
3733.88	3735.98	3734.10	3734.68	3723.26	3728.50	3721.70	3718.30	3728.26	3720.50	3732.36	3727.58	3735.08	3733.28	3733.90	3737.60	
3737.34	3742.00	3739.74	3736.66	3742.90	3744.18	3738.64	3745.98	3738.46	3747.54	3743.80	3743.00	3749.48	3749.42	3749.90	3754.26	
3753.56	3630.70	3703.62	3742.38	3742.84	3744.16	3746.90	3751.52	3746.90	3740.90	3746.58	3745.92	3748.40	3750.06	3744.08	3742.36	
3742.38	3732.70	3722.06	3724.32	3740.18	3738.42	3736.06	3735.42	3726.58	3715.90	3732.50	3727.54	3735.32	3737.08	3750.68	3706.92	

*******************************************2025/07/26;00:44:55
Probe number 42
Concentration entered by User 1.95% (Compensated: 2.93% at temperature 32.7)
1285.10	1301.16	1311.78	1324.10	1340.22	1355.20	1373.32	1389.74	1409.92	1427.84	1451.98	1476.08	1501.58	1528.02	1549.00	1568.18	
1590.34	1630.80	1665.34	1714.14	1747.34	1785.28	1821.90	1863.06	1898.26	1938.92	1985.20	2048.58	2124.12	2204.72	2326.48	2488.76	
2714.96	3046.58	3320.40	3512.54	3631.64	3657.56	3668.24	3676.04	3683.52	3692.40	3697.50	3700.80	3690.54	3688.42	3695.66	3696.22	
3697.60	3727.86	3714.48	3718.80	3721.70	3724.46	3727.32	3724.84	3728.06	3731.48	3726.70	3725.84	3728.68	3723.66	3719.94	3731.72	
3734.22	3736.20	3734.44	3735.42	3723.76	3728.74	3721.76	3718.66	3729.14	3720.86	3732.78	3728.40	3735.28	3733.64	3734.38	3738.30	
3737.86	3742.20	3739.70	3737.20	3742.90	3744.56	3738.98	3746.04	3739.08	3747.98	3744.08	3743.38	3749.96	3750.10	3750.26	3754.40	
3753.78	3631.30	3704.02	3742.84	3743.04	3744.82	3747.30	3751.78	3747.28	3741.34	3747.12	3746.56	3748.72	3750.50	3744.40	3742.72	
3743.02	3733.06	3722.70	3724.98	3740.76	3738.56	3736.62	3736.04	3727.68	3716.50	3732.98	3728.32	3735.54	3737.34	3751.36	3707.44	

*******************************************2025/07/26;00:49:55
Probe number 43
Concentration entered by User 1.93% (Compensated: 2.90% at temperature 32.7)
1284.82	1300.72	1311.74	1324.44	1340.82	1355.14	1373.36	1389.34	1409.30	1427.80	1451.58	1475.92	1502.66	1528.84	1547.32	1566.86	
1590.20	1630.04	1664.36	1714.18	1746.86	1783.34	1821.08	1862.68	1901.16	1941.98	1985.14	2040.30	2117.74	2195.88	2317.92	2480.50	
2711.58	3047.00	3326.54	3520.94	3635.76	3657.14	3668.58	3676.20	3683.84	3693.10	3697.98	3700.76	3690.88	3688.86	3696.14	3696.64	
3697.42	3727.96	3714.58	3718.92	3722.00	3724.50	3727.44	3725.26	3728.12	3731.84	3727.02	3726.34	3728.58	3723.94	3720.06	3731.74	
3734.20	3736.52	3734.98	3735.54	3724.26	3729.20	3722.34	3719.24	3729.18	3721.16	3733.32	3728.26	3735.32	3733.88	3734.76	3738.50	
3738.12	3742.86	3740.16	3737.30	3743.34	3744.60	3739.42	3746.58	3738.94	3748.20	3744.24	3743.84	3750.12	3750.00	3750.60	3754.74	
3753.86	3631.08	3704.32	3743.08	3743.12	3744.88	3747.48	3752.20	3747.82	3741.48	3747.18	3746.50	3749.06	3750.74	3744.86	3743.12	
3743.44	3733.26	3722.52	3724.98	3740.96	3738.92	3736.78	3736.52	3727.44	3716.56	3733.26	3728.60	3735.78	3737.54	3751.62	3707.78	

*******************************************2025/07/26;00:54:55
Probe number 44
Concentration entered by User 1.95% (Compensated: 2.92% at temperature 32.6)
1285.50	1301.86	1313.02	1324.90	1340.96	1355.84	1373.88	1391.20	1410.72	1428.84	1452.38	1476.90	1503.10	1529.04	1549.14	1568.46	
1590.56	1629.94	1663.60	1713.50	1745.84	1784.50	1821.10	1858.04	1898.72	1939.66	1984.82	2042.80	2121.08	2202.36	2334.56	2485.18	
2709.40	3046.62	3322.06	3513.78	3633.58	3657.80	3668.62	3676.84	3683.88	3693.14	3699.08	3701.36	3690.88	3689.46	3696.68	3697.32	
3698.14	3728.96	3715.14	3719.34	3722.26	3725.32	3727.92	3725.48	3729.12	3732.18	3727.40	3726.92	3729.54	3724.46	3720.76	3732.42	
3735.12	3737.00	3735.20	3735.74	3724.66	3729.52	3723.04	3719.50	3730.02	3721.94	3733.70	3728.70	3736.14	3734.58	3735.32	3738.58	
3738.68	3743.24	3740.78	3737.94	3743.72	3745.30	3740.04	3747.06	3739.78	3748.70	3744.86	3744.30	3750.74	3750.28	3750.88	3755.38	
3754.38	3631.96	3704.80	3743.56	3743.92	3745.50	3748.02	3752.60	3748.06	3741.90	3747.86	3747.04	3749.38	3751.20	3745.22	3743.64	
3743.80	3733.64	3723.54	3725.48	3741.66	3739.46	3737.26	3736.60	3728.14	3717.44	3733.82	3729.18	3736.52	3738.22	3751.94	3708.32	

*******************************************2025/07/26;00:59:55
Probe number 45
Concentration entered by User 1.95% (Compensated: 2.92% at temperature 32.6)
1284.72	1300.54	1311.98	1324.28	1340.02	1354.36	1372.42	1388.78	1408.44	1426.82	1451.22	1475.04	1501.70	1528.18	1548.14	1566.90	
1590.16	1629.00	1664.32	1714.60	1748.98	1784.18	1821.10	1859.08	1895.66	1934.56	1985.74	2045.50	2122.00	2209.46	2331.26	2483.18	
2717.26	3052.42	3316.90	3512.30	3631.64	3657.88	3667.80	3674.86	3683.00	3692.30	3697.10	3699.90	3689.58	3687.84	3694.78	3695.88	
3696.90	3727.18	3713.66	3717.94	3721.04	3724.24	3726.60	3724.38	3727.72	3730.74	3725.88	3725.76	3728.24	3723.04	3719.66	3731.20	
3733.72	3735.56	3734.00	3734.92	3723.78	3728.34	3721.48	3718.38	3728.54	3720.78	3732.22	3727.36	3734.84	3733.14	3734.10	3737.64	
3737.26	3742.00	3739.40	3736.40	3742.62	3744.16	3738.56	3745.96	3738.36	3747.34	3743.72	3742.92	3749.40	3749.28	3749.72	3754.42	
3753.48	3630.62	3703.04	3742.70	3742.58	3744.18	3746.68	3751.64	3747.00	3740.92	3746.78	3746.06	3748.14	3750.26	3744.14	3742.54	
3742.62	3732.48	3722.08	3724.32	3740.28	3738.14	3736.02	3735.50	3727.12	3715.78	3732.46	3727.80	3735.08	3736.98	3750.96	3706.98	

*******************************************2025/07/26;01:04:55
Probe number 46
Concentration entered by User 1.97% (Compensated: 2.95% at temperature 32.6)
1285.66	1301.78	1313.08	1324.92	1341.36	1355.64	1373.60	1389.92	1410.22	1427.64	1450.94	1475.38	1502.04	1529.20	1549.24	1567.72	
1591.62	1631.74	1664.68	1714.66	1747.48	1784.40	1823.78	1859.86	1897.20	1938.02	1983.68	2043.10	2122.14	2207.80	2326.10	2482.32	
2704.80	3044.38	3310.78	3512.64	3632.26	3656.28	3668.38	3675.98	3683.84	3692.84	3698.38	3700.82	3690.28	3688.36	3695.38	3696.16	
3697.10	3727.28	3714.34	3718.42	3721.60	3724.32	3727.34	3724.82	3728.04	3731.42	3726.48	3725.52	3728.82	3723.34	3719.82	3731.44	
3734.18	3736.28	3734.10	3735.44	3723.78	3728.62	3722.00	3718.58	3728.82	3721.20	3732.82	3728.20	3735.46	3733.66	3734.34	3738.04	
3737.72	3742.56	3740.14	3737.44	3742.90	3744.66	3739.10	3746.52	3738.82	3748.16	3744.16	3743.54	3750.08	3749.84	3750.38	3754.64	
3754.08	3630.94	3703.98	3742.98	3743.10	3744.90	3747.30	3751.80	3747.50	3741.32	3747.06	3746.38	3748.60	3750.42	3744.56	3742.72	
3743.26	3733.28	3722.82	3725.14	3740.72	3738.88	3736.74	3735.96	3727.70	3716.24	3733.08	3728.56	3735.60	3737.50	3751.44	3707.68	

*******************************************2025/07/26;01:09:55
Probe number 47
Concentration entered by User 1.96% (Compensated: 2.92% at temperature 32.6)
1285.92	1302.32	1313.26	1325.58	1341.96	1356.40	1373.74	1390.52	1410.54	1428.56	1453.08	1477.06	1502.62	1528.86	1549.58	1568.92	
1591.70	1631.94	1665.32	1714.22	1747.68	1784.74	1825.90	1864.52	1903.40	1940.34	1985.16	2046.60	2125.60	2201.62	2320.92	2481.26	
2705.02	3041.92	3316.76	3518.38	3636.60	3660.28	3671.18	3678.76	3685.96	3694.90	3700.24	3702.84	3692.52	3690.82	3697.62	3698.74	
3699.38	3729.30	3716.00	3720.44	3723.22	3726.16	3729.08	3726.70	3730.06	3732.68	3728.48	3727.82	3730.88	3725.30	3722.22	3733.40	
3735.96	3738.00	3736.24	3736.82	3725.98	3730.64	3724.02	3721.12	3731.12	3723.42	3734.74	3730.08	3737.14	3735.58	3736.42	3740.00	
3739.50	3744.30	3741.84	3738.92	3744.78	3746.30	3740.92	3747.92	3740.56	3749.48	3745.86	3745.30	3751.80	3751.80	3751.72	3756.24	
3755.32	3634.20	3706.28	3744.86	3744.80	3746.58	3748.70	3753.50	3749.00	3742.84	3748.98	3748.04	3750.30	3751.94	3746.04	3744.74	
3744.84	3734.94	3724.60	3727.02	3742.42	3740.58	3738.58	3737.96	3729.46	3718.46	3734.78	3730.28	3737.68	3739.40	3752.98	3709.52	

*******************************************2025/07/26;01:14:55
Probe number 48
Concentration entered by User 1.98% (Compensated: 2.95% at temperature 32.6)
1284.12	1300.56	1311.78	1323.70	1339.12	1354.58	1371.48	1388.22	1409.08	1425.60	1449.74	1473.76	1500.46	1526.42	1545.70	1565.56	
1590.22	1629.92	1662.52	1712.36	1745.40	1782.72	1821.52	1859.32	1897.42	1939.22	1981.86	2039.94	2116.34	2195.60	2310.34	2480.70	
2704.66	3036.10	3310.56	3513.56	3629.62	3653.70	3664.64	3673.18	3679.74	3688.92	3694.36	3697.22	3686.60	3684.76	3691.96	3692.68	
3693.14	3723.64	3710.82	3714.84	3718.02	3720.96	3724.00	3721.28	3724.78	3727.92	3723.14	3722.80	3725.30	3720.38	3716.54	3728.56	
3731.38	3733.38	3731.34	3732.06	3720.84	3725.78	3719.10	3715.50	3725.86	3717.76	3729.84	3725.08	3732.12	3730.78	3731.54	3735.24	
3734.84	3739.68	3737.16	3734.38	3740.44	3741.48	3736.40	3743.88	3736.06	3745.42	3741.30	3740.86	3747.50	3747.20	3747.54	3752.22	
3751.10	3627.06	3700.26	3740.10	3740.24	3742.12	3744.42	3749.46	3744.76	3738.42	3744.52	3743.66	3746.00	3747.92	3741.90	3740.16	
3740.50	3730.18	3719.10	3721.74	3737.72	3735.78	3733.76	3732.94	3724.42	3713.06	3729.72	3725.38	3732.74	3734.40	3749.02	3704.06	

*******************************************2025/07/26;01:19:55
Probe number 49
Concentration entered by User 1.98% (Compensated: 2.95% at temperature 32.5)
1286.18	1302.26	1313.40	1325.32	1341.56	1356.48	1374.20	1390.82	1410.70	1429.02	1452.72	1476.66	1503.22	1531.66	1550.92	1567.76	
1591.42	1630.44	1664.76	1715.88	1747.48	1782.78	1821.30	1861.82	1900.54	1940.46	1986.86	2048.64	2120.86	2201.06	2320.06	2488.90	
2706.20	3029.42	3313.24	3511.32	3633.04	3658.62	3670.18	3677.74	3684.88	3694.24	3699.50	3702.24	3691.96	3689.72	3697.18	3697.50	
3698.20	3728.30	3714.82	3719.42	3722.78	3725.34	3727.88	3725.84	3728.90	3732.00	3727.44	3726.96	3729.86	3724.62	3721.22	3732.52	
3735.14	3737.22	3735.20	3736.28	3725.32	3729.90	3723.28	3719.92	3730.06	3722.38	3733.96	3728.98	3736.18	3734.70	3735.38	3738.82	
3738.64	3743.64	3740.98	3738.26	3744.30	3745.64	3740.42	3747.30	3739.58	3748.96	3745.50	3744.30	3751.10	3750.62	3751.00	3755.62	
3754.64	3633.06	3705.10	3744.06	3744.36	3745.74	3748.34	3753.14	3748.42	3742.18	3748.18	3747.36	3749.72	3751.26	3745.28	3743.86	
3744.14	3733.86	3723.66	3725.94	3741.70	3739.54	3737.92	3737.14	3728.82	3717.42	3733.90	3729.16	3736.46	3738.56	3752.44	3708.68	

*******************************************2025/07/26;01:24:55
Probe number 50
Concentration entered by User 2.00% (Compensated: 2.97% at temperature 32.5)
1284.48	1300.18	1311.58	1323.80	1340.26	1354.58	1371.96	1389.24	1409.14	1426.46	1450.40	1475.12	1501.08	1528.02	1547.98	1567.66	
1589.54	1627.74	1661.74	1713.12	1746.66	1783.72	1821.96	1859.70	1898.42	1940.60	1984.48	2040.74	2120.32	2198.44	2322.36	2481.42	
2703.94	3034.48	3303.90	3507.74	3628.06	3654.16	3664.30	3672.54	3679.24	3688.90	3694.10	3696.96	3686.12	3683.72	3691.30	3691.70	
3692.58	3723.24	3709.54	3714.30	3717.30	3720.40	3722.88	3720.42	3723.76	3727.16	3722.28	3721.74	3724.76	3719.46	3715.82	3727.86	
3730.66	3732.38	3730.88	3731.34	3719.84	3724.78	3718.22	3714.48	3725.08	3716.90	3729.14	3723.86	3731.44	3729.88	3730.64	3734.20	
3734.04	3738.84	3736.34	3733.34	3739.66	3741.10	3735.44	3742.96	3734.96	3744.62	3740.86	3740.08	3746.38	3746.34	3747.20	3751.68	
3750.66	3625.64	3699.10	3739.48	3739.50	3741.38	3744.00	3748.72	3744.24	3737.52	3744.06	3743.10	3745.36	3747.16	3741.16	3739.46	
3739.50	3729.16	3718.24	3720.80	3737.12	3734.88	3732.94	3732.16	3723.72	3712.12	3729.32	3724.68	3732.12	3734.00	3748.52	3703.06	

*******************************************2025/07/26;01:29:55
Probe number 51
Concentration entered by User 2.00% (Compensated: 2.96% at temperature 32.5)
1285.28	1300.88	1312.00	1324.94	1339.22	1354.00	1372.30	1387.98	1408.34	1426.10	1449.18	1474.74	1501.30	1529.04	1548.36	1567.42	
1588.78	1627.38	1662.00	1712.70	1749.16	1785.04	1822.74	1858.50	1898.84	1935.96	1978.70	2043.08	2127.68	2198.94	2317.48	2475.62	
2697.80	3030.84	3306.92	3509.66	3627.82	3653.64	3665.14	3673.20	3680.12	3689.68	3694.48	3697.40	3686.46	3684.12	3691.86	3692.64	
3693.28	3724.06	3710.18	3714.68	3717.62	3720.70	3723.56	3720.92	3724.50	3727.78	3722.70	3722.34	3725.10	3720.00	3716.54	3728.04	
3730.92	3732.98	3731.00	3731.80	3720.28	3725.46	3718.70	3715.18	3725.38	3717.84	3729.56	3724.62	3731.86	3730.66	3731.10	3734.78	
3734.44	3739.26	3736.76	3734.02	3740.22	3741.56	3736.14	3743.24	3735.64	3745.18	3741.38	3740.08	3747.32	3746.82	3747.46	3752.00	
3751.08	3626.46	3699.96	3740.12	3740.08	3741.86	3744.12	3749.20	3744.48	3738.24	3744.30	3743.26	3745.82	3747.56	3741.58	3739.96	
3740.14	3729.68	3718.90	3721.24	3737.40	3735.52	3733.16	3732.78	3724.18	3712.70	3729.68	3724.90	3732.54	3734.28	3748.68	3703.66	

*******************************************2025/07/26;01:34:55
Probe number 52
Concentration entered by User 1.98% (Compensated: 2.94% at temperature 32.4)
1285.46	1301.58	1313.20	1325.46	1341.20	1355.40	1373.00	1389.82	1409.14	1427.48	1451.32	1475.96	1503.10	1530.84	1550.14	1568.88	
1590.76	1629.50	1663.44	1714.16	1750.38	1787.38	1821.90	1858.08	1900.26	1940.66	1979.38	2046.92	2114.38	2202.44	2319.60	2480.88	
2697.70	3034.86	3313.18	3512.36	3632.02	3657.44	3667.38	3675.52	3682.30	3691.86	3696.58	3699.46	3689.00	3687.06	3693.92	3694.60	
3695.82	3725.86	3712.10	3716.66	3719.98	3722.82	3725.86	3723.06	3726.58	3729.80	3725.12	3724.70	3727.72	3721.98	3718.64	3730.38	
3732.92	3734.80	3733.32	3734.30	3722.76	3727.60	3721.02	3717.88	3727.68	3720.14	3731.56	3726.78	3734.06	3732.30	3733.54	3737.16	
3736.58	3741.42	3738.80	3735.94	3742.10	3743.36	3737.92	3745.50	3737.78	3747.06	3743.04	3742.38	3749.18	3748.90	3749.30	3753.62	
3752.72	3629.48	3702.04	3742.10	3742.04	3743.78	3746.18	3751.20	3746.34	3740.22	3746.04	3745.22	3747.68	3749.38	3743.34	3741.86	
3742.10	3731.60	3721.42	3723.96	3739.58	3737.40	3735.56	3734.90	3726.90	3715.06	3732.04	3727.38	3734.82	3736.30	3750.90	3706.06	

*******************************************2025/07/26;01:39:55
Probe number 53
Concentration entered by User 1.97% (Compensated: 2.93% at temperature 32.4)
1286.82	1303.12	1314.44	1327.34	1343.84	1357.72	1375.04	1392.08	1412.82	1430.16	1454.18	1479.08	1505.64	1532.86	1551.26	1569.92	
1594.36	1634.20	1667.10	1716.22	1752.78	1789.54	1823.88	1862.90	1901.66	1940.52	1985.44	2048.16	2124.08	2203.16	2329.48	2491.28	
2718.36	3036.84	3312.04	3512.36	3636.96	3662.96	3673.80	3682.02	3689.36	3698.68	3703.26	3706.12	3695.32	3693.38	3700.86	3701.32	
3702.06	3731.50	3718.58	3722.74	3726.00	3728.50	3730.72	3728.60	3731.16	3734.76	3730.44	3729.70	3732.84	3727.62	3724.58	3735.50	
3738.22	3740.04	3738.30	3739.18	3728.48	3732.76	3726.42	3723.00	3733.10	3725.58	3736.96	3732.40	3739.38	3737.52	3738.06	3741.86	
3741.50	3746.12	3743.56	3740.84	3746.68	3748.12	3743.10	3749.92	3742.54	3751.60	3748.12	3747.04	3753.56	3753.34	3753.74	3758.08	
3757.14	3637.26	3708.60	3746.70	3746.38	3748.56	3750.98	3755.36	3751.08	3744.92	3750.78	3750.24	3752.40	3753.98	3748.10	3746.66	
3746.70	3737.06	3726.66	3729.22	3744.42	3742.36	3740.64	3739.92	3731.56	3720.44	3736.70	3732.30	3739.62	3741.06	3755.16	3711.56	

*******************************************2025/07/26;01:44:55
Probe number 54
Concentration entered by User 2.02% (Compensated: 2.97% at temperature 32.4)
1285.16	1301.52	1312.90	1324.96	1341.22	1355.54	1372.50	1388.88	1409.08	1427.42	1450.80	1474.76	1501.90	1526.66	1546.86	1567.54	
1589.24	1628.96	1662.76	1713.94	1746.08	1782.52	1820.18	1861.22	1900.36	1938.04	1982.30	2047.96	2117.74	2194.44	2311.64	2469.42	
2697.56	3021.84	3302.44	3505.30	3626.82	3654.08	3665.76	3673.90	3681.02	3689.68	3695.42	3698.94	3687.94	3686.02	3693.28	3693.56	
3694.22	3724.90	3711.76	3715.76	3718.90	3721.62	3724.34	3721.92	3724.94	3728.24	3723.94	3723.20	3726.40	3721.30	3717.38	3729.44	
3731.92	3733.84	3732.16	3733.00	3722.20	3726.42	3720.00	3716.28	3726.68	3719.06	3730.90	3725.76	3732.84	3731.50	3732.18	3735.98	
3735.34	3740.88	3738.32	3734.88	3741.16	3742.76	3737.32	3744.50	3736.88	3746.00	3742.26	3741.24	3748.36	3747.78	3748.28	3752.74	
3751.84	3627.84	3701.82	3741.28	3741.28	3742.84	3745.40	3750.14	3745.38	3739.10	3745.14	3744.36	3746.86	3748.70	3742.42	3740.74	
3741.22	3730.66	3720.16	3722.76	3738.90	3736.62	3734.74	3733.98	3725.22	3713.70	3730.80	3726.40	3733.38	3735.40	3749.80	3705.22	

*******************************************2025/07/26;01:49:55
Probe number 55
Concentration entered by User 1.99% (Compensated: 2.94% at temperature 32.4)
1285.00	1301.66	1312.76	1325.26	1340.66	1355.18	1372.70	1388.56	1408.56	1426.36	1449.94	1473.56	1500.20	1526.46	1547.68	1568.44	
1590.20	1627.38	1661.44	1711.84	1747.76	1785.12	1818.80	1858.12	1898.52	1947.42	1983.50	2043.52	2121.82	2203.20	2321.28	2476.20	
2702.88	3028.70	3310.20	3512.18	3627.94	3656.58	3666.48	3674.72	3681.18	3690.48	3695.70	3698.76	3688.14	3686.48	3693.54	3693.90	
3695.30	3724.90	3711.78	3716.14	3719.36	3722.24	3724.66	3722.02	3725.32	3728.80	3724.20	3723.40	3726.38	3721.20	3717.64	3729.34	
3732.30	3734.22	3732.62	3733.22	3722.36	3726.56	3720.24	3716.50	3726.74	3719.30	3730.92	3725.72	3733.06	3731.72	3732.46	3736.46	
3735.90	3740.70	3738.14	3735.36	3741.72	3742.88	3737.36	3744.76	3737.16	3746.34	3742.40	3741.54	3748.56	3748.14	3748.60	3753.00	
3752.12	3628.78	3701.64	3741.22	3741.38	3743.44	3745.46	3750.36	3745.94	3739.48	3745.42	3744.50	3746.88	3748.80	3742.56	3741.30	
3741.48	3731.06	3720.58	3723.12	3738.92	3736.60	3734.98	3733.94	3725.68	3714.42	3730.98	3726.66	3734.04	3735.64	3750.10	3705.26	

*******************************************2025/07/26;01:54:55
Probe number 56
Concentration entered by User 1.99% (Compensated: 2.94% at temperature 32.3)
1286.10	1303.02	1314.02	1326.56	1342.02	1355.88	1374.26	1390.90	1409.92	1428.76	1451.58	1476.00	1502.08	1528.82	1549.68	1569.02	
1591.46	1630.58	1664.70	1716.26	1751.22	1787.80	1821.96	1863.44	1902.42	1942.78	1990.24	2043.52	2120.92	2215.54	2323.62	2482.06	
2707.08	3035.90	3306.68	3510.38	3634.64	3661.38	3671.20	3679.12	3686.38	3695.60	3700.44	3703.62	3692.98	3690.62	3697.86	3698.68	
3699.48	3728.78	3716.24	3720.18	3723.38	3726.14	3728.70	3726.40	3729.32	3732.46	3727.98	3727.54	3730.28	3725.16	3721.80	3733.42	
3735.92	3738.02	3736.30	3737.46	3726.46	3730.76	3724.34	3720.82	3730.78	3723.16	3734.78	3730.08	3737.00	3735.68	3736.46	3739.98	
3739.50	3744.30	3742.14	3739.04	3745.16	3746.48	3741.04	3748.04	3740.60	3750.00	3746.14	3745.18	3751.82	3751.60	3752.10	3756.34	
3755.32	3634.30	3706.26	3745.06	3744.86	3746.62	3748.90	3753.64	3749.12	3743.10	3749.36	3748.12	3750.54	3752.36	3746.52	3744.96	
3745.12	3735.02	3724.90	3727.14	3742.76	3740.80	3738.88	3737.74	3729.84	3718.60	3734.84	3730.50	3737.92	3739.26	3753.46	3709.76	

*******************************************2025/07/26;01:59:55
Probe number 57
Concentration entered by User 2.00% (Compensated: 2.94% at temperature 32.3)
1286.60	1302.84	1313.66	1325.62	1341.90	1356.86	1374.04	1390.60	1410.32	1428.54	1452.02	1475.88	1501.88	1529.20	1549.20	1568.88	
1590.18	1629.86	1665.80	1715.18	1747.10	1787.84	1823.48	1865.16	1903.26	1938.42	1987.54	2049.12	2120.50	2206.34	2319.04	2485.82	
2713.56	3029.52	3302.12	3513.38	3631.86	3659.28	3669.12	3677.72	3684.46	3693.26	3698.74	3701.68	3691.16	3689.00	3696.60	3696.84	
3697.44	3727.30	3714.04	3718.82	3722.14	3724.70	3727.32	3724.42	3727.76	3731.14	3726.76	3726.08	3729.06	3723.60	3720.20	3732.04	
3734.66	3736.48	3735.06	3735.58	3724.48	3729.28	3722.86	3719.28	3729.32	3721.72	3733.46	3728.56	3735.56	3734.20	3734.82	3738.58	
3738.18	3742.80	3740.70	3737.58	3743.70	3745.02	3739.84	3746.72	3739.30	3748.68	3744.80	3743.98	3750.40	3750.38	3750.78	3755.18	
3754.46	3632.14	3704.52	3743.58	3743.66	3745.46	3747.82	3752.62	3747.90	3741.78	3747.90	3746.96	3749.06	3750.96	3745.46	3743.58	
3743.64	3733.44	3722.92	3725.62	3741.16	3739.22	3737.14	3736.18	3728.20	3717.02	3733.32	3729.06	3736.14	3738.22	3752.18	3708.16	

*******************************************2025/07/26;02:04:55
Probe number 58
Concentration entered by User 1.99% (Compensated: 2.94% at temperature 32.3)
1285.82	1302.66	1313.84	1326.02	1341.20	1356.32	1374.46	1390.30	1410.16	1428.08	1452.08	1476.90	1502.28	1529.50	1549.12	1568.36	
1590.26	1628.90	1664.08	1713.76	1748.44	1785.54	1823.52	1862.56	1901.62	1942.06	1986.58	2041.54	2123.72	2209.48	2321.96	2481.50	
2701.50	3030.84	3309.52	3511.42	3632.78	3659.84	3670.10	3678.82	3685.20	3694.32	3699.36	3702.76	3691.86	3689.96	3696.90	3697.58	
3698.12	3728.26	3714.80	3719.00	3721.88	3724.86	3727.22	3724.98	3728.16	3731.50	3726.84	3726.42	3729.14	3724.12	3720.92	3731.94	
3734.86	3736.96	3735.22	3736.22	3725.12	3729.56	3723.58	3719.46	3729.78	3722.16	3733.56	3728.82	3736.08	3734.68	3735.16	3738.92	
3738.32	3743.38	3741.10	3737.92	3744.16	3745.46	3740.20	3747.08	3739.56	3749.00	3745.02	3744.40	3750.94	3750.76	3751.24	3755.76	
3754.52	3632.42	3705.04	3743.66	3743.86	3745.82	3748.42	3752.98	3748.44	3742.18	3748.44	3747.08	3749.46	3751.56	3745.54	3744.04	
3744.22	3733.80	3723.48	3725.90	3741.72	3739.44	3737.90	3737.10	3728.70	3717.40	3733.86	3729.82	3736.50	3738.36	3752.66	3708.58	

*******************************************2025/07/26;02:09:55
Probe number 59
Concentration entered by User 2.02% (Compensated: 2.96% at temperature 32.3)
1285.66	1302.14	1313.20	1326.26	1341.34	1355.60	1373.44	1389.22	1409.46	1427.84	1451.08	1475.58	1501.02	1529.08	1549.62	1567.42	
1589.62	1629.14	1664.94	1713.56	1746.62	1788.14	1825.44	1864.60	1900.90	1939.86	1988.74	2047.26	2122.76	2199.44	2320.10	2481.12	
2702.92	3027.18	3299.28	3506.02	3630.44	3658.98	3668.44	3676.60	3683.78	3692.82	3697.60	3700.62	3689.48	3687.58	3695.18	3695.26	
3696.40	3726.58	3713.38	3717.76	3720.66	3723.84	3726.02	3723.76	3727.06	3730.20	3725.52	3724.84	3727.98	3722.62	3719.56	3730.94	
3733.80	3735.56	3734.22	3734.94	3723.52	3728.26	3722.24	3718.40	3728.52	3720.88	3732.26	3727.60	3734.90	3733.32	3734.20	3737.58	
3737.30	3742.14	3739.96	3736.36	3743.10	3744.24	3738.84	3746.06	3738.56	3747.66	3743.98	3743.10	3749.96	3749.52	3750.16	3754.40	
3753.70	3630.62	3703.96	3742.86	3742.78	3744.48	3747.02	3751.74	3747.14	3740.80	3747.12	3746.10	3748.58	3750.46	3744.34	3742.90	
3742.84	3732.52	3722.54	3724.50	3740.32	3738.28	3736.58	3735.76	3727.18	3715.84	3732.52	3728.34	3735.48	3737.18	3751.60	3707.32	

*******************************************2025/07/26;02:14:55
Probe number 60
Concentration entered by User 1.98% (Compensated: 2.92% at temperature 32.2)
1286.20	1302.32	1313.34	1325.72	1341.76	1356.82	1374.14	1390.26	1410.10	1428.56	1451.78	1475.62	1499.92	1527.32	1548.08	1568.66	
1591.94	1630.82	1663.46	1714.26	1747.56	1785.46	1823.16	1862.50	1900.18	1939.08	1987.42	2051.34	2127.68	2210.84	2317.34	2479.58	
2706.32	3037.50	3308.80	3514.14	3635.78	3661.26	3670.88	3679.64	3685.82	3695.36	3699.86	3703.08	3691.86	3690.28	3697.52	3698.24	
3698.78	3728.32	3715.38	3719.62	3722.14	3725.06	3727.76	3725.08	3728.46	3731.76	3727.14	3726.90	3729.66	3724.62	3721.32	3732.72	
3735.52	3737.42	3735.84	3736.42	3726.02	3729.72	3723.96	3720.24	3730.56	3722.74	3734.06	3729.34	3736.22	3734.84	3735.60	3739.14	
3739.30	3743.80	3741.40	3738.38	3744.72	3745.78	3740.54	3747.48	3740.04	3749.10	3745.70	3744.58	3751.24	3750.92	3751.62	3755.90	
3755.22	3633.36	3705.88	3744.50	3744.46	3746.20	3748.54	3753.14	3748.84	3742.60	3748.84	3748.02	3749.98	3751.68	3746.16	3744.36	
3744.48	3734.50	3724.38	3726.36	3742.02	3739.94	3738.40	3737.40	3729.16	3717.78	3734.38	3729.76	3737.44	3738.52	3752.98	3709.52	

*******************************************2025/07/26;02:19:55
Probe number 61
Concentration entered by User 2.03% (Compensated: 2.97% at temperature 32.2)
1284.48	1300.10	1311.54	1324.08	1340.66	1355.18	1371.88	1388.30	1407.90	1426.86	1450.92	1474.34	1500.04	1526.34	1546.60	1566.62	
1588.44	1627.36	1661.86	1710.72	1745.16	1783.88	1819.10	1857.18	1897.04	1936.30	1987.24	2043.48	2118.72	2199.66	2311.00	2474.56	
2697.84	3023.68	3298.42	3499.58	3622.84	3652.56	3661.40	3670.12	3676.38	3685.44	3691.16	3694.26	3682.50	3680.50	3688.44	3689.08	
3689.48	3720.48	3707.24	3711.42	3714.78	3717.04	3719.84	3717.12	3720.70	3724.22	3719.86	3718.94	3722.28	3716.54	3712.98	3725.10	
3727.80	3730.24	3728.28	3729.30	3717.98	3722.32	3715.98	3712.12	3722.76	3714.74	3726.98	3721.76	3729.00	3727.42	3728.44	3732.32	
3731.70	3736.76	3734.50	3731.28	3737.60	3739.40	3733.78	3740.86	3732.98	3742.60	3738.76	3737.88	3745.00	3744.62	3744.96	3749.70	
3748.62	3622.70	3696.34	3737.58	3737.36	3739.32	3741.68	3747.08	3742.06	3735.32	3741.80	3741.02	3743.32	3745.36	3739.32	3737.42	
3738.08	3727.32	3716.08	3718.54	3734.84	3732.88	3730.98	3729.96	3721.66	3709.64	3726.98	3722.44	3729.90	3731.86	3746.70	3700.72	

*******************************************2025/07/26;02:24:55
Probe number 62
Concentration entered by User 2.01% (Compensated: 2.95% at temperature 32.2)
1285.56	1301.58	1312.32	1324.32	1340.62	1355.38	1373.16	1389.80	1410.14	1428.54	1451.32	1475.34	1501.52	1528.66	1548.42	1567.52	
1590.30	1630.18	1662.94	1714.60	1749.38	1784.06	1820.58	1859.68	1898.68	1938.86	1985.84	2048.58	2120.82	2202.44	2309.88	2461.78	
2693.84	3029.54	3302.52	3509.10	3631.60	3658.42	3667.06	3676.64	3683.12	3692.14	3697.14	3700.54	3689.56	3687.88	3694.98	3694.96	
3695.72	3725.98	3713.00	3716.96	3719.74	3723.00	3725.44	3722.92	3726.06	3729.44	3724.72	3724.18	3727.34	3722.02	3718.82	3730.50	
3733.14	3735.10	3733.58	3734.44	3723.56	3727.50	3721.48	3717.48	3728.02	3720.24	3732.04	3727.06	3734.00	3732.66	3733.40	3737.44	
3736.76	3741.66	3739.42	3736.34	3742.58	3744.06	3738.58	3745.58	3737.96	3747.38	3743.56	3742.78	3749.82	3748.80	3749.74	3754.26	
3753.28	3630.34	3702.96	3742.38	3742.30	3744.28	3746.68	3751.32	3746.76	3740.22	3746.60	3745.62	3747.92	3750.06	3744.26	3742.42	
3742.56	3732.18	3721.76	3724.12	3740.00	3737.46	3735.84	3735.22	3727.02	3715.24	3732.04	3727.88	3735.04	3736.82	3751.18	3706.70	

*******************************************2025/07/26;02:29:55
Probe number 63
Concentration entered by User 2.01% (Compensated: 2.95% at temperature 32.2)
1285.10	1301.80	1312.28	1325.42	1340.82	1355.48	1373.48	1389.64	1409.70	1427.16	1450.02	1473.22	1500.88	1527.46	1547.84	1566.06	
1589.34	1630.48	1663.74	1711.24	1745.82	1785.88	1821.82	1861.52	1898.24	1937.26	1981.60	2041.30	2120.46	2202.90	2308.22	2469.04	
2699.66	3028.16	3301.92	3507.32	3629.48	3655.92	3664.92	3673.68	3680.36	3689.78	3694.58	3697.46	3686.60	3684.02	3691.86	3691.96	
3692.72	3723.48	3709.68	3713.86	3717.30	3720.06	3722.78	3720.30	3723.40	3726.70	3722.04	3721.84	3724.96	3719.66	3716.36	3727.68	
3730.56	3732.38	3730.70	3731.82	3720.58	3724.90	3718.80	3714.88	3725.26	3717.54	3729.14	3724.20	3731.94	3730.26	3730.56	3734.40	
3734.44	3739.06	3736.94	3733.66	3740.42	3741.54	3735.98	3743.24	3735.58	3744.80	3741.14	3740.16	3747.12	3746.84	3747.30	3752.06	
3751.02	3626.10	3699.96	3739.78	3740.06	3741.64	3744.12	3749.28	3744.52	3738.10	3744.42	3743.26	3745.66	3747.46	3741.54	3740.02	
3740.12	3729.60	3719.04	3721.40	3737.84	3735.24	3733.78	3733.00	3724.24	3712.42	3729.74	3725.38	3732.58	3734.32	3749.10	3703.80	

*******************************************2025/07/26;02:34:55
Probe number 64
Concentration entered by User 1.99% (Compensated: 2.92% at temperature 32.2)
1286.40	1302.94	1313.54	1325.84	1341.40	1356.24	1374.38	1390.28	1410.00	1428.06	1452.72	1475.76	1500.68	1529.10	1549.70	1568.96	
1591.66	1631.34	1664.80	1714.98	1747.80	1784.48	1821.62	1863.56	1899.80	1940.48	1989.92	2047.74	2117.86	2198.64	2312.44	2476.54	
2705.46	3042.34	3303.60	3509.60	3634.68	3660.30	3669.04	3677.94	3684.40	3693.42	3698.86	3701.66	3690.68	3688.36	3695.60	3695.98	
3696.74	3726.58	3713.70	3717.84	3720.96	3723.94	3726.12	3723.70	3727.04	3730.20	3725.44	3725.22	3728.30	3722.98	3719.78	3731.16	
3733.82	3735.84	3733.92	3735.16	3724.34	3728.44	3722.42	3718.70	3729.00	3720.92	3732.94	3727.76	3735.02	3733.62	3734.42	3737.96	
3737.86	3742.26	3739.90	3737.14	3743.26	3744.68	3739.36	3745.90	3738.92	3748.06	3744.42	3743.28	3750.10	3749.58	3750.32	3754.62	
3754.00	3631.90	3703.80	3743.02	3742.84	3744.90	3747.20	3752.18	3747.72	3741.26	3747.58	3746.40	3748.84	3750.76	3744.76	3743.22	
3743.44	3733.18	3722.64	3724.80	3740.68	3738.62	3737.00	3736.12	3727.84	3716.20	3733.08	3728.72	3735.68	3737.46	3751.98	3707.70	

*******************************************2025/07/26;02:39:55
Probe number 65
Concentration entered by User 2.02% (Compensated: 2.96% at temperature 32.1)
1285.98	1302.04	1312.78	1325.78	1342.32	1355.84	1373.92	1390.86	1410.72	1428.02	1450.52	1475.82	1502.00	1530.72	1549.40	1567.50	
1591.02	1630.72	1665.52	1715.60	1749.34	1786.92	1820.28	1860.22	1898.72	1938.86	1986.12	2046.76	2123.38	2200.20	2321.82	2476.58	
2696.06	3028.30	3297.12	3503.38	3631.88	3658.42	3667.30	3675.50	3683.04	3692.28	3696.98	3700.28	3689.10	3687.04	3694.44	3694.94	
3695.82	3725.46	3712.68	3717.00	3719.72	3722.64	3725.26	3722.84	3725.64	3729.06	3724.72	3724.38	3727.10	3721.78	3718.32	3729.86	
3732.88	3734.70	3733.08	3733.98	3723.30	3727.18	3721.34	3717.42	3727.82	3719.98	3731.44	3726.76	3734.16	3732.66	3733.16	3737.26	
3736.84	3741.52	3739.18	3735.96	3742.08	3743.56	3738.14	3745.28	3737.68	3746.96	3743.46	3742.48	3749.22	3748.72	3749.44	3753.86	
3752.86	3629.44	3702.80	3742.12	3742.14	3743.88	3746.38	3751.14	3746.66	3740.12	3746.62	3745.56	3747.78	3749.48	3743.74	3742.34	
3742.16	3732.28	3721.58	3723.86	3739.78	3737.58	3736.02	3734.76	3726.64	3714.68	3731.80	3727.66	3734.82	3736.62	3750.94	3706.22	

*******************************************2025/07/26;02:44:55
Probe number 66
Concentration entered by User 1.98% (Compensated: 2.91% at temperature 32.1)
1285.78	1301.88	1312.76	1325.76	1341.84	1356.40	1374.48	1391.22	1410.42	1428.38	1452.60	1476.98	1502.20	1530.80	1550.02	1570.08	
1593.42	1631.50	1666.50	1714.10	1751.94	1787.86	1821.90	1862.56	1900.24	1938.30	1987.40	2045.28	2120.60	2202.48	2311.32	2472.20	
2704.22	3043.34	3306.28	3511.68	3634.16	3660.16	3669.02	3677.68	3683.54	3692.72	3697.92	3701.26	3690.02	3688.00	3695.22	3695.36	
3696.26	3726.44	3713.48	3717.62	3720.46	3723.12	3725.64	3723.20	3726.36	3729.48	3725.12	3724.64	3727.72	3722.36	3719.20	3730.66	
3733.16	3735.38	3733.56	3734.26	3723.52	3727.44	3721.92	3718.08	3728.30	3720.14	3732.12	3727.16	3734.42	3733.16	3733.82	3737.64	
3737.22	3741.74	3739.36	3736.12	3743.02	3744.26	3738.58	3746.00	3738.18	3747.32	3743.82	3742.70	3749.72	3749.08	3749.78	3754.20	
3753.40	3630.74	3703.52	3742.70	3742.78	3744.30	3746.50	3751.50	3746.92	3740.98	3746.82	3745.84	3747.94	3750.14	3744.32	3742.70	
3742.86	3732.52	3722.12	3723.94	3740.12	3738.32	3736.30	3735.30	3727.10	3715.74	3732.50	3728.08	3735.26	3737.08	3751.56	3706.84	

*******************************************2025/07/26;02:49:55
Probe number 67
Concentration entered by User 2.01% (Compensated: 2.94% at temperature 32.1)
1285.22	1301.10	1312.54	1325.26	1342.04	1356.08	1373.78	1390.26	1409.70	1427.94	1451.52	1476.02	1501.86	1528.40	1548.22	1568.34	
1591.32	1629.78	1664.78	1715.38	1750.12	1784.10	1819.62	1860.20	1901.38	1941.56	1992.52	2047.36	2120.40	2200.46	2314.94	2479.34	
2699.36	3027.40	3302.34	3505.20	3628.32	3656.64	3665.38	3674.92	3681.30	3690.26	3696.26	3699.26	3687.56	3685.60	3693.38	3693.56	
3694.16	3724.14	3711.12	3715.64	3718.92	3721.58	3724.42	3721.80	3724.78	3728.16	3723.80	3722.90	3726.54	3721.30	3717.74	3729.24	
3732.04	3733.98	3732.46	3733.34	3722.42	3726.12	3720.52	3716.38	3727.02	3718.78	3731.18	3725.80	3732.80	3731.84	3732.38	3736.28	
3735.76	3740.82	3738.36	3734.94	3741.60	3743.04	3737.38	3744.48	3736.74	3746.22	3742.62	3741.66	3748.76	3747.94	3748.80	3753.04	
3752.40	3628.90	3701.94	3741.46	3741.44	3743.14	3745.30	3750.56	3745.94	3739.36	3745.78	3744.78	3746.90	3748.78	3743.16	3741.30	
3741.68	3731.20	3720.72	3722.80	3738.84	3736.96	3735.28	3733.68	3726.10	3714.12	3731.10	3726.84	3734.18	3735.70	3750.50	3705.72	

*******************************************2025/07/26;02:54:55
Probe number 68
Concentration entered by User 1.97% (Compensated: 2.89% at temperature 32.0)
1287.38	1303.86	1314.94	1327.20	1342.86	1357.76	1375.30	1391.38	1411.18	1429.50	1452.96	1477.76	1503.48	1530.78	1550.70	1570.26	
1593.64	1630.84	1666.08	1717.52	1753.22	1790.28	1824.96	1867.16	1904.16	1944.86	1990.28	2045.64	2125.80	2209.06	2328.70	2484.52	
2707.78	3040.72	3312.72	3513.88	3636.82	3663.82	3672.36	3680.08	3685.62	3695.36	3701.30	3704.06	3692.48	3690.78	3698.24	3698.06	
3698.54	3727.82	3715.54	3719.98	3722.82	3725.96	3728.06	3726.04	3728.68	3732.12	3727.42	3727.44	3730.64	3725.32	3721.86	3733.04	
3736.16	3737.48	3736.26	3737.08	3726.54	3730.10	3724.86	3720.70	3730.94	3723.50	3734.84	3729.86	3736.84	3735.58	3735.92	3740.12	
3739.90	3744.02	3742.26	3738.78	3745.36	3746.24	3741.16	3748.00	3740.80	3749.70	3746.24	3745.46	3751.82	3751.56	3752.12	3756.56	
3755.66	3633.94	3706.60	3744.80	3745.00	3746.82	3749.08	3753.80	3749.42	3742.96	3749.34	3748.24	3750.40	3752.38	3746.42	3745.20	
3745.26	3735.14	3724.50	3727.04	3742.58	3740.52	3739.06	3738.04	3729.86	3718.54	3735.20	3730.68	3737.80	3739.54	3753.88	3710.36	

*******************************************2025/07/26;02:59:55
Probe number 69
Concentration entered by User 2.03% (Compensated: 2.95% at temperature 32.0)
1284.90	1300.58	1311.84	1324.52	1341.04	1355.40	1372.46	1388.66	1409.08	1427.14	1450.08	1474.62	1500.70	1527.68	1546.56	1568.14	
1590.30	1628.90	1662.82	1714.50	1748.58	1783.70	1819.64	1855.82	1893.84	1935.24	1979.02	2041.58	2119.98	2197.44	2315.60	2466.72	
2697.46	3024.38	3297.02	3502.34	3628.32	3656.00	3663.88	3671.50	3677.92	3687.12	3693.40	3696.46	3685.06	3682.80	3689.86	3690.50	
3691.02	3721.32	3708.06	3712.64	3715.66	3718.72	3721.56	3718.80	3722.10	3725.72	3720.92	3720.44	3724.20	3718.28	3714.92	3726.74	
3729.50	3731.44	3729.88	3730.86	3719.58	3723.26	3717.82	3713.82	3724.34	3716.02	3728.32	3722.76	3730.66	3729.26	3729.56	3733.82	
3733.26	3738.18	3735.94	3732.48	3739.14	3740.38	3734.84	3741.94	3734.44	3743.98	3740.10	3739.28	3746.40	3745.74	3746.34	3751.12	
3750.28	3624.86	3699.08	3739.00	3738.84	3740.82	3743.20	3748.44	3743.86	3736.88	3743.28	3742.26	3744.78	3746.52	3740.58	3739.00	
3739.26	3728.42	3717.90	3720.30	3736.40	3734.24	3732.82	3731.58	3723.20	3711.08	3728.60	3723.94	3731.66	3733.02	3748.40	3702.68	

*******************************************2025/07/26;03:04:55
Probe number 70
Concentration entered by User 2.02% (Compensated: 2.94% at temperature 32.0)
1285.36	1301.02	1312.04	1324.94	1341.30	1355.80	1373.80	1390.02	1409.00	1427.44	1451.18	1475.14	1500.42	1527.80	1546.12	1566.10	
1588.90	1628.78	1663.00	1711.46	1747.84	1784.42	1819.30	1858.24	1898.96	1936.26	1981.00	2040.70	2118.98	2203.62	2319.98	2473.82	
2700.84	3026.44	3296.74	3505.54	3627.66	3653.86	3662.90	3671.16	3677.00	3686.52	3692.50	3694.90	3683.56	3682.00	3688.66	3689.14	
3690.04	3720.04	3707.36	3711.74	3714.76	3717.80	3720.36	3717.74	3721.20	3724.44	3719.52	3719.54	3722.46	3717.20	3713.98	3725.38	
3728.54	3730.60	3728.96	3729.88	3718.58	3722.54	3716.90	3712.36	3723.70	3715.22	3727.28	3722.08	3729.56	3728.18	3728.66	3732.76	
3732.68	3737.10	3735.16	3731.48	3737.94	3739.36	3734.24	3741.10	3733.50	3743.14	3739.16	3738.26	3745.38	3745.20	3745.64	3750.18	
3749.24	3623.48	3698.18	3737.98	3738.06	3739.82	3742.40	3747.54	3742.58	3736.06	3742.62	3741.60	3743.80	3746.02	3740.20	3738.10	
3738.20	3727.54	3716.92	3719.26	3735.46	3733.42	3731.72	3730.40	3722.54	3710.28	3727.74	3723.36	3730.78	3732.46	3747.58	3701.46	

*******************************************2025/07/26;03:09:55
Probe number 71
Concentration entered by User 1.99% (Compensated: 2.91% at temperature 32.0)
1286.16	1302.78	1313.32	1325.62	1342.60	1357.52	1374.44	1390.16	1410.38	1428.58	1452.14	1476.42	1501.58	1529.82	1548.72	1568.00	
1589.74	1627.96	1663.50	1714.16	1750.18	1786.30	1819.16	1862.12	1902.46	1942.36	1988.58	2046.76	2124.92	2202.78	2318.70	2473.46	
2704.98	3035.78	3308.92	3505.56	3633.40	3660.22	3667.86	3675.96	3681.42	3690.86	3696.80	3699.78	3687.92	3686.00	3693.48	3693.32	
3693.58	3724.02	3711.48	3715.62	3718.40	3721.38	3724.28	3721.74	3724.42	3728.20	3723.56	3723.40	3726.16	3721.34	3717.80	3729.14	
3732.26	3734.12	3732.22	3733.48	3722.60	3726.28	3720.72	3716.78	3727.16	3719.02	3730.70	3725.86	3733.20	3732.02	3732.28	3736.48	
3736.04	3740.82	3738.58	3735.16	3741.56	3742.72	3737.76	3744.84	3736.92	3746.14	3742.84	3741.74	3748.42	3748.32	3748.78	3753.26	
3752.46	3628.80	3701.98	3741.68	3741.18	3743.26	3745.84	3750.70	3746.20	3739.54	3745.96	3744.56	3747.20	3748.86	3743.30	3741.44	
3741.96	3731.06	3720.72	3722.94	3739.04	3737.02	3735.44	3734.06	3726.10	3714.18	3731.20	3726.82	3734.14	3735.82	3750.56	3705.50	

*******************************************2025/07/26;03:14:55
Probe number 72
Concentration entered by User 1.98% (Compensated: 2.90% at temperature 31.9)
1285.36	1301.84	1313.08	1326.24	1341.76	1356.42	1374.48	1390.34	1409.50	1427.28	1450.96	1476.38	1502.50	1528.04	1546.98	1568.48	
1591.36	1630.10	1663.90	1714.34	1746.80	1784.08	1821.58	1861.68	1899.00	1941.00	1983.10	2045.44	2120.66	2204.36	2310.60	2470.58	
2693.50	3033.00	3313.48	3511.20	3631.88	3656.58	3664.46	3671.58	3678.20	3687.90	3694.18	3696.94	3684.76	3682.80	3690.34	3690.64	
3690.78	3721.00	3708.18	3712.92	3715.70	3718.76	3721.52	3718.74	3721.76	3725.36	3720.72	3720.94	3723.54	3718.40	3714.52	3726.66	
3729.48	3731.76	3729.66	3730.94	3719.78	3723.32	3717.94	3713.62	3724.08	3716.20	3728.38	3723.28	3730.82	3729.36	3729.44	3733.62	
3733.34	3737.96	3735.84	3732.62	3739.20	3740.58	3734.88	3741.94	3734.38	3743.96	3740.60	3739.08	3746.42	3745.86	3746.78	3751.02	
3750.12	3624.86	3699.00	3738.76	3738.72	3740.74	3743.14	3748.06	3743.44	3736.78	3743.70	3742.38	3744.88	3746.52	3740.82	3739.16	
3739.26	3728.32	3718.02	3720.16	3736.68	3734.30	3732.76	3731.38	3723.40	3711.16	3728.62	3724.20	3731.34	3733.20	3748.64	3702.62	

*******************************************2025/07/26;03:19:55
Probe number 73
Concentration entered by User 1.96% (Compensated: 2.87% at temperature 31.9)
1285.78	1302.02	1312.54	1325.22	1341.38	1355.96	1373.92	1389.80	1410.22	1428.50	1451.58	1476.82	1502.28	1528.88	1547.86	1565.88	
1590.66	1629.84	1663.52	1713.42	1745.04	1787.52	1822.54	1861.46	1901.24	1942.60	1985.78	2045.16	2125.76	2207.62	2314.54	2468.12	
2699.92	3042.44	3318.16	3511.68	3633.12	3660.40	3667.92	3675.94	3681.76	3691.34	3697.70	3700.36	3688.96	3686.64	3694.70	3694.58	
3694.76	3724.48	3711.88	3716.30	3719.24	3722.12	3724.76	3721.78	3725.22	3728.66	3724.30	3724.12	3726.94	3721.74	3718.54	3729.78	
3732.52	3734.74	3733.20	3733.86	3723.02	3726.76	3721.46	3717.24	3727.58	3719.20	3731.32	3726.42	3733.44	3732.44	3732.86	3736.92	
3736.32	3741.26	3738.80	3735.64	3742.14	3743.18	3738.08	3745.10	3737.60	3746.94	3743.34	3742.14	3748.90	3748.64	3749.46	3753.72	
3752.76	3628.98	3702.80	3742.22	3741.96	3743.90	3746.28	3751.08	3746.42	3739.86	3746.48	3745.58	3747.58	3749.30	3743.72	3742.16	
3742.36	3731.68	3721.38	3723.42	3739.58	3737.38	3736.02	3734.42	3726.76	3714.80	3732.00	3727.48	3734.86	3736.36	3751.10	3706.34	

*******************************************2025/07/26;03:24:55
Probe number 74
Concentration entered by User 2.01% (Compensated: 2.92% at temperature 31.9)
1285.12	1301.58	1311.72	1325.46	1341.74	1356.22	1373.42	1390.24	1410.20	1427.70	1451.18	1475.80	1501.64	1528.70	1548.48	1567.76	
1590.02	1629.74	1663.26	1713.56	1747.98	1785.96	1824.04	1863.14	1898.56	1939.72	1983.64	2043.08	2124.78	2205.28	2315.10	2473.00	
2689.00	3023.56	3304.04	3508.58	3633.24	3660.68	3668.90	3676.62	3681.84	3691.02	3697.36	3700.82	3688.84	3686.52	3694.18	3694.18	
3694.58	3724.12	3711.80	3716.34	3718.94	3722.02	3724.80	3722.32	3725.38	3728.88	3724.72	3724.52	3727.46	3721.86	3718.62	3729.84	
3732.60	3734.86	3733.44	3734.50	3723.50	3727.26	3721.38	3717.64	3727.76	3719.98	3731.70	3726.34	3734.08	3732.74	3732.90	3737.40	
3737.00	3741.22	3739.18	3735.86	3742.46	3743.48	3738.44	3745.26	3737.42	3747.16	3743.46	3742.46	3749.46	3748.92	3749.56	3753.82	
3753.28	3629.72	3703.24	3742.20	3742.26	3743.88	3746.52	3751.20	3746.82	3740.12	3746.62	3745.46	3747.92	3749.76	3743.92	3742.42	
3742.50	3732.08	3721.78	3724.06	3739.70	3737.54	3736.22	3734.94	3726.80	3715.32	3732.24	3727.94	3735.38	3736.62	3751.48	3706.66	

*******************************************2025/07/26;03:29:55
Probe number 75
Concentration entered by User 2.03% (Compensated: 2.93% at temperature 31.9)
1285.84	1301.96	1313.00	1325.24	1341.46	1355.80	1373.64	1390.78	1410.74	1427.98	1451.50	1476.00	1502.66	1530.36	1549.96	1569.84	
1591.56	1631.00	1666.34	1713.18	1747.18	1782.46	1820.76	1861.56	1899.80	1941.98	1986.76	2043.94	2121.42	2200.12	2302.28	2473.10	
2694.94	3015.04	3301.98	3502.92	3633.34	3659.98	3667.02	3675.12	3680.82	3689.86	3696.74	3699.36	3687.38	3685.94	3692.82	3693.34	
3693.58	3723.34	3710.84	3715.46	3718.06	3721.24	3723.84	3721.46	3724.44	3728.14	3723.82	3723.28	3726.38	3721.32	3717.82	3729.22	
3731.90	3734.02	3732.36	3733.52	3722.80	3726.30	3720.88	3716.60	3726.98	3719.04	3730.74	3725.60	3733.14	3732.08	3732.18	3736.20	
3735.88	3740.64	3738.86	3734.76	3741.64	3742.76	3737.80	3744.46	3736.80	3746.48	3742.80	3741.70	3748.62	3747.98	3748.76	3753.44	
3752.30	3628.26	3701.94	3741.42	3741.26	3743.42	3745.56	3750.62	3745.82	3739.44	3745.76	3744.78	3747.14	3749.06	3743.20	3741.38	
3741.68	3731.36	3720.54	3722.58	3738.80	3736.46	3735.34	3733.86	3726.04	3713.70	3730.94	3726.78	3734.32	3735.54	3750.80	3705.96	

*******************************************2025/07/26;03:34:55
Probe number 76
Concentration entered by User 2.04% (Compensated: 2.94% at temperature 31.8)
1285.68	1301.78	1312.20	1325.50	1340.64	1355.62	1372.80	1389.12	1409.78	1427.86	1451.48	1476.56	1502.52	1528.32	1546.90	1567.24	
1590.04	1628.84	1665.16	1714.60	1746.22	1785.60	1824.20	1860.56	1897.40	1938.90	1987.44	2044.50	2123.32	2192.04	2315.02	2468.98	
2688.96	3018.96	3294.42	3504.68	3630.52	3656.78	3665.44	3672.92	3678.38	3687.92	3693.90	3696.74	3684.62	3682.60	3689.98	3690.14	
3690.46	3720.08	3708.14	3712.82	3715.34	3718.36	3721.44	3718.50	3721.64	3725.20	3720.78	3720.70	3724.00	3718.44	3714.90	3726.38	
3730.00	3731.66	3730.08	3730.90	3719.74	3723.62	3717.82	3714.02	3724.78	3716.18	3728.52	3723.30	3730.74	3729.20	3729.42	3734.02	
3733.66	3738.24	3736.06	3732.82	3739.20	3740.60	3735.14	3742.34	3734.34	3743.90	3740.30	3739.08	3746.32	3745.64	3746.52	3751.00	
3750.42	3625.14	3699.18	3739.08	3738.88	3740.96	3743.42	3748.36	3743.82	3736.82	3743.76	3742.74	3744.84	3746.72	3740.74	3738.98	
3739.70	3728.80	3718.30	3720.64	3736.70	3734.34	3732.98	3731.56	3723.68	3711.40	3728.86	3724.52	3731.82	3733.64	3748.54	3702.98	

*******************************************2025/07/26;03:39:55
Probe number 77
Concentration entered by User 2.04% (Compensated: 2.94% at temperature 31.8)
1284.98	1301.04	1311.92	1324.66	1340.68	1354.42	1372.28	1389.72	1409.04	1427.44	1450.28	1475.04	1502.10	1528.62	1547.26	1567.16	
1589.66	1629.94	1663.94	1713.96	1748.52	1785.80	1822.64	1862.92	1902.20	1940.06	1986.78	2048.62	2128.08	2195.42	2311.04	2475.24	
2678.90	3017.10	3294.82	3503.62	3630.36	3657.28	3665.00	3673.68	3678.74	3687.98	3693.96	3696.90	3685.44	3683.28	3690.48	3689.92	
3690.42	3720.72	3708.40	3712.94	3715.86	3718.76	3721.12	3718.98	3722.00	3725.42	3721.14	3720.90	3724.08	3718.56	3715.12	3726.84	
3729.54	3731.66	3730.10	3731.04	3720.02	3723.36	3718.28	3713.74	3724.68	3716.52	3728.64	3723.20	3730.76	3729.36	3729.78	3733.88	
3733.74	3738.42	3736.28	3732.74	3739.38	3740.80	3735.40	3742.66	3734.40	3744.14	3740.68	3739.46	3746.60	3746.30	3746.54	3751.36	
3750.16	3625.12	3699.14	3739.28	3738.90	3740.94	3743.62	3748.64	3743.90	3737.00	3743.58	3742.56	3745.12	3747.04	3740.96	3739.04	
3739.20	3728.76	3718.36	3720.20	3736.64	3734.16	3733.40	3731.76	3723.54	3711.54	3728.88	3724.60	3731.96	3733.44	3748.62	3703.42	

*******************************************2025/07/26;03:44:55
Probe number 78
Concentration entered by User 2.07% (Compensated: 2.97% at temperature 31.8)
1284.60	1300.46	1311.34	1324.18	1339.44	1354.04	1372.28	1387.82	1407.60	1425.60	1449.24	1473.24	1499.22	1526.86	1546.22	1565.44	
1588.22	1626.70	1662.92	1712.86	1745.40	1783.18	1821.56	1859.16	1892.62	1938.26	1980.16	2044.94	2117.96	2200.22	2307.14	2471.58	
2680.24	3006.80	3289.84	3496.74	3623.54	3651.68	3659.64	3668.38	3673.36	3683.12	3689.06	3691.64	3679.94	3677.22	3684.58	3684.46	
3684.50	3715.68	3703.26	3707.52	3710.56	3713.46	3716.30	3714.02	3717.16	3720.78	3716.24	3716.00	3719.46	3713.70	3710.00	3721.98	
3724.94	3727.18	3725.48	3726.52	3715.24	3719.08	3713.60	3709.14	3719.84	3711.78	3723.92	3718.66	3726.52	3725.22	3725.16	3729.84	
3729.40	3733.96	3731.72	3728.38	3735.24	3736.68	3731.12	3738.42	3730.30	3739.98	3736.28	3735.28	3742.58	3741.90	3742.48	3747.50	
3746.62	3618.84	3694.10	3734.92	3734.92	3736.74	3739.40	3744.54	3739.74	3732.80	3739.60	3738.38	3741.18	3742.98	3736.92	3734.86	
3735.34	3724.22	3713.60	3715.60	3732.48	3729.94	3728.86	3727.26	3719.14	3706.30	3724.34	3719.98	3727.72	3729.20	3744.92	3697.72	

*******************************************2025/07/26;03:49:55
Probe number 79
Concentration entered by User 2.03% (Compensated: 2.92% at temperature 31.7)
1285.44	1301.36	1312.24	1324.94	1341.26	1355.58	1373.80	1390.32	1410.12	1427.90	1451.48	1476.66	1502.68	1529.46	1547.18	1567.32	
1590.92	1631.54	1664.86	1715.28	1748.56	1787.62	1823.82	1858.84	1895.86	1937.86	1984.72	2048.54	2129.18	2199.96	2313.46	2470.26	
2696.82	3012.82	3295.74	3506.30	3633.38	3658.98	3666.62	3675.04	3680.30	3689.44	3695.48	3698.02	3686.24	3683.48	3691.24	3691.16	
3691.18	3721.40	3709.28	3713.48	3716.04	3719.28	3722.02	3719.40	3722.76	3726.10	3721.90	3721.44	3724.86	3719.60	3715.98	3727.22	
3730.54	3732.38	3730.94	3731.56	3720.92	3724.42	3719.12	3714.60	3725.22	3717.18	3729.10	3724.18	3731.42	3730.32	3730.20	3734.90	
3734.38	3739.02	3736.84	3733.24	3740.00	3741.22	3736.04	3742.94	3735.22	3744.94	3741.12	3739.82	3747.28	3746.28	3747.30	3751.90	
3751.10	3626.04	3700.36	3740.08	3739.86	3741.84	3744.20	3749.36	3744.72	3737.80	3744.18	3743.16	3745.70	3747.56	3741.72	3740.16	
3739.84	3729.24	3719.16	3721.14	3737.42	3735.52	3733.82	3732.38	3724.50	3712.08	3729.90	3725.14	3732.94	3734.16	3749.58	3703.70	

*******************************************2025/07/26;03:54:55
Probe number 80
Concentration entered by User 2.01% (Compensated: 2.89% at temperature 31.6)
1286.04	1302.68	1313.56	1326.56	1342.42	1356.60	1374.38	1390.96	1410.50	1428.66	1452.34	1476.80	1502.76	1530.84	1549.60	1570.40	
1592.88	1632.02	1666.04	1715.34	1750.96	1789.02	1824.30	1860.24	1898.32	1942.40	1988.12	2046.26	2124.78	2204.16	2312.64	2480.38	
2702.16	3023.00	3303.62	3510.92	3634.50	3661.98	3669.62	3677.24	3682.30	3691.96	3697.68	3700.94	3688.92	3686.36	3694.12	3693.66	
3693.76	3724.04	3711.80	3716.14	3718.76	3721.48	3724.30	3721.76	3725.32	3728.58	3724.32	3723.96	3726.96	3722.00	3718.44	3729.92	
3732.84	3734.60	3732.98	3734.04	3723.24	3726.80	3721.74	3717.04	3727.90	3719.78	3731.60	3726.54	3733.68	3732.54	3732.44	3737.20	
3736.60	3741.26	3739.18	3735.60	3742.38	3743.40	3738.00	3745.18	3737.56	3746.88	3743.36	3742.28	3749.10	3748.70	3749.32	3753.84	
3752.98	3629.82	3702.90	3742.02	3741.76	3743.98	3746.42	3751.28	3746.56	3739.76	3746.54	3745.40	3747.82	3749.62	3743.94	3742.16	
3742.50	3731.56	3721.78	3723.58	3739.46	3737.14	3736.42	3734.84	3727.08	3714.98	3732.02	3727.56	3734.86	3736.64	3751.48	3706.28	

*******************************************2025/07/26;03:59:55
Probe number 81
Concentration entered by User 2.04% (Compensated: 2.92% at temperature 31.6)
1285.04	1301.20	1312.30	1324.52	1340.20	1354.62	1373.26	1389.82	1409.50	1426.98	1450.78	1474.98	1501.84	1529.02	1547.52	1567.86	
1590.34	1629.50	1665.36	1715.32	1748.28	1785.58	1824.90	1861.20	1897.88	1938.20	1986.16	2044.12	2119.82	2198.04	2309.28	2476.36	
2693.52	3016.84	3294.12	3504.96	3631.32	3657.30	3664.86	3672.40	3678.14	3688.22	3693.78	3697.42	3685.04	3682.68	3690.54	3690.06	
3690.10	3720.30	3708.02	3712.24	3715.78	3718.60	3721.82	3718.50	3721.82	3725.18	3720.98	3720.62	3723.94	3718.50	3715.10	3726.76	
3729.86	3731.44	3729.94	3731.02	3719.84	3723.66	3718.14	3713.50	3724.50	3716.38	3728.60	3723.08	3730.66	3729.46	3729.76	3734.00	
3733.80	3738.40	3736.42	3732.46	3739.28	3740.90	3734.88	3742.44	3734.28	3744.08	3740.46	3739.36	3746.52	3746.06	3746.66	3751.26	
3750.20	3625.42	3699.34	3738.82	3739.02	3740.92	3743.44	3748.76	3743.90	3737.04	3743.98	3742.62	3744.92	3747.22	3741.00	3739.28	
3739.42	3728.72	3718.62	3720.44	3736.98	3734.44	3733.30	3731.60	3723.70	3711.12	3728.86	3724.42	3732.20	3733.34	3748.62	3703.02	

*******************************************2025/07/26;04:00:03
Probe number 82
Concentration entered by User 2.03% (Compensated: 2.91% at temperature 31.7)
1285.72	1302.54	1313.60	1326.56	1342.32	1357.12	1375.20	1391.16	1410.62	1428.86	1453.08	1476.98	1504.18	1531.70	1550.40	1570.78	
1591.80	1632.94	1666.68	1717.34	1750.20	1785.50	1823.96	1860.02	1900.48	1939.00	1986.72	2048.46	2127.38	2202.98	2310.00	2477.94	
2696.38	3016.98	3295.24	3509.68	3636.58	3663.14	3670.82	3678.18	3683.60	3693.34	3699.08	3702.26	3689.82	3688.24	3695.32	3695.18	
3695.28	3724.80	3712.74	3717.28	3720.40	3722.86	3725.50	3723.26	3726.62	3729.46	3725.18	3725.32	3728.16	3723.26	3719.82	3730.98	
3734.08	3735.86	3734.10	3735.04	3724.68	3727.92	3722.64	3718.72	3729.12	3721.02	3732.76	3727.74	3734.74	3733.90	3734.06	3738.10	
3737.60	3741.84	3740.36	3737.08	3743.34	3744.64	3739.32	3746.16	3738.68	3747.90	3744.56	3743.32	3750.50	3749.82	3750.32	3754.92	
3754.08	3631.70	3704.16	3743.24	3743.02	3744.94	3747.32	3752.30	3747.84	3741.34	3747.60	3746.60	3748.92	3750.68	3744.98	3743.32	
3743.44	3733.00	3723.10	3725.06	3740.62	3738.48	3737.22	3736.02	3728.26	3716.42	3733.12	3728.64	3736.14	3737.78	3752.52	3707.88	

*******************************************2025/07/26;04:04:55
Probe number 83
Concentration entered by User 2.04% (Compensated: 2.93% at temperature 31.6)
1285.96	1302.18	1313.20	1325.82	1341.64	1356.02	1373.60	1390.66	1410.52	1428.42	1452.70	1476.68	1502.42	1529.46	1548.00	1569.10	
1592.28	1632.46	1665.78	1713.92	1749.06	1785.58	1824.80	1862.38	1894.68	1937.48	1981.72	2046.26	2123.24	2204.94	2315.14	2472.36	
2696.94	3013.34	3290.72	3504.86	3632.80	3659.08	3667.34	3674.12	3679.28	3689.28	3694.94	3698.16	3686.28	3683.80	3690.88	3690.94	
3690.84	3721.42	3709.12	3713.20	3716.38	3719.36	3722.04	3719.56	3722.72	3725.90	3721.60	3721.52	3724.54	3719.56	3716.10	3727.48	
3730.52	3732.62	3731.02	3731.68	3721.16	3724.36	3719.28	3714.62	3725.44	3717.18	3729.22	3724.08	3731.44	3730.08	3730.56	3734.38	
3734.92	3739.04	3737.02	3733.44	3739.94	3741.66	3735.88	3742.92	3735.26	3744.84	3741.22	3740.06	3747.04	3746.66	3747.30	3751.84	
3751.02	3626.06	3700.30	3740.04	3739.98	3741.68	3744.24	3749.32	3744.68	3737.88	3744.66	3743.40	3745.94	3747.64	3741.70	3740.14	
3740.24	3729.42	3719.46	3720.68	3737.26	3735.06	3733.92	3732.54	3724.78	3712.28	3729.84	3724.98	3732.52	3734.42	3749.68	3703.72	

*******************************************2025/07/26;04:09:55
Probe number 84
Concentration entered by User 2.03% (Compensated: 2.91% at temperature 31.6)
1286.04	1302.44	1312.56	1325.10	1340.56	1355.96	1372.44	1389.44	1409.98	1427.12	1450.22	1476.32	1502.82	1529.22	1549.04	1567.80	
1588.44	1630.30	1664.52	1715.14	1748.54	1786.40	1822.40	1861.24	1897.72	1936.56	1982.94	2045.06	2126.18	2197.26	2310.98	2469.40	
2687.92	3017.24	3297.44	3507.14	3632.94	3657.70	3665.52	3672.54	3678.00	3686.94	3692.94	3695.92	3684.44	3681.90	3689.46	3689.62	
3689.54	3719.30	3707.34	3711.52	3714.80	3717.68	3720.92	3717.82	3721.08	3724.56	3720.28	3719.98	3723.14	3718.06	3714.58	3726.04	
3729.40	3731.06	3729.62	3730.28	3719.32	3722.80	3717.54	3713.34	3723.66	3715.66	3727.64	3722.36	3729.86	3728.74	3728.78	3733.34	
3732.88	3737.44	3735.46	3732.16	3738.68	3740.04	3734.44	3741.60	3734.12	3743.26	3739.76	3739.18	3746.02	3745.50	3746.16	3750.56	
3749.68	3624.14	3698.86	3738.60	3738.58	3740.18	3742.98	3747.96	3743.24	3736.44	3743.42	3742.32	3744.54	3746.50	3740.54	3738.52	
3738.94	3727.92	3717.76	3719.58	3736.26	3733.70	3732.56	3730.80	3723.16	3710.88	3728.18	3723.92	3731.22	3732.86	3748.24	3701.92	

*******************************************2025/07/26;04:14:55
Probe number 85
Concentration entered by User 2.01% (Compensated: 2.89% at temperature 31.6)
1286.06	1303.08	1313.36	1326.04	1342.48	1356.38	1374.24	1391.02	1411.24	1428.82	1451.20	1476.36	1502.78	1529.54	1549.22	1568.70	
1591.42	1631.70	1666.00	1717.44	1752.82	1789.48	1826.54	1863.86	1903.50	1941.56	1992.36	2053.78	2130.20	2196.98	2315.48	2474.40	
2692.20	3021.14	3303.74	3513.36	3638.06	3664.74	3672.14	3679.04	3683.90	3693.40	3699.28	3702.48	3690.54	3688.70	3696.02	3695.78	
3695.62	3724.92	3713.20	3717.32	3720.28	3723.60	3726.02	3723.58	3726.84	3729.94	3725.86	3725.58	3728.62	3723.52	3720.26	3731.42	
3734.66	3736.20	3734.86	3735.50	3725.12	3728.20	3723.04	3718.82	3729.18	3720.90	3733.22	3727.74	3735.14	3733.94	3733.92	3738.38	
3738.32	3742.56	3740.76	3737.10	3743.56	3744.98	3739.64	3746.82	3738.94	3748.38	3744.60	3743.48	3750.44	3750.10	3750.90	3755.16	
3754.48	3631.74	3704.70	3743.14	3743.34	3745.48	3747.76	3752.56	3748.20	3741.40	3748.20	3746.70	3749.38	3751.18	3745.52	3743.42	
3743.72	3733.74	3723.48	3725.18	3741.16	3738.86	3737.52	3736.26	3728.36	3716.38	3733.36	3729.32	3736.56	3738.10	3753.04	3707.76	

*******************************************2025/07/26;04:19:55
Probe number 86
Concentration entered by User 2.01% (Compensated: 2.89% at temperature 31.6)
1285.88	1302.12	1313.56	1326.76	1342.64	1356.78	1374.36	1391.44	1410.68	1427.88	1452.82	1476.48	1501.84	1530.02	1549.92	1571.10	
1593.08	1630.76	1665.30	1716.32	1748.94	1787.18	1824.42	1862.90	1899.52	1935.08	1986.94	2050.02	2123.30	2202.96	2308.92	2478.32	
2689.58	3021.76	3305.70	3512.48	3632.54	3660.98	3668.44	3675.52	3681.46	3690.46	3696.38	3699.86	3688.00	3685.68	3692.92	3692.84	
3692.52	3722.40	3710.56	3714.76	3717.86	3720.66	3723.68	3721.02	3723.86	3727.60	3723.32	3723.48	3726.24	3721.12	3717.52	3729.20	
3731.98	3733.76	3731.92	3733.12	3722.48	3725.92	3720.76	3715.96	3726.72	3718.38	3730.74	3725.48	3732.94	3731.84	3731.72	3735.88	
3736.04	3740.34	3738.48	3734.76	3741.44	3742.80	3737.46	3744.36	3736.38	3746.52	3742.42	3741.28	3748.48	3748.14	3748.46	3753.12	
3752.24	3628.02	3701.94	3741.16	3741.34	3743.22	3745.50	3750.30	3746.00	3739.10	3745.98	3744.54	3746.92	3748.80	3743.54	3741.18	
3741.48	3730.92	3720.64	3722.62	3738.72	3736.50	3735.32	3733.88	3726.04	3713.92	3730.98	3726.94	3734.06	3735.60	3750.92	3705.38	

*******************************************2025/07/26;04:24:55
Probe number 87
Concentration entered by User 2.01% (Compensated: 2.90% at temperature 31.6)
1285.56	1301.84	1313.02	1325.56	1341.32	1355.46	1373.48	1390.24	1409.78	1427.92	1451.98	1475.90	1501.86	1529.72	1549.80	1567.84	
1590.52	1631.20	1666.68	1717.88	1750.42	1785.60	1824.52	1860.18	1901.34	1942.70	1991.76	2043.58	2121.92	2200.52	2317.96	2478.18	
2692.52	3016.04	3307.84	3506.74	3634.52	3662.20	3669.24	3676.30	3681.82	3691.20	3697.10	3700.40	3688.62	3686.34	3693.62	3693.00	
3692.68	3722.42	3710.80	3714.84	3717.64	3720.32	3723.58	3721.20	3724.18	3727.62	3723.14	3723.20	3726.18	3721.04	3717.88	3729.02	
3732.12	3733.96	3732.18	3733.34	3722.52	3725.88	3720.42	3716.42	3726.76	3718.62	3730.60	3725.74	3732.70	3732.12	3731.84	3736.18	
3736.10	3740.42	3738.58	3735.16	3741.58	3742.76	3737.38	3744.30	3736.62	3746.22	3742.46	3741.18	3748.70	3748.14	3748.78	3753.04	
3752.28	3628.24	3702.02	3741.26	3741.44	3743.08	3745.58	3750.30	3746.04	3739.38	3745.86	3744.80	3747.20	3749.02	3743.14	3741.22	
3741.74	3730.88	3720.88	3722.86	3738.86	3736.58	3735.22	3733.72	3726.18	3713.76	3731.16	3727.04	3734.46	3735.52	3750.74	3705.86	

*******************************************2025/07/26;04:29:55
Probe number 88
Concentration entered by User 1.98% (Compensated: 2.85% at temperature 31.5)
1287.62	1304.20	1315.24	1327.94	1343.44	1357.26	1375.28	1392.88	1412.90	1430.80	1454.78	1479.32	1504.60	1533.14	1552.16	1570.66	
1593.22	1633.58	1667.44	1719.80	1754.86	1790.08	1826.20	1864.04	1906.76	1948.20	1996.18	2051.48	2124.02	2203.64	2314.56	2480.26	
2699.82	3023.96	3315.54	3516.78	3641.08	3669.58	3677.18	3684.02	3688.88	3697.46	3703.36	3706.58	3695.02	3692.70	3700.18	3699.44	
3699.32	3728.32	3716.82	3721.00	3723.44	3726.24	3729.02	3726.66	3729.54	3733.20	3728.86	3728.82	3731.84	3726.84	3723.40	3734.66	
3737.14	3739.06	3736.98	3738.12	3728.10	3731.18	3726.26	3722.00	3732.56	3724.54	3736.14	3731.34	3738.24	3736.94	3737.12	3741.28	
3740.94	3745.32	3743.64	3739.96	3746.60	3747.66	3742.48	3749.30	3741.36	3750.78	3747.70	3746.38	3753.14	3752.74	3753.44	3757.62	
3756.68	3636.52	3708.54	3746.18	3745.82	3747.96	3750.22	3754.86	3751.08	3744.30	3750.72	3749.60	3751.90	3753.84	3747.94	3746.30	
3746.50	3736.34	3726.58	3728.10	3743.58	3741.38	3740.36	3738.84	3731.78	3719.64	3736.52	3732.38	3739.34	3740.80	3755.54	3711.70	

*******************************************2025/07/26;04:34:55
Probe number 89
Concentration entered by User 2.05% (Compensated: 2.93% at temperature 31.5)
1284.72	1300.74	1312.28	1324.90	1340.98	1355.04	1373.42	1389.44	1409.36	1426.88	1450.08	1474.44	1501.70	1528.44	1547.26	1567.72	
1589.56	1629.06	1663.42	1713.72	1749.04	1787.22	1821.50	1859.08	1899.18	1939.86	1986.32	2043.22	2117.60	2192.40	2303.74	2464.14	
2673.96	3012.04	3293.92	3499.54	3626.20	3655.76	3663.78	3671.62	3677.04	3686.46	3692.52	3695.38	3683.66	3680.96	3688.68	3688.40	
3687.82	3718.46	3706.36	3711.06	3713.62	3716.62	3719.64	3716.98	3720.08	3723.48	3718.96	3719.32	3722.22	3716.94	3713.46	3725.02	
3728.24	3729.90	3728.46	3729.00	3718.52	3721.54	3716.24	3711.70	3722.68	3714.36	3726.98	3721.38	3729.08	3727.78	3727.70	3732.30	
3731.96	3736.48	3734.62	3730.92	3737.88	3739.24	3733.52	3740.50	3732.98	3742.50	3739.02	3737.52	3745.02	3744.66	3745.38	3750.10	
3748.86	3622.46	3697.14	3737.48	3737.32	3739.64	3741.86	3747.04	3742.66	3735.54	3742.26	3741.00	3743.42	3745.50	3739.44	3737.22	
3737.98	3727.28	3716.56	3718.44	3735.12	3732.70	3731.74	3729.96	3722.12	3709.30	3727.02	3722.80	3730.50	3731.84	3747.56	3700.96	

*******************************************2025/07/26;04:39:55
Probe number 90
Concentration entered by User 2.05% (Compensated: 2.93% at temperature 31.5)
1286.40	1303.04	1313.80	1326.64	1342.28	1356.36	1374.08	1390.82	1411.32	1428.04	1451.18	1475.76	1501.74	1529.00	1548.40	1568.54	
1592.54	1630.24	1665.02	1715.68	1750.48	1788.74	1823.32	1861.58	1903.20	1941.24	1986.80	2051.16	2121.44	2193.92	2315.76	2472.16	
2682.00	3010.26	3290.44	3502.70	3631.20	3660.06	3666.30	3675.02	3680.20	3689.00	3695.12	3698.00	3686.20	3684.28	3691.08	3690.94	
3691.06	3721.00	3709.36	3713.58	3715.98	3719.02	3722.20	3719.20	3722.02	3725.74	3721.36	3721.18	3724.34	3719.30	3716.02	3727.16	
3730.52	3731.90	3730.38	3731.22	3720.72	3723.96	3718.58	3714.00	3725.26	3716.80	3729.10	3723.88	3731.02	3730.02	3730.06	3734.36	
3734.36	3738.56	3736.94	3733.10	3739.96	3741.02	3735.90	3743.04	3734.74	3744.84	3741.22	3739.86	3747.02	3746.46	3747.26	3751.84	
3750.50	3625.88	3700.24	3739.46	3739.54	3741.58	3743.84	3749.14	3744.32	3737.44	3744.44	3743.14	3745.78	3747.52	3741.72	3739.84	
3740.12	3729.44	3719.32	3720.98	3737.16	3734.90	3733.94	3732.10	3724.36	3711.62	3729.48	3725.16	3732.60	3734.26	3749.36	3703.76	

*******************************************2025/07/26;04:44:55
Probe number 91
Concentration entered by User 1.99% (Compensated: 2.86% at temperature 31.4)
1287.98	1303.92	1314.70	1327.72	1343.82	1358.20	1375.44	1391.56	1412.54	1430.54	1455.02	1479.28	1504.54	1532.24	1551.90	1572.72	
1594.12	1634.58	1669.36	1720.34	1751.38	1791.16	1828.58	1866.70	1907.92	1946.96	1993.22	2056.14	2129.94	2210.04	2324.26	2477.12	
2689.70	3020.90	3310.32	3517.72	3641.52	3670.12	3676.18	3683.56	3688.86	3697.40	3703.26	3706.08	3694.98	3692.72	3699.76	3699.20	
3699.04	3728.00	3716.88	3720.66	3723.26	3726.30	3729.24	3726.80	3729.24	3732.92	3729.14	3728.84	3731.40	3726.90	3723.58	3734.16	
3737.04	3738.84	3737.38	3738.22	3728.34	3731.08	3726.16	3722.16	3732.06	3724.50	3735.56	3730.78	3737.58	3736.98	3736.68	3741.18	
3741.06	3744.98	3743.30	3739.82	3746.10	3747.52	3742.24	3749.24	3741.84	3751.10	3747.38	3746.50	3753.06	3752.84	3753.04	3757.46	
3756.82	3636.06	3708.12	3745.96	3746.06	3748.08	3750.08	3755.16	3750.76	3744.16	3750.54	3749.24	3751.80	3753.54	3748.24	3746.50	
3746.34	3736.48	3726.58	3727.86	3743.58	3741.28	3740.40	3739.00	3731.56	3719.32	3736.08	3732.34	3739.14	3740.92	3755.50	3711.44	

*******************************************2025/07/26;04:49:55
Probe number 92
Concentration entered by User 2.07% (Compensated: 2.94% at temperature 31.4)
1284.88	1301.20	1312.16	1324.38	1339.74	1354.70	1372.12	1388.34	1408.64	1426.14	1450.28	1475.10	1499.68	1526.36	1546.20	1566.38	
1589.20	1628.84	1663.04	1713.82	1749.24	1786.12	1822.24	1860.56	1900.74	1941.44	1984.04	2043.10	2118.88	2192.92	2314.78	2469.30	
2678.82	3010.74	3288.58	3495.00	3627.50	3654.52	3661.40	3669.56	3675.02	3684.14	3689.90	3693.22	3681.08	3679.30	3686.38	3686.14	
3685.94	3716.74	3704.52	3708.72	3711.46	3714.46	3717.82	3714.84	3718.14	3721.74	3717.30	3717.12	3720.04	3715.02	3711.62	3723.22	
3726.24	3728.26	3726.72	3727.58	3716.70	3719.94	3714.38	3709.92	3721.18	3712.50	3725.00	3719.72	3727.48	3726.10	3725.84	3730.46	
3730.54	3735.00	3733.06	3729.28	3736.08	3737.64	3731.88	3739.02	3730.82	3741.18	3737.34	3735.84	3743.48	3743.08	3743.54	3748.26	
3747.38	3619.90	3695.28	3735.98	3736.10	3737.72	3740.40	3745.46	3741.00	3733.82	3740.98	3739.44	3742.08	3743.96	3738.06	3736.20	
3736.08	3725.26	3715.00	3716.42	3733.20	3731.08	3729.92	3728.16	3720.60	3707.56	3725.54	3720.94	3728.60	3730.22	3745.94	3699.18	

*******************************************2025/07/26;04:54:55
Probe number 93
Concentration entered by User 1.99% (Compensated: 2.86% at temperature 31.4)
1286.86	1303.80	1314.94	1327.64	1343.66	1358.76	1376.18	1392.66	1411.88	1430.04	1452.64	1477.34	1505.24	1531.50	1551.62	1571.68	
1593.72	1633.08	1668.22	1719.92	1754.60	1791.42	1829.00	1865.88	1905.62	1949.00	1994.02	2051.10	2127.92	2201.50	2319.80	2481.80	
2691.96	3022.98	3308.06	3519.10	3642.00	3667.78	3673.86	3681.46	3687.36	3695.80	3701.60	3704.82	3693.02	3691.14	3698.14	3697.84	
3697.60	3726.68	3715.56	3719.24	3721.92	3725.08	3727.76	3725.28	3728.08	3731.58	3727.30	3727.14	3730.00	3725.42	3722.04	3732.70	
3735.86	3737.62	3736.04	3737.22	3726.76	3729.78	3724.90	3720.48	3730.86	3722.78	3734.74	3729.56	3736.80	3735.64	3735.72	3739.68	
3739.54	3744.00	3742.26	3738.66	3745.04	3746.30	3741.00	3748.08	3740.40	3750.02	3746.18	3745.02	3751.96	3751.74	3752.22	3756.66	
3755.50	3634.18	3706.70	3744.98	3745.26	3746.70	3749.08	3753.98	3749.70	3742.96	3749.56	3748.32	3750.74	3752.62	3747.00	3745.32	
3745.40	3734.94	3725.52	3726.56	3742.56	3740.10	3739.44	3737.50	3730.32	3718.26	3735.06	3730.96	3738.28	3739.66	3754.34	3710.40	

*******************************************2025/07/26;04:59:55
Probe number 94
Concentration entered by User 2.00% (Compensated: 2.86% at temperature 31.4)
1286.46	1302.62	1314.16	1326.94	1342.52	1357.00	1374.66	1390.68	1411.44	1428.40	1452.16	1476.48	1502.32	1530.16	1549.44	1571.16	
1593.10	1631.96	1666.32	1718.00	1753.12	1788.10	1823.92	1865.42	1900.80	1941.54	1992.82	2046.72	2120.66	2197.44	2319.16	2471.24	
2689.78	3023.16	3305.64	3515.28	3638.78	3663.52	3669.52	3676.62	3681.62	3690.64	3696.70	3700.22	3687.38	3685.96	3693.30	3692.68	
3692.12	3722.32	3710.64	3714.32	3717.16	3720.18	3722.80	3720.62	3723.36	3727.32	3722.96	3722.62	3725.66	3720.92	3717.30	3728.48	
3731.60	3733.26	3731.32	3732.58	3722.48	3725.26	3720.20	3715.28	3726.48	3718.02	3730.22	3725.04	3732.36	3731.20	3731.12	3735.58	
3735.68	3739.74	3737.88	3734.12	3741.30	3742.16	3736.66	3743.92	3736.12	3745.76	3741.92	3740.80	3747.92	3747.58	3748.32	3752.90	
3751.90	3627.88	3701.72	3740.62	3740.74	3742.54	3744.88	3750.06	3745.90	3738.88	3745.38	3744.22	3746.70	3748.54	3743.10	3741.16	
3741.32	3730.56	3720.76	3721.96	3738.20	3736.10	3735.20	3733.42	3725.72	3713.00	3730.56	3726.22	3734.10	3735.42	3750.38	3705.02	

*******************************************2025/07/26;05:04:55
Probe number 95
Concentration entered by User 1.99% (Compensated: 2.85% at temperature 31.3)
1287.70	1304.00	1314.94	1327.98	1344.28	1359.12	1376.30	1392.06	1412.94	1431.42	1453.60	1478.58	1506.00	1533.02	1552.28	1572.08	
1594.58	1633.76	1670.12	1720.24	1755.42	1791.20	1825.56	1867.82	1905.98	1949.86	1996.48	2055.16	2124.94	2207.40	2320.50	2482.24	
2690.90	3019.62	3309.64	3517.90	3643.88	3670.70	3677.26	3683.46	3688.52	3697.48	3703.34	3706.06	3694.14	3692.68	3699.60	3699.50	
3698.94	3727.94	3716.60	3720.74	3723.06	3726.14	3728.96	3726.22	3729.50	3732.80	3728.38	3728.18	3731.14	3726.66	3723.04	3733.98	
3737.08	3738.34	3736.86	3737.82	3727.90	3730.74	3725.74	3721.28	3731.78	3723.78	3735.52	3730.50	3737.46	3736.78	3736.42	3740.58	
3740.72	3744.92	3742.92	3739.54	3746.04	3747.54	3741.74	3748.96	3741.36	3750.40	3747.04	3746.24	3753.00	3752.38	3752.94	3757.32	
3756.52	3635.60	3707.86	3745.72	3745.58	3747.68	3749.88	3755.04	3750.56	3743.78	3750.36	3749.06	3751.42	3753.32	3747.82	3746.04	
3746.20	3735.92	3726.24	3727.92	3743.34	3741.26	3740.52	3738.70	3731.26	3718.96	3736.32	3732.06	3739.18	3740.36	3755.24	3711.50	

*******************************************2025/07/26;05:09:55
Probe number 96
Concentration entered by User 2.03% (Compensated: 2.89% at temperature 31.3)
1284.90	1300.96	1312.16	1324.76	1340.36	1355.36	1372.78	1389.84	1409.00	1427.46	1449.72	1474.60	1500.58	1528.00	1548.52	1567.90	
1589.60	1629.04	1665.08	1712.88	1748.46	1787.32	1820.98	1860.12	1897.02	1939.60	1985.64	2046.82	2120.44	2193.28	2319.10	2476.18	
2685.16	3020.92	3297.08	3507.78	3631.76	3659.52	3666.22	3673.02	3678.20	3687.48	3693.84	3696.50	3684.68	3682.60	3689.48	3689.34	
3688.30	3719.08	3707.42	3711.38	3713.78	3716.94	3720.02	3717.26	3720.22	3724.10	3719.58	3719.52	3722.42	3717.68	3714.06	3725.46	
3728.66	3730.16	3728.64	3729.30	3719.06	3722.08	3716.84	3712.10	3723.38	3714.76	3727.28	3721.76	3729.18	3728.40	3728.10	3732.34	
3732.90	3736.88	3735.08	3731.36	3738.22	3739.52	3734.12	3741.24	3733.16	3742.92	3739.16	3738.16	3745.38	3744.92	3745.66	3750.30	
3749.32	3623.20	3697.84	3737.76	3737.84	3739.86	3742.18	3747.52	3742.82	3735.78	3742.56	3741.60	3744.14	3746.18	3739.66	3738.08	
3738.38	3727.40	3717.50	3718.90	3735.52	3732.82	3732.36	3730.26	3722.56	3709.48	3727.62	3723.34	3731.08	3732.02	3748.22	3701.32	

*******************************************2025/07/26;05:14:55
Probe number 97
Concentration entered by User 2.03% (Compensated: 2.89% at temperature 31.3)
1288.22	1303.88	1315.46	1327.52	1343.68	1357.96	1376.00	1391.88	1411.76	1430.62	1453.34	1478.00	1504.14	1531.58	1551.42	1571.12	
1594.22	1633.06	1667.04	1719.30	1752.24	1789.80	1826.04	1863.52	1901.40	1942.74	1990.76	2052.16	2128.68	2200.76	2319.54	2487.56	
2688.96	3007.00	3297.76	3510.22	3637.12	3665.52	3672.86	3678.86	3683.82	3693.36	3699.14	3701.94	3690.16	3688.18	3695.04	3694.36	
3693.94	3723.46	3712.36	3716.20	3719.10	3721.72	3725.12	3722.02	3725.04	3728.78	3724.56	3723.92	3727.36	3722.22	3718.98	3730.12	
3732.98	3734.80	3733.00	3733.88	3723.88	3726.94	3721.92	3717.18	3727.76	3719.54	3731.74	3726.66	3733.54	3733.06	3732.54	3736.96	
3737.30	3741.14	3739.54	3735.52	3742.64	3743.92	3738.46	3745.38	3737.64	3747.02	3743.76	3742.40	3749.44	3749.08	3749.58	3754.36	
3753.12	3630.12	3703.68	3742.46	3742.18	3744.00	3746.58	3751.66	3746.94	3740.36	3746.98	3745.70	3748.20	3750.30	3744.40	3742.72	
3742.96	3732.14	3722.06	3723.78	3739.90	3737.64	3736.72	3734.86	3727.52	3714.86	3732.04	3728.02	3735.38	3736.72	3752.32	3707.10	

*******************************************2025/07/26;05:19:55
Probe number 98
Concentration entered by User 1.99% (Compensated: 2.85% at temperature 31.3)
1287.84	1304.14	1315.22	1327.76	1343.46	1358.24	1375.56	1391.46	1411.28	1429.98	1453.02	1478.60	1504.98	1532.34	1550.68	1572.08	
1594.46	1632.90	1667.00	1717.92	1755.92	1791.20	1827.44	1866.24	1900.78	1941.70	1991.50	2049.00	2122.10	2198.00	2324.86	2476.50	
2686.90	3020.52	3310.30	3520.32	3638.34	3668.54	3674.60	3681.44	3685.62	3695.54	3701.02	3703.82	3692.50	3690.34	3697.52	3696.78	
3696.34	3725.84	3714.68	3718.22	3721.08	3723.68	3726.76	3723.82	3726.90	3730.20	3726.44	3726.16	3728.88	3724.00	3720.82	3731.76	
3734.72	3736.46	3734.90	3735.68	3725.78	3728.52	3723.44	3718.86	3729.64	3721.94	3733.46	3728.52	3735.70	3734.86	3734.46	3738.68	
3738.84	3743.02	3741.16	3737.22	3743.96	3745.42	3740.24	3746.86	3739.38	3748.96	3745.18	3744.14	3751.04	3750.50	3751.22	3755.62	
3754.70	3633.30	3705.68	3743.62	3743.94	3745.70	3748.12	3752.88	3748.60	3742.10	3748.44	3747.20	3749.58	3751.60	3745.88	3744.32	
3744.20	3733.80	3724.10	3725.60	3741.48	3739.20	3738.68	3736.50	3729.38	3716.66	3734.04	3729.74	3737.12	3738.40	3753.50	3708.84	

*******************************************2025/07/26;05:24:55
Probe number 99
Concentration entered by User 1.98% (Compensated: 2.83% at temperature 31.2)
1288.02	1304.10	1315.12	1327.02	1343.48	1358.00	1375.06	1392.46	1411.86	1429.54	1453.54	1478.84	1503.40	1531.26	1552.02	1573.62	
1594.78	1633.76	1669.24	1719.60	1754.26	1791.08	1826.22	1866.96	1906.38	1942.46	1992.56	2051.50	2124.84	2199.94	2319.90	2484.04	
2699.56	3020.28	3310.84	3521.38	3642.52	3669.34	3674.98	3681.62	3686.96	3696.58	3701.40	3704.18	3693.40	3691.16	3697.50	3697.04	
3697.02	3726.46	3715.00	3719.06	3721.08	3724.42	3727.28	3724.58	3727.32	3731.28	3726.72	3726.58	3729.56	3724.52	3721.30	3732.08	
3735.28	3736.90	3735.10	3736.28	3725.98	3728.90	3723.82	3719.28	3730.00	3721.96	3733.92	3728.96	3735.90	3735.20	3734.80	3738.98	
3739.18	3743.46	3741.54	3737.98	3744.50	3745.74	3740.54	3747.24	3739.72	3748.66	3745.52	3744.40	3751.22	3750.84	3751.60	3755.88	
3755.14	3633.00	3705.88	3743.84	3744.12	3746.06	3748.18	3753.24	3748.94	3742.28	3748.74	3747.28	3750.14	3751.96	3746.22	3744.52	
3744.72	3734.28	3724.64	3726.10	3741.72	3739.52	3738.62	3737.00	3729.50	3716.96	3734.36	3730.32	3737.48	3738.70	3753.78	3709.22	

*******************************************2025/07/26;05:29:55
Probe number 100
Concentration entered by User 1.96% (Compensated: 2.80% at temperature 31.2)
1288.18	1304.58	1316.08	1328.82	1344.18	1358.52	1375.86	1392.40	1413.70	1431.52	1454.70	1479.32	1505.88	1532.06	1552.60	1573.86	
1595.96	1634.92	1670.02	1719.62	1753.44	1792.48	1829.42	1870.60	1908.98	1948.62	1994.42	2057.42	2129.82	2201.08	2318.14	2476.84	
2695.78	3024.38	3318.22	3529.58	3647.26	3673.28	3679.22	3685.06	3690.02	3699.42	3704.80	3707.38	3695.96	3694.02	3700.38	3699.78	
3699.58	3728.58	3717.70	3721.28	3723.70	3726.26	3729.16	3726.46	3729.58	3733.22	3728.76	3728.60	3731.90	3726.66	3723.72	3734.36	
3737.30	3738.94	3737.34	3738.10	3728.06	3731.40	3726.30	3721.76	3732.24	3724.18	3735.74	3730.86	3738.02	3737.44	3736.78	3741.34	
3741.08	3745.32	3743.40	3739.76	3746.50	3747.80	3742.32	3749.38	3741.74	3750.88	3747.30	3746.62	3753.40	3752.94	3753.54	3757.80	
3756.66	3636.44	3708.46	3746.10	3746.24	3748.08	3750.16	3755.10	3750.76	3744.30	3750.66	3749.62	3752.04	3753.90	3747.98	3746.44	
3746.86	3736.54	3727.00	3728.12	3743.98	3741.46	3740.76	3739.06	3731.70	3719.40	3736.60	3732.16	3739.76	3740.62	3755.84	3712.02	

*******************************************2025/07/26;05:34:55
Probe number 101
Concentration entered by User 1.98% (Compensated: 2.82% at temperature 31.2)
1287.68	1304.22	1315.24	1328.20	1344.22	1358.10	1375.14	1391.50	1412.08	1430.02	1453.78	1479.70	1505.78	1532.60	1551.08	1572.46	
1595.22	1635.34	1668.12	1718.22	1757.08	1794.18	1826.44	1865.60	1904.74	1948.46	1994.72	2057.44	2125.16	2202.68	2324.16	2481.92	
2698.24	3029.36	3310.44	3520.64	3644.92	3669.84	3675.30	3682.02	3686.52	3695.90	3701.44	3704.24	3692.24	3690.12	3696.34	3696.40	
3696.46	3725.32	3714.40	3717.84	3720.56	3723.24	3726.36	3723.88	3726.86	3730.24	3725.98	3725.84	3728.78	3723.66	3720.46	3731.56	
3734.58	3736.06	3734.56	3735.18	3725.48	3728.00	3723.54	3718.32	3729.28	3721.20	3733.12	3727.86	3734.78	3734.54	3733.94	3738.28	
3738.44	3742.68	3740.64	3736.84	3743.72	3745.08	3739.58	3746.70	3738.86	3748.46	3744.92	3743.72	3750.72	3750.50	3750.90	3755.22	
3754.52	3631.96	3704.98	3743.44	3743.44	3745.18	3747.52	3752.64	3748.36	3741.68	3748.20	3746.98	3749.42	3751.22	3745.52	3743.84	
3744.18	3733.48	3723.72	3724.88	3741.28	3738.66	3738.00	3736.20	3728.92	3716.36	3733.54	3729.48	3736.70	3738.06	3753.44	3708.80	

*******************************************2025/07/26;05:39:55
Probe number 102
Concentration entered by User 1.97% (Compensated: 2.82% at temperature 31.2)
1287.68	1303.94	1315.14	1328.02	1344.16	1358.38	1375.42	1392.14	1412.62	1431.00	1454.76	1479.74	1504.46	1531.42	1551.32	1572.40	
1596.44	1635.02	1668.38	1719.56	1756.94	1795.28	1827.16	1866.60	1905.86	1942.70	1992.72	2059.28	2130.14	2201.82	2318.84	2479.52	
2697.20	3026.48	3315.30	3519.90	3644.34	3670.08	3676.52	3682.50	3687.74	3697.06	3701.84	3704.70	3693.22	3690.88	3697.86	3697.22	
3696.78	3726.02	3714.70	3718.52	3721.10	3723.96	3726.80	3723.68	3727.56	3730.76	3726.26	3726.48	3729.20	3724.10	3720.70	3731.96	
3735.26	3736.62	3734.88	3735.76	3726.36	3728.88	3723.90	3719.14	3729.86	3721.66	3733.56	3728.28	3735.44	3735.08	3734.40	3738.66	
3739.18	3742.90	3741.54	3737.46	3744.28	3745.52	3739.98	3747.12	3739.54	3748.98	3745.34	3744.02	3751.24	3750.62	3751.16	3755.78	
3754.76	3632.76	3705.62	3743.78	3744.04	3745.76	3748.16	3753.12	3748.80	3742.22	3748.78	3747.44	3750.00	3751.88	3746.04	3744.38	
3744.64	3733.88	3724.06	3725.66	3741.56	3739.24	3738.44	3736.56	3729.24	3716.72	3733.84	3730.06	3737.30	3738.12	3753.62	3709.26	

*******************************************2025/07/26;05:44:55
Probe number 103
Concentration entered by User 1.97% (Compensated: 2.81% at temperature 31.1)
1287.40	1304.04	1315.88	1328.10	1343.96	1358.94	1376.42	1393.44	1413.46	1430.90	1454.50	1478.56	1504.88	1532.14	1551.76	1572.60	
1596.14	1635.82	1670.54	1719.74	1755.28	1789.82	1824.30	1868.52	1905.46	1942.64	1993.22	2051.44	2126.30	2202.30	2325.22	2476.94	
2699.74	3023.62	3312.92	3522.42	3647.32	3672.26	3677.56	3683.68	3688.50	3698.10	3702.94	3705.84	3693.78	3691.70	3698.12	3697.46	
3697.24	3726.76	3715.16	3718.86	3721.62	3724.52	3727.36	3724.82	3728.04	3730.96	3727.18	3726.82	3729.86	3724.62	3721.42	3732.46	
3735.52	3737.24	3735.22	3736.32	3726.24	3728.92	3724.44	3719.54	3730.22	3722.34	3734.10	3728.68	3735.68	3735.42	3734.82	3739.22	
3739.38	3743.46	3741.80	3737.90	3744.72	3745.98	3740.70	3747.18	3739.80	3749.18	3745.62	3744.70	3751.34	3751.08	3751.54	3756.20	
3755.16	3633.36	3706.32	3744.18	3744.36	3746.12	3748.50	3753.28	3749.36	3742.00	3749.02	3748.06	3750.16	3751.96	3746.52	3744.76	
3744.72	3734.68	3724.72	3725.94	3742.18	3739.70	3738.84	3737.08	3729.84	3717.04	3734.72	3730.42	3737.54	3738.86	3754.08	3709.82	

*******************************************2025/07/26;05:49:55
Probe number 104
Concentration entered by User 1.98% (Compensated: 2.81% at temperature 31.1)
1287.50	1304.10	1315.36	1328.44	1344.04	1357.86	1375.74	1392.76	1413.54	1432.04	1454.64	1478.52	1504.44	1532.92	1552.42	1573.46	
1596.76	1637.80	1670.70	1723.04	1756.38	1792.72	1830.46	1868.48	1903.84	1946.36	1999.46	2055.02	2126.44	2204.78	2326.50	2482.20	
2698.68	3021.12	3312.22	3523.62	3647.62	3673.78	3678.88	3685.32	3690.60	3699.72	3705.18	3707.54	3696.36	3694.10	3700.42	3699.84	
3699.42	3728.68	3717.82	3721.38	3723.52	3726.56	3729.44	3726.60	3729.54	3732.92	3728.88	3728.56	3731.68	3726.76	3723.56	3734.18	
3737.44	3738.80	3737.58	3738.04	3728.50	3730.90	3726.28	3721.72	3732.44	3724.64	3735.82	3730.92	3737.76	3737.40	3736.82	3741.16	
3741.42	3745.34	3743.42	3739.64	3746.62	3747.68	3742.52	3749.42	3741.66	3750.86	3747.28	3746.44	3753.36	3752.78	3752.96	3757.62	
3756.94	3636.32	3708.36	3745.96	3745.90	3747.72	3750.08	3754.92	3750.80	3744.10	3750.54	3749.28	3751.98	3753.90	3748.58	3746.30	
3746.70	3736.28	3726.76	3728.30	3743.74	3741.56	3740.82	3738.74	3731.80	3719.16	3736.44	3732.38	3739.70	3740.70	3755.52	3711.74	

*******************************************2025/07/26;05:54:55
Probe number 105
Concentration entered by User 1.99% (Compensated: 2.83% at temperature 31.1)
1287.34	1303.68	1314.80	1328.14	1343.60	1357.90	1375.08	1391.90	1412.10	1429.90	1453.20	1477.70	1504.82	1532.88	1552.44	1571.98	
1595.18	1633.72	1668.08	1718.20	1752.70	1793.10	1829.10	1867.10	1905.86	1940.44	1990.44	2055.36	2133.40	2206.16	2323.34	2480.84	
2693.56	3018.72	3307.52	3520.60	3644.56	3670.92	3676.56	3682.52	3687.08	3696.44	3701.68	3704.54	3693.14	3690.62	3697.18	3696.50	
3696.14	3725.74	3714.54	3718.52	3720.88	3723.78	3726.16	3723.76	3726.80	3730.46	3725.76	3725.64	3728.74	3724.00	3720.64	3731.46	
3734.62	3736.08	3734.72	3735.18	3725.68	3728.32	3723.48	3718.68	3729.58	3721.26	3732.94	3728.04	3735.00	3734.74	3733.98	3738.44	
3738.70	3742.66	3741.04	3737.14	3743.88	3745.06	3739.44	3746.92	3739.10	3748.52	3744.72	3743.88	3750.52	3750.52	3750.82	3755.54	
3754.56	3632.52	3704.96	3743.56	3743.58	3745.56	3747.56	3752.84	3748.42	3741.70	3748.22	3746.96	3749.48	3751.30	3745.84	3744.02	
3743.98	3733.70	3723.90	3725.04	3741.42	3738.80	3738.16	3735.96	3728.90	3716.30	3733.72	3729.46	3736.76	3738.26	3753.62	3708.30	

*******************************************2025/07/26;05:59:55
Probe number 106
Concentration entered by User 2.01% (Compensated: 2.85% at temperature 31.1)
1286.70	1302.42	1313.88	1326.94	1342.96	1357.30	1374.62	1391.44	1411.42	1429.48	1453.98	1478.70	1504.82	1531.12	1551.16	1571.24	
1594.82	1635.08	1668.24	1717.06	1751.82	1791.92	1827.06	1868.52	1908.80	1944.90	1994.60	2053.42	2128.40	2198.82	2326.02	2472.50	
2689.40	3012.42	3301.78	3517.78	3643.60	3670.86	3676.76	3682.98	3687.76	3696.84	3702.56	3704.52	3693.22	3690.72	3697.52	3697.14	
3696.40	3726.16	3715.02	3718.38	3720.60	3723.30	3726.84	3723.62	3726.78	3730.50	3726.24	3725.88	3729.04	3724.32	3720.74	3731.76	
3734.98	3736.36	3734.88	3735.80	3725.82	3728.60	3723.84	3718.60	3729.84	3721.34	3733.42	3728.26	3735.20	3734.70	3734.44	3738.52	
3738.84	3742.76	3741.12	3737.38	3743.94	3745.18	3740.16	3746.78	3739.08	3748.94	3744.96	3744.10	3751.06	3750.66	3751.10	3755.54	
3754.52	3632.60	3705.48	3743.60	3743.84	3745.44	3747.88	3752.84	3748.90	3742.00	3748.18	3747.06	3749.52	3751.52	3745.90	3743.90	
3744.46	3733.96	3724.16	3725.18	3740.96	3739.24	3738.58	3736.14	3728.92	3716.36	3733.68	3729.86	3737.14	3738.38	3753.62	3708.68	

*******************************************2025/07/26;06:04:55
Probe number 107
Concentration entered by User 2.00% (Compensated: 2.84% at temperature 31.0)
1286.86	1303.16	1314.64	1327.42	1342.46	1357.10	1374.94	1391.14	1411.28	1429.68	1453.18	1477.76	1504.48	1532.04	1551.92	1572.34	
1595.20	1633.88	1668.88	1720.46	1753.92	1791.56	1827.18	1864.92	1905.38	1942.78	1991.76	2047.56	2121.44	2194.72	2321.64	2467.50	
2694.06	3015.32	3304.60	3518.14	3642.78	3669.96	3674.58	3681.50	3686.18	3695.56	3700.92	3703.66	3691.46	3689.42	3695.82	3695.30	
3695.00	3724.60	3713.26	3717.24	3719.80	3722.32	3725.22	3722.46	3725.50	3729.34	3724.56	3724.78	3727.54	3722.56	3719.54	3730.36	
3733.70	3735.06	3733.64	3734.34	3724.32	3726.72	3722.40	3717.36	3728.66	3720.12	3732.12	3726.82	3733.74	3733.24	3732.96	3737.22	
3737.56	3741.30	3739.66	3735.68	3742.90	3744.14	3738.76	3745.70	3738.16	3747.68	3743.74	3742.92	3749.84	3749.42	3750.06	3754.66	
3753.44	3630.60	3703.50	3742.40	3742.58	3744.54	3746.74	3751.86	3747.32	3740.78	3747.40	3745.96	3748.40	3750.28	3744.96	3742.88	
3742.98	3732.44	3722.80	3723.98	3740.24	3737.74	3737.00	3734.98	3727.98	3714.90	3732.54	3728.24	3735.86	3736.82	3752.32	3707.40	

*******************************************2025/07/26;06:09:55
Probe number 108
Concentration entered by User 2.02% (Compensated: 2.85% at temperature 31.0)
1286.58	1303.12	1314.44	1327.26	1343.28	1356.86	1374.30	1391.04	1411.32	1429.80	1453.40	1476.88	1501.96	1531.34	1552.08	1573.00	
1596.92	1635.46	1667.92	1719.02	1753.46	1791.50	1826.14	1868.80	1909.38	1944.76	1992.86	2049.82	2128.58	2204.64	2323.72	2480.34	
2695.90	3016.00	3296.18	3513.02	3639.08	3669.68	3675.40	3681.66	3686.30	3696.06	3701.46	3703.80	3692.32	3689.76	3695.98	3695.26	
3695.08	3724.84	3713.46	3716.96	3719.74	3722.88	3725.66	3722.20	3725.80	3729.28	3724.88	3724.76	3727.96	3722.82	3719.34	3730.58	
3733.74	3735.08	3733.86	3734.50	3724.74	3726.98	3722.72	3717.48	3728.54	3720.16	3732.16	3727.26	3734.00	3733.50	3733.12	3737.74	
3737.88	3741.76	3739.80	3736.08	3743.16	3744.06	3738.84	3746.12	3738.16	3747.72	3744.14	3742.98	3749.96	3749.54	3750.02	3754.80	
3753.50	3630.62	3704.12	3742.56	3742.74	3744.44	3746.72	3751.94	3747.56	3740.70	3747.42	3746.08	3748.86	3750.58	3744.98	3742.84	
3743.34	3732.86	3722.78	3724.06	3740.12	3737.96	3737.32	3735.18	3727.86	3715.30	3733.04	3728.36	3736.04	3737.56	3752.70	3707.52	

*******************************************2025/07/26;06:14:55
Probe number 109
Concentration entered by User 1.99% (Compensated: 2.82% at temperature 31.0)
1285.98	1302.38	1314.06	1327.22	1343.52	1357.10	1374.24	1390.42	1410.78	1429.08	1453.12	1477.48	1504.02	1532.04	1551.88	1572.80	
1595.70	1633.36	1666.28	1717.56	1753.86	1790.84	1824.84	1865.16	1902.00	1944.02	1994.06	2049.52	2120.70	2198.34	2320.20	2480.08	
2695.76	3024.02	3306.70	3518.82	3643.00	3668.36	3674.22	3680.60	3684.60	3694.88	3699.98	3702.56	3690.58	3688.02	3694.68	3694.40	
3693.42	3723.80	3712.18	3715.68	3718.16	3721.44	3724.10	3721.32	3724.32	3727.66	3723.62	3723.72	3726.84	3721.52	3718.32	3729.50	
3732.56	3734.02	3732.56	3733.16	3723.42	3726.00	3721.48	3716.26	3727.36	3718.72	3730.76	3725.78	3732.58	3732.70	3731.90	3736.12	
3736.62	3740.62	3738.80	3735.14	3741.76	3743.28	3737.84	3744.76	3737.00	3746.54	3742.80	3741.82	3749.34	3748.40	3749.26	3753.94	
3752.36	3629.24	3702.70	3741.24	3741.48	3743.52	3745.62	3750.78	3746.74	3739.62	3746.58	3744.84	3747.62	3749.56	3743.76	3741.82	
3742.10	3731.40	3721.44	3722.64	3739.12	3736.80	3736.12	3733.94	3727.02	3713.88	3731.48	3727.48	3734.84	3735.60	3751.76	3705.94	

*******************************************2025/07/26;06:19:55
Probe number 110
Concentration entered by User 1.97% (Compensated: 2.79% at temperature 30.9)
1288.00	1303.92	1315.00	1328.16	1344.30	1358.86	1375.72	1392.84	1412.84	1430.62	1454.34	1478.90	1506.56	1534.28	1554.56	1575.54	
1598.00	1637.20	1670.02	1719.12	1755.12	1793.82	1830.02	1871.54	1907.00	1947.82	1993.70	2052.22	2131.10	2197.24	2324.34	2481.42	
2703.24	3027.36	3312.06	3526.20	3645.86	3674.20	3680.36	3686.44	3690.82	3700.02	3704.78	3707.28	3695.64	3693.02	3699.44	3699.00	
3698.80	3727.92	3716.78	3719.86	3722.64	3725.52	3728.16	3725.64	3728.78	3731.88	3727.74	3727.84	3730.78	3725.94	3722.70	3733.32	
3736.54	3738.00	3736.58	3737.12	3727.80	3730.30	3725.64	3720.88	3731.48	3723.58	3734.84	3729.84	3736.78	3736.50	3735.86	3740.14	
3740.46	3744.38	3742.50	3738.78	3745.82	3746.82	3741.36	3748.32	3740.82	3750.44	3746.70	3745.42	3752.38	3751.90	3752.52	3757.12	
3755.92	3635.16	3707.42	3745.16	3745.22	3747.04	3749.38	3754.34	3750.16	3743.42	3749.94	3748.82	3751.24	3752.92	3747.70	3745.50	
3745.96	3735.68	3726.00	3726.66	3742.58	3740.70	3739.94	3737.82	3731.16	3718.12	3735.40	3731.72	3738.76	3739.66	3755.10	3710.70	

*******************************************2025/07/26;06:24:55
Probe number 111
Concentration entered by User 1.98% (Compensated: 2.81% at temperature 30.9)
1287.30	1303.14	1314.88	1327.38	1342.96	1357.88	1375.40	1392.28	1412.72	1430.04	1454.04	1478.72	1504.68	1533.16	1553.74	1574.86	
1594.58	1633.12	1667.38	1720.34	1756.04	1792.92	1827.46	1867.76	1903.50	1948.54	1991.06	2047.40	2125.04	2204.54	2325.52	2478.08	
2697.26	3026.82	3309.00	3519.82	3643.36	3671.26	3677.32	3684.34	3688.22	3698.36	3703.20	3705.52	3693.70	3691.18	3697.32	3696.52	
3696.62	3726.02	3715.10	3718.58	3720.72	3723.76	3726.52	3723.84	3726.82	3730.42	3726.02	3725.96	3729.06	3724.52	3720.84	3731.50	
3735.00	3736.46	3734.96	3735.54	3725.84	3728.30	3723.94	3718.88	3729.68	3721.52	3733.12	3728.18	3735.26	3734.78	3734.26	3738.52	
3738.62	3742.72	3741.10	3737.12	3744.12	3745.22	3739.82	3746.96	3739.02	3748.62	3745.12	3743.98	3750.72	3750.38	3751.16	3755.56	
3754.28	3632.46	3705.14	3743.54	3743.74	3745.70	3747.66	3752.74	3748.44	3741.84	3748.24	3747.16	3749.52	3751.28	3746.24	3744.06	
3744.20	3733.88	3724.20	3725.06	3741.22	3739.18	3738.48	3736.26	3729.08	3716.38	3733.60	3729.76	3737.08	3738.10	3753.56	3708.86	

*******************************************2025/07/26;06:29:55
Probe number 112
Concentration entered by User 2.01% (Compensated: 2.83% at temperature 30.8)
1286.90	1303.30	1315.00	1327.42	1342.86	1357.32	1375.24	1391.44	1411.42	1429.92	1453.38	1477.60	1504.12	1532.48	1551.70	1571.24	
1593.78	1633.28	1668.70	1718.86	1753.28	1790.26	1826.90	1866.48	1905.50	1944.56	1994.04	2055.12	2124.40	2202.96	2323.90	2479.64	
2692.58	3014.82	3299.76	3518.38	3642.70	3670.38	3675.72	3682.46	3686.78	3696.90	3701.76	3704.24	3692.32	3690.14	3696.28	3695.54	
3695.34	3724.88	3714.06	3716.88	3719.50	3722.02	3725.18	3722.06	3725.24	3728.92	3724.48	3724.38	3727.44	3722.80	3719.38	3730.28	
3733.56	3735.32	3733.40	3734.32	3724.60	3726.70	3722.38	3717.22	3728.16	3720.12	3731.84	3726.76	3733.86	3733.66	3733.08	3736.88	
3737.56	3741.56	3739.50	3735.74	3742.60	3744.22	3738.46	3745.68	3737.88	3747.36	3743.66	3742.64	3749.50	3749.36	3750.02	3754.34	
3753.24	3630.10	3703.44	3742.50	3742.68	3744.18	3746.44	3751.72	3747.58	3740.34	3747.26	3745.96	3748.72	3750.52	3745.10	3742.74	
3742.96	3732.52	3722.36	3723.70	3739.98	3737.78	3737.14	3734.86	3727.90	3714.40	3732.26	3728.48	3735.68	3736.90	3752.58	3707.08	

*******************************************2025/07/26;06:34:55
Probe number 113
Concentration entered by User 2.08% (Compensated: 2.88% at temperature 30.7)
1285.80	1301.92	1312.92	1324.92	1341.22	1355.70	1373.76	1390.12	1408.72	1427.02	1451.86	1476.44	1501.46	1529.86	1551.00	1570.18	
1591.60	1631.66	1663.76	1715.96	1752.54	1791.12	1823.48	1864.42	1905.58	1945.46	1988.52	2049.08	2122.18	2198.46	2320.96	2472.00	
2694.42	2988.58	3286.70	3499.66	3630.20	3664.28	3670.20	3675.74	3680.10	3689.62	3695.00	3697.24	3685.02	3682.84	3689.20	3688.16	
3687.54	3718.52	3707.04	3710.36	3712.54	3715.32	3718.74	3715.94	3719.08	3722.60	3717.96	3718.10	3721.30	3716.10	3712.74	3724.18	
3727.60	3729.00	3727.30	3727.82	3717.78	3720.08	3715.64	3709.62	3721.54	3712.82	3725.14	3719.90	3727.22	3726.94	3726.60	3730.90	
3731.50	3735.32	3733.60	3729.28	3736.88	3737.82	3732.22	3739.90	3731.50	3741.62	3737.82	3736.50	3744.02	3743.28	3744.04	3748.66	
3747.62	3620.84	3695.84	3736.20	3736.24	3738.22	3740.56	3745.76	3741.54	3734.12	3741.20	3739.80	3742.84	3744.34	3739.00	3736.54	
3736.94	3725.96	3715.40	3716.50	3733.60	3731.24	3730.44	3728.30	3720.94	3706.96	3725.72	3721.64	3729.20	3730.20	3746.82	3699.10	

*******************************************2025/07/26;06:39:55
Probe number 114
Concentration entered by User 2.05% (Compensated: 2.86% at temperature 30.7)
1287.06	1303.20	1315.00	1327.32	1342.92	1356.94	1374.92	1390.48	1410.60	1429.44	1453.42	1478.24	1504.60	1532.66	1551.80	1571.54	
1594.84	1635.52	1669.66	1720.80	1755.90	1792.28	1829.44	1869.34	1910.70	1952.74	1998.18	2056.36	2128.50	2198.18	2319.26	2478.96	
2689.64	2991.68	3292.74	3509.18	3638.42	3671.84	3675.54	3681.92	3686.44	3695.70	3700.74	3702.56	3690.74	3688.18	3694.02	3693.12	
3692.32	3722.76	3711.54	3714.36	3716.80	3719.76	3722.76	3719.70	3722.80	3726.58	3721.90	3722.20	3725.02	3719.98	3716.74	3727.60	
3731.18	3732.54	3731.10	3731.50	3721.86	3724.20	3719.74	3714.26	3725.46	3717.06	3729.14	3723.84	3730.94	3730.64	3730.26	3734.44	
3734.90	3738.90	3737.20	3732.92	3740.28	3741.30	3736.04	3742.78	3734.96	3745.04	3741.10	3740.18	3747.36	3746.98	3747.12	3752.32	
3750.98	3625.98	3700.50	3739.60	3739.82	3741.34	3744.00	3748.90	3745.08	3737.80	3745.08	3743.30	3745.90	3747.80	3742.06	3740.14	
3740.48	3729.90	3719.74	3720.28	3737.36	3734.86	3734.18	3732.16	3725.06	3710.84	3729.68	3725.32	3732.58	3733.68	3750.10	3703.70	

*******************************************2025/07/26;06:44:55
Probe number 115
Concentration entered by User 2.04% (Compensated: 2.84% at temperature 30.6)
1286.66	1303.10	1314.30	1326.82	1342.90	1357.28	1374.64	1391.00	1411.46	1429.66	1453.90	1478.44	1504.80	1532.04	1553.02	1573.40	
1596.14	1635.34	1670.00	1720.06	1759.10	1797.34	1830.42	1870.68	1908.42	1948.78	1995.68	2055.20	2124.80	2214.16	2330.86	2479.64	
2690.82	2999.20	3296.16	3514.62	3641.54	3674.12	3679.04	3685.04	3688.50	3697.92	3703.38	3705.22	3693.16	3690.72	3696.60	3695.52	
3695.02	3725.24	3714.02	3717.10	3719.32	3722.26	3725.20	3722.16	3725.30	3728.84	3724.62	3724.26	3727.36	3722.22	3719.10	3730.04	
3733.30	3734.70	3733.20	3733.52	3724.08	3726.36	3722.22	3716.56	3727.80	3719.44	3731.14	3726.08	3733.26	3732.92	3732.20	3736.42	
3737.02	3741.06	3738.94	3735.04	3742.44	3743.50	3738.10	3745.30	3737.40	3746.78	3742.88	3742.10	3749.34	3748.66	3749.40	3754.10	
3752.76	3629.02	3702.88	3741.70	3741.62	3743.56	3745.44	3751.06	3746.84	3739.64	3746.60	3745.30	3747.82	3750.06	3743.88	3742.20	
3742.66	3731.74	3722.20	3722.82	3739.52	3736.84	3736.48	3734.32	3726.94	3713.72	3731.46	3727.66	3735.04	3736.10	3751.96	3706.20	

*******************************************2025/07/26;06:49:55
Probe number 116
Concentration entered by User 2.05% (Compensated: 2.85% at temperature 30.6)
1287.30	1303.40	1315.28	1328.06	1343.68	1357.70	1375.34	1391.18	1411.08	1429.14	1452.52	1477.96	1505.26	1533.22	1552.86	1572.40	
1596.52	1636.46	1670.52	1720.64	1758.54	1794.42	1825.94	1866.10	1915.48	1952.52	1996.42	2058.72	2128.96	2209.04	2322.34	2478.14	
2684.60	2998.14	3290.98	3508.96	3643.54	3675.72	3680.88	3686.12	3689.38	3698.50	3704.18	3706.18	3693.76	3691.76	3697.58	3696.78	
3696.14	3725.62	3714.66	3717.26	3719.58	3722.48	3725.84	3722.66	3725.72	3729.12	3725.14	3724.60	3727.90	3722.94	3719.52	3730.56	
3733.90	3735.40	3733.38	3734.24	3724.56	3726.68	3722.54	3716.96	3728.20	3719.56	3731.70	3726.36	3733.26	3733.40	3732.70	3736.74	
3737.30	3741.44	3739.36	3735.56	3742.86	3743.84	3738.40	3745.16	3737.44	3747.42	3743.36	3742.52	3749.32	3749.14	3749.70	3754.32	
3752.94	3629.54	3703.34	3741.74	3742.00	3744.02	3746.08	3751.28	3747.14	3740.12	3746.78	3745.62	3748.22	3749.96	3744.70	3742.46	
3742.68	3732.08	3722.22	3722.88	3739.64	3737.26	3737.10	3734.18	3727.34	3713.92	3731.94	3728.26	3735.22	3736.44	3752.10	3706.32	

*******************************************2025/07/26;06:54:55
Probe number 117
Concentration entered by User 2.05% (Compensated: 2.84% at temperature 30.6)
1286.94	1303.66	1314.24	1326.74	1342.46	1357.12	1374.40	1391.46	1411.12	1428.82	1452.58	1478.26	1503.26	1531.42	1551.70	1572.46	
1594.46	1634.40	1668.84	1719.08	1757.24	1795.80	1829.90	1870.58	1909.82	1950.20	1998.20	2058.74	2126.62	2210.12	2325.04	2474.36	
2688.50	2998.28	3292.72	3511.54	3640.26	3672.46	3677.24	3682.68	3686.16	3694.80	3700.52	3702.54	3690.20	3687.60	3693.44	3692.78	
3692.26	3722.74	3711.30	3714.12	3716.36	3719.12	3722.02	3719.10	3722.32	3726.10	3721.46	3721.54	3724.58	3719.52	3716.08	3727.36	
3730.66	3731.92	3729.94	3731.04	3721.24	3723.60	3719.02	3713.32	3724.82	3716.40	3728.02	3723.30	3730.42	3730.20	3729.54	3733.72	
3734.44	3738.26	3736.60	3732.30	3739.96	3740.92	3735.60	3742.46	3734.48	3744.52	3740.62	3739.60	3746.50	3746.22	3746.52	3751.50	
3750.44	3625.10	3699.68	3739.02	3739.40	3741.04	3743.08	3748.50	3744.26	3737.42	3744.12	3742.84	3745.70	3747.44	3741.66	3739.80	
3740.20	3728.74	3718.82	3719.98	3736.48	3734.18	3733.92	3731.26	3724.32	3710.60	3728.96	3724.98	3732.08	3733.50	3749.30	3702.62	

*******************************************2025/07/26;06:59:55
Probe number 118
Concentration entered by User 2.06% (Compensated: 2.85% at temperature 30.6)
1286.62	1303.04	1314.16	1326.36	1342.82	1356.90	1374.28	1390.44	1410.50	1428.94	1452.14	1477.80	1503.96	1532.28	1550.36	1572.40	
1594.90	1632.74	1667.88	1717.42	1755.72	1794.22	1829.34	1866.10	1902.68	1950.48	1998.12	2056.86	2123.64	2206.74	2320.72	2483.54	
2692.42	2994.24	3288.44	3510.84	3636.90	3670.04	3675.24	3680.08	3683.92	3693.20	3698.20	3700.56	3688.46	3685.54	3691.42	3691.02	
3690.12	3720.66	3709.30	3712.72	3714.82	3717.76	3720.16	3717.46	3720.62	3724.52	3719.88	3719.78	3723.14	3717.88	3714.60	3725.46	
3729.00	3730.56	3728.74	3729.36	3719.50	3721.80	3717.44	3711.70	3722.98	3714.46	3726.64	3721.68	3728.62	3728.52	3728.16	3732.52	
3732.94	3737.02	3734.62	3730.80	3738.46	3739.56	3733.64	3741.10	3732.96	3743.12	3739.10	3738.22	3745.52	3744.68	3745.48	3750.38	
3748.80	3622.48	3697.98	3737.70	3737.72	3739.66	3741.78	3746.84	3742.66	3735.62	3742.56	3741.56	3744.20	3745.96	3740.28	3738.24	
3738.34	3727.32	3717.20	3718.02	3735.50	3732.74	3732.46	3729.82	3722.90	3708.70	3727.10	3723.26	3730.96	3731.60	3748.24	3700.88	

*******************************************2025/07/26;07:00:03
Probe number 119
Concentration entered by User 2.02% (Compensated: 2.81% at temperature 30.6)
1287.84	1304.50	1315.16	1328.60	1344.70	1359.56	1376.76	1393.00	1412.92	1431.40	1455.32	1480.74	1506.92	1534.38	1554.50	1575.98	
1598.52	1637.28	1673.62	1722.50	1759.44	1800.20	1832.76	1871.16	1914.06	1951.76	2001.14	2062.96	2135.96	2217.90	2337.08	2486.98	
2692.92	3005.06	3299.10	3520.32	3648.44	3680.42	3685.76	3690.14	3694.26	3702.72	3708.04	3710.14	3698.20	3695.66	3701.36	3700.28	
3699.86	3728.90	3718.44	3721.14	3723.46	3726.12	3728.94	3726.04	3728.78	3732.48	3727.94	3727.88	3731.30	3726.30	3723.18	3733.60	
3737.12	3738.26	3736.84	3737.32	3728.02	3730.18	3726.14	3720.70	3731.24	3723.42	3734.98	3729.86	3736.56	3736.56	3736.02	3739.88	
3740.76	3744.44	3742.80	3738.78	3746.06	3747.10	3741.90	3748.38	3740.80	3750.28	3746.54	3745.64	3752.64	3752.16	3752.34	3757.06	
3755.78	3634.68	3707.36	3744.88	3745.26	3746.94	3749.06	3754.10	3750.28	3743.12	3750.12	3748.98	3751.40	3753.18	3747.54	3745.52	
3746.04	3735.40	3725.96	3726.62	3742.74	3740.22	3740.46	3737.92	3730.98	3717.64	3735.52	3731.56	3738.76	3739.68	3755.18	3710.24	

*******************************************2025/07/26;07:04:55
Probe number 120
Concentration entered by User 2.05% (Compensated: 2.84% at temperature 30.5)
1288.02	1303.96	1315.50	1328.14	1343.76	1357.74	1375.84	1391.72	1412.06	1430.46	1454.40	1479.96	1505.66	1532.96	1554.04	1574.20	
1596.10	1636.66	1670.04	1720.26	1758.30	1795.60	1831.74	1868.58	1908.66	1951.88	2001.96	2062.16	2130.14	2207.70	2331.98	2484.28	
2690.36	2995.16	3290.78	3512.52	3639.44	3674.64	3679.48	3684.48	3688.02	3697.46	3702.96	3704.28	3692.84	3689.78	3695.50	3694.68	
3694.58	3724.06	3713.42	3716.30	3718.50	3721.10	3723.92	3721.10	3724.56	3728.02	3723.76	3723.40	3726.54	3721.50	3718.54	3729.28	
3732.36	3733.66	3732.32	3732.62	3723.18	3725.22	3721.02	3715.38	3726.80	3718.02	3730.34	3725.14	3731.66	3731.92	3731.20	3735.50	
3736.22	3740.08	3738.32	3734.12	3741.66	3742.64	3737.34	3744.22	3736.36	3746.18	3742.40	3741.50	3748.46	3747.94	3748.44	3753.06	
3752.08	3627.82	3701.86	3740.78	3741.14	3742.76	3744.82	3750.18	3745.98	3738.86	3746.04	3744.54	3747.16	3749.04	3743.30	3741.04	
3741.54	3730.68	3721.00	3721.76	3738.36	3736.12	3735.38	3733.28	3725.94	3712.72	3730.86	3726.94	3734.16	3735.30	3751.36	3705.40	

*******************************************2025/07/26;07:09:55
Probe number 121
Concentration entered by User 2.05% (Compensated: 2.84% at temperature 30.6)
1287.32	1303.06	1314.58	1327.46	1343.40	1357.00	1375.10	1391.48	1412.20	1430.62	1453.42	1477.18	1504.72	1532.88	1552.12	1572.82	
1596.48	1636.30	1669.80	1720.30	1757.66	1794.50	1832.86	1868.00	1911.22	1949.38	2003.44	2062.76	2128.82	2207.08	2333.70	2482.98	
2686.46	2998.30	3290.40	3512.34	3641.64	3675.52	3681.02	3686.00	3689.54	3698.48	3704.22	3706.14	3694.24	3691.44	3697.56	3697.18	
3695.86	3726.04	3714.80	3718.04	3719.72	3722.72	3725.58	3722.60	3725.62	3729.52	3724.96	3724.88	3727.80	3723.12	3719.80	3730.76	
3734.02	3735.18	3733.92	3734.44	3724.94	3727.02	3722.92	3717.38	3728.18	3719.72	3731.96	3726.84	3733.80	3733.40	3732.80	3737.04	
3737.48	3741.62	3739.90	3735.76	3743.26	3744.24	3738.90	3745.48	3737.84	3747.42	3743.98	3742.94	3749.72	3749.54	3750.06	3754.42	
3753.30	3630.10	3703.84	3742.22	3742.20	3744.32	3746.74	3751.44	3747.46	3740.58	3747.00	3746.04	3748.44	3750.48	3744.76	3742.90	
3743.18	3732.48	3722.66	3723.52	3739.82	3737.28	3737.18	3735.00	3727.78	3714.42	3732.44	3728.32	3735.56	3736.48	3752.46	3707.00	

*******************************************2025/07/26;07:14:55
Probe number 122
Concentration entered by User 2.05% (Compensated: 2.84% at temperature 30.5)
1287.56	1304.26	1316.04	1328.58	1344.08	1358.60	1375.82	1392.80	1412.64	1430.86	1454.62	1479.64	1506.52	1534.24	1553.88	1573.60	
1596.98	1636.04	1670.92	1722.64	1759.40	1799.06	1834.30	1869.82	1913.58	1951.82	2000.70	2063.92	2132.14	2211.54	2333.62	2480.00	
2690.14	3003.60	3290.48	3509.10	3640.64	3675.38	3681.00	3686.18	3689.64	3698.22	3704.42	3706.64	3694.44	3691.88	3698.36	3697.84	
3696.86	3726.60	3715.70	3718.70	3720.68	3723.38	3726.16	3723.38	3726.16	3730.14	3725.44	3725.64	3728.74	3723.90	3720.20	3731.42	
3734.54	3736.00	3734.42	3734.78	3725.28	3727.52	3723.24	3717.90	3729.18	3720.42	3732.44	3727.46	3734.16	3734.22	3733.44	3737.80	
3738.32	3742.20	3740.40	3736.24	3743.62	3744.52	3739.20	3746.58	3738.54	3747.86	3744.26	3743.34	3750.38	3749.64	3750.04	3755.02	
3753.92	3631.14	3704.44	3742.88	3743.12	3744.68	3746.94	3752.04	3747.92	3740.96	3747.60	3746.46	3749.06	3750.98	3745.20	3743.36	
3743.68	3732.60	3723.00	3724.22	3740.44	3738.36	3737.62	3735.12	3728.20	3715.02	3732.60	3728.96	3736.52	3737.20	3753.10	3707.40	

*******************************************2025/07/26;07:19:55
Probe number 123
Concentration entered by User 2.01% (Compensated: 2.80% at temperature 30.5)
1288.38	1304.32	1315.90	1328.86	1344.14	1359.26	1376.32	1392.24	1413.36	1430.30	1453.58	1478.36	1504.72	1533.70	1553.44	1572.58	
1596.48	1636.82	1670.66	1720.86	1757.94	1796.06	1833.64	1873.08	1914.96	1949.54	1997.20	2062.22	2135.94	2208.32	2324.98	2475.24	
2691.12	3007.16	3307.46	3515.76	3638.90	3674.80	3680.70	3686.00	3690.06	3698.66	3704.50	3706.68	3694.64	3691.86	3697.80	3697.06	
3696.98	3726.44	3715.84	3718.60	3720.90	3723.60	3726.16	3723.00	3726.26	3729.90	3725.64	3725.32	3728.66	3723.46	3720.68	3731.12	
3734.60	3735.82	3734.26	3734.96	3725.44	3727.68	3723.66	3717.56	3728.84	3720.40	3732.52	3727.32	3734.22	3734.20	3733.54	3737.60	
3738.18	3742.24	3740.66	3736.30	3743.58	3744.68	3739.40	3746.20	3738.42	3748.12	3744.32	3743.58	3750.44	3749.94	3750.44	3755.00	
3753.94	3631.46	3704.24	3742.90	3743.08	3744.92	3746.96	3752.12	3747.82	3741.20	3747.58	3746.32	3749.28	3750.80	3745.48	3743.40	
3743.88	3732.78	3723.32	3724.08	3740.52	3737.88	3737.72	3735.20	3728.50	3715.16	3732.64	3729.30	3736.24	3737.36	3753.28	3707.50	

*******************************************2025/07/26;07:24:55
Probe number 124
Concentration entered by User 2.03% (Compensated: 2.82% at temperature 30.5)
1287.20	1304.08	1315.30	1327.46	1343.36	1358.42	1375.34	1391.70	1412.20	1430.54	1454.24	1479.36	1505.28	1532.36	1551.58	1571.70	
1594.76	1635.96	1669.38	1719.70	1757.94	1798.02	1829.12	1869.40	1911.94	1952.78	1998.12	2061.52	2132.74	2206.72	2325.68	2473.72	
2686.70	2997.86	3304.52	3510.66	3641.98	3672.02	3678.58	3683.60	3687.20	3696.16	3702.04	3704.72	3692.52	3689.84	3696.12	3695.38	
3695.00	3724.92	3713.58	3716.88	3719.16	3721.50	3724.42	3721.52	3724.22	3727.96	3723.66	3723.12	3726.60	3721.58	3718.46	3729.20	
3732.64	3734.10	3732.42	3732.78	3723.54	3725.50	3721.24	3715.56	3727.08	3718.52	3730.38	3725.66	3732.48	3731.94	3731.46	3735.40	
3736.62	3740.48	3738.56	3734.48	3741.90	3742.92	3737.72	3744.32	3736.46	3746.26	3742.62	3741.58	3748.64	3748.20	3748.90	3753.62	
3752.14	3628.52	3702.38	3740.80	3741.18	3742.80	3745.28	3750.62	3746.16	3739.20	3745.80	3744.64	3747.18	3749.16	3743.78	3741.34	
3741.82	3730.86	3720.84	3722.10	3738.88	3736.06	3735.90	3733.52	3726.42	3712.92	3730.56	3727.18	3734.40	3735.32	3751.42	3705.68	

*******************************************2025/07/26;07:29:55
Probe number 125
Concentration entered by User 2.04% (Compensated: 2.84% at temperature 30.5)
1286.94	1303.96	1315.36	1328.02	1343.36	1358.00	1375.00	1390.98	1411.80	1430.86	1454.06	1478.68	1504.62	1531.66	1552.54	1573.32	
1595.94	1633.78	1669.34	1722.64	1758.34	1796.54	1828.66	1867.54	1910.60	1955.82	2002.02	2065.38	2138.42	2218.30	2331.72	2482.86	
2681.98	2992.64	3297.68	3513.70	3642.42	3674.14	3680.00	3686.56	3689.20	3698.32	3704.66	3706.90	3694.62	3692.00	3698.26	3698.04	
3697.10	3726.60	3716.16	3718.64	3720.34	3723.58	3726.48	3723.06	3726.32	3729.88	3725.46	3725.46	3728.22	3723.42	3720.32	3731.14	
3734.50	3735.78	3734.38	3734.92	3725.54	3727.44	3723.26	3717.50	3728.72	3720.24	3732.32	3727.26	3734.38	3734.28	3733.50	3737.46	
3738.16	3742.20	3739.92	3736.10	3743.86	3744.60	3739.40	3746.36	3738.34	3748.10	3744.28	3743.24	3750.44	3749.70	3750.30	3754.92	
3753.78	3630.82	3704.70	3742.52	3743.02	3744.84	3747.00	3751.98	3747.98	3740.84	3747.74	3746.38	3749.26	3751.02	3745.28	3743.52	
3743.62	3733.08	3723.20	3724.16	3740.28	3737.98	3738.04	3735.08	3728.74	3714.90	3732.96	3729.18	3736.12	3737.12	3753.10	3707.72	

*******************************************2025/07/26;07:34:55
Probe number 126
Concentration entered by User 2.04% (Compensated: 2.83% at temperature 30.5)
1285.56	1301.84	1313.52	1326.38	1341.60	1354.72	1372.12	1389.28	1409.40	1428.12	1451.02	1475.34	1500.82	1528.70	1548.90	1569.16	
1590.76	1633.70	1665.60	1716.50	1751.98	1790.40	1827.80	1868.32	1901.98	1945.24	1995.58	2058.20	2130.52	2205.62	2319.52	2484.14	
2685.42	2995.92	3297.28	3512.96	3639.74	3667.92	3673.12	3678.70	3680.88	3690.72	3696.64	3699.12	3686.86	3683.80	3690.48	3689.90	
3689.04	3719.50	3708.48	3710.98	3713.32	3716.26	3719.38	3716.06	3719.00	3723.02	3718.24	3717.82	3721.36	3716.10	3712.82	3724.24	
3727.80	3728.62	3727.50	3728.12	3718.06	3719.98	3715.82	3709.94	3721.90	3713.30	3725.24	3720.20	3727.20	3727.34	3726.64	3730.84	
3731.48	3735.68	3733.42	3729.50	3737.40	3738.02	3732.48	3739.94	3731.60	3741.54	3737.80	3736.88	3744.20	3743.58	3744.20	3749.32	
3747.94	3620.78	3696.60	3736.34	3736.54	3738.20	3740.42	3745.90	3741.60	3734.22	3742.04	3740.02	3743.00	3744.74	3738.84	3736.74	
3737.06	3725.74	3716.18	3716.56	3733.92	3731.24	3731.10	3728.64	3721.24	3707.26	3725.82	3722.04	3729.42	3730.68	3746.98	3699.78	

*******************************************2025/07/26;07:39:55
Probe number 127
Concentration entered by User 2.03% (Compensated: 2.81% at temperature 30.5)
1286.56	1303.72	1314.76	1327.40	1342.88	1357.18	1374.32	1390.06	1410.38	1428.16	1451.08	1477.40	1502.82	1530.88	1550.98	1571.86	
1594.42	1634.92	1667.64	1715.68	1754.38	1792.80	1828.96	1869.60	1907.26	1944.66	1996.08	2052.16	2128.96	2215.68	2324.88	2471.64	
2677.30	3001.90	3298.44	3521.24	3644.46	3671.66	3677.18	3682.94	3685.96	3695.14	3700.80	3702.80	3691.12	3688.40	3694.64	3694.38	
3693.68	3723.62	3712.76	3714.84	3717.36	3720.04	3723.10	3719.72	3722.70	3726.60	3722.20	3721.74	3725.10	3720.26	3717.34	3727.76	
3731.18	3732.30	3731.36	3731.60	3722.08	3723.82	3719.92	3714.24	3725.74	3717.14	3728.98	3723.68	3730.74	3730.70	3730.12	3734.56	
3735.08	3738.84	3736.92	3732.76	3740.72	3741.50	3735.96	3743.00	3735.30	3744.96	3741.16	3740.26	3747.38	3746.82	3747.64	3752.16	
3750.96	3626.22	3700.58	3739.68	3739.96	3741.66	3743.98	3749.28	3744.98	3737.72	3744.80	3743.18	3746.14	3748.16	3742.38	3740.62	
3740.80	3729.50	3720.08	3720.68	3737.58	3735.14	3734.36	3732.12	3724.80	3711.08	3729.44	3725.84	3733.04	3734.06	3750.20	3704.00	

*******************************************2025/07/26;07:44:55
Probe number 128
Concentration entered by User 2.02% (Compensated: 2.81% at temperature 30.5)
1285.64	1302.48	1313.86	1325.82	1341.62	1356.38	1373.76	1390.08	1409.28	1427.64	1451.98	1475.50	1501.34	1529.16	1549.84	1570.24	
1593.22	1632.12	1666.20	1719.32	1755.62	1793.48	1830.22	1868.86	1907.60	1942.58	1996.32	2057.96	2134.44	2211.26	2328.54	2473.74	
2681.16	3002.36	3301.48	3519.96	3639.44	3669.28	3675.32	3680.48	3683.42	3693.22	3698.50	3700.86	3688.72	3686.18	3692.52	3692.12	
3691.40	3721.84	3710.72	3713.44	3715.34	3718.48	3721.02	3718.14	3720.98	3725.02	3720.38	3720.48	3723.34	3718.14	3714.84	3725.96	
3729.48	3730.80	3729.06	3729.80	3720.14	3721.96	3717.78	3712.16	3723.62	3714.68	3727.44	3722.18	3728.98	3728.80	3728.28	3732.52	
3733.32	3737.38	3735.14	3731.02	3739.02	3739.98	3734.16	3741.40	3733.34	3743.30	3739.70	3738.46	3745.88	3745.32	3745.88	3750.60	
3749.54	3623.92	3698.14	3738.12	3738.06	3740.00	3742.18	3747.78	3743.50	3736.00	3742.98	3741.62	3744.56	3746.56	3740.74	3738.62	
3739.14	3727.88	3717.96	3718.62	3735.60	3733.42	3732.70	3730.24	3723.18	3709.48	3727.50	3723.56	3731.38	3732.22	3748.72	3702.18	

*******************************************2025/07/26;07:49:55
Probe number 129
Concentration entered by User 2.02% (Compensated: 2.81% at temperature 30.5)
1286.10	1302.60	1314.06	1326.88	1342.36	1357.46	1374.30	1391.60	1411.12	1428.26	1454.00	1478.40	1503.50	1529.90	1550.50	1572.02	
1596.10	1635.44	1667.78	1718.56	1755.72	1793.58	1828.42	1870.18	1909.16	1949.72	1997.34	2058.72	2127.42	2217.60	2332.10	2483.22	
2682.36	3000.66	3302.90	3521.00	3642.36	3671.96	3678.10	3683.58	3685.76	3695.20	3701.14	3703.80	3691.20	3688.58	3694.72	3694.62	
3693.52	3723.80	3712.70	3715.46	3717.64	3720.28	3723.34	3719.68	3723.04	3726.72	3722.64	3722.20	3725.36	3720.48	3717.36	3728.04	
3731.74	3732.74	3731.46	3731.98	3722.22	3724.26	3719.74	3714.36	3725.76	3717.18	3729.24	3724.30	3731.02	3731.20	3730.54	3734.82	
3735.18	3739.22	3737.38	3733.20	3741.00	3741.54	3736.52	3743.46	3735.32	3745.32	3741.54	3740.70	3747.50	3747.14	3747.56	3752.50	
3751.24	3626.42	3701.10	3740.06	3740.32	3741.78	3743.90	3749.28	3745.14	3737.74	3744.88	3743.78	3746.26	3748.24	3742.88	3740.40	
3740.80	3729.70	3720.02	3720.86	3737.68	3735.06	3734.70	3732.16	3725.30	3711.48	3729.70	3726.16	3733.66	3734.38	3750.44	3704.12	

*******************************************2025/07/26;07:54:55
Probe number 130
Concentration entered by User 2.01% (Compensated: 2.79% at temperature 30.5)
1286.30	1303.18	1314.62	1327.78	1343.60	1357.82	1374.44	1390.26	1410.60	1429.00	1453.68	1477.42	1502.90	1531.02	1551.58	1571.30	
1596.28	1633.76	1668.08	1720.80	1758.26	1794.44	1833.68	1871.66	1908.14	1949.00	1995.96	2058.00	2135.70	2211.48	2326.68	2479.82	
2688.26	3007.54	3302.08	3523.44	3646.96	3673.66	3680.50	3685.42	3687.92	3697.22	3703.44	3706.02	3693.52	3690.86	3697.36	3697.22	
3696.10	3725.46	3714.66	3717.68	3719.76	3722.14	3724.94	3722.00	3724.90	3728.68	3724.14	3724.16	3727.30	3722.32	3719.12	3729.98	
3733.50	3734.54	3733.30	3733.86	3724.12	3726.28	3722.08	3716.46	3727.70	3719.28	3731.18	3726.04	3733.02	3732.92	3732.34	3736.18	
3737.22	3741.08	3739.02	3734.96	3742.40	3743.08	3738.50	3745.14	3737.08	3746.94	3743.20	3742.26	3749.26	3748.68	3749.34	3754.04	
3752.96	3629.72	3703.26	3741.68	3741.68	3743.66	3745.86	3751.06	3747.10	3739.68	3746.44	3745.44	3747.94	3749.98	3744.16	3742.06	
3742.52	3731.62	3721.90	3722.62	3739.56	3737.04	3736.64	3733.94	3727.44	3713.92	3731.56	3728.20	3735.34	3736.22	3752.20	3706.08	

*******************************************2025/07/26;07:59:55
Probe number 131
Concentration entered by User 2.02% (Compensated: 2.80% at temperature 30.4)
1286.80	1303.48	1315.24	1328.80	1343.44	1357.80	1374.58	1391.16	1411.00	1428.32	1452.82	1477.32	1504.40	1531.88	1550.38	1572.60	
1596.32	1633.76	1668.88	1720.28	1757.18	1793.80	1830.30	1870.82	1910.04	1948.90	1996.98	2055.28	2134.26	2214.14	2328.58	2485.36	
2690.64	3001.84	3298.94	3524.88	3647.08	3673.70	3680.24	3686.00	3688.08	3697.38	3703.12	3705.84	3693.76	3691.36	3697.52	3696.74	
3696.12	3725.34	3715.00	3717.18	3719.46	3722.16	3725.02	3722.10	3725.22	3729.02	3724.28	3723.94	3727.32	3722.22	3719.44	3730.12	
3733.32	3734.88	3733.36	3733.58	3724.20	3726.14	3722.22	3716.58	3727.70	3719.56	3731.12	3726.24	3732.76	3732.76	3732.26	3736.50	
3737.44	3741.00	3738.94	3734.90	3742.78	3743.38	3738.50	3745.06	3737.40	3746.86	3743.16	3742.28	3749.60	3749.06	3749.44	3754.10	
3753.00	3629.52	3703.50	3741.74	3741.88	3743.74	3745.78	3751.24	3746.86	3740.00	3746.86	3745.50	3748.10	3749.90	3744.24	3742.34	
3742.58	3731.76	3722.28	3722.92	3739.34	3736.90	3736.76	3734.24	3727.54	3713.64	3731.64	3727.84	3735.24	3735.86	3752.40	3706.32	

*******************************************2025/07/26;08:04:55
Probe number 132
Concentration entered by User 2.06% (Compensated: 2.84% at temperature 30.5)
1284.88	1301.94	1313.26	1326.04	1341.42	1356.08	1372.26	1388.54	1408.18	1427.26	1450.78	1474.92	1501.74	1528.36	1547.50	1569.74	
1592.70	1632.48	1666.80	1717.24	1752.74	1789.98	1828.20	1868.64	1908.00	1946.12	1989.70	2050.88	2126.44	2204.36	2323.76	2479.46	
2689.50	2990.86	3292.58	3508.46	3636.64	3665.86	3673.22	3679.10	3680.94	3690.54	3696.52	3698.80	3686.62	3683.70	3689.92	3689.16	
3688.74	3719.04	3707.88	3710.74	3713.06	3715.78	3718.42	3715.02	3718.60	3722.26	3717.68	3717.68	3720.80	3715.66	3712.34	3723.46	
3727.12	3728.88	3727.10	3727.74	3718.00	3719.64	3715.40	3709.54	3721.50	3712.68	3724.72	3719.76	3726.56	3726.62	3726.10	3730.30	
3731.36	3735.22	3733.02	3728.94	3736.94	3737.78	3732.20	3739.28	3730.72	3741.38	3737.28	3736.52	3744.02	3743.16	3743.64	3748.70	
3747.42	3620.40	3696.08	3735.54	3735.96	3737.44	3740.26	3745.48	3741.28	3733.90	3741.32	3739.64	3742.44	3744.56	3738.46	3736.44	
3736.76	3725.56	3715.42	3716.40	3733.26	3731.10	3730.56	3727.88	3720.86	3706.88	3725.32	3721.56	3729.00	3730.06	3746.72	3699.10	

*******************************************2025/07/26;08:09:55
Probe number 133
Concentration entered by User 2.00% (Compensated: 2.78% at temperature 30.4)
1286.86	1303.24	1314.36	1327.62	1343.74	1357.60	1375.14	1390.58	1410.80	1429.14	1454.02	1479.02	1503.82	1531.44	1553.18	1574.22	
1596.42	1635.26	1668.58	1721.28	1756.30	1795.76	1829.36	1869.54	1912.70	1951.02	2003.28	2060.24	2139.08	2212.54	2332.48	2480.88	
2686.32	3011.22	3308.14	3520.54	3648.56	3676.90	3683.22	3688.94	3691.36	3700.20	3706.02	3708.18	3696.28	3693.72	3700.12	3699.68	
3698.36	3727.66	3717.16	3719.70	3721.96	3724.64	3727.50	3724.34	3727.36	3731.04	3726.44	3726.34	3729.56	3724.70	3721.62	3732.06	
3735.70	3736.78	3735.28	3735.64	3726.44	3728.50	3724.40	3719.06	3729.74	3721.64	3733.30	3728.50	3735.04	3734.94	3734.52	3738.66	
3739.36	3742.98	3741.16	3737.08	3744.42	3745.70	3740.42	3747.02	3739.22	3748.84	3745.02	3744.30	3751.36	3750.94	3751.38	3756.18	
3754.60	3632.94	3705.62	3743.56	3743.90	3745.78	3747.92	3753.14	3748.62	3741.76	3748.52	3747.30	3750.06	3751.68	3746.08	3744.26	
3744.64	3733.86	3724.50	3724.84	3741.46	3739.04	3738.90	3736.18	3729.44	3716.14	3733.92	3730.06	3737.34	3738.24	3754.16	3709.06	

*******************************************2025/07/26;08:14:55
Probe number 134
Concentration entered by User 2.02% (Compensated: 2.80% at temperature 30.4)
1287.12	1303.74	1314.86	1327.50	1343.16	1357.78	1374.28	1390.22	1410.34	1428.68	1452.86	1477.44	1503.72	1531.26	1551.42	1570.78	
1594.64	1634.62	1665.44	1720.42	1755.02	1790.68	1828.02	1869.22	1910.40	1950.28	2004.46	2062.62	2137.80	2213.74	2334.44	2484.46	
2685.44	3002.04	3302.46	3516.40	3644.86	3673.86	3679.58	3685.58	3687.96	3696.40	3702.48	3705.46	3692.96	3690.40	3696.48	3695.56	
3694.82	3724.90	3713.76	3716.58	3718.62	3721.18	3724.42	3721.00	3724.06	3727.54	3723.06	3723.08	3726.42	3721.56	3718.10	3729.30	
3732.34	3733.72	3732.04	3732.88	3723.24	3725.16	3721.44	3715.36	3726.60	3717.92	3729.70	3724.90	3731.90	3731.64	3731.40	3735.42	
3736.44	3740.16	3738.10	3734.10	3741.80	3742.72	3737.24	3744.06	3736.34	3745.84	3742.18	3741.34	3748.56	3748.36	3748.38	3753.14	
3752.00	3628.24	3702.26	3740.62	3741.02	3742.88	3744.94	3750.10	3746.02	3738.84	3746.06	3744.72	3747.08	3749.12	3743.34	3741.44	
3741.76	3730.76	3721.42	3721.82	3738.54	3736.12	3735.66	3733.04	3726.62	3712.86	3730.88	3727.00	3734.28	3735.30	3751.50	3704.96	

*******************************************2025/07/26;08:19:55
Probe number 135
Concentration entered by User 2.02% (Compensated: 2.80% at temperature 30.4)
1286.36	1302.76	1314.16	1326.90	1342.52	1356.26	1373.74	1390.78	1411.06	1429.86	1451.78	1478.38	1504.86	1531.76	1551.32	1571.60	
1595.08	1633.22	1667.84	1718.38	1757.60	1793.36	1830.72	1872.06	1910.08	1950.72	2001.30	2058.44	2134.84	2213.02	2320.04	2484.32	
2688.46	2999.04	3301.60	3518.48	3642.38	3672.36	3679.26	3685.36	3686.56	3696.38	3702.58	3704.94	3692.58	3690.18	3696.16	3695.54	
3694.40	3724.28	3713.78	3716.06	3718.38	3720.88	3724.20	3720.56	3723.70	3727.74	3723.16	3722.82	3726.36	3721.14	3717.88	3729.08	
3732.22	3733.24	3731.92	3732.66	3723.28	3725.14	3721.00	3715.10	3726.44	3717.80	3729.92	3725.04	3731.82	3731.56	3730.94	3735.12	
3735.96	3739.82	3737.82	3733.78	3741.72	3742.60	3737.00	3743.92	3736.34	3745.98	3742.34	3741.12	3748.38	3747.84	3748.26	3753.14	
3751.74	3627.92	3701.82	3740.60	3740.76	3742.50	3744.84	3750.16	3745.90	3738.62	3745.46	3743.98	3747.04	3749.14	3743.22	3741.40	
3741.70	3730.42	3720.90	3721.90	3738.18	3735.96	3735.34	3733.10	3725.84	3712.36	3730.60	3727.00	3734.24	3735.08	3751.26	3704.92	

*******************************************2025/07/26;08:24:55
Probe number 136
Concentration entered by User 2.03% (Compensated: 2.80% at temperature 30.4)
1286.26	1302.76	1314.84	1327.18	1342.72	1356.68	1373.44	1389.88	1410.76	1429.72	1452.98	1477.74	1503.06	1531.06	1551.42	1571.80	
1594.92	1634.84	1668.10	1717.68	1755.68	1791.86	1830.02	1871.96	1909.20	1948.00	1995.42	2057.56	2130.16	2211.48	2322.08	2480.02	
2679.70	3008.38	3296.88	3517.20	3643.86	3672.36	3679.10	3683.44	3685.94	3695.16	3701.12	3703.66	3691.48	3688.58	3694.82	3693.74	
3693.44	3722.90	3712.12	3714.30	3717.16	3719.62	3722.56	3719.28	3722.54	3726.24	3721.54	3721.26	3724.86	3719.72	3716.64	3727.26	
3730.72	3732.14	3730.70	3731.20	3721.68	3723.44	3719.64	3713.60	3725.14	3716.66	3728.46	3723.34	3730.40	3730.34	3730.02	3733.94	
3734.82	3738.40	3736.74	3732.30	3740.18	3741.22	3736.04	3742.82	3734.78	3744.56	3740.96	3739.80	3747.26	3746.60	3747.00	3752.24	
3750.54	3625.42	3700.04	3739.10	3739.46	3741.38	3743.66	3748.98	3745.08	3737.70	3744.50	3743.16	3745.98	3747.80	3742.20	3740.04	
3740.22	3729.02	3719.74	3719.98	3737.16	3734.36	3734.28	3731.74	3724.56	3710.72	3729.24	3725.24	3732.66	3733.60	3750.32	3703.52	

*******************************************2025/07/26;08:29:55
Probe number 137
Concentration entered by User 2.04% (Compensated: 2.82% at temperature 30.4)
1286.46	1303.06	1313.98	1326.98	1342.38	1356.70	1374.00	1390.52	1409.88	1427.40	1451.44	1477.28	1502.42	1531.14	1551.04	1570.44	
1592.18	1631.26	1666.72	1718.90	1755.26	1791.16	1827.18	1867.00	1908.42	1953.48	2001.84	2057.30	2128.38	2207.60	2327.08	2484.18	
2682.00	2993.70	3301.34	3510.98	3639.80	3669.94	3676.36	3681.84	3683.96	3693.40	3699.20	3701.82	3689.38	3686.62	3692.66	3692.14	
3691.28	3721.38	3710.34	3713.10	3715.02	3717.74	3720.86	3717.84	3720.74	3724.74	3719.96	3719.86	3723.06	3717.98	3714.68	3725.60	
3729.36	3730.60	3729.28	3729.60	3719.86	3721.90	3717.52	3711.98	3723.54	3714.56	3726.76	3721.70	3728.68	3728.96	3728.30	3732.40	
3733.40	3737.36	3735.00	3731.08	3738.86	3739.58	3734.40	3741.28	3733.16	3743.06	3739.28	3738.68	3745.72	3745.20	3745.66	3750.48	
3749.16	3623.32	3698.54	3738.10	3738.20	3739.78	3742.08	3747.30	3743.10	3735.82	3742.88	3741.56	3744.28	3746.28	3740.56	3738.80	
3738.62	3727.58	3717.82	3718.02	3735.68	3733.14	3732.66	3729.80	3722.82	3709.12	3727.68	3723.96	3731.38	3731.92	3748.70	3701.78	

*******************************************2025/07/26;08:34:55
Probe number 138
Concentration entered by User 2.00% (Compensated: 2.78% at temperature 30.4)
1287.64	1304.38	1316.18	1329.16	1344.32	1358.74	1375.48	1391.18	1411.26	1429.38	1453.70	1478.00	1504.46	1533.54	1554.20	1573.72	
1596.12	1634.70	1670.92	1720.76	1757.72	1795.02	1833.76	1873.54	1911.06	1953.42	2001.40	2063.24	2140.30	2214.18	2333.34	2484.82	
2683.72	2998.26	3315.92	3519.82	3644.02	3674.16	3679.82	3686.66	3688.16	3697.48	3703.56	3705.78	3693.50	3690.80	3696.90	3696.34	
3695.46	3725.42	3714.48	3717.04	3719.04	3721.88	3724.80	3721.68	3724.30	3728.16	3723.62	3723.32	3726.76	3721.86	3718.52	3729.44	
3732.76	3734.06	3732.72	3733.10	3723.60	3725.60	3721.62	3715.82	3727.12	3718.78	3730.48	3725.42	3732.36	3732.52	3731.88	3735.86	
3736.64	3740.42	3738.62	3734.74	3742.46	3743.08	3737.84	3744.36	3736.68	3746.50	3742.72	3741.94	3749.04	3748.40	3748.80	3753.52	
3752.56	3628.12	3702.62	3741.24	3741.32	3743.16	3745.44	3750.74	3746.56	3739.36	3746.04	3744.84	3747.68	3749.34	3744.06	3741.92	
3742.18	3731.28	3721.44	3722.28	3738.82	3736.46	3736.30	3733.48	3726.48	3712.96	3731.10	3727.46	3734.88	3735.70	3752.10	3705.76	

*******************************************2025/07/26;08:39:55
Probe number 139
Concentration entered by User 2.01% (Compensated: 2.79% at temperature 30.4)
1288.28	1304.40	1315.30	1328.08	1344.72	1359.46	1375.58	1392.22	1412.44	1430.82	1453.46	1478.08	1505.30	1534.24	1555.12	1574.26	
1596.88	1636.38	1671.02	1724.20	1761.26	1795.86	1832.02	1874.18	1909.06	1951.12	2002.38	2063.90	2135.04	2210.96	2333.86	2488.88	
2679.16	2993.82	3312.16	3525.68	3646.28	3677.06	3683.12	3688.58	3690.98	3699.90	3705.84	3708.18	3695.82	3692.82	3698.76	3698.26	
3697.70	3727.04	3716.14	3718.84	3721.02	3723.70	3726.40	3723.34	3726.06	3730.00	3725.30	3725.32	3728.42	3723.60	3720.36	3731.02	
3734.54	3735.68	3734.54	3734.86	3725.16	3727.68	3723.28	3717.94	3728.60	3720.64	3732.20	3727.22	3734.18	3734.02	3733.32	3737.52	
3738.24	3742.22	3740.38	3735.94	3743.48	3744.60	3739.36	3745.84	3738.38	3747.92	3744.30	3743.36	3750.32	3750.04	3750.28	3755.16	
3753.68	3631.34	3704.56	3742.86	3742.68	3744.86	3746.72	3751.88	3748.14	3740.82	3747.66	3746.42	3749.02	3751.16	3745.30	3743.56	
3743.92	3732.94	3723.40	3724.00	3740.62	3738.14	3737.94	3735.34	3728.86	3714.98	3732.96	3729.08	3736.44	3737.08	3753.50	3707.88	

*******************************************2025/07/26;08:44:55
Probe number 140
Concentration entered by User 2.02% (Compensated: 2.80% at temperature 30.4)
1286.86	1303.66	1314.60	1327.48	1343.58	1357.62	1374.76	1390.64	1410.54	1429.10	1453.14	1478.16	1503.02	1532.84	1552.26	1572.32	
1596.28	1634.42	1667.44	1719.14	1756.06	1790.02	1827.66	1868.56	1911.10	1949.70	1997.62	2058.60	2134.32	2204.02	2332.88	2484.40	
2679.52	2998.34	3304.32	3522.54	3643.62	3672.28	3678.40	3684.86	3686.84	3695.92	3701.82	3703.98	3691.58	3688.78	3694.80	3694.54	
3693.40	3723.30	3711.98	3715.42	3717.24	3719.82	3722.90	3719.52	3722.34	3725.94	3721.52	3721.56	3724.72	3719.78	3716.40	3727.34	
3731.10	3732.20	3731.06	3731.26	3721.60	3723.40	3719.68	3713.56	3725.12	3716.66	3728.50	3723.58	3730.48	3730.64	3729.72	3734.34	
3735.04	3738.50	3736.70	3732.08	3740.46	3741.06	3736.02	3742.84	3734.88	3744.98	3741.08	3739.76	3747.34	3746.60	3747.24	3752.02	
3750.58	3625.80	3700.44	3739.42	3739.72	3741.36	3743.74	3749.14	3744.82	3737.44	3744.58	3742.94	3745.92	3747.76	3742.36	3740.34	
3740.48	3729.22	3719.52	3720.18	3737.06	3734.64	3734.50	3731.72	3724.94	3710.84	3729.26	3725.56	3732.66	3733.88	3750.40	3703.60	

*******************************************2025/07/26;08:49:55
Probe number 141
Concentration entered by User 2.01% (Compensated: 2.79% at temperature 30.4)
1288.16	1304.54	1315.70	1328.48	1344.08	1358.10	1375.22	1391.50	1412.00	1429.60	1452.78	1478.12	1504.74	1531.38	1551.42	1573.54	
1596.30	1635.22	1668.46	1719.12	1755.98	1793.56	1833.72	1871.94	1914.78	1953.48	2000.46	2062.20	2132.10	2213.78	2335.56	2490.16	
2684.64	3001.84	3307.98	3519.40	3646.08	3673.72	3680.30	3686.64	3688.88	3698.04	3703.60	3706.08	3693.94	3691.02	3697.10	3696.62	
3695.36	3725.42	3714.74	3717.40	3718.98	3722.00	3724.74	3721.66	3724.52	3728.00	3723.96	3723.50	3726.62	3721.66	3718.64	3729.48	
3733.10	3734.20	3732.62	3733.40	3723.58	3725.74	3721.88	3716.30	3727.24	3718.60	3730.28	3725.74	3732.26	3732.40	3731.70	3735.68	
3736.60	3740.26	3739.00	3734.62	3742.58	3742.98	3737.76	3744.50	3736.92	3746.46	3742.84	3742.00	3748.92	3748.40	3748.96	3753.72	
3752.52	3628.72	3702.64	3741.52	3741.30	3743.22	3745.52	3750.68	3746.66	3739.24	3746.50	3744.90	3747.60	3749.64	3744.08	3742.26	
3742.46	3731.22	3721.70	3722.14	3739.10	3736.62	3736.34	3733.94	3727.14	3712.78	3731.28	3727.52	3734.84	3735.96	3752.04	3705.92	

*******************************************2025/07/26;08:54:55
Probe number 142
Concentration entered by User 2.04% (Compensated: 2.81% at temperature 30.3)
1287.16	1303.54	1314.40	1327.56	1343.60	1357.58	1374.04	1389.76	1410.04	1428.18	1452.20	1478.80	1504.84	1533.10	1552.76	1571.94	
1594.52	1633.96	1669.26	1718.66	1755.54	1791.80	1828.26	1868.42	1909.58	1954.04	1998.26	2059.18	2128.48	2205.78	2326.28	2481.34	
2685.64	2992.20	3300.72	3510.90	3641.80	3671.48	3678.80	3684.20	3686.22	3695.72	3701.22	3704.32	3691.82	3688.84	3694.76	3694.60	
3694.02	3723.52	3712.70	3715.24	3716.84	3720.04	3723.12	3719.76	3722.54	3726.56	3721.70	3721.38	3724.66	3719.64	3716.22	3727.34	
3730.82	3732.16	3731.02	3731.44	3721.92	3723.64	3719.50	3714.08	3725.66	3716.70	3728.36	3723.54	3730.62	3730.70	3730.06	3734.20	
3734.90	3738.96	3736.64	3732.76	3740.68	3741.36	3736.32	3743.14	3734.90	3744.90	3740.68	3739.92	3747.48	3746.98	3747.08	3752.12	
3750.86	3626.02	3700.52	3739.54	3739.92	3741.76	3743.80	3749.12	3744.96	3737.58	3744.58	3743.30	3745.90	3748.06	3742.36	3740.28	
3740.44	3729.40	3719.88	3719.88	3737.16	3734.80	3734.38	3731.94	3725.00	3710.86	3729.24	3725.92	3733.14	3733.86	3750.36	3703.94	

*******************************************2025/07/26;08:59:55
Probe number 143
Concentration entered by User 2.02% (Compensated: 2.79% at temperature 30.3)
1288.64	1305.12	1316.48	1328.94	1343.94	1359.12	1375.70	1391.16	1411.60	1429.34	1453.22	1477.80	1504.78	1532.80	1551.68	1572.90	
1595.94	1633.74	1668.28	1720.70	1757.84	1792.68	1831.30	1870.40	1910.56	1955.58	1998.54	2058.62	2128.36	2213.08	2340.14	2487.26	
2677.60	3002.46	3306.08	3516.22	3645.00	3673.16	3679.56	3684.98	3688.00	3696.68	3702.22	3704.54	3692.30	3689.32	3695.32	3694.62	
3693.92	3723.56	3712.76	3715.64	3717.36	3720.38	3722.88	3720.14	3723.08	3726.68	3722.14	3722.14	3725.44	3720.28	3716.88	3727.96	
3731.24	3732.80	3731.42	3732.06	3722.46	3724.30	3720.50	3714.24	3725.74	3717.26	3729.24	3724.58	3731.16	3731.12	3730.44	3734.74	
3735.68	3739.32	3737.46	3733.04	3741.02	3741.78	3736.64	3743.50	3735.56	3745.40	3741.56	3740.46	3747.94	3747.42	3747.86	3752.32	
3751.36	3627.18	3700.90	3739.80	3740.10	3741.98	3744.16	3749.40	3745.56	3738.58	3745.08	3743.82	3746.38	3748.44	3742.96	3740.40	
3741.06	3729.90	3720.06	3721.00	3737.58	3735.04	3735.12	3732.50	3725.36	3711.66	3730.20	3726.06	3733.88	3734.54	3750.80	3704.20	

*******************************************2025/07/26;09:04:55
Probe number 144
Concentration entered by User 2.02% (Compensated: 2.80% at temperature 30.3)
1287.60	1303.90	1315.40	1327.80	1343.76	1358.20	1375.02	1392.42	1412.56	1430.60	1452.94	1478.52	1505.00	1533.46	1553.38	1574.36	
1598.70	1635.70	1669.78	1721.58	1759.76	1796.36	1832.28	1871.24	1912.80	1951.16	2000.40	2061.70	2130.16	2215.28	2329.78	2482.54	
2683.78	2991.38	3307.64	3520.84	3645.80	3675.28	3681.12	3686.98	3689.08	3698.48	3704.42	3706.62	3694.00	3691.06	3697.42	3696.46	
3695.84	3725.06	3714.62	3717.16	3719.46	3722.18	3724.94	3721.84	3724.48	3728.24	3724.06	3723.76	3727.28	3721.94	3718.80	3729.64	
3733.14	3734.48	3732.88	3733.74	3724.06	3726.06	3721.78	3716.20	3727.48	3719.00	3730.80	3725.90	3732.92	3732.64	3732.04	3735.96	
3737.36	3740.76	3738.56	3734.52	3742.52	3743.54	3738.26	3744.88	3737.02	3746.64	3743.14	3741.98	3749.32	3748.56	3749.18	3754.06	
3752.80	3629.46	3703.12	3741.64	3741.46	3743.54	3745.86	3751.18	3746.88	3739.68	3746.26	3745.14	3747.98	3749.64	3744.46	3742.12	
3742.48	3731.44	3722.26	3722.36	3739.20	3736.86	3736.66	3733.90	3727.28	3713.48	3731.54	3727.56	3735.10	3735.78	3752.44	3706.32	

*******************************************2025/07/26;09:09:55
Probe number 145
Concentration entered by User 2.05% (Compensated: 2.82% at temperature 30.3)
1288.20	1304.68	1316.14	1328.60	1344.48	1358.48	1375.50	1392.04	1411.92	1430.38	1454.60	1479.66	1504.54	1533.74	1554.52	1574.00	
1596.26	1636.30	1671.58	1722.50	1759.82	1798.88	1835.48	1871.10	1910.42	1952.38	1998.46	2059.92	2133.96	2214.96	2330.60	2486.58	
2680.90	2991.20	3298.64	3512.38	3642.38	3672.58	3679.04	3684.98	3687.46	3696.56	3702.28	3704.78	3692.60	3689.16	3695.30	3694.88	
3693.80	3723.68	3712.78	3715.66	3717.70	3720.36	3723.28	3720.24	3723.12	3726.86	3722.64	3722.32	3725.86	3720.40	3717.64	3728.24	
3731.80	3733.08	3731.84	3732.08	3722.68	3724.58	3720.42	3714.62	3725.96	3717.52	3729.42	3724.70	3731.54	3731.16	3730.56	3734.96	
3736.10	3739.22	3737.48	3733.48	3741.38	3742.12	3736.72	3743.48	3735.76	3745.36	3741.50	3740.82	3748.30	3747.70	3747.92	3752.86	
3751.38	3627.48	3701.68	3740.06	3740.36	3742.24	3744.22	3749.98	3745.66	3738.20	3745.38	3743.80	3746.60	3748.80	3743.22	3740.84	
3741.26	3730.30	3720.46	3721.00	3738.06	3735.70	3735.10	3732.52	3725.86	3711.94	3730.24	3726.68	3733.90	3734.86	3751.04	3704.58	

*******************************************2025/07/26;09:14:55
Probe number 146
Concentration entered by User 2.02% (Compensated: 2.79% at temperature 30.3)
1287.12	1303.64	1315.16	1327.46	1343.26	1357.66	1375.26	1390.88	1412.30	1430.28	1452.66	1478.48	1504.68	1533.68	1552.64	1572.04	
1595.84	1634.62	1668.54	1720.10	1759.70	1793.96	1833.02	1874.94	1912.46	1950.76	1998.62	2055.88	2137.10	2214.56	2322.82	2481.84	
2684.92	3004.76	3304.16	3513.92	3642.52	3670.88	3677.14	3682.84	3684.96	3694.16	3700.46	3702.94	3690.08	3687.26	3693.26	3693.32	
3691.88	3721.90	3710.98	3713.80	3715.78	3718.44	3721.62	3718.44	3721.56	3725.40	3720.66	3720.48	3723.64	3718.76	3715.52	3726.74	
3729.88	3731.36	3730.00	3730.24	3720.96	3722.80	3718.62	3712.60	3724.24	3715.62	3727.64	3722.86	3729.72	3729.50	3728.86	3733.24	
3734.12	3737.66	3735.82	3731.66	3739.54	3740.42	3735.08	3742.22	3733.92	3743.52	3739.80	3739.14	3746.74	3745.98	3746.62	3751.24	
3749.96	3624.14	3699.48	3738.32	3738.84	3740.52	3742.64	3748.18	3743.92	3736.42	3743.66	3742.18	3745.06	3746.88	3741.64	3739.22	
3739.48	3728.18	3718.74	3719.34	3736.16	3733.68	3733.84	3730.96	3723.74	3709.74	3728.14	3724.70	3732.02	3732.80	3749.36	3702.38	

*******************************************2025/07/26;09:19:55
Probe number 147
Concentration entered by User 2.01% (Compensated: 2.79% at temperature 30.3)
1287.38	1303.98	1315.74	1328.16	1344.40	1358.72	1375.76	1391.34	1411.06	1429.26	1452.70	1479.02	1504.60	1532.66	1553.28	1574.38	
1597.64	1635.90	1670.42	1720.54	1760.90	1796.80	1833.80	1873.20	1914.74	1950.46	1997.96	2063.14	2136.70	2212.92	2334.20	2484.68	
2686.60	3000.84	3306.46	3521.84	3644.72	3674.72	3680.94	3686.10	3688.48	3697.92	3703.78	3706.14	3694.02	3690.78	3697.20	3696.32	
3695.62	3725.44	3714.48	3716.92	3719.14	3721.94	3724.92	3722.06	3724.36	3728.56	3723.90	3723.60	3726.86	3722.36	3718.82	3729.64	
3733.30	3734.26	3733.02	3733.28	3724.16	3725.96	3722.04	3716.10	3727.40	3719.02	3730.90	3726.00	3732.58	3732.86	3731.68	3736.16	
3736.88	3740.82	3738.76	3734.90	3742.46	3743.44	3738.12	3744.70	3736.86	3746.68	3742.92	3741.96	3749.12	3748.68	3749.14	3753.82	
3752.64	3628.94	3702.80	3741.16	3741.82	3743.42	3745.54	3750.98	3746.82	3739.48	3746.22	3745.06	3747.80	3749.72	3744.22	3742.16	
3742.58	3731.44	3722.02	3722.48	3739.24	3736.92	3736.38	3733.64	3727.22	3713.36	3731.56	3727.64	3735.04	3735.86	3752.10	3706.22	

*******************************************2025/07/26;09:24:55
Probe number 148
Concentration entered by User 2.01% (Compensated: 2.78% at temperature 30.3)
1287.52	1304.18	1315.90	1328.72	1344.58	1358.62	1375.84	1392.64	1412.98	1431.48	1454.00	1479.08	1504.38	1533.20	1553.12	1573.10	
1596.02	1636.78	1670.08	1721.48	1760.58	1795.50	1835.68	1875.92	1914.84	1955.38	2003.54	2059.86	2135.22	2209.10	2323.32	2485.98	
2688.28	3003.82	3308.98	3519.08	3648.94	3675.72	3681.68	3687.64	3689.54	3699.28	3705.04	3707.18	3694.54	3691.68	3697.28	3697.16	
3696.56	3725.56	3714.92	3717.36	3719.74	3722.30	3725.38	3722.34	3724.98	3728.60	3724.12	3724.22	3727.36	3722.64	3719.34	3729.90	
3733.42	3734.68	3733.38	3733.76	3724.22	3726.58	3722.34	3716.60	3727.82	3719.66	3731.20	3726.36	3733.02	3733.24	3732.60	3736.54	
3737.32	3740.96	3739.34	3735.02	3743.06	3743.72	3738.52	3745.04	3737.50	3746.92	3743.38	3742.50	3749.66	3749.00	3749.48	3754.26	
3752.80	3629.98	3703.54	3741.74	3742.02	3743.80	3745.96	3751.22	3747.22	3740.38	3746.80	3745.24	3748.30	3750.32	3744.62	3742.34	
3742.76	3731.90	3722.58	3723.40	3739.68	3737.26	3737.06	3734.22	3727.82	3713.78	3731.94	3728.18	3735.64	3736.42	3752.44	3706.60	

*******************************************2025/07/26;09:29:55
Probe number 149
Concentration entered by User 2.04% (Compensated: 2.81% at temperature 30.3)
1287.32	1303.76	1314.50	1327.66	1344.24	1358.16	1375.44	1391.64	1411.82	1429.98	1453.40	1477.04	1504.12	1532.44	1552.90	1573.34	
1595.28	1635.64	1670.10	1721.90	1759.64	1794.68	1831.34	1870.50	1909.06	1951.84	2002.84	2055.16	2132.22	2201.86	2319.66	2477.12	
2680.94	2993.86	3301.40	3514.52	3640.30	3669.24	3674.92	3680.78	3683.82	3693.42	3699.26	3701.64	3688.24	3686.00	3691.80	3691.34	
3690.64	3720.84	3709.58	3712.08	3714.30	3717.18	3719.94	3717.14	3719.96	3723.52	3719.02	3718.82	3722.24	3717.18	3713.74	3725.02	
3728.56	3730.00	3728.20	3728.96	3719.22	3721.14	3717.32	3711.22	3722.74	3714.40	3725.94	3721.32	3728.30	3728.32	3727.66	3731.70	
3732.54	3736.44	3734.46	3730.08	3738.18	3739.06	3733.46	3740.52	3732.68	3742.78	3738.62	3737.58	3745.26	3744.50	3745.02	3750.20	
3748.66	3622.80	3697.58	3737.24	3737.10	3739.20	3741.56	3746.98	3742.78	3735.34	3742.20	3740.54	3743.70	3745.84	3740.10	3737.98	
3738.28	3726.80	3716.72	3717.64	3734.84	3732.58	3732.28	3729.40	3722.44	3708.22	3726.90	3723.02	3730.42	3731.62	3748.28	3701.12	

*******************************************2025/07/26;09:34:55
Probe number 150
Concentration entered by User 2.03% (Compensated: 2.80% at temperature 30.3)
1288.26	1304.80	1316.18	1329.00	1345.44	1360.06	1375.86	1392.58	1413.04	1430.68	1454.84	1479.16	1506.00	1534.42	1553.60	1574.20	
1598.62	1638.04	1670.10	1722.50	1759.30	1795.44	1830.82	1869.70	1909.92	1952.18	2003.86	2057.24	2133.40	2213.36	2333.40	2478.46	
2685.92	3001.06	3303.40	3512.92	3643.24	3673.60	3678.86	3685.14	3688.20	3697.66	3703.32	3705.68	3693.22	3689.88	3695.84	3695.46	
3694.42	3723.98	3713.22	3715.92	3717.74	3721.06	3723.84	3720.48	3723.36	3727.18	3722.52	3722.58	3725.88	3720.80	3717.68	3728.48	
3731.98	3733.42	3732.04	3732.36	3722.56	3724.62	3720.96	3715.14	3726.42	3717.94	3729.64	3724.80	3731.36	3731.76	3730.84	3735.02	
3736.00	3739.58	3738.06	3733.50	3741.52	3742.48	3737.12	3744.14	3735.94	3745.80	3741.78	3741.16	3748.36	3747.74	3748.08	3752.84	
3751.84	3627.74	3701.90	3740.50	3740.62	3742.40	3744.62	3749.94	3745.76	3738.50	3745.36	3744.12	3746.82	3748.94	3743.24	3741.14	
3741.46	3730.22	3720.92	3721.70	3738.20	3735.68	3735.64	3733.00	3726.20	3711.82	3730.46	3726.80	3734.10	3734.44	3751.28	3704.88	

*******************************************2025/07/26;09:39:55
Probe number 151
Concentration entered by User 2.04% (Compensated: 2.81% at temperature 30.3)
1288.50	1305.28	1315.96	1329.42	1344.98	1359.46	1376.56	1392.08	1412.50	1430.80	1453.90	1478.72	1504.70	1533.12	1553.98	1574.28	
1595.62	1634.22	1668.10	1722.16	1758.78	1795.86	1831.30	1872.00	1910.56	1950.84	1999.32	2056.04	2131.74	2212.50	2328.64	2481.32	
2686.86	3004.10	3295.46	3507.84	3642.00	3670.60	3678.06	3684.90	3686.54	3696.06	3701.64	3703.82	3691.44	3687.96	3694.24	3693.54	
3692.68	3722.58	3711.88	3714.22	3716.12	3719.02	3721.80	3718.94	3721.60	3725.28	3720.44	3720.82	3724.12	3718.98	3715.74	3726.94	
3730.04	3731.56	3730.26	3730.82	3721.40	3723.12	3719.08	3713.28	3724.98	3715.70	3728.14	3722.96	3729.94	3729.86	3729.28	3733.58	
3734.08	3738.34	3735.96	3731.76	3739.88	3740.76	3735.64	3742.62	3734.60	3744.22	3740.68	3739.70	3746.80	3746.40	3746.74	3751.52	
3750.32	3625.54	3699.90	3738.96	3739.18	3741.18	3743.14	3748.54	3744.36	3737.06	3744.00	3742.60	3745.26	3747.40	3741.64	3739.70	
3740.02	3728.60	3719.34	3719.76	3736.44	3734.18	3733.92	3731.26	3724.22	3709.90	3728.80	3725.26	3732.34	3733.22	3749.76	3703.04	

*******************************************2025/07/26;09:44:55
Probe number 152
Concentration entered by User 2.04% (Compensated: 2.81% at temperature 30.3)
1287.46	1303.98	1316.24	1328.96	1344.54	1358.70	1375.64	1392.16	1412.34	1430.58	1453.84	1479.56	1505.14	1533.18	1554.08	1575.02	
1597.90	1637.32	1670.26	1723.40	1760.76	1794.56	1832.34	1870.10	1907.90	1953.04	2001.30	2059.88	2131.90	2217.80	2329.24	2472.02	
2676.86	2990.76	3304.28	3512.34	3643.06	3673.96	3680.46	3685.92	3688.20	3697.90	3703.22	3705.46	3692.96	3689.64	3695.80	3695.06	
3694.06	3724.06	3713.12	3715.52	3717.70	3720.42	3723.20	3720.30	3722.74	3726.88	3722.44	3722.16	3725.56	3720.40	3716.94	3727.98	
3731.82	3733.14	3731.58	3732.34	3722.68	3724.44	3720.72	3714.58	3726.14	3717.52	3729.60	3724.48	3731.46	3731.46	3730.80	3734.86	
3735.58	3739.66	3737.26	3733.26	3741.24	3742.12	3736.90	3743.44	3735.70	3745.40	3741.32	3741.02	3748.14	3747.80	3748.10	3752.60	
3751.12	3627.34	3701.34	3740.12	3740.54	3742.38	3744.48	3749.80	3745.64	3738.32	3745.40	3743.88	3746.82	3748.52	3742.98	3740.82	
3741.30	3730.08	3720.40	3720.58	3737.94	3735.74	3735.30	3732.72	3725.64	3711.84	3730.30	3726.32	3734.16	3734.88	3750.96	3705.06	

*******************************************2025/07/26;09:49:55
Probe number 153
Concentration entered by User 2.01% (Compensated: 2.78% at temperature 30.3)
1289.38	1305.92	1317.98	1331.04	1347.14	1361.26	1378.40	1393.44	1413.84	1432.18	1455.92	1480.68	1507.44	1535.00	1555.42	1576.24	
1598.12	1638.56	1669.42	1720.76	1759.22	1798.80	1831.86	1872.98	1915.52	1962.60	2008.08	2059.84	2139.70	2217.78	2331.30	2478.68	
2669.98	3002.06	3311.80	3519.02	3647.76	3676.70	3683.46	3688.78	3691.10	3700.44	3706.16	3708.34	3695.58	3692.78	3698.66	3697.88	
3696.94	3726.68	3715.48	3718.14	3719.96	3722.62	3725.70	3722.42	3725.20	3728.58	3724.70	3724.76	3727.70	3722.46	3719.54	3730.32	
3733.68	3734.94	3733.82	3734.22	3724.88	3726.68	3722.82	3717.02	3728.04	3720.02	3731.86	3726.98	3733.48	3733.40	3732.74	3736.84	
3737.76	3741.60	3739.76	3735.28	3743.26	3744.02	3738.98	3745.58	3737.76	3747.30	3743.56	3742.94	3750.18	3749.56	3750.00	3754.52	
3753.28	3630.44	3703.86	3742.26	3742.22	3744.06	3746.14	3751.68	3747.34	3740.32	3747.24	3745.62	3748.66	3750.46	3744.88	3742.82	
3743.28	3732.24	3722.82	3723.10	3739.98	3737.88	3737.44	3734.40	3727.84	3714.02	3732.56	3728.78	3735.96	3736.96	3752.94	3707.40	

*******************************************2025/07/26;09:54:55
Probe number 154
Concentration entered by User 2.02% (Compensated: 2.79% at temperature 30.3)
1287.66	1304.30	1315.90	1329.28	1345.18	1358.66	1376.34	1391.70	1412.58	1431.50	1454.74	1479.28	1505.44	1532.22	1553.80	1574.76	
1598.44	1637.28	1671.58	1722.74	1761.14	1795.98	1837.00	1873.42	1911.74	1954.74	2001.98	2060.64	2133.44	2211.56	2327.02	2485.12	
2685.34	2996.10	3306.52	3514.48	3646.48	3674.60	3680.74	3686.42	3688.72	3698.18	3703.48	3705.68	3693.28	3690.10	3696.14	3695.76	
3694.46	3724.16	3713.72	3716.04	3717.88	3720.46	3723.88	3720.48	3723.42	3726.94	3722.38	3722.34	3725.66	3720.68	3717.44	3728.48	
3732.16	3733.28	3732.10	3732.48	3722.92	3724.46	3721.02	3715.08	3726.26	3718.04	3729.62	3724.46	3731.52	3731.80	3730.88	3734.92	
3735.92	3739.60	3737.68	3733.52	3741.56	3742.12	3737.08	3743.68	3735.76	3745.72	3741.80	3741.00	3748.52	3747.76	3748.24	3752.88	
3751.48	3627.32	3702.18	3740.26	3740.30	3742.46	3744.42	3749.86	3745.80	3738.42	3745.40	3744.24	3746.78	3748.90	3743.02	3741.08	
3741.42	3730.46	3720.60	3721.26	3737.96	3735.64	3735.38	3733.08	3725.62	3711.84	3730.46	3726.80	3733.96	3734.94	3751.10	3704.96	

*******************************************2025/07/26;09:59:55
Probe number 155
Concentration entered by User 2.01% (Compensated: 2.78% at temperature 30.3)
1289.10	1305.94	1317.96	1330.22	1346.38	1360.56	1377.00	1392.98	1413.02	1431.14	1455.34	1481.02	1507.74	1535.78	1555.76	1576.44	
1599.42	1636.26	1669.96	1723.16	1761.56	1799.92	1835.80	1874.98	1910.34	1954.46	2002.22	2065.02	2134.50	2219.26	2329.60	2486.48	
2691.34	3003.72	3306.26	3517.00	3648.20	3677.22	3683.18	3688.46	3691.10	3700.56	3706.02	3708.04	3695.66	3692.60	3698.40	3698.22	
3696.76	3726.26	3715.52	3718.34	3720.22	3722.84	3725.66	3722.70	3725.52	3729.16	3724.48	3724.56	3727.84	3722.68	3719.82	3730.42	
3733.60	3735.30	3733.92	3734.48	3724.98	3726.68	3723.02	3717.06	3728.10	3719.72	3732.04	3726.84	3733.38	3733.40	3732.70	3736.82	
3737.86	3741.40	3739.72	3735.38	3743.30	3744.04	3739.00	3745.76	3737.96	3747.48	3743.52	3742.80	3750.16	3749.84	3749.88	3754.78	
3753.32	3630.86	3704.02	3742.42	3742.32	3744.34	3746.40	3751.52	3747.58	3740.58	3747.40	3746.14	3748.70	3750.90	3745.16	3743.22	
3743.38	3732.46	3722.82	3723.16	3739.98	3737.76	3737.72	3734.82	3728.14	3714.22	3732.44	3728.92	3736.14	3737.04	3753.04	3707.40	

*******************************************2025/07/26;10:04:55
Probe number 156
Concentration entered by User 2.04% (Compensated: 2.81% at temperature 30.3)
1289.18	1305.26	1317.10	1330.44	1346.34	1360.56	1378.06	1394.42	1414.96	1431.60	1454.96	1480.98	1506.84	1534.98	1557.04	1575.72	
1598.84	1637.98	1672.02	1724.16	1759.22	1796.98	1834.78	1873.42	1910.16	1954.12	2006.64	2066.84	2134.56	2210.96	2332.26	2481.22	
2685.62	2997.52	3300.12	3510.54	3645.18	3676.14	3682.66	3687.54	3689.78	3699.32	3704.86	3706.66	3694.46	3691.18	3697.32	3696.42	
3695.46	3724.88	3714.68	3717.12	3719.30	3721.92	3724.44	3721.42	3724.10	3727.76	3723.50	3723.40	3726.44	3721.90	3718.50	3729.28	
3732.56	3733.68	3732.70	3733.32	3723.40	3725.24	3721.80	3715.82	3727.10	3718.68	3730.50	3725.52	3732.28	3732.24	3731.62	3735.88	
3736.54	3740.42	3738.40	3734.50	3742.38	3743.12	3737.74	3744.70	3736.70	3746.58	3742.68	3742.10	3748.96	3748.62	3748.92	3753.70	
3752.16	3629.24	3702.90	3741.08	3741.04	3743.16	3745.22	3750.52	3746.62	3739.38	3746.20	3744.90	3747.64	3749.36	3743.96	3741.96	
3742.26	3731.22	3721.52	3721.94	3739.02	3736.50	3736.38	3733.58	3726.92	3712.86	3731.16	3727.42	3734.76	3735.58	3752.00	3706.26	

*******************************************2025/07/26;10:09:55
Probe number 157
Concentration entered by User 2.08% (Compensated: 2.85% at temperature 30.3)
1288.06	1304.96	1315.76	1328.54	1345.08	1359.36	1376.22	1392.20	1411.22	1430.32	1454.36	1479.88	1507.40	1535.44	1553.92	1574.50	
1597.28	1635.46	1669.90	1721.04	1756.72	1797.30	1833.44	1871.54	1910.72	1953.72	2000.46	2054.40	2139.26	2216.82	2337.08	2481.14	
2673.18	2989.44	3288.86	3500.38	3638.58	3669.36	3676.80	3682.22	3684.20	3693.34	3699.66	3701.66	3688.74	3685.56	3691.80	3691.10	
3690.02	3720.28	3709.10	3712.00	3714.00	3716.92	3719.80	3716.84	3719.10	3723.10	3718.22	3718.34	3721.70	3716.80	3713.54	3724.52	
3728.02	3729.24	3727.98	3728.24	3718.78	3720.54	3716.80	3710.76	3722.14	3713.30	3725.62	3720.84	3727.52	3727.48	3726.88	3731.32	
3732.02	3735.94	3733.48	3729.72	3737.70	3738.54	3733.62	3740.46	3732.12	3741.96	3738.20	3737.46	3744.78	3744.50	3744.82	3749.88	
3748.56	3621.88	3697.16	3736.54	3736.94	3738.64	3740.92	3746.56	3742.24	3734.64	3742.14	3740.44	3743.28	3745.34	3739.24	3737.66	
3737.98	3726.64	3716.04	3716.48	3734.40	3732.06	3731.42	3728.94	3721.86	3707.42	3726.48	3723.00	3730.18	3731.16	3747.94	3700.32	

*******************************************2025/07/26;10:14:55
Probe number 158
Concentration entered by User 2.07% (Compensated: 2.83% at temperature 30.2)
1288.90	1305.22	1316.26	1329.56	1345.72	1360.02	1377.06	1393.46	1413.40	1432.22	1454.92	1480.32	1506.10	1534.42	1554.84	1575.04	
1598.36	1637.74	1672.00	1722.16	1758.42	1796.42	1835.78	1872.98	1914.08	1957.12	2008.54	2062.36	2135.88	2216.88	2330.54	2474.82	
2671.30	2989.32	3287.80	3510.40	3642.40	3672.20	3679.36	3684.02	3685.92	3696.46	3701.86	3704.18	3691.54	3688.54	3694.22	3693.76	
3692.16	3722.56	3711.26	3714.26	3716.22	3718.98	3722.12	3718.80	3721.64	3725.14	3720.62	3720.50	3723.96	3719.04	3715.30	3726.38	
3730.32	3731.38	3730.18	3730.52	3721.16	3722.74	3719.10	3712.90	3724.52	3715.70	3727.90	3722.48	3729.54	3729.92	3729.10	3733.46	
3734.22	3738.04	3735.82	3731.32	3739.68	3740.58	3735.28	3742.18	3733.92	3744.24	3740.12	3739.48	3746.50	3746.30	3746.40	3751.38	
3750.00	3625.42	3699.46	3738.98	3738.98	3740.60	3742.70	3748.40	3744.04	3736.40	3744.04	3742.20	3745.30	3747.26	3741.66	3739.66	
3739.64	3728.24	3718.96	3719.10	3736.34	3734.06	3733.74	3730.94	3723.86	3709.92	3728.48	3724.82	3731.96	3732.84	3750.12	3702.88	

*******************************************2025/07/26;10:19:55
Probe number 159
Concentration entered by User 2.07% (Compensated: 2.83% at temperature 30.2)
1287.78	1304.90	1316.42	1329.90	1344.98	1359.46	1376.62	1392.28	1412.86	1430.62	1453.60	1478.86	1503.62	1534.18	1554.72	1574.78	
1597.82	1638.06	1671.76	1721.50	1758.14	1794.20	1831.48	1873.28	1913.66	1957.08	2001.22	2059.66	2131.38	2209.50	2331.98	2476.68	
2672.60	2980.64	3292.06	3510.94	3642.72	3672.36	3679.42	3684.40	3686.24	3696.14	3702.06	3703.94	3691.26	3688.06	3694.24	3693.52	
3691.82	3721.88	3711.66	3713.78	3716.10	3718.82	3721.76	3718.08	3721.18	3724.90	3720.52	3720.46	3723.50	3718.60	3715.14	3726.08	
3729.90	3731.08	3729.78	3730.14	3720.86	3722.42	3719.00	3712.98	3724.32	3715.62	3727.72	3722.80	3729.28	3729.48	3728.80	3732.94	
3733.98	3737.64	3735.52	3731.20	3739.46	3740.26	3735.04	3741.98	3734.10	3743.92	3739.50	3738.96	3746.38	3745.98	3746.42	3750.98	
3749.86	3624.90	3699.40	3738.28	3738.52	3740.54	3743.02	3748.08	3744.24	3736.54	3743.88	3742.26	3745.26	3746.86	3741.68	3739.36	
3739.36	3728.12	3718.84	3719.08	3736.06	3733.60	3733.58	3730.70	3724.04	3709.76	3728.72	3724.50	3732.04	3732.52	3749.54	3702.76	

*******************************************2025/07/26;10:24:55
Probe number 160
Concentration entered by User 2.06% (Compensated: 2.83% at temperature 30.2)
1288.96	1305.64	1317.22	1330.08	1345.66	1360.92	1378.36	1393.66	1413.12	1431.74	1455.26	1481.08	1506.52	1534.98	1556.66	1576.86	
1598.26	1636.68	1672.18	1721.34	1759.68	1798.36	1832.16	1873.00	1915.18	1959.64	2004.42	2063.84	2138.34	2210.92	2326.90	2471.66	
2674.80	2984.44	3293.40	3508.56	3643.26	3672.54	3679.84	3684.42	3686.28	3696.38	3702.32	3704.52	3691.64	3688.42	3694.38	3694.24	
3692.62	3722.32	3711.52	3714.24	3715.74	3718.80	3721.84	3718.74	3721.72	3725.34	3720.78	3720.72	3723.76	3718.54	3715.66	3726.72	
3729.88	3731.36	3729.80	3730.52	3720.94	3722.74	3718.98	3712.96	3724.24	3715.98	3727.82	3722.98	3729.60	3729.94	3728.82	3733.28	
3734.00	3737.96	3735.82	3731.50	3739.78	3740.42	3735.08	3742.14	3734.24	3744.04	3740.18	3739.38	3746.76	3745.98	3746.74	3751.20	
3750.10	3625.06	3699.60	3738.86	3739.06	3740.90	3742.90	3748.38	3744.02	3736.96	3744.00	3742.50	3745.34	3747.26	3741.82	3739.48	
3739.80	3728.34	3718.86	3719.16	3736.52	3734.06	3733.62	3731.20	3724.00	3709.76	3728.60	3724.92	3732.52	3732.98	3749.98	3703.34	

*******************************************2025/07/26;10:29:55
Probe number 161
Concentration entered by User 2.07% (Compensated: 2.84% at temperature 30.3)
1287.74	1304.60	1316.22	1328.54	1344.62	1359.80	1376.72	1391.56	1411.52	1430.30	1454.16	1479.42	1505.88	1535.16	1556.12	1576.06	
1597.74	1636.44	1672.82	1722.78	1758.62	1799.00	1832.72	1870.42	1907.64	1951.14	1998.06	2059.60	2132.88	2211.92	2331.78	2472.16	
2674.36	2985.44	3291.28	3507.26	3643.20	3672.32	3679.62	3684.36	3686.62	3695.80	3701.98	3703.94	3690.98	3688.24	3694.66	3693.84	
3692.40	3722.24	3711.44	3713.98	3715.82	3718.70	3721.90	3718.70	3721.28	3724.84	3720.76	3720.40	3723.50	3718.40	3715.46	3726.40	
3729.82	3731.08	3729.80	3730.44	3720.90	3722.50	3719.08	3712.48	3724.26	3715.64	3727.38	3722.76	3729.50	3729.52	3728.90	3733.00	
3733.82	3737.66	3735.62	3731.48	3739.62	3740.32	3735.12	3742.04	3733.92	3743.90	3739.80	3738.82	3746.42	3746.12	3746.42	3751.08	
3749.58	3624.44	3699.12	3738.54	3738.74	3740.46	3742.70	3748.26	3743.96	3736.86	3743.66	3742.18	3744.86	3747.20	3741.42	3739.40	
3739.58	3728.62	3718.76	3718.78	3735.96	3733.58	3733.76	3730.70	3723.72	3709.76	3728.32	3724.98	3732.28	3732.78	3749.60	3702.66	

*******************************************2025/07/26;10:34:55
Probe number 162
Concentration entered by User 2.08% (Compensated: 2.85% at temperature 30.2)
1288.98	1306.22	1318.00	1330.40	1346.02	1361.64	1378.72	1392.96	1414.12	1433.36	1457.10	1481.44	1508.12	1536.32	1554.88	1575.88	
1599.66	1638.38	1671.42	1722.08	1758.46	1794.80	1831.76	1869.12	1914.20	1954.34	2000.74	2064.38	2142.18	2216.68	2338.46	2478.94	
2684.92	2981.50	3287.36	3502.26	3639.14	3670.62	3676.82	3681.82	3684.36	3694.48	3700.10	3702.30	3688.86	3685.76	3692.20	3691.24	
3690.04	3720.36	3709.76	3712.22	3713.90	3717.14	3720.00	3716.90	3719.48	3723.72	3718.92	3718.82	3722.14	3716.90	3714.00	3724.88	
3728.64	3730.28	3728.58	3729.10	3719.62	3721.38	3717.56	3711.58	3722.64	3714.24	3725.96	3721.40	3728.06	3728.56	3727.42	3731.62	
3732.52	3736.28	3734.36	3729.96	3738.34	3738.78	3733.90	3740.86	3732.84	3742.60	3738.48	3738.00	3745.58	3744.78	3745.22	3749.98	
3748.66	3622.72	3697.98	3737.34	3737.48	3739.70	3741.54	3746.80	3742.74	3735.42	3742.74	3741.02	3744.00	3745.90	3740.14	3738.26	
3738.14	3727.12	3717.24	3717.68	3734.88	3732.58	3732.50	3729.26	3722.84	3707.92	3727.14	3723.46	3731.08	3731.90	3748.66	3701.44	

*******************************************2025/07/26;10:39:55
Probe number 163
Concentration entered by User 2.10% (Compensated: 2.87% at temperature 30.2)
1290.14	1306.60	1317.98	1330.90	1346.86	1361.72	1377.80	1393.96	1413.38	1432.76	1456.88	1480.38	1506.82	1534.92	1555.44	1576.18	
1598.98	1637.98	1671.46	1721.08	1760.44	1797.98	1832.10	1871.76	1913.82	1952.32	2001.22	2066.52	2139.08	2215.44	2327.32	2478.32	
2668.94	2977.40	3283.74	3497.84	3633.42	3668.68	3674.98	3680.62	3682.74	3692.62	3698.82	3700.32	3687.94	3684.28	3690.72	3690.02	
3688.60	3719.46	3708.36	3710.64	3712.74	3716.04	3719.18	3715.52	3718.32	3722.08	3717.88	3717.42	3720.92	3715.72	3712.48	3724.12	
3727.68	3729.14	3727.28	3727.80	3718.26	3720.14	3716.60	3710.58	3721.64	3712.92	3725.06	3719.98	3726.80	3727.04	3726.06	3730.46	
3731.54	3735.06	3733.30	3728.64	3736.90	3738.00	3732.44	3739.76	3731.60	3741.28	3737.70	3736.66	3744.18	3743.56	3744.14	3749.18	
3747.64	3621.24	3696.44	3736.06	3736.22	3738.20	3740.50	3746.00	3741.66	3733.98	3741.48	3739.84	3742.98	3745.02	3739.36	3737.26	
3737.34	3725.64	3715.70	3716.52	3733.82	3731.30	3731.28	3728.50	3721.40	3706.78	3725.56	3721.92	3729.66	3730.32	3747.48	3699.98	

*******************************************2025/07/26;10:44:55
Probe number 164
Concentration entered by User 2.04% (Compensated: 2.80% at temperature 30.2)
1291.36	1308.74	1320.44	1333.48	1349.70	1363.72	1380.52	1396.90	1416.58	1435.14	1460.16	1485.34	1511.18	1540.22	1560.74	1581.00	
1602.74	1643.38	1678.46	1725.42	1763.98	1799.46	1835.14	1877.10	1916.36	1959.70	2012.80	2067.12	2142.82	2227.58	2343.30	2481.00	
2681.40	2989.72	3301.06	3516.42	3645.78	3679.56	3685.92	3691.48	3693.64	3703.20	3708.92	3710.60	3697.56	3694.96	3700.86	3700.36	
3699.20	3728.44	3717.94	3720.12	3721.96	3725.02	3727.90	3724.84	3727.38	3730.76	3726.60	3726.68	3730.02	3724.94	3722.34	3732.94	
3735.98	3737.64	3736.12	3736.62	3727.46	3728.72	3725.78	3719.82	3730.72	3722.38	3733.54	3729.02	3735.58	3735.80	3735.24	3739.02	
3739.72	3743.48	3741.54	3737.14	3745.42	3745.84	3741.08	3747.76	3740.04	3749.32	3745.66	3744.84	3751.88	3751.46	3752.02	3756.62	
3755.18	3633.94	3706.86	3744.36	3744.46	3746.36	3748.54	3753.64	3749.84	3742.50	3749.46	3748.22	3750.86	3752.70	3747.44	3745.40	
3745.38	3734.82	3725.22	3725.72	3742.38	3739.78	3740.10	3737.00	3730.42	3716.68	3734.82	3731.18	3738.20	3739.18	3755.10	3710.20	

*******************************************2025/07/26;10:49:55
Probe number 165
Concentration entered by User 2.07% (Compensated: 2.84% at temperature 30.2)
1290.76	1308.00	1319.94	1332.80	1348.78	1363.12	1380.02	1396.22	1417.60	1435.56	1458.08	1482.42	1509.60	1539.42	1559.64	1580.82	
1602.82	1641.36	1675.10	1725.02	1762.08	1805.46	1836.04	1874.72	1914.28	1956.10	2009.22	2068.20	2139.30	2209.60	2337.02	2477.60	
2677.40	2983.70	3288.06	3509.68	3643.44	3675.40	3681.76	3686.72	3689.16	3698.96	3704.52	3706.70	3693.58	3690.22	3696.82	3696.30	
3695.02	3724.82	3714.36	3716.50	3718.38	3721.56	3724.32	3721.24	3723.92	3727.50	3722.90	3723.20	3726.34	3721.38	3718.06	3729.26	
3732.94	3734.12	3732.62	3733.10	3723.70	3725.66	3722.32	3716.08	3727.24	3718.60	3730.26	3725.20	3732.36	3732.56	3731.20	3735.62	
3736.58	3740.20	3738.22	3733.96	3742.20	3742.58	3737.46	3744.50	3736.36	3746.02	3742.48	3741.58	3749.04	3748.32	3749.08	3753.62	
3752.36	3628.58	3702.58	3741.24	3741.28	3743.10	3745.34	3750.88	3746.82	3739.14	3746.16	3744.54	3747.80	3749.44	3744.18	3742.12	
3742.10	3731.22	3721.50	3721.84	3738.82	3736.48	3736.44	3733.72	3726.88	3712.80	3731.12	3727.94	3734.94	3735.52	3752.34	3706.10	

*******************************************2025/07/26;10:54:55
Probe number 166
Concentration entered by User 2.07% (Compensated: 2.83% at temperature 30.2)
1289.72	1306.64	1318.66	1332.24	1349.02	1362.76	1379.62	1395.00	1416.18	1434.78	1457.76	1483.24	1509.76	1538.80	1559.38	1579.90	
1603.26	1641.50	1675.86	1727.64	1761.76	1801.66	1835.90	1876.60	1916.16	1956.78	2006.84	2067.64	2138.84	2216.84	2331.66	2475.66	
2681.48	2981.28	3293.38	3504.02	3641.04	3673.74	3681.32	3686.44	3688.60	3698.80	3704.18	3706.40	3693.80	3689.94	3696.14	3695.80	
3694.70	3724.16	3713.80	3715.98	3718.08	3721.08	3724.04	3720.62	3723.02	3726.90	3722.74	3722.58	3725.78	3721.14	3717.88	3728.64	
3732.48	3733.56	3732.26	3732.72	3723.42	3725.34	3721.42	3715.40	3727.00	3718.12	3729.62	3724.92	3731.78	3732.02	3731.00	3735.36	
3735.98	3739.62	3737.66	3733.36	3741.66	3742.36	3737.32	3744.26	3736.14	3745.80	3742.28	3741.08	3748.52	3748.14	3748.64	3753.46	
3751.86	3628.24	3702.42	3740.86	3741.14	3742.76	3745.00	3750.36	3746.26	3738.84	3745.90	3744.30	3747.32	3749.02	3743.66	3741.72	
3741.98	3730.76	3721.32	3721.42	3738.30	3735.98	3736.14	3733.40	3726.60	3712.52	3730.96	3727.48	3734.64	3735.70	3752.08	3706.12	

*******************************************2025/07/26;10:59:55
Probe number 167
Concentration entered by User 2.10% (Compensated: 2.86% at temperature 30.2)
1290.50	1307.68	1319.54	1332.70	1348.58	1362.50	1378.94	1394.44	1414.46	1433.26	1456.80	1482.42	1509.88	1538.58	1559.20	1579.26	
1601.26	1639.68	1675.38	1728.70	1765.10	1799.48	1833.42	1875.78	1916.42	1954.34	2005.18	2065.14	2136.62	2217.92	2330.70	2475.26	
2671.18	2973.96	3282.24	3502.46	3640.02	3671.90	3679.38	3684.22	3687.14	3696.48	3702.74	3704.24	3691.18	3687.98	3693.94	3693.84	
3693.14	3722.70	3711.68	3714.36	3716.08	3719.12	3722.18	3718.54	3721.48	3725.36	3720.90	3720.46	3724.18	3719.02	3715.88	3727.04	
3730.72	3732.32	3730.66	3730.90	3721.48	3723.12	3719.76	3713.52	3724.98	3716.38	3728.18	3723.34	3729.66	3730.40	3729.34	3733.72	
3734.56	3737.80	3735.74	3731.78	3740.02	3740.50	3735.74	3742.56	3734.40	3744.12	3740.26	3739.48	3747.24	3746.34	3747.06	3751.88	
3750.54	3625.84	3700.18	3738.98	3739.34	3741.16	3743.40	3748.62	3744.54	3737.16	3744.36	3742.68	3745.74	3747.86	3742.32	3739.94	
3740.48	3729.20	3719.14	3719.42	3736.70	3734.32	3734.34	3731.52	3724.90	3710.64	3729.10	3725.60	3732.96	3733.94	3750.42	3703.86	

*******************************************2025/07/26;11:04:55
Probe number 168
Concentration entered by User 2.08% (Compensated: 2.84% at temperature 30.2)
1290.28	1307.22	1318.48	1332.18	1348.12	1361.76	1379.54	1395.12	1414.72	1433.56	1457.34	1482.86	1510.14	1538.60	1558.34	1578.48	
1600.30	1639.96	1674.46	1728.44	1763.52	1801.40	1836.82	1878.68	1919.40	1958.54	2005.64	2065.74	2140.10	2220.18	2322.94	2484.32	
2673.20	2984.12	3287.12	3505.34	3638.28	3672.76	3679.28	3684.94	3687.16	3696.66	3702.22	3704.64	3691.14	3688.08	3694.46	3694.24	
3692.82	3722.68	3711.80	3714.12	3715.96	3718.96	3721.62	3718.60	3721.16	3725.16	3720.66	3720.88	3723.76	3718.88	3715.76	3726.68	
3730.60	3732.00	3730.60	3731.06	3721.38	3723.30	3719.72	3713.64	3724.88	3716.08	3727.86	3722.78	3729.90	3730.14	3729.06	3733.54	
3734.38	3737.94	3735.96	3731.44	3739.94	3740.36	3735.62	3742.32	3734.34	3743.96	3740.26	3739.38	3746.96	3746.24	3746.90	3751.68	
3750.30	3625.10	3700.04	3739.02	3739.16	3741.06	3743.56	3748.84	3744.58	3737.52	3744.56	3742.96	3745.76	3747.70	3741.82	3740.04	
3740.48	3728.94	3719.18	3719.44	3736.68	3734.46	3734.58	3731.36	3724.66	3710.14	3729.32	3725.26	3732.88	3733.46	3750.58	3703.44	

*******************************************2025/07/26;11:09:55
Probe number 169
Concentration entered by User 2.07% (Compensated: 2.84% at temperature 30.2)
1290.96	1308.12	1319.40	1332.46	1349.10	1363.74	1380.44	1396.04	1415.96	1434.42	1457.82	1483.92	1510.64	1538.20	1559.38	1579.68	
1601.62	1642.88	1678.76	1727.88	1763.98	1801.96	1839.56	1879.92	1920.06	1963.22	2005.94	2068.42	2140.74	2212.18	2328.48	2477.68	
2682.36	2990.78	3286.60	3503.82	3639.06	3674.92	3681.22	3686.76	3688.72	3698.66	3704.72	3706.86	3693.56	3689.98	3696.42	3696.30	
3695.06	3724.64	3714.20	3716.38	3718.08	3721.32	3723.98	3720.82	3723.32	3727.24	3722.88	3723.04	3726.24	3721.16	3717.62	3728.94	
3732.48	3733.96	3732.80	3732.98	3723.56	3725.46	3721.78	3715.60	3726.82	3718.38	3729.92	3725.20	3731.78	3732.34	3731.46	3735.50	
3735.86	3739.56	3738.02	3733.48	3741.72	3742.44	3737.48	3744.18	3736.52	3745.72	3742.36	3741.58	3748.92	3748.20	3748.66	3753.20	
3752.28	3628.42	3702.66	3740.98	3741.14	3743.20	3745.10	3750.50	3746.30	3739.10	3746.38	3744.74	3747.56	3749.42	3743.66	3741.96	
3742.64	3730.98	3721.40	3721.72	3738.46	3736.38	3736.70	3733.12	3726.66	3712.56	3730.98	3727.84	3734.68	3735.56	3752.22	3706.08	

*******************************************2025/07/26;11:14:55
Probe number 170
Concentration entered by User 2.08% (Compensated: 2.85% at temperature 30.2)
1291.08	1308.06	1319.36	1332.48	1348.52	1363.46	1380.04	1396.12	1416.60	1435.24	1458.44	1483.34	1509.48	1537.96	1557.98	1578.24	
1601.88	1641.26	1675.34	1725.66	1763.20	1800.98	1839.28	1876.72	1920.24	1964.44	2008.20	2071.44	2143.04	2213.62	2329.10	2482.52	
2674.18	2981.22	3284.16	3507.34	3639.28	3674.88	3681.20	3686.30	3688.96	3698.92	3704.80	3706.66	3693.88	3690.32	3696.82	3696.32	
3694.78	3724.84	3714.04	3716.42	3718.60	3721.34	3724.00	3720.54	3723.40	3727.24	3722.88	3722.86	3725.78	3721.04	3717.90	3728.86	
3732.64	3733.98	3732.62	3732.74	3723.80	3725.38	3721.92	3715.62	3726.96	3718.26	3730.14	3725.30	3731.92	3732.20	3731.16	3735.66	
3736.00	3739.66	3737.52	3733.54	3741.70	3742.38	3737.68	3744.30	3736.62	3745.90	3742.04	3741.26	3748.80	3748.08	3748.62	3753.54	
3752.40	3628.52	3702.34	3741.10	3741.52	3743.00	3745.18	3750.58	3746.46	3738.90	3746.30	3744.94	3747.58	3749.46	3744.18	3742.12	
3741.98	3731.06	3721.70	3721.72	3738.44	3736.32	3736.40	3733.70	3726.50	3712.62	3731.08	3727.32	3734.90	3735.70	3752.34	3706.36	

*******************************************2025/07/26;11:19:55
Probe number 171
Concentration entered by User 2.07% (Compensated: 2.83% at temperature 30.2)
1289.84	1307.02	1318.86	1332.76	1348.54	1362.26	1379.34	1394.70	1415.24	1433.86	1457.46	1482.14	1508.28	1536.04	1556.76	1577.44	
1599.78	1641.54	1676.24	1726.42	1762.24	1801.38	1837.54	1875.42	1917.40	1956.42	2003.88	2069.90	2141.46	2209.60	2321.40	2481.70	
2670.78	2979.84	3292.88	3511.40	3637.64	3671.52	3678.02	3684.28	3686.44	3696.72	3701.96	3703.94	3690.68	3687.82	3693.94	3693.46	
3692.44	3722.20	3711.76	3713.78	3715.94	3718.48	3721.28	3718.02	3720.88	3724.24	3719.82	3720.14	3723.50	3718.62	3715.20	3726.48	
3730.02	3731.54	3730.38	3730.26	3720.80	3722.70	3719.08	3713.28	3724.84	3715.96	3727.60	3722.82	3729.54	3730.06	3728.92	3733.42	
3733.88	3737.64	3735.56	3730.94	3739.76	3740.36	3735.22	3742.28	3734.12	3743.78	3739.82	3739.42	3746.78	3746.10	3746.86	3751.56	
3750.06	3625.64	3699.76	3738.90	3739.14	3740.94	3743.16	3748.48	3744.30	3736.98	3744.00	3742.58	3745.76	3747.28	3741.80	3740.00	
3740.06	3729.00	3719.40	3719.12	3736.46	3734.20	3734.06	3731.38	3724.36	3710.20	3728.74	3725.20	3732.62	3733.10	3750.22	3703.46	

*******************************************2025/07/26;11:24:55
Probe number 172
Concentration entered by User 2.03% (Compensated: 2.79% at temperature 30.2)
1292.52	1309.72	1321.72	1334.66	1351.24	1365.38	1381.82	1398.40	1418.10	1436.80	1460.66	1485.16	1512.26	1540.44	1561.16	1579.88	
1602.64	1643.34	1680.60	1731.00	1767.98	1807.64	1841.40	1883.14	1920.58	1965.82	2011.76	2075.62	2145.86	2214.94	2331.10	2492.00	
2683.92	2995.96	3301.60	3515.80	3645.36	3680.26	3688.50	3693.14	3696.02	3705.58	3711.04	3712.98	3700.06	3697.14	3702.86	3702.58	
3701.40	3730.02	3720.08	3722.20	3723.48	3726.60	3729.36	3726.20	3728.56	3732.68	3728.22	3728.06	3731.10	3726.34	3723.30	3733.98	
3737.60	3738.86	3737.66	3737.88	3728.76	3730.48	3727.42	3721.76	3732.32	3723.82	3735.22	3730.50	3737.38	3737.30	3736.56	3740.66	
3741.32	3744.96	3742.60	3738.64	3746.72	3747.12	3742.34	3749.08	3741.52	3750.80	3746.86	3746.36	3753.28	3752.66	3753.46	3757.84	
3756.62	3636.60	3708.88	3745.88	3746.04	3747.94	3750.02	3754.92	3751.32	3744.38	3751.26	3749.64	3752.18	3754.10	3748.86	3747.06	
3747.00	3736.18	3727.16	3727.24	3743.70	3741.46	3741.44	3738.70	3732.30	3718.88	3736.48	3733.18	3739.98	3741.02	3756.64	3712.02	

*******************************************2025/07/26;11:29:55
Probe number 173
Concentration entered by User 2.05% (Compensated: 2.81% at temperature 30.2)
1290.56	1308.22	1319.66	1332.96	1349.54	1363.88	1380.86	1396.88	1416.98	1435.56	1458.40	1483.98	1510.60	1539.80	1559.94	1580.34	
1603.02	1643.50	1677.80	1726.44	1767.66	1805.52	1842.12	1881.94	1920.32	1958.60	2001.58	2071.98	2144.66	2216.50	2337.08	2484.18	
2681.74	2990.92	3295.14	3512.34	3644.42	3678.88	3685.98	3691.68	3693.36	3702.90	3708.52	3709.98	3697.82	3694.34	3700.96	3700.42	
3699.22	3727.94	3717.44	3719.56	3721.42	3724.52	3727.48	3724.04	3726.36	3730.32	3726.12	3725.90	3729.16	3724.16	3721.04	3732.24	
3735.74	3736.88	3735.62	3735.92	3726.70	3728.76	3725.26	3719.42	3730.04	3721.70	3733.30	3728.52	3735.12	3735.32	3734.64	3738.54	
3739.34	3742.72	3740.50	3736.60	3744.94	3745.34	3740.74	3747.32	3739.42	3748.66	3745.18	3744.36	3751.54	3751.26	3751.84	3756.16	
3754.80	3633.18	3706.04	3744.10	3744.34	3745.92	3748.22	3753.48	3749.50	3742.20	3749.06	3747.84	3750.60	3752.26	3747.00	3745.02	
3745.20	3734.28	3725.08	3725.26	3741.82	3739.82	3739.36	3736.84	3730.14	3716.60	3734.66	3731.22	3738.08	3738.80	3754.94	3710.08	

*******************************************2025/07/26;11:34:55
Probe number 174
Concentration entered by User 2.06% (Compensated: 2.82% at temperature 30.2)
1290.58	1307.90	1319.58	1332.34	1348.58	1363.22	1379.60	1394.82	1414.96	1433.90	1457.94	1483.12	1508.96	1537.16	1558.62	1578.90	
1602.36	1639.88	1673.62	1726.08	1763.56	1800.38	1834.62	1877.18	1918.46	1957.74	2002.52	2066.22	2136.82	2213.30	2327.74	2476.10	
2674.20	2984.58	3294.62	3508.98	3638.66	3673.42	3680.10	3685.22	3686.92	3696.76	3702.82	3704.16	3691.22	3687.98	3693.90	3693.48	
3692.54	3722.30	3711.62	3713.60	3715.62	3718.70	3721.70	3718.34	3720.86	3724.92	3720.56	3720.34	3723.68	3718.76	3715.48	3726.44	
3730.18	3731.56	3730.16	3730.80	3721.32	3723.26	3719.70	3713.56	3724.40	3716.10	3728.28	3722.92	3729.94	3730.18	3729.28	3733.50	
3734.40	3737.72	3735.62	3731.12	3739.90	3740.40	3735.50	3742.26	3734.18	3743.90	3740.06	3739.30	3746.90	3746.32	3746.92	3751.76	
3750.54	3625.88	3700.30	3739.08	3739.30	3741.26	3743.50	3748.78	3744.36	3737.34	3744.48	3742.74	3745.66	3747.82	3742.06	3740.16	
3740.32	3729.12	3719.44	3719.52	3736.50	3734.38	3734.38	3731.30	3724.64	3710.66	3729.16	3725.42	3732.74	3733.64	3750.32	3704.04	

*******************************************2025/07/26;11:39:55
Probe number 175
Concentration entered by User 2.01% (Compensated: 2.77% at temperature 30.2)
1291.62	1309.38	1321.16	1333.80	1350.46	1364.34	1380.64	1397.60	1417.54	1436.84	1460.58	1484.14	1511.64	1541.30	1562.16	1582.30	
1606.00	1645.42	1679.36	1730.52	1769.62	1805.54	1842.74	1883.84	1921.64	1962.22	2013.28	2072.28	2145.46	2218.64	2339.42	2486.96	
2686.18	3002.94	3308.16	3518.72	3646.54	3681.46	3688.28	3692.96	3695.10	3704.90	3710.66	3712.42	3699.54	3696.26	3702.62	3701.46	
3700.70	3729.78	3719.44	3721.78	3723.36	3726.20	3728.88	3725.54	3728.30	3731.64	3727.62	3727.86	3731.24	3726.16	3723.08	3733.88	
3737.12	3738.56	3737.18	3737.64	3728.84	3730.68	3726.74	3721.18	3731.78	3723.42	3734.84	3729.96	3736.58	3737.34	3736.10	3740.06	
3740.96	3744.34	3742.40	3738.16	3746.28	3746.98	3742.06	3748.50	3741.02	3750.42	3746.78	3745.80	3753.14	3752.56	3753.00	3757.56	
3756.66	3636.18	3708.44	3745.80	3745.96	3747.54	3749.88	3755.00	3751.04	3743.82	3750.78	3749.26	3751.96	3753.92	3748.72	3746.56	
3746.68	3736.06	3727.00	3727.02	3743.56	3741.08	3741.44	3738.30	3731.70	3718.24	3736.04	3732.62	3739.66	3740.60	3756.52	3711.74	

*******************************************2025/07/26;11:44:55
Probe number 176
Concentration entered by User 2.08% (Compensated: 2.83% at temperature 30.2)
1290.06	1307.16	1318.72	1331.66	1348.18	1362.72	1380.18	1395.76	1415.78	1434.60	1458.88	1482.82	1509.16	1537.42	1557.44	1579.66	
1603.28	1639.80	1674.30	1726.48	1763.98	1800.56	1838.40	1877.58	1917.70	1953.30	2005.52	2067.36	2142.70	2211.72	2331.26	2483.00	
2674.60	2982.56	3288.90	3508.24	3638.02	3672.06	3679.66	3684.76	3686.88	3697.34	3703.02	3704.74	3691.70	3688.12	3694.10	3693.68	
3692.34	3722.70	3711.58	3713.84	3715.88	3718.52	3721.70	3718.12	3720.66	3724.60	3720.48	3720.44	3723.52	3718.52	3715.14	3726.30	
3730.36	3731.72	3730.30	3730.44	3721.04	3722.98	3719.80	3713.58	3724.66	3716.30	3727.78	3722.64	3729.62	3730.28	3728.98	3733.40	
3734.14	3737.38	3735.70	3731.28	3739.72	3740.34	3735.32	3742.42	3734.16	3743.70	3739.90	3739.12	3746.66	3746.32	3746.66	3751.60	
3750.32	3625.56	3700.00	3739.18	3738.96	3741.44	3743.14	3748.82	3744.72	3737.38	3744.32	3742.72	3745.78	3747.44	3742.24	3740.00	
3740.28	3728.86	3719.04	3719.78	3736.68	3734.48	3734.48	3731.24	3724.46	3710.44	3729.26	3725.56	3732.80	3733.76	3750.54	3703.78	

*******************************************2025/07/26;11:49:55
Probe number 177
Concentration entered by User 2.08% (Compensated: 2.84% at temperature 30.2)
1289.70	1306.68	1318.22	1332.18	1347.74	1362.16	1379.48	1394.94	1415.40	1433.70	1456.92	1481.32	1508.08	1536.54	1556.62	1578.18	
1602.30	1640.36	1674.82	1726.30	1760.50	1797.58	1835.68	1876.52	1917.20	1954.42	2007.56	2070.28	2130.34	2209.92	2324.26	2482.30	
2677.48	2987.54	3290.56	3500.84	3633.46	3670.80	3677.78	3682.54	3685.52	3695.40	3700.96	3702.30	3688.94	3685.92	3691.80	3691.22	
3690.00	3720.32	3710.10	3711.84	3713.96	3717.02	3719.80	3716.10	3718.72	3722.94	3718.46	3718.52	3721.90	3716.90	3713.36	3724.72	
3728.22	3730.02	3729.00	3728.92	3719.26	3721.08	3717.96	3711.48	3722.88	3714.14	3726.10	3721.26	3727.92	3728.26	3727.24	3731.84	
3732.46	3736.08	3734.24	3729.58	3738.10	3738.76	3733.76	3740.90	3732.60	3742.56	3738.58	3737.94	3745.54	3744.64	3745.30	3750.16	
3749.14	3623.42	3698.22	3737.84	3737.72	3739.48	3741.80	3747.50	3743.28	3735.44	3742.92	3741.24	3744.08	3746.40	3740.46	3738.42	
3738.64	3727.58	3717.48	3717.96	3735.00	3732.74	3732.80	3729.86	3722.90	3708.88	3727.30	3723.92	3731.14	3731.92	3749.12	3701.80	

*******************************************2025/07/26;11:54:55
Probe number 178
Concentration entered by User 2.08% (Compensated: 2.84% at temperature 30.2)
1289.90	1307.32	1318.96	1332.90	1349.56	1362.96	1380.56	1395.56	1415.02	1433.52	1457.10	1482.86	1509.24	1537.88	1557.60	1578.70	
1602.28	1642.38	1675.74	1726.80	1762.10	1798.50	1839.42	1881.00	1922.70	1961.86	2007.54	2061.94	2137.72	2212.96	2329.14	2480.32	
2671.50	2978.86	3290.94	3506.96	3637.68	3673.26	3679.58	3685.28	3687.08	3696.82	3702.36	3704.32	3691.54	3688.06	3693.80	3694.02	
3692.04	3722.46	3711.78	3713.80	3715.38	3718.62	3721.50	3718.06	3720.54	3724.52	3720.34	3720.18	3723.38	3718.48	3715.06	3726.12	
3730.08	3731.38	3730.42	3730.46	3721.04	3722.64	3719.38	3712.92	3724.52	3716.14	3727.70	3722.92	3729.56	3730.14	3728.94	3733.40	
3733.84	3737.38	3735.38	3731.16	3739.48	3740.32	3735.14	3741.98	3733.86	3743.62	3740.16	3739.00	3746.66	3746.10	3746.82	3751.52	
3750.38	3625.56	3700.06	3739.06	3739.22	3741.08	3743.26	3748.64	3744.60	3736.78	3744.14	3742.38	3745.72	3747.50	3742.22	3740.24	
3740.06	3728.74	3719.18	3719.40	3736.66	3734.34	3734.10	3731.42	3724.18	3710.16	3728.92	3725.56	3732.86	3733.70	3750.54	3703.72	

*******************************************2025/07/26;11:59:55
Probe number 179
Concentration entered by User 2.08% (Compensated: 2.83% at temperature 30.1)
1290.16	1307.72	1318.08	1330.84	1347.22	1361.50	1379.38	1396.00	1416.18	1433.48	1456.96	1482.22	1509.54	1537.96	1557.42	1577.40	
1600.12	1637.82	1672.80	1725.04	1763.36	1799.12	1832.02	1875.80	1923.22	1959.02	2002.86	2061.04	2139.40	2215.88	2318.06	2479.08	
2672.22	2975.54	3294.04	3507.28	3634.36	3671.72	3677.92	3682.30	3684.54	3694.62	3700.34	3701.82	3688.52	3685.82	3691.84	3691.18	
3689.80	3720.18	3709.82	3711.44	3713.92	3716.30	3719.40	3716.36	3718.50	3722.60	3718.26	3718.16	3721.74	3716.40	3713.14	3724.30	
3728.46	3729.64	3728.20	3728.76	3719.28	3720.96	3717.64	3711.38	3722.62	3714.00	3726.08	3721.08	3727.76	3728.06	3727.08	3731.48	
3732.24	3735.68	3733.66	3729.44	3737.98	3738.62	3733.48	3740.52	3732.46	3742.22	3738.36	3737.52	3745.34	3744.78	3745.26	3749.96	
3748.70	3622.84	3697.94	3737.36	3737.40	3739.20	3741.62	3747.18	3743.18	3735.38	3742.66	3741.08	3744.08	3746.10	3740.56	3738.38	
3738.20	3727.14	3717.32	3717.50	3734.82	3732.34	3732.52	3729.64	3723.04	3708.74	3727.46	3723.86	3731.24	3732.14	3748.92	3701.48	

*******************************************2025/07/26;12:04:55
Probe number 180
Concentration entered by User 2.04% (Compensated: 2.80% at temperature 30.1)
1289.42	1306.54	1317.66	1331.36	1348.90	1363.70	1379.66	1395.22	1415.46	1433.94	1456.74	1481.40	1508.90	1537.68	1559.86	1579.90	
1602.84	1641.60	1676.66	1725.94	1763.70	1800.24	1841.02	1881.62	1919.94	1955.72	2008.34	2060.90	2142.84	2212.80	2328.74	2483.36	
2686.30	2991.68	3296.26	3516.32	3640.32	3675.12	3681.62	3687.16	3689.20	3698.92	3704.48	3705.72	3693.28	3689.70	3695.90	3695.08	
3694.34	3723.48	3713.42	3715.60	3717.16	3719.90	3722.74	3719.74	3722.32	3726.06	3721.70	3721.56	3724.88	3720.16	3716.62	3727.84	
3731.76	3732.88	3731.76	3731.98	3722.74	3724.44	3721.06	3715.00	3726.12	3717.38	3729.16	3724.30	3731.02	3731.24	3730.64	3734.80	
3735.58	3738.84	3736.98	3732.52	3741.26	3741.44	3737.02	3743.70	3735.66	3745.16	3741.48	3740.60	3748.04	3747.54	3748.24	3752.58	
3751.74	3627.74	3701.78	3740.36	3740.78	3742.40	3744.64	3750.02	3746.12	3738.80	3745.34	3744.00	3747.04	3749.12	3743.52	3741.54	
3741.42	3730.28	3720.86	3720.96	3738.06	3735.64	3735.62	3732.88	3726.34	3712.04	3730.74	3727.08	3734.44	3735.02	3751.58	3704.88	

*******************************************2025/07/26;12:09:55
Probe number 181
Concentration entered by User 2.03% (Compensated: 2.79% at temperature 30.2)
1291.14	1308.36	1319.86	1333.32	1348.98	1364.24	1381.16	1396.94	1416.58	1434.86	1458.24	1483.22	1510.00	1540.42	1561.10	1581.06	
1603.10	1642.38	1676.86	1727.98	1763.22	1800.96	1840.04	1879.90	1921.18	1961.12	2010.54	2067.80	2141.28	2216.10	2327.64	2481.36	
2679.58	2992.08	3304.24	3519.70	3643.32	3676.80	3684.88	3689.64	3691.34	3700.74	3706.48	3708.34	3695.32	3692.10	3698.32	3697.36	
3695.92	3725.76	3715.30	3717.20	3719.20	3722.28	3725.06	3721.52	3724.08	3727.74	3723.82	3723.44	3726.92	3722.08	3718.38	3729.86	
3733.16	3734.80	3733.62	3733.82	3724.54	3726.34	3723.10	3716.92	3727.64	3719.30	3731.26	3725.80	3732.72	3733.18	3732.46	3736.56	
3737.16	3740.74	3738.50	3734.38	3742.42	3743.20	3738.38	3745.08	3737.48	3746.56	3742.98	3742.30	3749.76	3749.20	3749.66	3754.34	
3753.38	3630.28	3704.08	3742.08	3742.66	3744.24	3746.24	3751.82	3747.68	3740.28	3747.28	3745.82	3749.00	3750.42	3745.08	3742.98	
3743.46	3732.30	3723.12	3723.28	3740.26	3737.64	3737.66	3734.58	3727.96	3714.10	3732.66	3728.86	3736.00	3737.04	3753.18	3707.40	

*******************************************2025/07/26;12:14:55
Probe number 182
Concentration entered by User 2.04% (Compensated: 2.80% at temperature 30.2)
1291.92	1309.14	1319.94	1332.66	1349.50	1364.46	1380.98	1396.70	1416.28	1435.16	1459.08	1484.32	1510.00	1539.40	1560.30	1580.88	
1602.48	1641.02	1677.22	1727.32	1764.26	1798.92	1837.70	1875.88	1919.26	1963.50	2005.16	2072.56	2142.92	2214.04	2324.66	2469.80	
2674.48	2994.42	3301.18	3514.44	3643.82	3675.32	3682.58	3688.54	3690.34	3699.52	3705.04	3706.56	3693.60	3689.92	3696.46	3695.60	
3694.32	3724.00	3713.54	3715.40	3717.32	3720.40	3723.52	3719.84	3722.32	3726.30	3721.96	3721.86	3725.22	3720.12	3716.90	3727.80	
3731.50	3732.78	3731.94	3732.18	3722.80	3724.92	3721.48	3715.10	3726.14	3718.10	3729.34	3724.20	3731.26	3731.50	3730.84	3734.86	
3735.22	3738.92	3737.10	3732.84	3741.30	3741.94	3737.00	3743.82	3735.46	3745.32	3741.46	3740.64	3748.40	3747.78	3748.32	3753.00	
3751.92	3628.28	3702.06	3740.98	3740.96	3742.74	3745.04	3750.30	3746.18	3738.60	3745.54	3744.06	3747.02	3749.16	3743.84	3741.80	
3741.92	3730.68	3720.96	3721.60	3738.26	3735.76	3735.80	3732.96	3726.40	3712.64	3730.80	3727.30	3734.74	3735.24	3752.02	3705.84	

*******************************************2025/07/26;12:19:55
Probe number 183
Concentration entered by User 2.07% (Compensated: 2.83% at temperature 30.2)
1289.00	1306.48	1318.50	1331.80	1348.52	1362.16	1378.88	1394.22	1414.64	1432.84	1456.34	1481.24	1506.86	1535.02	1556.24	1577.62	
1600.18	1638.60	1671.38	1725.64	1761.12	1797.58	1837.84	1874.00	1912.70	1955.38	2001.68	2062.78	2138.02	2205.04	2324.16	2479.32	
2672.28	2992.80	3289.66	3508.34	3636.60	3669.78	3676.18	3681.16	3683.32	3693.62	3699.06	3700.82	3687.88	3683.88	3689.90	3689.26	
3688.08	3718.56	3707.78	3709.88	3711.58	3715.12	3717.78	3714.36	3716.78	3720.50	3716.56	3715.96	3719.66	3714.24	3711.00	3722.32	
3726.20	3727.58	3726.52	3726.74	3717.20	3718.76	3715.26	3709.40	3720.58	3711.60	3724.00	3718.96	3725.74	3726.30	3725.28	3729.46	
3730.72	3733.84	3732.00	3727.44	3735.96	3736.56	3731.60	3738.50	3730.26	3740.30	3736.42	3735.74	3743.64	3742.74	3743.42	3748.48	
3747.30	3620.30	3695.96	3735.68	3735.70	3737.60	3739.90	3745.48	3741.18	3733.58	3740.92	3739.08	3742.42	3744.72	3739.00	3736.90	
3736.82	3725.18	3715.38	3715.68	3733.08	3730.86	3730.66	3727.68	3721.18	3706.22	3725.22	3721.76	3729.56	3729.70	3747.24	3699.56	

*******************************************2025/07/26;12:24:55
Probe number 184
Concentration entered by User 2.07% (Compensated: 2.83% at temperature 30.1)
1289.82	1306.90	1319.32	1332.02	1348.12	1363.18	1379.64	1395.96	1416.48	1434.80	1457.00	1483.26	1509.56	1537.40	1557.40	1578.68	
1602.14	1642.46	1675.90	1728.12	1763.96	1800.56	1833.54	1875.68	1921.02	1960.22	2002.70	2059.40	2139.94	2215.36	2324.54	2474.62	
2663.00	2978.74	3295.38	3510.44	3642.12	3672.98	3680.38	3685.44	3687.22	3697.28	3702.28	3704.22	3691.30	3687.46	3693.90	3692.82	
3691.40	3721.92	3711.30	3713.30	3715.02	3717.96	3721.10	3717.74	3720.00	3724.06	3719.18	3719.12	3722.76	3717.70	3714.80	3725.46	
3729.46	3730.94	3729.76	3730.04	3720.58	3722.16	3718.60	3712.68	3723.94	3715.34	3727.24	3722.48	3728.90	3729.64	3728.52	3732.88	
3733.42	3736.92	3734.76	3730.42	3738.94	3739.70	3734.62	3741.80	3733.14	3743.42	3739.30	3738.58	3746.30	3745.68	3746.34	3751.14	
3750.06	3624.48	3699.76	3738.58	3738.56	3740.50	3742.66	3748.22	3744.32	3736.60	3743.58	3742.08	3745.16	3747.40	3741.80	3739.66	
3739.74	3728.56	3718.72	3719.18	3736.30	3733.86	3734.26	3730.86	3724.14	3709.86	3728.40	3725.18	3732.36	3733.04	3749.88	3703.28	

*******************************************2025/07/26;12:29:55
Probe number 185
Concentration entered by User 2.06% (Compensated: 2.82% at temperature 30.1)
1289.08	1306.44	1318.60	1332.34	1348.30	1362.74	1379.40	1394.60	1415.46	1432.76	1456.92	1482.86	1507.42	1535.14	1557.62	1577.92	
1600.36	1640.12	1675.40	1724.62	1761.42	1798.76	1834.98	1874.08	1918.66	1955.12	2005.96	2063.04	2135.96	2211.96	2326.06	2468.92	
2677.42	2981.66	3296.96	3511.90	3640.62	3672.44	3680.30	3685.10	3686.56	3696.66	3702.14	3704.00	3691.04	3687.40	3693.98	3692.80	
3691.86	3721.52	3711.02	3712.94	3714.80	3717.86	3721.00	3717.86	3720.02	3723.54	3719.36	3719.30	3722.56	3717.90	3714.18	3725.44	
3729.14	3730.72	3729.44	3729.44	3720.16	3722.10	3718.26	3712.00	3723.64	3714.96	3726.88	3722.00	3728.62	3729.14	3728.48	3732.80	
3732.90	3736.58	3734.28	3730.12	3739.00	3739.40	3734.46	3741.16	3733.16	3743.10	3739.32	3738.30	3746.14	3745.66	3746.20	3750.82	
3749.80	3624.62	3699.42	3738.10	3738.70	3740.56	3742.50	3748.22	3743.76	3736.32	3743.64	3742.00	3744.78	3746.98	3741.58	3739.44	
3739.70	3728.32	3718.76	3718.98	3736.04	3733.56	3733.40	3730.62	3723.92	3709.56	3728.48	3724.78	3732.20	3733.06	3749.90	3702.88	

*******************************************2025/07/26;12:34:55
Probe number 186
Concentration entered by User 2.04% (Compensated: 2.80% at temperature 30.2)
1290.78	1308.26	1319.74	1333.36	1349.28	1364.28	1381.00	1395.76	1415.94	1435.38	1457.80	1482.58	1509.60	1538.08	1559.12	1580.18	
1604.24	1642.38	1678.78	1726.14	1762.04	1798.92	1835.54	1873.02	1916.74	1958.58	2011.14	2062.92	2139.96	2210.62	2329.04	2478.56	
2681.04	2992.16	3296.42	3515.06	3645.68	3674.94	3682.12	3687.86	3689.82	3699.30	3705.36	3707.10	3693.68	3690.22	3696.32	3695.72	
3694.24	3723.82	3713.44	3715.54	3717.14	3719.96	3723.00	3719.54	3721.94	3725.84	3721.64	3721.34	3724.78	3719.94	3716.48	3727.50	
3731.06	3732.62	3731.72	3731.80	3722.56	3724.50	3720.62	3714.88	3725.90	3717.42	3729.30	3724.22	3731.10	3731.38	3730.48	3734.56	
3735.22	3738.78	3736.50	3732.30	3741.12	3741.54	3736.74	3743.32	3735.34	3745.10	3741.50	3740.40	3748.10	3747.32	3748.06	3752.94	
3751.92	3628.00	3701.88	3740.28	3740.50	3742.38	3744.80	3750.02	3745.88	3738.34	3745.32	3744.00	3747.08	3749.04	3743.40	3741.44	
3741.60	3730.24	3720.94	3721.04	3738.04	3735.66	3735.62	3732.84	3726.12	3711.94	3730.80	3727.08	3733.96	3735.24	3751.78	3705.72	

*******************************************2025/07/26;12:39:55
Probe number 187
Concentration entered by User 2.03% (Compensated: 2.79% at temperature 30.2)
1290.00	1308.06	1319.92	1332.88	1349.58	1364.00	1380.96	1396.64	1417.04	1435.52	1458.14	1482.18	1508.82	1537.86	1558.76	1579.94	
1602.76	1643.72	1679.36	1727.42	1765.72	1803.78	1836.74	1874.18	1919.54	1964.04	2012.04	2069.14	2144.14	2215.14	2332.04	2484.30	
2680.64	2988.92	3304.88	3520.30	3646.58	3678.26	3684.48	3690.34	3691.70	3700.68	3706.68	3708.24	3695.30	3691.90	3698.18	3697.22	
3695.72	3725.54	3714.78	3717.32	3718.68	3721.46	3724.54	3720.86	3723.32	3727.20	3723.06	3723.16	3726.06	3721.26	3717.52	3728.92	
3732.86	3734.00	3733.06	3732.92	3723.82	3725.40	3722.24	3716.02	3727.14	3718.86	3730.50	3725.54	3732.12	3732.52	3731.84	3735.92	
3736.60	3739.86	3737.98	3733.82	3741.98	3742.88	3738.10	3744.58	3736.58	3746.30	3742.62	3741.60	3748.96	3748.68	3749.14	3753.70	
3752.86	3629.64	3702.98	3741.64	3741.56	3743.76	3745.76	3751.10	3747.08	3739.72	3746.60	3745.22	3748.20	3750.12	3744.64	3742.88	
3742.76	3731.34	3722.52	3722.60	3739.34	3736.98	3737.06	3734.02	3727.60	3713.56	3731.96	3728.36	3735.58	3736.48	3752.74	3706.94	

*******************************************2025/07/26;12:44:55
Probe number 188
Concentration entered by User 2.04% (Compensated: 2.80% at temperature 30.1)
1290.42	1307.72	1320.04	1333.34	1349.10	1363.76	1380.70	1396.20	1417.28	1435.38	1459.58	1484.44	1510.12	1538.20	1558.74	1579.96	
1603.06	1641.72	1676.98	1726.80	1761.48	1801.38	1838.52	1874.90	1917.34	1958.58	2009.70	2066.58	2140.12	2209.88	2333.24	2478.34	
2675.78	2991.00	3302.02	3515.48	3643.76	3676.10	3682.40	3687.92	3689.74	3699.68	3704.72	3706.56	3693.50	3690.10	3696.20	3695.48	
3693.88	3723.70	3713.08	3715.30	3717.02	3719.94	3723.02	3719.30	3721.86	3725.84	3721.36	3721.26	3724.68	3719.88	3716.28	3727.48	
3731.48	3732.54	3731.68	3731.80	3722.28	3724.18	3720.70	3714.74	3725.80	3717.12	3728.90	3723.70	3730.78	3731.06	3730.22	3734.44	
3735.08	3738.58	3736.32	3732.28	3740.64	3740.96	3736.36	3743.26	3735.02	3744.82	3740.92	3740.24	3747.90	3747.36	3748.10	3752.64	
3751.52	3627.44	3701.76	3740.46	3740.36	3742.20	3744.46	3749.96	3745.66	3738.28	3745.36	3743.82	3746.88	3749.22	3743.40	3741.48	
3741.56	3730.26	3720.68	3721.20	3737.84	3736.06	3735.60	3732.48	3726.04	3712.02	3730.40	3726.86	3734.16	3734.88	3751.66	3705.32	

*******************************************2025/07/26;12:49:55
Probe number 189
Concentration entered by User 2.04% (Compensated: 2.80% at temperature 30.1)
1291.32	1309.08	1320.28	1332.46	1348.82	1363.32	1381.30	1396.56	1417.06	1435.74	1459.10	1483.88	1510.70	1539.04	1560.08	1580.82	
1604.06	1641.10	1677.54	1729.06	1764.90	1801.52	1840.46	1879.20	1918.48	1962.38	2010.28	2065.28	2138.46	2216.46	2335.12	2483.80	
2686.98	2999.48	3300.08	3507.70	3642.64	3675.24	3682.04	3687.68	3689.42	3698.72	3704.46	3706.58	3693.50	3689.96	3695.62	3695.48	
3694.22	3723.66	3713.02	3715.22	3717.26	3719.86	3722.88	3719.28	3722.06	3725.56	3721.70	3721.58	3724.90	3719.62	3716.20	3727.38	
3731.14	3732.90	3731.80	3731.58	3722.08	3724.20	3720.96	3714.68	3725.64	3717.28	3728.62	3723.88	3730.70	3731.10	3730.44	3734.58	
3734.74	3738.50	3736.54	3732.28	3740.84	3741.48	3736.22	3743.34	3735.32	3744.90	3741.06	3740.58	3747.88	3747.46	3747.94	3752.60	
3751.52	3627.80	3701.78	3740.22	3740.36	3742.10	3744.52	3749.92	3746.02	3738.50	3745.20	3743.80	3747.02	3749.22	3743.54	3741.20	
3741.50	3730.30	3720.64	3720.84	3738.08	3735.64	3735.66	3732.74	3726.30	3712.08	3730.52	3726.82	3734.28	3734.78	3751.66	3705.32	

*******************************************2025/07/26;12:54:55
Probe number 190
Concentration entered by User 2.08% (Compensated: 2.84% at temperature 30.2)
1289.14	1306.62	1318.40	1331.68	1347.70	1361.84	1379.10	1394.20	1414.60	1433.54	1456.80	1480.30	1507.28	1536.92	1557.16	1578.06	
1600.72	1640.58	1673.20	1724.24	1758.92	1797.84	1833.08	1871.84	1915.14	1955.96	2008.92	2065.04	2133.44	2205.86	2322.86	2473.56	
2671.22	2982.96	3291.62	3500.84	3633.90	3667.36	3674.98	3680.78	3682.54	3692.22	3697.72	3699.52	3686.42	3683.32	3689.38	3688.98	
3686.96	3717.62	3707.06	3708.76	3711.18	3714.06	3716.82	3713.06	3715.84	3719.40	3715.12	3715.36	3718.40	3713.42	3709.84	3721.24	
3725.50	3726.78	3725.44	3725.92	3716.08	3718.30	3714.64	3708.36	3719.60	3711.14	3722.90	3718.04	3724.94	3725.50	3724.40	3728.88	
3729.54	3732.82	3730.92	3726.40	3735.52	3735.90	3730.62	3738.14	3729.42	3739.52	3735.78	3735.04	3742.88	3742.28	3742.94	3747.86	
3746.44	3619.00	3694.66	3735.06	3734.70	3736.80	3739.08	3745.00	3740.32	3732.78	3740.24	3738.46	3741.90	3743.70	3738.04	3736.12	
3735.94	3724.52	3714.84	3714.74	3732.58	3730.10	3729.98	3726.86	3720.12	3705.32	3724.50	3721.00	3728.60	3729.40	3746.68	3698.70	

*******************************************2025/07/26;12:59:55
Probe number 191
Concentration entered by User 2.03% (Compensated: 2.79% at temperature 30.1)
1290.96	1308.18	1320.46	1334.20	1350.16	1364.36	1381.08	1396.50	1417.26	1436.28	1460.04	1484.26	1511.48	1540.04	1560.98	1581.28	
1604.34	1643.98	1679.70	1730.62	1764.74	1798.06	1834.94	1873.52	1918.82	1958.36	2011.86	2077.72	2147.20	2212.98	2337.62	2479.90	
2685.36	2995.12	3304.04	3516.58	3644.08	3676.30	3683.94	3688.86	3691.04	3700.96	3706.08	3707.60	3695.16	3691.38	3697.54	3697.20	
3695.52	3724.78	3714.54	3716.56	3718.28	3721.22	3723.82	3720.72	3722.80	3726.58	3722.60	3722.44	3725.66	3720.98	3717.50	3728.78	
3732.24	3733.78	3732.22	3733.12	3723.34	3725.24	3722.20	3716.22	3726.94	3718.26	3730.10	3725.06	3731.78	3732.32	3731.24	3735.62	
3736.04	3739.60	3737.54	3733.64	3741.94	3742.46	3737.42	3744.64	3736.46	3745.90	3742.18	3741.52	3748.88	3748.58	3749.04	3753.70	
3752.42	3629.48	3702.92	3741.52	3741.72	3743.64	3745.48	3750.90	3746.80	3739.66	3746.46	3745.10	3747.98	3750.06	3744.46	3742.68	
3742.62	3731.38	3721.86	3722.34	3739.20	3736.92	3736.94	3733.90	3727.12	3713.32	3731.56	3728.12	3735.30	3736.10	3752.54	3707.02	

*******************************************2025/07/26;13:04:55
Probe number 192
Concentration entered by User 2.05% (Compensated: 2.80% at temperature 30.2)
1290.08	1307.72	1319.78	1332.98	1349.20	1363.72	1380.76	1396.64	1416.66	1435.40	1459.94	1484.08	1510.18	1539.56	1560.28	1579.92	
1602.86	1642.62	1677.06	1727.46	1764.08	1796.50	1833.54	1872.34	1918.26	1960.40	2011.42	2074.78	2147.30	2214.38	2333.10	2480.38	
2688.66	3003.18	3292.34	3509.82	3642.04	3673.68	3681.36	3686.30	3689.02	3698.66	3703.84	3705.60	3692.46	3689.22	3695.08	3694.36	
3693.08	3722.82	3712.10	3714.06	3716.04	3718.90	3721.80	3718.44	3720.56	3724.80	3720.40	3720.46	3723.84	3718.68	3715.30	3726.62	
3730.58	3731.84	3730.68	3730.80	3721.48	3723.44	3720.08	3714.04	3725.10	3716.58	3727.98	3723.50	3729.90	3730.58	3729.80	3734.08	
3734.32	3737.86	3735.88	3731.70	3740.10	3740.90	3735.74	3742.94	3734.56	3744.24	3740.42	3739.48	3747.40	3747.00	3747.38	3752.16	
3751.12	3626.72	3700.58	3739.74	3739.82	3741.92	3744.00	3749.46	3745.20	3737.40	3744.90	3743.30	3746.26	3748.72	3742.96	3740.90	
3740.98	3729.76	3720.16	3720.40	3737.60	3735.04	3735.06	3732.16	3725.26	3711.14	3730.06	3726.48	3733.84	3734.62	3751.06	3704.74	

*******************************************2025/07/26;13:09:55
Probe number 193
Concentration entered by User 2.07% (Compensated: 2.83% at temperature 30.1)
1289.34	1306.38	1318.16	1331.02	1347.84	1362.56	1378.88	1394.22	1415.14	1433.78	1456.74	1481.72	1507.32	1536.60	1556.80	1577.38	
1599.72	1638.94	1675.04	1725.86	1760.04	1796.36	1830.48	1868.36	1915.46	1956.62	2006.30	2066.12	2133.30	2200.58	2318.42	2471.04	
2675.08	2988.34	3294.22	3503.74	3631.50	3667.00	3673.80	3678.70	3680.84	3690.68	3695.86	3697.66	3684.58	3680.84	3687.02	3686.58	
3684.30	3715.54	3704.76	3706.80	3708.88	3711.96	3715.02	3711.46	3713.74	3717.64	3713.68	3712.98	3716.90	3711.56	3707.86	3719.78	
3723.54	3725.28	3724.00	3724.08	3714.28	3716.08	3713.18	3706.46	3717.74	3708.94	3721.32	3715.92	3723.22	3723.60	3722.62	3727.10	
3727.70	3731.62	3729.46	3724.62	3733.38	3734.28	3729.48	3736.48	3728.18	3738.04	3733.94	3733.54	3741.20	3740.84	3741.22	3746.40	
3745.04	3616.56	3693.10	3733.44	3733.24	3735.12	3737.80	3743.44	3738.90	3731.22	3738.54	3737.10	3740.18	3742.22	3736.62	3734.62	
3734.48	3722.76	3712.52	3713.18	3730.70	3728.54	3728.54	3725.28	3718.16	3704.02	3723.00	3719.26	3727.12	3727.92	3745.28	3697.12	

*******************************************2025/07/26;13:14:55
Probe number 194
Concentration entered by User 2.03% (Compensated: 2.79% at temperature 30.1)
1290.92	1308.96	1320.54	1334.10	1350.90	1364.82	1381.62	1397.64	1417.40	1435.28	1459.62	1484.68	1511.22	1540.44	1560.12	1581.04	
1603.58	1643.76	1679.50	1730.96	1767.90	1802.74	1837.68	1877.00	1920.10	1962.28	2012.24	2072.82	2144.00	2211.12	2328.04	2469.92	
2670.72	2995.78	3305.90	3515.22	3644.44	3676.90	3683.40	3688.68	3690.88	3700.60	3705.52	3707.66	3694.70	3691.64	3697.32	3696.46	
3694.70	3724.70	3713.94	3715.76	3717.76	3720.80	3723.70	3720.58	3722.60	3726.20	3722.50	3722.16	3725.56	3720.74	3717.38	3728.20	
3731.94	3733.44	3732.18	3732.60	3723.14	3725.64	3721.82	3715.62	3726.62	3718.24	3730.00	3724.90	3731.88	3732.04	3731.34	3735.58	
3736.32	3739.54	3737.46	3733.32	3741.64	3742.38	3737.34	3744.20	3736.16	3745.88	3742.04	3741.32	3748.82	3748.42	3748.76	3753.52	
3752.46	3628.72	3702.72	3741.22	3741.54	3743.34	3745.54	3750.90	3746.90	3739.28	3746.32	3744.68	3748.14	3750.06	3744.54	3742.36	
3742.30	3731.40	3721.88	3722.08	3739.28	3736.66	3736.68	3733.66	3727.14	3713.36	3731.70	3728.16	3735.40	3736.06	3752.82	3706.88	

*******************************************2025/07/26;13:19:55
Probe number 195
Concentration entered by User 2.05% (Compensated: 2.81% at temperature 30.2)
1290.80	1308.24	1319.84	1334.30	1350.84	1365.14	1380.90	1397.72	1418.34	1437.16	1459.48	1484.12	1511.84	1538.90	1559.46	1580.76	
1603.60	1643.66	1677.76	1729.90	1767.14	1801.32	1838.96	1876.70	1918.34	1960.10	2008.38	2075.00	2143.20	2212.26	2327.14	2467.64	
2665.82	2984.16	3304.42	3512.26	3641.96	3675.56	3681.62	3686.88	3689.16	3698.28	3703.68	3705.38	3692.58	3689.56	3695.52	3695.02	
3692.32	3722.86	3712.08	3714.12	3716.08	3719.06	3721.92	3718.34	3720.78	3724.96	3720.42	3720.46	3723.72	3718.70	3715.38	3726.44	
3730.38	3731.76	3730.38	3730.68	3721.52	3723.42	3719.84	3713.54	3724.54	3716.48	3728.08	3723.00	3729.84	3730.40	3729.52	3733.58	
3734.28	3737.84	3735.70	3731.26	3740.00	3740.70	3735.56	3742.66	3734.62	3744.00	3740.40	3739.72	3747.56	3746.88	3747.20	3752.08	
3750.92	3626.24	3700.86	3739.56	3739.68	3741.76	3743.98	3749.42	3745.34	3737.66	3744.72	3743.04	3746.12	3748.60	3742.80	3740.82	
3740.78	3729.60	3719.98	3720.18	3737.30	3735.06	3734.82	3731.98	3725.48	3711.64	3729.78	3726.60	3733.86	3734.38	3751.20	3704.70	

*******************************************2025/07/26;13:24:55
Probe number 196
Concentration entered by User 2.05% (Compensated: 2.80% at temperature 30.1)
1290.86	1308.48	1320.42	1334.38	1350.34	1364.56	1382.14	1397.12	1417.60	1437.06	1459.52	1483.78	1511.42	1540.16	1559.94	1582.04	
1604.04	1643.08	1678.42	1730.90	1765.80	1799.60	1835.14	1878.86	1917.96	1958.16	2004.14	2067.66	2142.78	2210.36	2334.30	2470.88	
2675.24	2983.76	3301.06	3514.20	3645.06	3676.58	3683.74	3688.98	3690.46	3699.70	3704.82	3707.18	3694.58	3691.02	3697.40	3696.00	
3694.10	3724.10	3713.66	3715.76	3717.36	3720.34	3723.18	3719.88	3722.46	3725.92	3721.86	3721.58	3725.04	3720.10	3716.56	3727.80	
3731.58	3732.98	3731.92	3731.94	3722.94	3724.88	3721.28	3715.04	3726.32	3717.90	3729.36	3724.48	3731.32	3731.72	3730.86	3735.34	
3735.62	3738.94	3737.04	3732.90	3741.34	3741.84	3736.78	3743.84	3735.64	3745.38	3741.58	3740.80	3748.62	3748.12	3748.54	3752.96	
3751.94	3628.74	3702.54	3740.86	3741.12	3742.86	3744.98	3750.54	3746.42	3738.82	3746.14	3744.46	3747.48	3749.42	3744.00	3742.04	
3742.02	3730.84	3721.22	3721.80	3738.56	3736.48	3736.32	3733.42	3726.98	3712.76	3731.28	3727.82	3734.96	3735.46	3752.28	3706.20	

*******************************************2025/07/26;13:29:55
Probe number 197
Concentration entered by User 2.05% (Compensated: 2.81% at temperature 30.1)
1290.90	1308.04	1319.68	1332.94	1348.86	1363.80	1381.12	1396.72	1417.16	1435.72	1459.94	1483.70	1509.62	1538.00	1559.02	1580.90	
1601.90	1640.74	1678.80	1728.60	1765.64	1799.00	1834.62	1876.76	1919.44	1956.24	2006.94	2066.40	2136.78	2210.82	2330.58	2473.58	
2674.56	2997.56	3299.92	3505.04	3637.70	3674.52	3681.72	3685.80	3687.22	3697.24	3702.48	3704.54	3691.66	3688.28	3694.82	3693.92	
3691.84	3722.22	3711.38	3713.40	3715.56	3718.44	3721.18	3717.76	3720.26	3724.14	3719.78	3719.64	3723.04	3718.28	3714.20	3725.80	
3729.58	3730.96	3729.86	3730.18	3720.84	3722.60	3719.48	3713.20	3724.02	3715.58	3727.38	3722.40	3729.16	3729.68	3729.24	3733.08	
3733.92	3737.24	3735.18	3730.76	3739.50	3740.36	3735.18	3741.92	3733.88	3743.60	3739.46	3738.94	3746.78	3746.22	3746.82	3751.40	
3750.42	3625.68	3700.00	3739.06	3739.10	3741.16	3743.34	3748.84	3744.86	3736.84	3744.32	3742.22	3745.72	3747.86	3742.12	3740.06	
3740.26	3728.92	3719.28	3719.72	3736.68	3734.56	3734.28	3731.22	3724.78	3710.74	3729.30	3725.64	3732.98	3733.96	3750.60	3703.94	

*******************************************2025/07/26;13:34:55
Probe number 198
Concentration entered by User 2.04% (Compensated: 2.80% at temperature 30.2)
1292.06	1308.92	1321.12	1334.64	1350.88	1365.20	1382.14	1398.26	1418.34	1436.98	1460.56	1486.06	1513.02	1540.98	1560.42	1582.28	
1606.60	1643.54	1676.88	1726.70	1765.22	1802.26	1840.02	1879.00	1921.08	1959.44	2010.84	2075.16	2143.26	2214.14	2330.60	2484.46	
2677.42	2989.90	3300.30	3512.66	3644.30	3676.46	3683.54	3687.48	3689.32	3699.12	3704.50	3706.32	3693.94	3690.96	3696.86	3696.06	
3694.16	3723.44	3713.34	3715.66	3717.46	3720.30	3723.46	3719.82	3722.28	3726.12	3721.96	3721.32	3725.18	3719.92	3716.34	3727.54	
3731.30	3732.84	3731.84	3731.74	3722.62	3724.70	3720.96	3715.44	3726.14	3717.70	3729.18	3724.62	3730.82	3731.58	3730.38	3734.94	
3735.52	3738.92	3736.62	3732.40	3741.08	3741.88	3736.96	3743.98	3735.84	3745.36	3741.66	3740.82	3748.44	3748.18	3748.52	3753.16	
3751.98	3627.94	3702.40	3740.68	3740.94	3742.84	3745.24	3750.42	3746.36	3738.66	3745.96	3744.28	3747.54	3749.46	3743.98	3742.22	
3742.04	3730.78	3721.26	3721.84	3738.56	3736.04	3736.28	3733.36	3726.60	3713.06	3731.12	3727.42	3735.22	3735.38	3752.18	3706.48	

*******************************************2025/07/26;13:39:55
Probe number 199
Concentration entered by User 2.03% (Compensated: 2.79% at temperature 30.2)
1290.98	1307.84	1320.26	1333.96	1351.36	1365.44	1382.20	1397.70	1417.84	1436.68	1459.68	1484.64	1511.10	1540.14	1560.88	1583.04	
1604.52	1643.34	1681.00	1731.08	1764.90	1801.88	1839.56	1878.98	1921.80	1962.10	2015.24	2079.42	2141.70	2221.98	2322.80	2479.72	
2678.66	2997.80	3305.48	3511.82	3643.34	3677.78	3684.56	3688.80	3691.28	3700.80	3706.04	3708.20	3695.26	3692.08	3698.12	3696.98	
3695.58	3725.14	3714.40	3716.82	3719.04	3721.68	3724.46	3721.10	3723.54	3727.42	3723.14	3722.56	3726.04	3721.34	3717.44	3729.08	
3732.54	3734.10	3733.02	3733.02	3724.06	3725.64	3722.50	3716.64	3727.28	3718.82	3730.44	3725.54	3732.36	3733.02	3731.90	3736.28	
3736.70	3740.02	3737.92	3733.98	3742.30	3743.06	3738.14	3744.78	3736.88	3746.46	3742.68	3742.04	3749.34	3748.86	3749.24	3754.22	
3752.84	3630.22	3703.70	3741.94	3742.18	3744.06	3746.16	3751.40	3747.42	3739.88	3746.92	3745.68	3748.60	3750.62	3745.20	3743.22	
3742.76	3732.20	3722.44	3722.96	3740.00	3737.62	3737.32	3734.50	3728.04	3714.12	3732.48	3729.06	3736.06	3736.96	3753.40	3707.58	

*******************************************2025/07/26;13:44:55
Probe number 200
Concentration entered by User 2.05% (Compensated: 2.81% at temperature 30.2)
1290.96	1308.06	1320.56	1334.28	1350.24	1364.66	1381.42	1397.04	1417.54	1436.10	1458.00	1484.24	1510.46	1537.98	1559.46	1581.00	
1604.28	1643.34	1676.54	1726.88	1764.14	1798.58	1836.58	1875.50	1920.94	1956.10	2004.32	2066.30	2132.16	2211.24	2332.80	2480.64	
2678.20	2994.14	3301.14	3507.64	3637.86	3672.60	3678.60	3683.42	3685.56	3695.04	3700.52	3702.30	3689.14	3686.24	3692.36	3691.18	
3689.42	3719.76	3709.02	3710.82	3713.16	3716.28	3719.14	3715.36	3718.24	3721.78	3717.70	3717.28	3720.70	3715.78	3712.50	3723.96	
3727.28	3729.06	3727.78	3728.06	3718.50	3720.90	3717.28	3710.94	3722.24	3713.42	3725.54	3720.78	3727.24	3727.88	3726.96	3731.38	
3731.80	3735.38	3733.48	3729.28	3737.62	3738.32	3733.36	3740.38	3732.06	3742.12	3738.02	3737.22	3745.02	3744.60	3745.08	3750.06	
3748.76	3622.80	3697.54	3737.28	3737.40	3739.36	3741.48	3747.34	3742.98	3735.28	3742.80	3741.08	3743.90	3746.22	3740.52	3738.64	
3738.44	3727.02	3717.34	3717.52	3735.08	3732.70	3732.32	3729.56	3722.64	3708.56	3727.40	3723.70	3731.06	3731.90	3749.20	3701.84	

*******************************************2025/07/26;13:49:55
Probe number 201
Concentration entered by User 2.04% (Compensated: 2.80% at temperature 30.2)
1292.28	1309.40	1321.64	1334.90	1350.60	1364.94	1382.00	1399.16	1418.82	1436.20	1461.60	1485.20	1511.38	1539.86	1560.14	1582.08	
1605.04	1642.96	1676.94	1727.82	1766.36	1802.74	1838.24	1881.96	1920.00	1961.80	2013.46	2074.36	2143.86	2218.58	2337.56	2478.66	
2674.88	2982.34	3306.50	3515.16	3645.02	3676.42	3682.36	3687.66	3689.28	3698.74	3704.38	3706.40	3693.40	3690.42	3696.00	3695.36	
3693.74	3723.14	3712.74	3714.96	3717.14	3719.78	3722.68	3719.22	3721.82	3725.46	3721.10	3721.18	3724.58	3719.56	3716.20	3727.36	
3731.18	3732.70	3731.66	3731.54	3722.40	3724.38	3720.86	3714.80	3725.78	3717.34	3728.72	3724.32	3730.60	3730.74	3730.20	3734.42	
3734.84	3738.64	3736.36	3732.34	3741.06	3741.52	3736.32	3743.72	3734.96	3744.66	3740.92	3740.50	3748.12	3747.50	3748.06	3752.44	
3751.48	3627.32	3701.82	3740.50	3740.42	3742.52	3744.86	3750.22	3746.08	3738.42	3745.74	3744.12	3747.28	3749.14	3743.82	3741.64	
3741.40	3730.40	3720.92	3721.32	3737.96	3735.76	3735.80	3733.10	3726.32	3712.62	3730.80	3727.18	3734.38	3735.20	3752.08	3705.66	

*******************************************2025/07/26;13:54:55
Probe number 202
Concentration entered by User 2.02% (Compensated: 2.78% at temperature 30.2)
1292.04	1309.02	1320.64	1334.00	1350.74	1365.62	1382.44	1398.36	1418.34	1437.70	1460.74	1485.80	1511.28	1540.46	1560.86	1583.34	
1606.94	1643.92	1678.74	1729.70	1767.52	1799.92	1834.88	1878.72	1919.48	1961.88	2009.30	2074.32	2150.52	2222.70	2332.92	2486.06	
2685.24	3002.96	3305.32	3511.70	3643.42	3676.40	3683.36	3688.24	3689.18	3698.70	3704.48	3706.44	3693.30	3690.02	3696.16	3695.48	
3693.54	3723.02	3712.56	3714.46	3716.76	3719.46	3722.64	3719.20	3721.38	3725.42	3721.30	3721.04	3724.14	3719.48	3715.98	3727.06	
3731.10	3732.42	3731.34	3731.56	3721.78	3724.16	3720.72	3714.54	3725.34	3717.30	3728.70	3724.12	3730.50	3731.40	3729.96	3734.40	
3735.08	3738.54	3736.46	3732.18	3740.64	3741.56	3736.40	3743.70	3735.06	3744.66	3741.02	3740.30	3748.02	3747.56	3747.92	3752.74	
3751.52	3627.64	3701.70	3740.36	3740.52	3742.38	3744.74	3749.90	3745.86	3738.54	3745.22	3743.88	3746.70	3749.02	3743.80	3741.62	
3741.70	3730.20	3721.14	3721.36	3738.30	3735.92	3735.72	3732.74	3726.26	3712.40	3730.74	3727.32	3734.78	3735.26	3751.96	3705.82	

*******************************************2025/07/26;13:59:55
Probe number 203
Concentration entered by User 2.03% (Compensated: 2.79% at temperature 30.2)
1291.60	1309.20	1321.78	1334.80	1350.96	1365.44	1382.08	1398.40	1417.32	1436.52	1459.28	1484.28	1511.26	1539.40	1560.08	1582.72	
1605.60	1644.14	1678.56	1728.84	1764.92	1800.22	1840.60	1881.06	1920.34	1966.30	2014.02	2072.14	2146.54	2220.50	2328.06	2474.72	
2670.52	2993.40	3308.36	3516.44	3644.90	3676.32	3682.28	3687.02	3688.64	3698.48	3704.38	3706.20	3692.78	3690.02	3695.80	3694.70	
3693.06	3722.92	3712.52	3714.72	3716.62	3719.68	3722.68	3719.00	3721.50	3725.12	3721.26	3721.06	3724.10	3719.06	3715.78	3727.26	
3730.86	3732.54	3731.38	3731.22	3722.10	3723.98	3720.46	3714.76	3725.22	3717.14	3728.70	3723.96	3730.68	3731.06	3729.96	3734.42	
3735.04	3738.24	3736.32	3731.88	3740.78	3741.22	3736.50	3743.18	3735.30	3744.58	3741.08	3740.44	3747.98	3747.28	3747.72	3752.54	
3751.62	3627.16	3701.64	3740.20	3740.46	3742.16	3744.58	3749.82	3745.90	3738.20	3745.40	3743.84	3747.02	3749.06	3743.54	3741.60	
3741.42	3730.02	3720.52	3721.12	3738.30	3735.64	3735.74	3732.80	3726.38	3712.40	3730.96	3726.98	3734.58	3735.26	3752.00	3705.92	

*******************************************2025/07/26;14:04:55
Probe number 204
Concentration entered by User 2.02% (Compensated: 2.78% at temperature 30.2)
1292.22	1309.12	1320.72	1334.24	1350.54	1364.98	1382.18	1398.92	1418.72	1437.36	1460.88	1486.00	1512.82	1539.82	1561.22	1582.66	
1605.76	1646.26	1679.90	1729.64	1765.40	1802.40	1842.20	1881.62	1926.72	1961.80	2011.64	2075.52	2143.50	2218.10	2329.98	2476.84	
2683.08	2999.14	3310.04	3513.98	3645.92	3678.40	3684.50	3688.98	3690.66	3699.82	3705.76	3707.74	3694.86	3691.74	3697.90	3696.66	
3694.94	3723.94	3713.66	3715.98	3718.22	3720.92	3723.90	3720.28	3722.68	3726.84	3722.34	3722.20	3725.86	3720.68	3717.08	3728.38	
3732.66	3733.94	3732.40	3732.74	3723.38	3725.36	3721.88	3715.88	3726.70	3718.56	3730.16	3725.10	3731.66	3732.20	3731.16	3735.30	
3736.36	3739.40	3737.26	3733.12	3741.98	3742.48	3737.48	3744.24	3736.34	3745.92	3742.08	3741.54	3749.26	3748.60	3749.28	3753.80	
3752.58	3629.20	3703.20	3741.22	3741.54	3743.58	3745.80	3751.14	3747.22	3739.58	3746.26	3744.92	3748.00	3750.32	3744.72	3742.60	
3742.74	3731.58	3722.12	3722.72	3739.06	3737.16	3737.14	3734.14	3727.50	3713.92	3731.98	3728.62	3735.62	3736.36	3753.02	3706.72	

*******************************************2025/07/26;14:09:55
Probe number 205
Concentration entered by User 2.03% (Compensated: 2.80% at temperature 30.2)
1292.50	1309.70	1321.96	1335.36	1351.18	1366.14	1382.82	1398.48	1418.46	1437.46	1461.00	1485.42	1512.00	1539.74	1560.02	1582.74	
1604.70	1645.76	1680.90	1729.60	1763.42	1802.46	1840.12	1881.02	1922.88	1962.18	2006.06	2071.54	2146.80	2224.44	2335.98	2473.30	
2673.02	2995.12	3302.80	3516.16	3643.24	3677.56	3683.54	3688.42	3689.74	3699.60	3705.24	3707.08	3694.12	3691.40	3697.36	3696.34	
3694.42	3723.74	3714.00	3716.10	3717.94	3720.80	3723.48	3720.40	3722.68	3726.56	3722.30	3722.36	3725.86	3720.48	3717.22	3728.64	
3732.16	3733.48	3732.30	3732.20	3723.40	3725.44	3721.98	3715.92	3726.84	3718.24	3730.10	3725.36	3731.60	3732.00	3731.28	3735.32	
3736.10	3739.30	3737.52	3733.22	3741.58	3742.44	3737.38	3744.26	3736.12	3745.58	3741.82	3741.50	3748.94	3748.26	3748.76	3753.80	
3752.40	3628.90	3702.78	3741.28	3741.30	3743.20	3745.82	3750.84	3746.80	3739.28	3746.46	3744.74	3747.76	3750.02	3744.54	3742.52	
3742.62	3731.48	3722.10	3722.60	3739.46	3736.82	3736.80	3733.86	3727.30	3713.34	3731.98	3728.56	3735.46	3736.50	3752.86	3707.24	

*******************************************2025/07/26;14:14:55
Probe number 206
Concentration entered by User 2.03% (Compensated: 2.79% at temperature 30.2)
1292.36	1309.78	1321.98	1335.10	1350.78	1365.32	1383.28	1398.84	1418.36	1437.92	1460.92	1485.54	1511.64	1539.76	1559.90	1581.28	
1605.42	1644.96	1679.46	1730.00	1767.26	1804.64	1839.02	1879.12	1919.96	1964.04	2007.48	2071.42	2151.76	2224.72	2327.98	2465.84	
2673.86	2991.24	3306.96	3512.74	3641.56	3676.58	3684.04	3688.22	3689.14	3699.32	3704.66	3706.96	3694.58	3690.80	3697.04	3695.46	
3694.00	3723.88	3713.24	3715.48	3717.52	3720.08	3723.42	3720.22	3722.18	3726.20	3721.94	3721.52	3724.82	3720.14	3716.82	3727.84	
3731.82	3733.02	3732.10	3732.08	3722.94	3725.28	3721.66	3715.66	3726.22	3717.76	3729.80	3724.48	3731.32	3731.78	3730.70	3735.08	
3735.78	3739.22	3737.02	3732.80	3741.34	3742.28	3737.22	3744.40	3735.92	3745.18	3741.80	3741.08	3748.68	3748.28	3748.98	3753.46	
3752.24	3628.82	3702.88	3741.22	3741.46	3743.46	3745.32	3751.08	3746.76	3739.34	3746.08	3744.58	3747.64	3749.62	3744.48	3742.38	
3742.46	3731.40	3721.50	3721.96	3739.12	3736.68	3736.70	3733.56	3726.74	3713.30	3731.64	3728.06	3735.34	3736.00	3752.46	3707.02	

*******************************************2025/07/26;14:19:55
Probe number 207
Concentration entered by User 2.03% (Compensated: 2.79% at temperature 30.2)
1293.12	1310.30	1322.62	1335.74	1351.48	1366.52	1383.38	1399.24	1419.54	1438.48	1462.12	1487.32	1512.82	1540.10	1562.00	1582.46	
1605.08	1644.90	1681.00	1729.40	1766.34	1801.28	1837.28	1880.36	1919.92	1964.36	2012.38	2076.38	2149.54	2214.76	2329.04	2471.66	
2666.38	2993.50	3313.64	3510.12	3647.68	3676.92	3684.14	3689.18	3690.20	3699.52	3704.96	3706.74	3694.44	3691.82	3697.12	3696.06	
3694.30	3724.04	3713.28	3715.60	3717.56	3720.42	3723.92	3720.28	3722.62	3726.46	3721.92	3722.14	3725.76	3720.20	3716.82	3728.52	
3731.80	3733.70	3732.38	3732.66	3723.38	3725.14	3721.74	3716.00	3726.20	3718.02	3729.90	3724.80	3731.48	3732.06	3731.16	3735.42	
3735.96	3739.56	3737.22	3732.82	3741.50	3742.36	3737.42	3744.32	3735.84	3745.58	3741.92	3741.24	3748.84	3748.18	3748.62	3753.42	
3752.50	3628.98	3703.08	3741.14	3741.52	3743.26	3745.54	3751.00	3746.86	3739.32	3746.30	3744.52	3747.94	3750.22	3744.46	3742.54	
3742.62	3731.32	3721.76	3722.02	3739.32	3737.14	3736.60	3733.74	3727.34	3713.58	3731.78	3728.48	3735.72	3736.56	3753.08	3707.20	

*******************************************2025/07/26;14:24:55
Probe number 208
Concentration entered by User 2.07% (Compensated: 2.83% at temperature 30.2)
1291.22	1308.76	1320.38	1334.10	1350.70	1364.98	1381.56	1397.66	1417.42	1436.76	1459.90	1484.10	1511.66	1539.66	1560.90	1581.88	
1603.94	1641.46	1676.54	1729.08	1766.60	1799.58	1834.96	1874.52	1918.64	1960.38	2003.96	2069.02	2141.60	2215.50	2334.90	2477.24	
2670.76	2988.98	3295.86	3502.72	3639.36	3671.40	3678.50	3684.10	3685.28	3694.72	3700.74	3702.92	3690.02	3687.02	3692.50	3691.44	
3690.02	3719.58	3709.46	3711.82	3713.62	3716.52	3719.50	3715.96	3718.20	3722.68	3717.92	3718.00	3721.52	3716.24	3712.42	3724.12	
3727.94	3729.76	3728.50	3728.90	3719.18	3721.20	3718.04	3711.58	3722.72	3714.14	3726.18	3720.90	3727.64	3728.32	3727.26	3731.52	
3732.36	3735.82	3733.58	3729.36	3737.80	3738.74	3733.44	3740.70	3732.42	3742.10	3738.18	3737.72	3745.42	3745.22	3745.64	3750.42	
3749.14	3624.02	3698.52	3737.76	3738.04	3740.02	3741.96	3747.66	3743.46	3735.92	3743.00	3741.30	3744.48	3746.76	3741.10	3739.12	
3739.10	3727.80	3717.80	3718.20	3736.12	3733.36	3733.28	3730.44	3723.64	3709.74	3728.12	3724.16	3731.70	3732.78	3749.70	3702.76	

*******************************************2025/07/26;14:29:55
Probe number 209
Concentration entered by User 2.03% (Compensated: 2.79% at temperature 30.2)
1293.30	1309.90	1322.48	1335.48	1352.00	1366.56	1383.68	1399.72	1421.06	1439.34	1462.74	1488.20	1515.14	1542.52	1562.30	1583.06	
1607.28	1648.06	1682.36	1734.04	1771.12	1805.00	1841.48	1882.98	1925.96	1967.36	2013.70	2075.80	2140.38	2217.44	2331.78	2476.66	
2680.58	3001.94	3303.80	3510.22	3645.62	3678.64	3685.52	3690.80	3691.76	3701.26	3707.34	3708.92	3696.60	3693.66	3699.44	3697.84	
3696.56	3725.58	3715.78	3717.60	3719.70	3722.64	3725.58	3721.98	3724.36	3728.34	3723.96	3723.88	3727.08	3722.22	3719.00	3729.88	
3733.50	3735.12	3733.74	3734.10	3724.98	3726.88	3723.52	3717.74	3728.46	3720.16	3731.76	3726.80	3733.28	3733.76	3733.10	3737.12	
3737.78	3740.96	3738.86	3735.10	3743.20	3744.18	3738.92	3745.82	3737.44	3746.92	3743.46	3742.86	3750.48	3749.98	3750.22	3755.08	
3753.82	3632.22	3705.08	3743.02	3743.16	3744.98	3747.10	3752.52	3748.44	3741.22	3748.00	3746.32	3749.50	3751.90	3746.06	3744.50	
3744.46	3733.14	3723.84	3723.88	3741.00	3738.86	3738.52	3735.50	3729.00	3715.50	3733.52	3730.18	3737.28	3738.10	3754.20	3709.06	

*******************************************2025/07/26;14:34:55
Probe number 210
Concentration entered by User 2.02% (Compensated: 2.79% at temperature 30.2)
1293.18	1310.62	1322.96	1335.92	1352.28	1366.82	1383.84	1399.24	1420.48	1439.28	1462.52	1487.36	1513.70	1541.72	1563.22	1586.12	
1607.28	1646.40	1682.46	1734.86	1769.28	1806.36	1840.62	1879.02	1922.88	1969.02	2020.34	2075.16	2147.52	2221.28	2334.46	2479.94	
2675.14	2996.12	3308.68	3517.24	3646.72	3678.60	3685.40	3690.76	3692.22	3701.62	3707.68	3709.52	3696.74	3694.10	3699.68	3698.42	
3696.94	3726.02	3715.76	3718.42	3720.16	3722.96	3725.72	3722.26	3724.62	3728.82	3724.48	3723.94	3727.80	3722.54	3719.24	3730.44	
3733.98	3735.68	3734.34	3734.62	3725.42	3727.54	3724.04	3718.44	3729.00	3720.64	3732.24	3726.98	3733.66	3734.48	3733.50	3737.48	
3738.18	3741.30	3739.32	3735.36	3743.90	3744.50	3739.58	3746.24	3737.96	3747.66	3744.16	3743.22	3750.74	3750.34	3750.66	3755.10	
3754.24	3632.68	3705.68	3743.40	3743.88	3745.68	3747.48	3753.04	3748.98	3741.64	3748.54	3746.76	3749.94	3751.94	3746.60	3744.72	
3744.86	3733.82	3724.12	3725.02	3741.58	3739.20	3739.12	3736.06	3729.62	3716.32	3734.28	3730.80	3737.74	3738.58	3754.74	3709.72	

*******************************************2025/07/26;14:39:55
Probe number 211
Concentration entered by User 2.02% (Compensated: 2.78% at temperature 30.2)
1292.12	1309.44	1321.58	1334.40	1350.82	1365.96	1383.04	1399.14	1419.58	1438.46	1462.26	1486.96	1512.84	1542.30	1562.46	1584.76	
1606.38	1646.56	1680.20	1732.12	1769.26	1807.16	1842.10	1883.40	1921.78	1964.88	2009.92	2074.86	2148.90	2218.98	2328.02	2480.28	
2685.90	2995.28	3309.22	3514.68	3647.12	3678.72	3685.48	3689.70	3690.98	3700.90	3706.94	3708.50	3695.98	3692.80	3698.54	3697.02	
3696.14	3724.98	3714.74	3717.20	3718.84	3721.96	3725.14	3721.36	3723.78	3727.48	3723.18	3723.30	3726.74	3721.52	3718.12	3729.52	
3733.02	3734.72	3733.70	3733.74	3724.46	3726.56	3722.80	3717.26	3728.14	3719.52	3731.06	3726.40	3732.70	3733.22	3732.52	3736.58	
3737.38	3740.44	3738.48	3734.86	3743.00	3743.70	3738.66	3745.66	3737.22	3746.76	3742.68	3742.50	3750.16	3749.64	3749.94	3754.64	
3753.62	3630.66	3704.84	3742.58	3742.66	3744.80	3746.80	3752.12	3748.20	3740.76	3747.74	3746.06	3749.08	3751.42	3746.00	3744.00	
3743.82	3733.02	3723.48	3724.08	3740.60	3738.72	3738.22	3735.44	3728.82	3715.32	3733.50	3729.96	3737.08	3737.96	3754.16	3708.64	

*******************************************2025/07/26;14:44:55
Probe number 212
Concentration entered by User 2.03% (Compensated: 2.79% at temperature 30.2)
1293.40	1310.68	1322.84	1336.02	1352.26	1366.64	1383.96	1400.70	1422.18	1440.36	1463.62	1487.74	1514.14	1541.60	1563.32	1585.04	
1607.64	1647.24	1681.06	1733.38	1769.54	1805.74	1843.58	1885.04	1926.18	1967.54	2014.86	2070.00	2147.12	2217.24	2336.30	2483.94	
2683.54	3003.36	3305.50	3509.86	3646.04	3678.68	3684.50	3689.30	3690.82	3700.18	3706.18	3708.36	3695.74	3693.12	3698.18	3697.52	
3695.54	3724.74	3714.54	3717.46	3718.92	3722.02	3724.88	3721.44	3724.06	3727.50	3723.38	3723.32	3726.82	3721.78	3718.56	3729.28	
3733.38	3734.74	3733.24	3733.96	3724.30	3726.46	3723.30	3717.14	3727.80	3719.52	3731.04	3726.26	3732.88	3733.64	3732.26	3736.84	
3737.48	3740.36	3738.30	3734.74	3742.82	3743.66	3738.98	3745.34	3737.18	3746.58	3743.02	3742.50	3749.96	3749.50	3749.90	3754.52	
3753.40	3630.92	3704.70	3742.60	3742.52	3744.76	3746.94	3752.08	3748.16	3740.86	3747.62	3746.24	3749.14	3751.40	3746.06	3744.08	
3743.86	3733.00	3723.32	3723.90	3740.56	3738.36	3738.30	3735.46	3728.92	3715.38	3733.54	3730.00	3737.08	3737.92	3754.08	3708.66	

*******************************************2025/07/26;14:49:55
Probe number 213
Concentration entered by User 2.02% (Compensated: 2.79% at temperature 30.3)
1293.48	1310.90	1323.32	1336.52	1352.66	1367.12	1384.88	1400.74	1421.28	1440.44	1463.84	1487.70	1513.70	1542.78	1562.90	1584.56	
1606.20	1647.26	1682.66	1734.10	1772.26	1807.70	1842.76	1883.76	1922.96	1962.64	2016.98	2071.06	2151.14	2216.78	2334.28	2479.94	
2680.80	2996.42	3310.06	3516.74	3649.20	3680.84	3686.46	3691.48	3692.84	3702.02	3707.88	3710.14	3697.68	3694.86	3700.42	3699.56	
3697.40	3726.78	3716.44	3718.96	3721.04	3723.86	3726.56	3723.02	3725.20	3729.06	3725.02	3724.74	3728.44	3723.28	3720.42	3731.20	
3734.36	3736.52	3735.12	3735.28	3726.14	3728.14	3724.66	3719.00	3729.54	3721.14	3732.78	3728.02	3734.36	3734.80	3734.02	3738.20	
3738.80	3742.04	3740.02	3736.10	3744.22	3744.86	3740.08	3746.96	3738.82	3748.10	3744.46	3744.22	3751.36	3750.96	3751.30	3755.84	
3754.94	3633.04	3706.58	3743.90	3744.34	3746.18	3748.36	3753.60	3749.78	3742.14	3749.16	3747.54	3750.28	3752.54	3747.46	3745.30	
3745.48	3734.44	3724.82	3725.70	3742.30	3739.90	3739.80	3737.08	3730.32	3717.50	3735.12	3731.48	3738.82	3739.62	3755.48	3711.00	

*******************************************2025/07/26;14:54:55
Probe number 214
Concentration entered by User 2.01% (Compensated: 2.78% at temperature 30.3)
1293.42	1311.20	1322.82	1336.06	1352.54	1367.66	1384.22	1400.46	1420.58	1440.84	1463.32	1487.70	1513.82	1541.48	1562.90	1584.58	
1605.84	1646.58	1680.34	1734.38	1768.82	1803.14	1842.44	1884.04	1924.30	1965.74	2015.26	2077.40	2146.58	2221.70	2335.30	2476.38	
2677.68	3005.98	3311.20	3516.92	3648.76	3679.22	3686.32	3690.66	3692.32	3701.96	3708.14	3710.38	3697.72	3694.62	3700.38	3698.84	
3697.18	3726.20	3716.14	3718.62	3720.74	3723.26	3726.12	3722.66	3725.14	3729.20	3724.80	3724.62	3727.86	3723.08	3720.10	3731.02	
3734.48	3735.74	3734.72	3735.28	3725.64	3727.82	3724.42	3718.74	3729.34	3720.84	3732.54	3727.62	3734.02	3734.62	3733.90	3738.16	
3738.42	3741.78	3739.72	3735.92	3744.16	3744.82	3739.82	3746.60	3738.40	3748.10	3744.22	3743.84	3751.34	3750.92	3751.10	3755.84	
3754.64	3632.80	3705.88	3743.76	3744.12	3745.98	3748.04	3753.46	3749.24	3742.36	3748.78	3747.52	3750.56	3752.58	3747.24	3745.26	
3745.26	3734.32	3724.92	3725.12	3741.90	3739.74	3739.92	3736.82	3730.26	3716.76	3735.12	3731.32	3738.40	3739.10	3755.16	3710.48	

*******************************************2025/07/26;14:59:55
Probe number 215
Concentration entered by User 2.03% (Compensated: 2.80% at temperature 30.2)
1292.98	1310.74	1323.22	1337.06	1352.62	1367.06	1384.30	1400.58	1420.76	1439.72	1463.46	1488.12	1514.94	1542.70	1564.46	1585.60	
1607.14	1647.28	1680.42	1731.62	1770.18	1803.34	1840.36	1880.62	1922.96	1961.06	2013.04	2074.10	2148.94	2217.24	2337.28	2487.14	
2684.52	3001.50	3300.82	3512.92	3646.94	3678.40	3685.80	3691.06	3692.14	3701.44	3707.66	3709.84	3697.28	3694.70	3700.12	3698.86	
3697.00	3726.02	3715.74	3718.04	3720.10	3723.12	3726.04	3722.48	3724.94	3728.68	3724.56	3724.36	3727.74	3722.76	3719.90	3730.76	
3734.02	3735.80	3734.56	3734.74	3725.78	3727.52	3724.06	3718.44	3729.22	3720.70	3732.10	3727.48	3733.86	3734.62	3733.46	3737.74	
3738.48	3741.44	3739.76	3735.80	3743.96	3744.50	3739.30	3746.36	3738.00	3747.76	3744.10	3743.76	3750.94	3750.46	3750.78	3755.40	
3754.42	3632.62	3705.82	3743.50	3743.84	3745.80	3747.86	3753.38	3749.20	3741.76	3748.64	3747.10	3750.12	3752.30	3746.70	3745.14	
3745.06	3734.00	3724.26	3724.96	3741.92	3739.32	3739.44	3736.64	3730.36	3716.38	3734.82	3731.14	3738.42	3739.16	3755.12	3710.24	

*******************************************2025/07/26;15:04:55
Probe number 216
Concentration entered by User 2.02% (Compensated: 2.79% at temperature 30.2)
1292.88	1310.50	1322.68	1336.32	1352.38	1367.48	1384.90	1400.38	1420.14	1439.14	1462.80	1487.80	1513.82	1542.22	1563.22	1583.96	
1608.04	1648.70	1682.30	1732.32	1769.72	1806.22	1841.24	1884.56	1924.70	1969.80	2015.52	2078.12	2152.50	2220.74	2332.26	2490.54	
2681.24	3001.16	3306.30	3513.12	3649.38	3680.50	3686.64	3691.76	3692.86	3702.68	3708.80	3711.20	3699.02	3696.22	3701.72	3700.28	
3698.86	3727.34	3717.44	3719.86	3721.56	3724.36	3727.46	3723.78	3726.30	3730.06	3725.52	3725.52	3729.10	3724.18	3721.18	3731.74	
3735.56	3736.86	3735.88	3736.18	3726.72	3729.02	3725.28	3719.80	3730.76	3722.16	3733.60	3728.82	3735.08	3735.74	3735.00	3739.22	
3739.92	3742.86	3740.70	3736.90	3745.22	3745.82	3740.90	3747.44	3739.32	3748.56	3745.44	3744.92	3752.04	3751.54	3752.04	3756.38	
3755.60	3634.36	3707.26	3744.62	3745.26	3747.26	3748.82	3754.26	3750.34	3742.98	3749.92	3748.30	3751.30	3753.40	3748.14	3746.26	
3746.02	3735.30	3726.16	3726.36	3743.20	3741.02	3740.62	3737.72	3731.36	3718.20	3736.22	3732.46	3739.44	3740.32	3756.44	3711.70	

*******************************************2025/07/26;15:09:55
Probe number 217
Concentration entered by User 2.05% (Compensated: 2.82% at temperature 30.2)
1293.54	1310.92	1322.34	1335.48	1352.44	1367.62	1384.56	1400.36	1419.96	1439.68	1462.80	1487.58	1513.52	1543.08	1563.82	1585.22	
1607.78	1647.60	1680.68	1732.34	1767.92	1804.68	1838.92	1884.22	1926.28	1966.28	2016.76	2079.06	2143.50	2218.06	2337.00	2485.02	
2685.76	2992.16	3294.72	3507.62	3645.72	3676.48	3683.90	3688.34	3689.08	3699.56	3705.82	3708.00	3695.38	3692.54	3698.00	3696.50	
3695.04	3724.10	3713.84	3716.78	3717.88	3720.92	3724.14	3720.48	3723.14	3727.06	3722.58	3722.26	3726.00	3721.28	3717.72	3728.94	
3732.54	3733.98	3732.66	3733.30	3723.56	3726.06	3722.32	3716.56	3727.58	3718.78	3730.60	3725.46	3732.06	3732.90	3731.86	3736.22	
3736.78	3739.98	3737.96	3733.90	3742.34	3743.14	3737.84	3745.16	3736.70	3746.04	3742.30	3741.84	3749.28	3748.92	3749.56	3754.08	
3753.00	3630.18	3703.64	3742.06	3742.40	3744.32	3746.60	3751.86	3747.58	3740.16	3747.14	3745.74	3748.82	3750.94	3745.58	3743.74	
3743.52	3732.64	3722.84	3723.86	3740.54	3738.26	3738.00	3735.14	3728.40	3714.80	3733.22	3729.46	3736.62	3737.40	3753.86	3708.46	

*******************************************2025/07/26;15:14:55
Probe number 218
Concentration entered by User 2.06% (Compensated: 2.82% at temperature 30.2)
1291.22	1308.34	1320.82	1334.40	1350.66	1365.42	1382.60	1398.38	1418.30	1437.82	1460.86	1484.72	1510.54	1541.16	1561.10	1581.98	
1605.22	1644.74	1677.38	1728.46	1765.30	1802.66	1838.78	1880.66	1925.44	1967.02	2012.30	2069.38	2145.30	2211.04	2317.00	2472.76	
2666.92	2990.74	3297.08	3505.82	3639.64	3673.60	3679.92	3684.06	3685.44	3695.72	3701.58	3703.50	3690.86	3687.38	3693.30	3692.08	
3690.22	3720.10	3709.94	3712.62	3714.46	3717.08	3720.48	3716.90	3719.10	3723.36	3718.70	3718.72	3721.84	3717.50	3713.64	3725.00	
3728.94	3730.42	3729.28	3729.16	3719.96	3722.18	3718.56	3712.60	3723.44	3715.02	3726.96	3721.84	3728.34	3729.32	3728.32	3732.40	
3733.50	3736.44	3734.24	3730.14	3739.10	3739.44	3734.48	3741.46	3733.16	3742.92	3739.06	3738.50	3746.34	3745.58	3746.18	3750.76	
3749.82	3624.78	3699.82	3738.48	3738.54	3740.86	3742.98	3748.62	3744.42	3736.98	3744.06	3742.26	3745.30	3747.82	3742.22	3740.32	
3740.28	3728.84	3718.74	3719.90	3736.72	3734.34	3734.36	3731.36	3724.88	3710.44	3729.20	3725.50	3733.32	3733.72	3750.68	3704.18	

*******************************************2025/07/26;15:19:55
Probe number 219
Concentration entered by User 2.00% (Compensated: 2.77% at temperature 30.3)
1293.24	1310.70	1323.00	1336.92	1352.90	1366.92	1384.78	1399.94	1420.78	1439.48	1463.96	1488.82	1515.32	1543.42	1562.88	1585.92	
1609.96	1648.48	1684.24	1733.46	1768.32	1805.04	1841.64	1880.92	1925.52	1970.72	2012.54	2074.12	2150.86	2221.22	2336.76	2472.98	
2684.34	3008.16	3308.52	3524.24	3650.90	3681.88	3687.36	3691.68	3693.28	3703.18	3709.04	3710.82	3698.30	3695.04	3700.46	3699.22	
3697.10	3726.54	3716.74	3719.22	3720.66	3723.44	3726.56	3722.54	3725.40	3728.96	3724.68	3724.50	3727.98	3723.18	3720.20	3730.94	
3734.58	3736.00	3734.74	3734.72	3725.72	3727.86	3724.52	3718.54	3729.14	3721.12	3732.52	3727.34	3734.18	3734.62	3733.76	3738.08	
3738.62	3741.82	3739.86	3735.54	3743.98	3744.84	3739.90	3746.56	3738.38	3747.92	3744.00	3743.70	3751.06	3750.56	3750.86	3755.46	
3754.52	3632.58	3706.12	3743.68	3743.98	3745.66	3747.96	3753.16	3749.36	3742.10	3748.84	3747.52	3750.34	3752.78	3747.22	3745.42	
3745.28	3734.14	3724.82	3725.44	3741.74	3739.40	3739.46	3736.54	3730.34	3716.82	3734.76	3731.24	3738.24	3738.96	3755.36	3710.04	

*******************************************2025/07/26;15:24:55
Probe number 220
Concentration entered by User 2.00% (Compensated: 2.77% at temperature 30.3)
1293.66	1311.42	1324.00	1337.30	1353.54	1368.22	1385.38	1401.16	1422.30	1441.38	1463.86	1488.58	1515.58	1544.50	1563.70	1586.60	
1610.22	1649.96	1683.86	1734.34	1767.60	1807.52	1845.46	1883.14	1924.66	1969.62	2022.54	2080.76	2151.68	2220.08	2340.82	2475.28	
2680.02	3009.16	3313.72	3521.04	3647.86	3682.44	3687.74	3691.94	3693.48	3703.30	3709.10	3711.38	3698.56	3694.98	3700.54	3699.50	
3697.82	3726.78	3716.68	3719.22	3721.04	3723.90	3726.46	3722.82	3725.66	3729.16	3724.84	3724.74	3728.02	3723.36	3720.26	3730.88	
3734.52	3736.08	3734.86	3735.12	3725.78	3728.32	3724.74	3718.66	3729.32	3720.80	3732.36	3727.64	3734.10	3734.82	3733.76	3737.90	
3738.68	3741.72	3739.70	3735.94	3744.00	3744.82	3739.70	3746.64	3738.32	3747.64	3744.14	3743.44	3750.90	3750.52	3751.00	3755.48	
3754.32	3632.66	3705.94	3743.98	3744.10	3745.96	3747.94	3753.50	3749.24	3742.08	3748.92	3747.60	3750.58	3752.48	3747.18	3745.72	
3745.34	3734.16	3724.98	3725.34	3742.12	3739.84	3739.46	3736.76	3730.06	3716.92	3735.10	3731.38	3738.24	3739.30	3755.26	3710.48	

*******************************************2025/07/26;15:29:55
Probe number 221
Concentration entered by User 1.99% (Compensated: 2.76% at temperature 30.3)
1292.96	1310.54	1322.76	1335.84	1352.32	1366.88	1384.34	1400.12	1420.04	1439.48	1462.62	1486.38	1512.66	1540.40	1561.44	1583.60	
1607.02	1647.90	1681.64	1730.94	1765.88	1804.58	1841.64	1878.76	1921.66	1965.42	2024.08	2084.18	2144.30	2220.44	2334.04	2487.72	
2690.80	3013.98	3314.74	3521.20	3648.84	3679.80	3685.78	3689.60	3691.04	3700.96	3707.04	3708.56	3696.44	3693.26	3698.84	3697.54	
3695.52	3724.96	3714.86	3717.16	3718.46	3721.26	3724.30	3720.68	3723.16	3726.82	3722.60	3722.84	3726.24	3720.82	3718.20	3728.94	
3732.56	3734.04	3732.64	3732.82	3723.64	3726.16	3722.34	3716.40	3727.26	3718.70	3730.48	3725.58	3732.34	3732.58	3731.76	3735.84	
3736.64	3739.62	3737.80	3733.76	3742.24	3743.16	3737.72	3745.02	3736.18	3745.88	3742.32	3742.00	3749.16	3748.56	3749.10	3753.84	
3752.92	3630.42	3703.68	3742.04	3742.44	3744.30	3746.26	3751.78	3747.24	3740.32	3747.04	3745.70	3748.88	3750.78	3745.60	3743.64	
3743.34	3732.50	3722.56	3723.62	3740.18	3737.88	3737.60	3735.30	3728.20	3715.04	3732.98	3729.26	3736.60	3737.52	3753.60	3708.42	

*******************************************2025/07/26;15:34:55
Probe number 222
Concentration entered by User 1.99% (Compensated: 2.77% at temperature 30.3)
1293.06	1310.66	1322.70	1336.62	1353.00	1367.44	1384.34	1400.22	1420.52	1438.10	1461.72	1487.90	1512.98	1541.96	1563.18	1585.36	
1609.50	1647.50	1683.72	1736.62	1769.60	1806.96	1841.64	1885.14	1927.50	1969.28	2021.54	2083.34	2147.98	2229.16	2345.52	2483.56	
2688.90	3008.94	3315.02	3520.60	3651.44	3681.98	3688.02	3692.26	3693.68	3703.28	3709.70	3710.90	3698.50	3695.86	3701.18	3699.78	
3697.94	3726.76	3716.86	3719.06	3721.10	3723.92	3726.54	3723.14	3725.32	3729.46	3725.18	3725.28	3728.16	3723.56	3720.42	3731.18	
3734.44	3736.36	3734.98	3735.36	3725.98	3728.58	3724.84	3719.36	3729.64	3721.44	3733.00	3727.96	3734.46	3735.02	3734.34	3738.32	
3739.06	3742.08	3739.96	3736.46	3744.52	3745.36	3739.92	3746.84	3738.76	3748.36	3744.60	3744.26	3751.34	3750.88	3751.46	3755.68	
3755.12	3633.64	3706.46	3744.48	3744.28	3746.42	3748.58	3753.82	3749.66	3742.76	3749.40	3747.86	3751.02	3753.08	3747.60	3745.92	
3745.66	3734.84	3725.36	3726.06	3742.58	3740.42	3740.16	3737.72	3730.80	3717.88	3735.68	3731.74	3738.80	3740.00	3755.66	3711.34	

*******************************************2025/07/26;15:39:55
Probe number 223
Concentration entered by User 2.00% (Compensated: 2.77% at temperature 30.3)
1295.06	1312.68	1324.40	1337.66	1354.58	1368.74	1385.62	1401.56	1422.40	1441.12	1465.78	1490.50	1516.54	1544.54	1565.82	1588.14	
1611.06	1648.18	1684.16	1736.16	1770.10	1805.68	1842.60	1885.26	1927.64	1974.20	2023.00	2080.50	2154.52	2230.88	2352.36	2496.52	
2693.88	3002.28	3311.42	3523.96	3653.24	3684.22	3690.24	3693.92	3695.86	3706.02	3711.90	3713.56	3701.38	3698.54	3703.76	3702.46	
3700.74	3729.20	3719.38	3721.76	3723.84	3726.26	3729.18	3725.44	3727.76	3731.86	3727.58	3727.48	3730.74	3726.22	3723.24	3733.92	
3737.30	3738.90	3737.66	3737.84	3728.80	3731.10	3727.58	3721.72	3732.48	3724.42	3735.38	3730.58	3737.16	3737.80	3736.82	3741.14	
3741.40	3744.76	3742.48	3739.14	3746.92	3747.62	3742.26	3749.36	3741.36	3750.30	3747.10	3746.62	3753.88	3753.34	3753.70	3758.02	
3757.18	3637.54	3709.58	3746.78	3747.04	3749.08	3750.98	3755.80	3752.08	3745.16	3751.60	3750.08	3753.02	3755.22	3750.14	3748.34	
3748.02	3737.28	3728.36	3728.68	3745.02	3742.90	3742.48	3739.86	3733.48	3721.02	3738.22	3734.54	3741.52	3742.66	3757.82	3714.52	

*******************************************2025/07/26;15:44:55
Probe number 224
Concentration entered by User 2.03% (Compensated: 2.80% at temperature 30.3)
1294.46	1312.44	1324.20	1337.22	1353.86	1368.76	1385.54	1401.36	1421.74	1440.50	1463.66	1487.70	1515.82	1544.40	1564.32	1586.78	
1610.48	1650.14	1683.46	1735.22	1769.42	1807.52	1842.10	1884.46	1929.62	1973.36	2021.60	2072.58	2147.50	2224.04	2337.74	2485.46	
2677.00	2997.02	3302.84	3520.24	3648.00	3679.78	3686.94	3690.84	3692.32	3702.40	3708.70	3710.28	3698.40	3695.48	3700.64	3699.70	
3698.08	3726.84	3716.50	3719.54	3721.18	3723.52	3726.44	3723.18	3725.50	3729.10	3725.06	3725.34	3728.36	3723.60	3720.62	3731.46	
3735.04	3736.30	3735.44	3735.56	3726.24	3728.82	3725.08	3719.88	3730.16	3722.38	3733.22	3728.28	3734.84	3735.14	3734.38	3738.72	
3739.20	3742.44	3740.34	3736.68	3744.74	3745.60	3740.22	3747.12	3739.16	3748.66	3744.72	3744.50	3751.78	3751.38	3751.60	3756.22	
3755.20	3634.30	3707.20	3744.72	3745.04	3746.72	3748.96	3754.34	3749.98	3743.08	3749.60	3748.00	3751.18	3753.46	3748.18	3746.24	
3746.00	3735.04	3725.52	3726.68	3743.04	3740.86	3740.12	3738.08	3731.06	3718.36	3736.18	3732.40	3739.52	3740.24	3756.24	3711.98	

*******************************************2025/07/26;15:49:55
Probe number 225
Concentration entered by User 1.99% (Compensated: 2.77% at temperature 30.4)
1295.34	1312.56	1324.10	1337.96	1354.58	1368.58	1385.58	1401.52	1421.66	1440.66	1463.66	1487.64	1513.96	1543.56	1564.62	1585.46	
1608.30	1649.46	1683.46	1735.84	1772.24	1809.76	1847.30	1885.02	1924.52	1966.38	2018.32	2083.42	2148.06	2229.80	2336.16	2488.36	
2695.28	3011.76	3312.18	3522.98	3650.52	3681.32	3686.82	3691.34	3693.12	3702.90	3708.64	3710.52	3698.30	3695.50	3701.46	3699.66	
3698.28	3727.16	3717.04	3719.86	3721.58	3724.34	3727.16	3723.60	3725.94	3729.46	3725.56	3725.66	3728.90	3724.14	3721.36	3731.78	
3735.12	3737.08	3735.68	3736.42	3727.06	3729.66	3725.80	3720.10	3730.82	3722.44	3733.98	3729.38	3735.52	3735.74	3735.00	3739.34	
3740.20	3743.08	3740.92	3737.16	3745.26	3746.06	3740.78	3747.60	3739.54	3749.18	3745.14	3745.12	3752.24	3751.80	3752.26	3756.84	
3755.68	3635.20	3707.78	3745.36	3745.20	3747.36	3749.48	3754.70	3750.68	3743.60	3750.02	3748.42	3751.58	3753.80	3748.64	3746.66	
3746.46	3735.76	3726.36	3727.16	3743.64	3741.42	3741.02	3738.34	3731.88	3719.04	3736.36	3732.94	3740.10	3741.04	3756.60	3712.42	

*******************************************2025/07/26;15:54:55
Probe number 226
Concentration entered by User 2.05% (Compensated: 2.84% at temperature 30.5)
1293.68	1311.26	1323.00	1336.84	1353.32	1367.48	1383.84	1400.86	1421.44	1439.88	1462.92	1486.98	1512.52	1542.12	1563.58	1584.84	
1609.18	1650.84	1683.94	1732.82	1765.18	1802.12	1839.68	1881.18	1926.78	1969.74	2017.70	2080.76	2152.86	2226.08	2324.36	2475.78	
2685.32	2995.88	3292.42	3510.48	3639.48	3672.92	3679.70	3683.60	3685.04	3695.60	3701.74	3703.44	3690.98	3688.06	3694.56	3692.68	
3690.96	3720.62	3710.32	3713.36	3715.18	3717.82	3720.68	3716.90	3719.98	3723.62	3719.50	3719.50	3723.16	3718.18	3714.82	3726.06	
3729.64	3731.50	3729.98	3730.78	3720.84	3723.86	3719.74	3714.02	3725.10	3716.40	3728.24	3723.18	3729.98	3730.30	3729.42	3734.06	
3734.40	3737.72	3735.42	3732.14	3739.92	3740.84	3735.54	3742.50	3734.12	3743.76	3739.98	3739.96	3747.52	3746.80	3747.12	3751.68	
3751.00	3626.32	3701.28	3739.86	3740.18	3742.32	3744.54	3749.78	3745.24	3738.28	3745.44	3743.42	3746.54	3748.80	3743.54	3741.50	
3741.34	3729.98	3720.44	3721.22	3738.28	3735.76	3735.46	3733.14	3726.20	3712.98	3730.90	3727.02	3734.58	3735.76	3751.88	3706.34	

*******************************************2025/07/26;15:59:55
Probe number 227
Concentration entered by User 1.98% (Compensated: 2.78% at temperature 30.7)
1295.26	1313.24	1325.10	1338.84	1355.06	1369.68	1387.58	1403.20	1423.38	1441.72	1466.32	1491.72	1516.88	1544.98	1565.86	1588.44	
1612.18	1652.34	1686.98	1736.12	1771.84	1810.54	1843.26	1886.10	1931.36	1968.82	2020.00	2082.96	2156.48	2245.98	2346.44	2495.20	
2700.40	3019.04	3314.30	3521.66	3647.54	3681.20	3687.64	3691.36	3692.58	3702.42	3708.86	3710.84	3698.46	3696.10	3701.66	3700.72	
3698.32	3727.56	3717.62	3720.26	3722.34	3725.08	3727.36	3723.86	3726.30	3730.24	3726.26	3726.10	3729.32	3724.92	3721.76	3732.60	
3735.70	3737.68	3736.36	3736.78	3727.42	3729.96	3726.14	3720.78	3731.04	3723.04	3734.70	3729.28	3736.14	3736.34	3735.66	3739.74	
3740.54	3743.42	3741.32	3738.00	3745.78	3746.72	3741.62	3748.34	3740.18	3749.26	3746.24	3745.58	3752.96	3752.38	3752.76	3757.26	
3756.32	3635.88	3708.60	3746.08	3746.02	3747.94	3750.06	3755.06	3750.66	3744.40	3750.64	3749.26	3752.12	3754.40	3749.00	3747.36	
3747.00	3736.72	3726.90	3728.34	3744.12	3742.00	3741.54	3739.12	3732.50	3720.24	3737.34	3733.74	3740.58	3741.86	3757.36	3713.62	

*******************************************2025/07/26;16:04:55
Probe number 228
Concentration entered by User 2.05% (Compensated: 2.86% at temperature 30.8)
1294.42	1311.86	1323.62	1336.86	1352.40	1366.16	1383.06	1398.78	1419.38	1439.28	1462.78	1486.46	1513.38	1542.52	1564.02	1585.22	
1607.50	1647.22	1680.30	1730.58	1767.14	1805.20	1840.32	1878.98	1919.38	1964.30	2014.16	2069.96	2145.38	2215.70	2327.62	2482.12	
2684.04	3008.14	3301.32	3498.66	3630.26	3663.78	3671.14	3675.94	3678.56	3688.88	3695.22	3697.24	3684.28	3681.02	3687.00	3685.80	
3683.92	3714.70	3703.68	3707.36	3709.48	3711.82	3714.86	3711.14	3713.60	3718.16	3713.60	3713.48	3717.54	3712.70	3709.28	3720.44	
3724.04	3725.88	3724.86	3725.32	3715.28	3718.30	3713.84	3708.60	3719.46	3710.86	3722.78	3717.62	3724.48	3725.14	3724.04	3728.88	
3729.02	3732.90	3730.64	3726.60	3734.94	3736.14	3730.28	3737.70	3729.08	3738.82	3735.12	3734.78	3742.34	3741.70	3742.38	3747.22	
3746.20	3619.40	3695.20	3735.06	3735.26	3737.50	3739.84	3745.34	3740.58	3733.40	3740.10	3738.76	3741.78	3744.48	3738.62	3736.88	
3736.44	3724.98	3714.54	3716.08	3733.20	3731.04	3730.64	3728.02	3720.62	3707.38	3726.14	3721.98	3729.42	3730.88	3747.16	3700.54	

*******************************************2025/07/26;16:09:55
Probe number 229
Concentration entered by User 2.01% (Compensated: 2.82% at temperature 30.8)
1295.54	1313.20	1324.50	1338.06	1353.76	1368.34	1385.90	1401.50	1421.78	1441.22	1463.74	1488.18	1515.44	1541.90	1561.50	1584.48	
1608.48	1649.92	1685.68	1734.50	1768.08	1806.14	1841.60	1882.84	1927.22	1971.46	2016.80	2078.62	2149.34	2220.14	2339.80	2489.98	
2689.76	3009.14	3312.56	3513.28	3640.18	3671.16	3678.50	3682.40	3684.14	3694.80	3700.90	3702.52	3690.42	3687.66	3693.96	3692.16	
3690.26	3720.14	3709.16	3712.34	3714.62	3716.96	3720.06	3716.66	3718.96	3723.28	3718.58	3718.86	3722.20	3717.20	3714.62	3725.48	
3728.88	3731.18	3729.32	3730.18	3720.12	3723.58	3719.12	3713.84	3724.46	3716.24	3727.98	3722.80	3730.04	3729.78	3728.94	3733.74	
3733.86	3737.44	3735.42	3731.44	3739.80	3740.56	3734.94	3742.10	3733.74	3743.58	3739.76	3739.68	3747.10	3746.16	3747.04	3751.56	
3750.92	3626.40	3700.60	3739.88	3739.72	3742.16	3744.30	3749.64	3745.10	3738.08	3744.78	3743.44	3746.24	3748.62	3743.16	3741.38	
3741.02	3729.68	3720.14	3721.38	3738.00	3736.04	3735.12	3732.94	3725.70	3712.88	3730.60	3727.08	3734.32	3735.40	3751.76	3706.46	

*******************************************2025/07/26;16:14:55
Probe number 230
Concentration entered by User 2.02% (Compensated: 2.83% at temperature 30.8)
1294.82	1312.72	1324.64	1338.78	1354.52	1368.90	1385.18	1401.10	1421.18	1441.08	1464.70	1489.08	1515.10	1543.08	1564.74	1587.70	
1610.76	1649.66	1685.18	1736.78	1770.50	1806.94	1845.24	1885.54	1925.30	1967.88	2019.46	2079.28	2146.76	2223.84	2336.16	2486.26	
2692.98	3002.14	3305.42	3515.32	3641.02	3671.54	3679.28	3683.44	3685.12	3695.38	3701.88	3703.92	3691.76	3688.86	3695.72	3693.52	
3691.64	3721.44	3710.70	3713.82	3716.10	3718.18	3721.14	3717.48	3719.98	3724.02	3720.22	3720.18	3723.88	3718.86	3715.58	3726.66	
3730.26	3732.06	3730.72	3731.54	3721.48	3724.74	3720.42	3715.50	3725.92	3717.42	3729.16	3723.84	3731.12	3730.98	3730.30	3734.98	
3735.06	3738.58	3736.38	3732.42	3740.76	3741.88	3736.26	3743.32	3734.94	3744.52	3741.20	3740.54	3748.00	3747.46	3747.84	3752.46	
3751.92	3628.66	3702.28	3741.24	3741.00	3743.18	3745.46	3750.76	3746.56	3739.28	3745.78	3744.30	3747.24	3749.66	3744.38	3742.70	
3742.20	3731.40	3721.16	3722.72	3739.44	3737.26	3736.40	3734.14	3726.90	3714.54	3732.08	3728.36	3735.50	3736.82	3752.72	3707.78	

*******************************************2025/07/26;16:19:55
Probe number 231
Concentration entered by User 2.05% (Compensated: 2.87% at temperature 30.9)
1295.22	1313.06	1325.32	1338.70	1354.46	1369.20	1386.00	1402.06	1422.54	1441.60	1464.66	1490.12	1517.18	1543.04	1563.04	1585.12	
1610.42	1649.08	1684.38	1735.14	1769.96	1809.70	1845.00	1886.98	1924.64	1968.42	2017.58	2080.30	2151.58	2235.02	2342.76	2489.82	
2678.38	3000.78	3297.86	3508.80	3639.06	3671.08	3678.66	3683.06	3685.00	3695.86	3701.30	3703.84	3691.54	3688.72	3695.34	3693.16	
3691.48	3721.20	3710.70	3713.78	3716.02	3718.26	3721.12	3717.76	3720.48	3724.22	3719.84	3719.80	3723.68	3718.74	3715.58	3726.86	
3730.22	3732.08	3730.80	3731.34	3721.80	3724.98	3720.54	3715.08	3725.66	3717.34	3729.08	3724.02	3731.34	3731.32	3730.28	3734.94	
3735.00	3738.58	3736.36	3732.84	3740.54	3742.06	3736.24	3743.22	3734.62	3744.62	3741.08	3740.70	3748.02	3747.44	3748.08	3752.56	
3751.78	3628.58	3702.50	3741.02	3741.22	3743.32	3745.44	3750.72	3746.30	3739.24	3745.76	3744.70	3747.44	3749.70	3744.36	3742.42	
3742.00	3731.06	3721.12	3722.56	3739.44	3737.02	3736.14	3734.00	3726.82	3714.74	3732.14	3728.28	3735.36	3736.82	3752.56	3707.54	

*******************************************2025/07/26;16:24:55
Probe number 232
Concentration entered by User 2.06% (Compensated: 2.90% at temperature 31.1)
1293.52	1311.02	1324.52	1337.18	1352.70	1367.24	1383.78	1399.82	1420.54	1439.66	1462.92	1486.56	1512.58	1541.54	1563.98	1585.00	
1608.34	1649.08	1683.22	1733.76	1767.94	1804.14	1843.72	1881.40	1921.90	1963.98	2011.84	2068.90	2156.44	2228.08	2339.16	2481.32	
2677.56	2995.32	3299.54	3502.28	3632.32	3666.68	3674.20	3678.02	3680.72	3691.00	3696.92	3699.44	3687.12	3683.98	3690.80	3688.78	
3687.36	3717.72	3706.70	3709.84	3712.26	3714.38	3717.16	3713.80	3716.64	3720.70	3716.00	3716.20	3720.08	3715.08	3711.90	3723.62	
3726.90	3728.88	3727.60	3728.36	3718.14	3721.32	3716.74	3711.68	3722.44	3714.04	3726.18	3720.46	3728.00	3728.04	3727.12	3731.94	
3732.06	3735.36	3733.30	3729.88	3737.60	3738.74	3733.50	3740.18	3731.70	3741.68	3738.08	3737.34	3745.48	3744.42	3745.12	3749.96	
3748.98	3623.50	3698.52	3738.18	3738.28	3740.30	3742.48	3747.88	3743.50	3736.30	3742.82	3741.52	3744.38	3746.72	3741.30	3739.66	
3739.28	3727.66	3717.84	3718.90	3736.20	3733.80	3733.48	3730.74	3723.56	3711.10	3729.06	3725.10	3732.68	3733.78	3750.12	3704.22	

*******************************************2025/07/26;16:29:55
Probe number 233
Concentration entered by User 2.00% (Compensated: 2.84% at temperature 31.2)
1295.98	1313.40	1325.74	1339.22	1355.24	1369.40	1386.68	1402.78	1422.66	1441.52	1465.48	1489.48	1515.98	1545.46	1566.74	1586.32	
1610.02	1650.68	1686.30	1739.38	1776.28	1811.48	1843.72	1885.06	1931.44	1969.86	2013.98	2077.90	2156.14	2234.36	2346.46	2495.94	
2689.56	3019.14	3316.38	3511.86	3640.72	3673.44	3680.16	3684.28	3686.48	3696.98	3702.36	3705.04	3692.86	3690.00	3695.94	3694.26	
3692.62	3722.20	3711.48	3714.74	3716.72	3719.86	3722.26	3718.70	3721.14	3725.24	3721.16	3721.48	3724.78	3720.10	3716.44	3728.04	
3731.24	3733.40	3732.10	3732.96	3722.64	3725.72	3721.50	3716.50	3726.82	3718.68	3730.28	3725.28	3732.40	3731.96	3731.32	3736.32	
3736.14	3739.68	3737.54	3734.20	3741.78	3743.06	3737.28	3744.24	3736.00	3745.38	3741.96	3741.48	3749.42	3748.50	3749.12	3753.34	
3752.90	3630.30	3703.54	3742.08	3742.14	3744.16	3746.50	3751.94	3747.14	3740.64	3747.10	3745.74	3748.52	3750.74	3745.42	3743.66	
3743.00	3732.30	3722.54	3723.98	3740.24	3738.70	3737.58	3735.24	3727.96	3715.54	3733.44	3729.64	3736.60	3737.94	3753.80	3709.06	

*******************************************2025/07/26;16:34:55
Probe number 234
Concentration entered by User 2.01% (Compensated: 2.86% at temperature 31.3)
1296.58	1313.92	1326.04	1339.40	1354.96	1370.44	1389.34	1404.90	1423.96	1442.38	1466.94	1491.48	1517.36	1545.18	1566.48	1589.30	
1613.24	1653.16	1687.44	1737.28	1772.62	1809.54	1845.84	1887.74	1933.54	1975.86	2017.50	2083.40	2164.44	2239.26	2350.86	2495.62	
2696.74	3014.56	3312.22	3509.68	3643.38	3675.04	3682.62	3687.60	3688.94	3699.34	3705.04	3707.90	3695.98	3692.88	3699.16	3697.28	
3696.06	3724.86	3714.12	3717.50	3719.88	3722.46	3724.84	3721.76	3723.76	3727.66	3723.62	3723.82	3727.12	3722.40	3719.46	3730.34	
3733.42	3735.60	3734.36	3735.08	3724.98	3728.30	3724.04	3719.28	3729.26	3721.38	3732.72	3727.70	3734.82	3734.56	3733.88	3738.54	
3738.52	3741.80	3740.02	3736.26	3743.64	3744.98	3739.72	3746.42	3738.36	3747.86	3744.32	3744.12	3751.28	3750.40	3751.26	3755.58	
3754.92	3633.74	3706.18	3744.54	3744.68	3746.80	3748.58	3753.74	3749.32	3742.68	3749.00	3747.78	3750.84	3752.76	3747.42	3745.64	
3745.16	3734.84	3724.90	3726.46	3742.90	3740.78	3739.86	3737.66	3730.54	3718.64	3735.80	3731.96	3739.34	3740.34	3755.62	3711.98	

*******************************************2025/07/26;16:39:55
Probe number 235
Concentration entered by User 2.03% (Compensated: 2.89% at temperature 31.4)
1294.64	1312.20	1324.04	1337.20	1353.62	1368.02	1385.28	1402.14	1422.16	1440.10	1462.10	1486.62	1514.70	1544.48	1564.90	1585.00	
1607.92	1649.86	1686.24	1737.98	1771.70	1804.68	1842.26	1886.72	1928.68	1968.80	2015.30	2082.58	2152.12	2225.90	2342.74	2491.88	
2689.02	3009.40	3304.54	3508.90	3633.70	3667.18	3675.36	3680.44	3682.40	3692.96	3699.10	3701.50	3689.48	3686.44	3692.74	3691.30	
3689.62	3719.20	3708.10	3712.08	3714.50	3716.98	3719.90	3715.76	3718.34	3722.46	3718.22	3718.28	3721.94	3716.98	3714.02	3725.26	
3728.50	3730.86	3729.18	3730.14	3719.80	3723.14	3718.46	3713.74	3724.10	3716.14	3727.62	3722.36	3729.44	3729.54	3728.74	3733.56	
3733.60	3736.98	3734.98	3731.42	3739.34	3740.42	3734.72	3741.74	3733.34	3743.04	3740.00	3739.12	3746.98	3745.78	3746.76	3751.30	
3750.48	3625.84	3700.56	3739.78	3739.90	3741.82	3744.20	3749.32	3744.98	3737.78	3744.82	3743.24	3746.18	3748.28	3742.96	3741.04	
3740.98	3729.78	3719.48	3720.88	3737.88	3735.84	3735.10	3732.88	3725.24	3712.78	3730.74	3726.86	3734.16	3735.22	3751.36	3706.48	

*******************************************2025/07/26;16:44:55
Probe number 236
Concentration entered by User 2.03% (Compensated: 2.90% at temperature 31.5)
1295.34	1313.32	1325.56	1339.80	1355.98	1370.36	1386.98	1403.30	1423.22	1442.26	1466.86	1491.30	1517.78	1545.56	1564.32	1586.26	
1611.28	1649.50	1684.56	1737.30	1771.38	1806.82	1842.76	1884.54	1932.80	1974.96	2020.86	2084.98	2160.86	2239.90	2348.60	2497.88	
2690.92	3011.54	3304.84	3509.82	3634.34	3671.38	3680.04	3684.06	3685.74	3696.14	3702.36	3704.98	3692.70	3690.36	3696.20	3694.90	
3693.50	3722.36	3711.22	3714.84	3717.42	3720.16	3722.72	3719.00	3721.52	3725.40	3721.22	3721.56	3724.94	3720.24	3716.56	3728.22	
3731.56	3733.84	3732.24	3733.10	3722.98	3726.56	3721.66	3717.22	3727.28	3719.18	3730.94	3725.64	3732.64	3732.68	3732.22	3736.86	
3736.50	3740.02	3738.06	3734.32	3741.90	3743.50	3737.58	3744.48	3736.24	3745.94	3742.66	3741.92	3749.52	3749.08	3749.48	3753.70	
3753.14	3630.56	3704.06	3742.76	3742.46	3744.94	3746.94	3752.30	3747.52	3740.92	3747.32	3745.94	3748.74	3751.34	3745.80	3744.02	
3743.36	3732.64	3722.66	3724.30	3740.80	3738.60	3737.96	3735.80	3728.34	3716.54	3733.94	3730.04	3737.06	3738.54	3754.20	3709.96	

*******************************************2025/07/26;16:49:55
Probe number 237
Concentration entered by User 2.02% (Compensated: 2.90% at temperature 31.5)
1295.60	1312.58	1325.36	1339.20	1355.36	1370.44	1387.82	1403.70	1422.44	1441.56	1465.04	1490.24	1515.76	1544.48	1564.80	1586.16	
1611.12	1649.92	1682.68	1736.30	1771.42	1807.62	1848.34	1888.28	1928.24	1969.90	2018.38	2083.04	2166.54	2247.86	2356.82	2497.30	
2693.76	3012.94	3306.74	3508.30	3636.50	3670.92	3678.54	3683.12	3684.78	3695.58	3701.42	3704.62	3692.60	3689.24	3695.88	3694.26	
3692.64	3722.32	3710.82	3714.98	3717.38	3719.96	3722.54	3718.90	3721.24	3724.76	3721.16	3721.28	3724.62	3719.92	3716.56	3727.84	
3731.28	3733.56	3732.24	3733.18	3723.24	3726.48	3721.50	3716.94	3727.36	3719.08	3730.80	3725.46	3732.70	3732.18	3731.80	3736.60	
3736.24	3740.10	3737.72	3734.66	3742.40	3743.32	3737.72	3744.46	3736.36	3745.90	3742.62	3741.82	3749.48	3748.80	3749.36	3753.58	
3753.14	3631.14	3703.80	3742.54	3742.56	3744.80	3746.78	3752.10	3747.66	3741.22	3747.32	3745.78	3748.78	3750.92	3745.48	3743.86	
3743.50	3732.62	3722.50	3724.38	3740.90	3738.88	3737.78	3735.94	3728.36	3716.36	3733.96	3729.96	3737.36	3738.48	3753.98	3709.84	

*******************************************2025/07/26;16:54:55
Probe number 238
Concentration entered by User 2.01% (Compensated: 2.89% at temperature 31.6)
1296.78	1314.12	1326.20	1340.46	1355.98	1371.58	1389.04	1405.10	1424.14	1442.38	1466.36	1490.56	1517.12	1545.10	1564.96	1586.14	
1611.24	1651.78	1686.90	1738.68	1773.66	1811.34	1848.60	1890.66	1933.00	1973.46	2019.88	2088.74	2163.06	2240.90	2353.86	2499.92	
2701.36	3014.40	3308.70	3514.82	3637.56	3673.12	3679.70	3684.36	3686.20	3696.78	3702.56	3705.50	3693.16	3690.50	3696.72	3695.66	
3694.04	3723.14	3711.72	3715.60	3718.20	3721.08	3723.44	3719.70	3722.40	3726.24	3721.78	3722.04	3725.84	3721.08	3717.62	3729.16	
3732.46	3734.44	3733.40	3733.96	3723.40	3727.64	3722.76	3718.26	3728.20	3720.10	3731.72	3726.64	3733.54	3733.54	3732.98	3737.68	
3737.44	3740.80	3738.90	3735.50	3743.00	3744.28	3738.54	3745.42	3737.14	3746.68	3743.34	3743.00	3750.28	3749.82	3750.40	3754.54	
3753.96	3632.32	3705.22	3743.56	3743.76	3745.72	3747.76	3753.08	3748.64	3741.68	3748.34	3746.86	3749.38	3751.68	3746.48	3744.94	
3744.40	3733.52	3723.94	3725.48	3741.82	3739.70	3738.80	3736.90	3729.42	3717.84	3735.08	3730.92	3738.16	3739.98	3754.58	3711.14	

*******************************************2025/07/26;16:59:55
Probe number 239
Concentration entered by User 1.98% (Compensated: 2.87% at temperature 31.6)
1297.80	1315.68	1327.80	1341.28	1357.16	1371.00	1387.90	1403.38	1424.72	1444.96	1468.00	1492.54	1518.36	1546.28	1566.24	1587.72	
1612.68	1653.98	1687.56	1741.56	1772.96	1808.16	1849.34	1892.22	1928.98	1971.48	2023.62	2089.54	2170.56	2244.06	2356.24	2498.62	
2695.78	3015.18	3317.02	3524.66	3645.00	3676.28	3683.86	3687.50	3689.48	3699.76	3705.20	3708.18	3696.88	3694.08	3700.38	3698.80	
3697.36	3726.26	3715.12	3718.70	3721.56	3723.86	3726.48	3723.02	3725.42	3729.02	3724.86	3725.08	3728.80	3724.46	3720.76	3731.82	
3735.26	3737.82	3736.02	3736.76	3726.90	3730.52	3725.88	3721.54	3731.16	3723.46	3734.42	3729.56	3737.02	3736.30	3736.06	3740.52	
3739.98	3743.64	3741.62	3738.32	3745.62	3746.54	3741.32	3748.10	3739.90	3749.30	3746.30	3745.62	3753.06	3752.24	3752.84	3756.78	
3756.68	3636.72	3708.76	3746.36	3746.48	3748.66	3750.54	3755.70	3751.30	3744.52	3750.98	3749.42	3752.04	3754.38	3749.34	3747.46	
3746.94	3736.64	3726.88	3728.90	3744.52	3742.54	3741.44	3740.14	3732.68	3721.02	3737.68	3734.38	3740.92	3742.66	3757.26	3714.26	

*******************************************2025/07/26;17:04:55
Probe number 240
Concentration entered by User 1.98% (Compensated: 2.88% at temperature 31.7)
1297.00	1315.16	1327.24	1341.32	1356.62	1371.10	1388.28	1403.94	1424.70	1442.90	1467.80	1492.02	1518.24	1547.00	1566.64	1588.36	
1612.30	1651.50	1686.72	1742.50	1773.40	1809.92	1845.90	1889.96	1931.86	1973.20	2017.64	2086.52	2165.38	2241.00	2347.70	2493.20	
2699.60	3027.86	3313.86	3515.44	3642.64	3671.88	3679.46	3683.76	3686.52	3696.58	3702.38	3705.52	3693.86	3691.56	3697.42	3695.64	
3694.46	3723.04	3711.88	3715.94	3718.64	3721.30	3723.74	3720.34	3723.00	3726.66	3722.18	3722.70	3726.50	3721.80	3717.92	3729.64	
3733.02	3735.24	3733.94	3734.86	3724.52	3728.46	3723.48	3719.36	3729.02	3721.34	3732.44	3727.46	3734.62	3733.98	3733.92	3738.50	
3738.02	3741.78	3739.38	3736.12	3743.72	3744.84	3739.14	3746.56	3738.14	3747.58	3744.28	3743.52	3751.08	3750.50	3750.82	3755.36	
3754.82	3633.66	3706.52	3744.50	3744.40	3746.42	3748.68	3753.90	3749.22	3742.30	3748.88	3747.66	3750.28	3752.54	3747.26	3745.50	
3745.10	3734.32	3724.48	3726.70	3742.42	3740.66	3739.54	3737.90	3730.28	3718.92	3736.06	3731.86	3739.24	3740.46	3755.62	3712.08	

*******************************************2025/07/26;17:09:55
Probe number 241
Concentration entered by User 1.96% (Compensated: 2.86% at temperature 31.8)
1297.96	1315.82	1327.96	1340.36	1356.80	1371.58	1389.38	1404.98	1424.16	1443.42	1468.98	1492.10	1519.60	1547.52	1567.22	1590.28	
1612.92	1654.26	1689.94	1742.58	1773.42	1808.20	1845.04	1890.08	1928.04	1970.04	2017.18	2091.80	2173.62	2245.68	2360.12	2501.92	
2711.76	3028.16	3323.10	3520.66	3643.46	3673.40	3680.64	3684.34	3686.24	3696.88	3702.18	3705.52	3694.62	3691.40	3697.80	3696.10	
3694.84	3723.90	3712.12	3716.20	3719.42	3721.64	3724.62	3721.24	3723.50	3727.32	3722.90	3723.04	3726.96	3722.20	3718.70	3730.50	
3733.54	3735.62	3734.58	3735.24	3724.96	3728.96	3723.98	3719.82	3729.62	3721.96	3733.00	3728.22	3735.16	3734.48	3734.42	3738.96	
3738.38	3742.52	3739.96	3736.48	3744.32	3745.40	3739.94	3746.78	3738.52	3748.00	3744.66	3744.14	3751.36	3751.16	3751.46	3756.06	
3755.32	3634.20	3706.96	3744.80	3745.26	3746.98	3749.28	3754.38	3749.78	3743.22	3749.36	3748.00	3750.80	3753.38	3747.54	3746.02	
3745.70	3735.16	3725.12	3727.00	3743.24	3741.26	3740.06	3738.28	3730.74	3719.46	3736.36	3732.78	3739.36	3741.32	3756.12	3712.92	

*******************************************2025/07/26;17:14:55
Probe number 242
Concentration entered by User 1.95% (Compensated: 2.85% at temperature 31.8)
1297.48	1315.38	1327.42	1341.30	1357.70	1372.66	1389.76	1404.96	1425.44	1444.88	1468.20	1490.90	1518.18	1548.02	1568.38	1590.78	
1613.44	1653.88	1688.60	1740.24	1772.06	1809.90	1848.24	1889.08	1931.52	1975.18	2024.36	2088.72	2169.82	2241.12	2349.40	2498.86	
2710.38	3039.98	3323.54	3518.92	3642.84	3674.02	3682.82	3686.22	3688.40	3699.02	3704.66	3707.16	3696.38	3693.90	3699.84	3698.36	
3697.34	3726.08	3714.34	3718.36	3721.36	3723.78	3726.58	3723.30	3725.32	3728.98	3725.16	3725.04	3728.48	3723.88	3720.78	3732.10	
3735.66	3737.56	3736.38	3737.08	3726.94	3731.10	3726.10	3721.86	3731.36	3723.88	3734.94	3730.18	3736.92	3736.24	3736.28	3740.56	
3740.06	3744.30	3741.66	3738.74	3746.02	3747.14	3741.50	3748.36	3740.40	3749.56	3746.40	3746.00	3753.16	3752.56	3753.06	3757.34	
3756.80	3637.22	3709.10	3746.66	3746.58	3748.86	3750.92	3755.80	3751.56	3744.82	3750.94	3749.72	3752.32	3754.66	3749.62	3747.76	
3747.38	3736.84	3727.04	3729.12	3744.74	3743.10	3742.26	3739.96	3732.86	3721.60	3738.48	3734.70	3741.60	3743.22	3757.50	3715.16	

*******************************************2025/07/26;17:19:55
Probe number 243
Concentration entered by User 1.97% (Compensated: 2.88% at temperature 31.9)
1298.28	1315.88	1327.46	1341.22	1357.54	1372.04	1390.22	1406.24	1425.20	1443.44	1466.58	1490.44	1518.50	1548.64	1568.66	1589.28	
1614.72	1653.30	1687.86	1739.68	1774.16	1811.26	1847.70	1890.16	1933.04	1977.48	2022.18	2089.82	2169.72	2244.80	2348.38	2496.08	
2706.38	3030.04	3321.68	3513.54	3639.34	3672.32	3679.26	3683.08	3684.94	3695.48	3701.04	3704.14	3692.64	3690.84	3696.64	3695.38	
3694.38	3723.22	3711.62	3715.56	3718.94	3721.30	3724.18	3720.50	3722.84	3726.42	3722.44	3722.74	3726.38	3721.66	3718.36	3729.96	
3733.32	3735.84	3734.28	3735.18	3724.24	3728.56	3723.86	3719.46	3729.14	3721.38	3732.78	3727.74	3734.96	3734.04	3734.20	3738.68	
3738.12	3741.96	3739.54	3736.48	3744.04	3744.86	3739.24	3746.42	3738.08	3747.64	3744.14	3744.18	3751.44	3750.60	3751.32	3755.36	
3755.02	3633.96	3706.48	3744.60	3744.72	3746.98	3748.72	3753.94	3749.44	3743.22	3749.18	3747.72	3750.62	3752.66	3747.20	3745.82	
3745.34	3734.78	3724.70	3726.94	3742.92	3740.86	3740.12	3738.18	3730.54	3719.66	3736.30	3732.40	3739.44	3740.98	3755.72	3712.82	

*******************************************2025/07/26;17:24:55
Probe number 244
Concentration entered by User 1.96% (Compensated: 2.88% at temperature 32.0)
1297.30	1314.94	1328.14	1341.94	1358.46	1372.54	1389.08	1405.56	1425.78	1444.88	1468.88	1492.80	1518.92	1546.92	1568.42	1591.30	
1614.70	1654.96	1688.94	1740.70	1776.02	1815.16	1849.92	1892.76	1931.40	1978.50	2027.24	2093.40	2167.36	2240.04	2357.36	2506.90	
2708.94	3031.72	3324.36	3516.04	3642.36	3674.84	3681.96	3685.82	3688.12	3698.34	3703.70	3706.70	3696.10	3693.64	3699.32	3698.26	
3697.42	3726.04	3714.30	3718.62	3721.36	3724.00	3726.58	3723.24	3725.94	3729.16	3724.96	3725.18	3728.78	3724.58	3720.94	3732.60	
3735.62	3738.32	3736.82	3737.44	3726.90	3731.08	3726.20	3722.16	3731.42	3724.08	3735.14	3730.38	3737.52	3736.60	3736.74	3741.06	
3740.50	3744.62	3741.86	3739.08	3746.24	3747.10	3741.66	3748.74	3740.60	3749.94	3746.62	3746.38	3753.36	3752.82	3753.30	3757.78	
3757.24	3637.74	3709.72	3747.24	3747.14	3749.26	3751.12	3756.16	3751.68	3745.42	3751.50	3750.10	3752.60	3754.84	3749.74	3747.90	
3747.40	3737.50	3727.44	3729.46	3745.08	3743.38	3742.36	3740.76	3733.04	3722.24	3738.68	3734.96	3741.82	3743.46	3757.74	3715.74	

*******************************************2025/07/26;17:29:55
Probe number 245
Concentration entered by User 1.96% (Compensated: 2.88% at temperature 32.1)
1298.54	1316.12	1328.62	1342.16	1358.34	1372.66	1390.22	1406.02	1426.26	1444.98	1468.50	1493.54	1519.90	1547.42	1569.84	1590.34	
1613.38	1653.40	1689.00	1739.78	1776.36	1809.48	1847.96	1891.22	1934.78	1975.34	2022.40	2096.88	2178.40	2245.98	2358.22	2507.78	
2722.68	3032.00	3322.12	3516.24	3642.02	3673.02	3681.30	3685.20	3686.78	3697.32	3703.54	3706.40	3695.46	3693.86	3699.46	3698.52	
3697.20	3725.46	3714.00	3717.96	3721.00	3723.86	3726.60	3723.02	3725.88	3729.12	3725.18	3725.16	3728.82	3724.24	3721.14	3732.66	
3735.50	3738.00	3736.58	3737.40	3726.74	3730.98	3726.06	3721.88	3731.54	3723.98	3734.90	3729.96	3737.28	3736.28	3736.48	3740.64	
3740.66	3744.38	3742.02	3738.94	3746.06	3746.98	3741.60	3748.68	3740.48	3749.64	3746.38	3746.14	3753.36	3752.58	3753.06	3757.54	
3756.92	3637.56	3709.24	3746.92	3746.90	3748.98	3750.84	3755.96	3751.44	3745.14	3751.14	3749.94	3752.70	3754.84	3749.52	3747.84	
3747.46	3737.06	3727.28	3729.26	3745.00	3743.04	3742.20	3740.62	3732.84	3722.10	3738.76	3734.80	3741.72	3743.18	3757.52	3715.84	

*******************************************2025/07/26;17:34:55
Probe number 246
Concentration entered by User 1.96% (Compensated: 2.89% at temperature 32.2)
1298.44	1316.20	1328.44	1342.28	1357.76	1372.46	1389.18	1406.02	1426.40	1445.08	1467.34	1490.94	1518.50	1547.44	1567.62	1589.02	
1614.90	1656.42	1690.18	1739.94	1776.04	1809.38	1847.32	1889.74	1932.56	1979.56	2025.82	2089.90	2168.80	2250.04	2362.56	2507.04	
2712.34	3033.38	3321.50	3517.88	3641.94	3672.92	3679.58	3683.68	3685.66	3695.96	3701.20	3704.52	3694.26	3691.70	3697.90	3695.98	
3695.32	3723.94	3712.16	3716.50	3719.74	3722.22	3724.84	3721.44	3723.86	3727.32	3723.26	3723.56	3727.24	3722.42	3719.36	3730.72	
3734.06	3736.44	3734.82	3735.76	3725.58	3729.48	3724.66	3720.58	3730.02	3722.74	3733.60	3728.88	3735.54	3734.96	3734.94	3739.00	
3738.68	3742.90	3740.08	3737.48	3744.74	3745.74	3740.46	3747.06	3738.84	3748.48	3745.08	3744.58	3751.98	3751.36	3752.12	3756.48	
3755.86	3635.64	3707.54	3745.74	3745.50	3747.62	3749.90	3754.88	3750.44	3743.74	3749.88	3748.66	3751.34	3753.52	3748.02	3746.42	
3745.92	3735.64	3725.48	3728.10	3743.80	3742.00	3740.50	3739.06	3731.28	3720.68	3737.36	3733.56	3740.28	3741.98	3756.48	3714.12	

*******************************************2025/07/26;17:39:55
Probe number 247
Concentration entered by User 2.00% (Compensated: 2.93% at temperature 32.2)
1298.02	1315.72	1327.58	1341.02	1357.32	1371.56	1388.48	1404.30	1424.46	1443.56	1467.82	1492.62	1519.62	1547.94	1568.94	1589.22	
1612.88	1653.28	1689.92	1741.94	1776.84	1813.28	1852.02	1891.00	1932.00	1979.14	2026.90	2093.26	2173.82	2234.22	2358.66	2513.76	
2714.60	3027.36	3305.24	3513.80	3640.08	3669.68	3679.18	3683.20	3685.38	3694.92	3699.98	3703.88	3693.32	3691.06	3696.98	3695.34	
3694.36	3723.16	3711.60	3715.58	3718.76	3721.36	3724.12	3720.60	3723.50	3726.84	3722.66	3722.56	3726.84	3721.96	3719.00	3730.16	
3733.52	3736.12	3734.20	3735.54	3725.08	3729.20	3724.06	3719.74	3729.60	3722.14	3732.96	3727.98	3735.18	3734.44	3734.68	3738.68	
3738.56	3742.54	3739.90	3736.76	3744.48	3745.40	3739.74	3746.76	3738.56	3748.08	3744.52	3744.22	3751.66	3751.08	3751.56	3756.02	
3755.56	3635.00	3707.16	3745.44	3745.10	3747.48	3749.18	3754.52	3749.64	3743.34	3749.52	3748.14	3751.20	3753.26	3747.72	3746.16	
3746.06	3735.38	3724.98	3727.54	3743.26	3741.40	3740.38	3738.58	3731.00	3720.06	3736.92	3732.66	3739.90	3741.64	3756.02	3713.12	

*******************************************2025/07/26;17:44:55
Probe number 248
Concentration entered by User 1.92% (Compensated: 2.85% at temperature 32.2)
1300.08	1317.56	1330.46	1344.54	1360.34	1375.34	1390.74	1407.20	1427.02	1445.90	1470.92	1495.16	1523.50	1551.26	1569.76	1592.30	
1618.30	1656.30	1692.56	1743.68	1779.52	1814.90	1851.58	1893.64	1937.20	1985.80	2033.44	2098.08	2181.32	2250.28	2363.50	2512.34	
2721.42	3044.28	3326.72	3527.90	3645.06	3675.58	3683.50	3687.34	3689.38	3699.20	3704.56	3708.40	3697.36	3695.30	3701.40	3699.46	
3698.48	3727.06	3714.84	3719.22	3722.56	3725.72	3727.66	3724.28	3726.94	3730.32	3726.48	3726.54	3730.38	3725.42	3722.32	3733.54	
3736.68	3739.58	3737.74	3738.94	3728.24	3732.54	3727.38	3723.42	3732.74	3725.68	3736.50	3731.78	3738.44	3737.80	3737.84	3742.14	
3741.32	3745.42	3742.98	3740.16	3747.28	3748.48	3743.10	3749.92	3741.72	3750.74	3747.78	3747.56	3754.52	3753.88	3754.44	3758.48	
3758.28	3639.90	3711.26	3748.32	3748.26	3750.14	3752.20	3757.08	3752.72	3746.32	3752.30	3751.32	3753.92	3755.80	3750.80	3748.98	
3748.82	3738.66	3728.64	3731.14	3746.30	3744.80	3743.58	3742.02	3734.18	3723.80	3740.10	3736.18	3742.90	3744.94	3758.92	3717.48	

*******************************************2025/07/26;17:49:55
Probe number 249
Concentration entered by User 1.96% (Compensated: 2.89% at temperature 32.1)
1296.64	1314.12	1326.44	1340.42	1356.24	1370.98	1387.74	1403.64	1424.10	1442.94	1465.70	1489.62	1518.52	1546.58	1566.28	1587.96	
1611.26	1652.88	1688.92	1736.54	1770.78	1809.60	1843.98	1884.54	1929.32	1975.76	2025.68	2083.04	2165.66	2245.08	2354.24	2510.44	
2721.44	3043.62	3314.74	3514.64	3635.80	3668.34	3676.36	3679.68	3681.54	3691.04	3696.74	3699.62	3689.06	3686.74	3692.66	3691.34	
3690.26	3719.42	3707.58	3711.60	3714.52	3717.76	3720.50	3716.98	3719.42	3723.56	3718.80	3719.28	3722.92	3717.92	3714.88	3726.84	
3730.18	3732.58	3731.16	3731.86	3721.02	3725.42	3720.00	3716.06	3725.74	3718.02	3729.56	3724.54	3731.50	3730.92	3731.18	3735.26	
3734.82	3739.08	3736.28	3733.42	3740.98	3742.12	3736.60	3743.42	3735.06	3745.00	3741.38	3741.18	3748.82	3747.90	3748.50	3753.00	
3752.26	3629.88	3703.02	3741.96	3742.00	3744.42	3745.80	3751.34	3746.72	3740.20	3746.14	3744.98	3747.90	3749.86	3744.48	3742.76	
3742.18	3731.78	3721.42	3724.18	3739.84	3738.20	3736.62	3735.30	3727.24	3716.44	3733.48	3729.46	3736.64	3738.36	3753.10	3709.50	

*******************************************2025/07/26;17:54:55
Probe number 250
Concentration entered by User 1.93% (Compensated: 2.85% at temperature 32.1)
1300.44	1317.74	1329.78	1343.70	1359.52	1373.98	1391.42	1407.40	1426.94	1445.20	1470.84	1496.14	1523.02	1549.08	1570.00	1592.50	
1615.40	1655.18	1689.58	1742.64	1779.26	1817.48	1851.38	1891.66	1937.12	1983.98	2035.94	2095.68	2170.84	2251.42	2361.80	2511.12	
2727.52	3050.92	3320.50	3525.06	3645.80	3677.14	3684.02	3687.36	3689.56	3699.46	3704.48	3707.50	3697.76	3695.78	3701.10	3699.28	
3698.14	3726.60	3714.96	3718.74	3722.42	3725.16	3727.70	3724.26	3726.88	3730.24	3726.06	3726.26	3729.90	3725.18	3722.10	3733.54	
3736.52	3739.10	3737.50	3738.52	3728.00	3732.28	3727.26	3723.38	3732.58	3725.14	3736.00	3731.38	3738.28	3737.50	3737.50	3741.84	
3741.36	3745.38	3742.94	3739.56	3746.86	3747.94	3742.66	3749.78	3741.52	3750.88	3747.64	3747.16	3754.24	3753.92	3754.02	3758.56	
3757.96	3639.52	3710.70	3748.22	3748.18	3750.00	3751.80	3756.98	3752.58	3746.28	3752.10	3750.88	3753.42	3755.88	3750.58	3749.08	
3748.60	3738.42	3728.48	3730.98	3746.20	3744.56	3743.20	3741.74	3734.48	3723.76	3740.00	3735.84	3742.70	3744.98	3758.60	3717.08	

*******************************************2025/07/26;17:59:55
Probe number 251
Concentration entered by User 1.95% (Compensated: 2.88% at temperature 32.1)
1297.92	1315.74	1327.60	1341.30	1357.62	1372.42	1388.18	1404.36	1426.28	1444.32	1466.88	1490.82	1520.80	1549.52	1569.00	1589.80	
1614.06	1656.56	1689.70	1740.20	1776.52	1811.22	1849.06	1890.64	1937.30	1982.80	2031.34	2089.98	2165.78	2236.14	2365.24	2511.36	
2717.00	3032.06	3317.54	3526.44	3643.50	3674.20	3682.18	3685.70	3687.20	3696.86	3702.44	3705.24	3695.22	3693.18	3698.84	3697.46	
3695.96	3724.46	3712.94	3716.72	3720.02	3722.86	3725.76	3722.10	3724.66	3728.48	3723.70	3724.26	3727.90	3722.92	3720.00	3731.50	
3734.48	3737.16	3735.62	3736.58	3726.08	3730.30	3725.46	3721.26	3730.48	3723.20	3734.30	3729.28	3736.34	3735.58	3735.56	3739.82	
3739.38	3743.46	3740.88	3738.06	3745.34	3746.50	3740.94	3748.06	3739.86	3748.78	3745.64	3745.30	3752.44	3752.04	3752.58	3756.90	
3756.24	3636.90	3708.40	3746.68	3746.22	3748.30	3750.16	3755.52	3751.14	3744.64	3750.34	3749.14	3751.86	3754.32	3749.06	3747.20	
3746.64	3736.12	3726.62	3728.78	3744.34	3742.46	3741.32	3739.68	3732.02	3721.44	3738.02	3734.22	3741.12	3743.04	3757.04	3714.90	

*******************************************2025/07/26;18:04:55
Probe number 252
Concentration entered by User 1.95% (Compensated: 2.87% at temperature 32.1)
1297.94	1315.84	1328.40	1342.14	1358.00	1372.58	1390.28	1406.22	1426.00	1444.30	1467.36	1492.28	1521.62	1549.82	1570.76	1591.56	
1614.64	1656.80	1690.68	1741.42	1775.96	1810.78	1850.56	1892.02	1936.78	1986.48	2035.40	2091.60	2168.28	2243.26	2361.26	2509.92	
2709.20	3036.44	3322.76	3521.36	3643.32	3675.38	3681.18	3685.22	3687.18	3697.30	3702.72	3705.70	3695.54	3693.68	3699.24	3697.58	
3696.66	3724.94	3713.24	3717.30	3720.36	3723.32	3726.08	3722.78	3725.38	3728.72	3724.30	3724.70	3728.30	3723.68	3720.36	3732.18	
3735.06	3737.48	3736.28	3737.24	3726.68	3730.94	3725.62	3721.42	3731.16	3723.44	3734.64	3729.88	3736.38	3735.92	3735.96	3740.28	
3739.82	3743.90	3741.32	3738.60	3745.60	3746.72	3741.14	3748.22	3740.10	3749.40	3746.14	3745.62	3753.10	3752.64	3753.10	3757.36	
3756.62	3637.32	3709.04	3746.78	3746.76	3748.82	3750.76	3755.96	3751.30	3744.90	3751.02	3749.36	3752.44	3754.48	3749.24	3747.68	
3747.12	3736.86	3726.84	3729.28	3744.92	3743.18	3741.54	3740.38	3732.64	3721.86	3738.46	3734.26	3741.28	3743.36	3757.60	3715.20	

*******************************************2025/07/26;18:09:55
Probe number 253
Concentration entered by User 2.00% (Compensated: 2.92% at temperature 32.0)
1295.98	1313.94	1326.50	1339.94	1355.32	1369.40	1386.98	1402.70	1422.54	1442.20	1465.24	1488.84	1517.24	1545.72	1568.32	1587.32	
1609.94	1651.62	1685.04	1734.50	1769.34	1807.70	1841.14	1881.62	1929.04	1973.32	2022.90	2080.50	2156.58	2233.52	2355.20	2506.28	
2709.08	3027.50	3308.42	3512.86	3630.00	3662.86	3670.14	3673.88	3675.70	3686.30	3691.90	3695.16	3684.68	3682.60	3688.32	3686.58	
3685.72	3715.50	3703.18	3707.22	3710.94	3714.00	3716.58	3712.76	3715.72	3719.58	3714.82	3715.08	3719.04	3714.30	3710.82	3722.86	
3726.24	3728.70	3727.36	3728.62	3717.34	3721.90	3716.26	3712.06	3722.04	3714.22	3725.42	3720.48	3727.76	3727.38	3727.42	3731.56	
3731.38	3735.72	3732.90	3729.88	3737.32	3738.66	3732.76	3740.36	3731.24	3741.38	3737.88	3737.54	3745.26	3744.52	3745.12	3749.94	
3749.20	3624.44	3698.88	3738.62	3738.52	3740.68	3742.50	3748.34	3743.54	3736.74	3743.14	3741.66	3744.42	3747.12	3741.16	3739.54	
3738.56	3727.84	3717.40	3720.22	3736.44	3734.98	3733.22	3731.74	3723.58	3712.22	3729.68	3725.58	3733.20	3734.84	3750.16	3705.46	

*******************************************2025/07/26;18:14:55
Probe number 254
Concentration entered by User 1.97% (Compensated: 2.89% at temperature 32.1)
1297.20	1315.16	1327.84	1341.76	1356.88	1371.94	1389.10	1404.82	1424.72	1443.08	1466.90	1491.74	1519.54	1548.04	1569.48	1590.58	
1612.12	1652.78	1688.30	1739.02	1777.48	1812.12	1846.30	1883.72	1928.86	1972.92	2029.42	2086.14	2161.88	2235.00	2361.22	2516.60	
2723.60	3028.00	3316.16	3521.52	3637.92	3669.84	3676.74	3680.58	3682.82	3693.32	3698.72	3701.84	3691.48	3689.48	3695.24	3693.50	
3692.58	3721.52	3709.54	3713.50	3717.16	3719.94	3722.48	3719.14	3721.68	3725.38	3721.12	3721.24	3724.86	3720.18	3716.94	3728.72	
3731.74	3734.24	3732.78	3733.78	3723.18	3727.58	3722.62	3717.98	3727.96	3720.12	3731.68	3726.74	3733.46	3732.72	3732.70	3736.98	
3736.62	3740.90	3738.12	3735.34	3742.84	3743.90	3738.30	3745.44	3737.02	3746.70	3743.20	3742.58	3750.30	3749.62	3750.14	3754.66	
3753.82	3632.68	3705.42	3744.02	3744.04	3745.86	3747.76	3753.14	3748.44	3741.92	3747.98	3746.88	3749.66	3751.90	3746.52	3744.78	
3744.22	3733.64	3723.42	3725.90	3741.40	3740.14	3738.72	3737.04	3729.06	3718.34	3735.16	3731.46	3738.14	3740.08	3754.90	3711.70	

*******************************************2025/07/26;18:19:55
Probe number 255
Concentration entered by User 1.91% (Compensated: 2.84% at temperature 32.1)
1298.30	1315.86	1328.30	1342.22	1358.64	1372.76	1389.86	1406.36	1426.62	1445.54	1468.22	1492.02	1519.24	1548.46	1569.40	1591.14	
1614.98	1654.08	1688.58	1738.02	1774.84	1812.50	1848.76	1890.04	1933.08	1978.54	2028.64	2091.14	2165.12	2240.84	2363.08	2523.76	
2731.70	3046.90	3327.02	3529.88	3640.28	3671.96	3679.54	3682.14	3684.22	3694.84	3699.92	3703.08	3693.56	3691.52	3697.16	3695.46	
3694.62	3723.40	3711.62	3715.82	3719.32	3721.90	3724.62	3720.92	3723.18	3726.98	3722.94	3722.76	3726.84	3722.00	3718.82	3730.54	
3733.50	3736.12	3734.56	3735.28	3724.98	3729.02	3724.14	3719.72	3729.56	3722.02	3733.22	3728.02	3735.06	3734.34	3734.46	3738.86	
3738.38	3742.38	3739.84	3737.02	3744.28	3745.40	3739.80	3746.92	3738.82	3748.18	3744.72	3744.48	3751.78	3751.22	3751.64	3755.96	
3755.58	3634.88	3707.10	3745.46	3745.12	3747.68	3749.36	3754.70	3750.02	3743.68	3749.58	3748.34	3751.06	3753.18	3747.84	3746.18	
3745.70	3735.36	3725.48	3727.56	3743.16	3741.72	3740.30	3738.62	3730.90	3720.18	3737.04	3732.98	3740.10	3741.84	3756.52	3713.44	

*******************************************2025/07/26;18:24:55
Probe number 256
Concentration entered by User 1.91% (Compensated: 2.83% at temperature 32.1)
1298.34	1316.04	1327.42	1341.42	1357.22	1371.64	1389.44	1405.24	1425.80	1444.68	1467.44	1492.70	1519.26	1547.70	1569.76	1593.16	
1616.58	1655.64	1688.80	1739.64	1771.06	1809.94	1849.90	1889.96	1931.86	1975.18	2026.26	2085.46	2160.72	2249.64	2371.74	2521.68	
2729.36	3042.58	3332.30	3533.64	3644.28	3674.46	3681.28	3684.44	3686.20	3696.18	3701.26	3704.58	3694.84	3693.56	3698.86	3697.50	
3696.62	3725.50	3713.38	3717.44	3720.78	3723.56	3726.24	3722.64	3725.24	3728.80	3724.70	3724.84	3728.50	3723.72	3720.48	3732.10	
3735.32	3737.46	3736.26	3736.88	3726.74	3730.82	3725.78	3721.36	3730.92	3723.78	3734.78	3730.08	3736.80	3735.94	3736.10	3740.46	
3739.88	3744.18	3741.24	3738.42	3746.22	3746.76	3741.30	3748.22	3739.90	3749.28	3745.94	3745.78	3753.00	3752.48	3752.94	3757.22	
3756.78	3637.72	3709.38	3746.94	3746.78	3748.96	3750.72	3756.00	3751.32	3745.00	3750.86	3749.66	3752.40	3754.72	3749.40	3747.98	
3747.22	3737.00	3726.94	3729.50	3744.96	3743.44	3741.78	3740.16	3732.54	3722.04	3738.50	3734.80	3741.36	3743.54	3757.78	3715.36	

*******************************************2025/07/26;18:29:55
Probe number 257
Concentration entered by User 1.91% (Compensated: 2.83% at temperature 32.1)
1297.82	1315.32	1327.96	1341.36	1357.14	1371.86	1389.18	1404.80	1426.48	1445.08	1468.66	1492.88	1520.12	1548.70	1570.20	1591.92	
1614.26	1654.74	1692.44	1741.52	1778.00	1812.52	1848.26	1891.54	1934.18	1976.80	2028.08	2093.48	2169.60	2247.44	2366.10	2518.14	
2723.18	3045.80	3329.56	3533.56	3644.54	3674.18	3681.38	3684.76	3686.76	3696.10	3701.18	3704.48	3694.84	3693.74	3698.84	3697.58	
3696.32	3725.00	3713.38	3717.48	3720.70	3723.76	3726.32	3723.12	3725.52	3729.14	3724.70	3724.96	3728.58	3723.84	3720.78	3731.84	
3735.20	3737.70	3736.42	3737.22	3726.86	3731.42	3725.82	3722.02	3731.02	3723.96	3734.96	3730.12	3736.78	3736.32	3736.44	3740.60	
3740.20	3744.22	3741.48	3738.58	3745.82	3746.94	3741.58	3748.50	3740.40	3749.68	3746.28	3746.02	3753.16	3752.90	3753.02	3757.54	
3757.08	3637.24	3708.96	3747.30	3746.86	3749.20	3751.12	3756.04	3751.38	3745.24	3751.14	3749.92	3752.62	3754.76	3749.70	3747.80	
3747.54	3737.14	3727.20	3729.44	3745.06	3743.32	3741.92	3740.44	3733.02	3722.10	3738.72	3734.96	3741.60	3743.52	3757.84	3715.58	

*******************************************2025/07/26;18:34:55
Probe number 258
Concentration entered by User 1.90% (Compensated: 2.83% at temperature 32.1)
1298.70	1316.36	1328.92	1343.04	1358.62	1373.58	1391.20	1406.82	1427.20	1445.08	1469.84	1494.72	1521.18	1549.14	1569.18	1592.58	
1615.56	1654.52	1689.18	1741.28	1777.14	1814.46	1849.90	1889.68	1935.74	1981.88	2033.76	2101.38	2171.88	2250.46	2370.88	2524.42	
2731.50	3053.20	3330.86	3528.02	3644.02	3675.02	3682.00	3685.12	3686.76	3696.58	3701.08	3704.82	3695.12	3693.76	3699.24	3698.12	
3697.20	3726.00	3713.58	3717.66	3721.36	3723.86	3726.60	3723.52	3725.62	3729.24	3724.96	3725.38	3729.20	3724.38	3720.88	3732.48	
3735.46	3737.96	3736.52	3737.60	3727.02	3731.32	3726.06	3721.96	3731.78	3723.98	3735.10	3730.38	3737.12	3736.44	3736.50	3740.64	
3740.38	3744.38	3741.90	3738.66	3746.06	3747.20	3741.64	3748.68	3740.58	3749.66	3746.70	3746.34	3753.66	3753.20	3753.20	3757.60	
3757.16	3637.92	3709.58	3747.18	3747.22	3749.18	3750.94	3756.24	3751.84	3745.46	3751.24	3749.94	3752.64	3755.06	3750.02	3748.38	
3747.60	3737.22	3727.14	3729.88	3744.96	3743.44	3742.16	3740.60	3733.14	3722.48	3739.04	3735.04	3741.98	3743.72	3758.08	3715.84	

*******************************************2025/07/26;18:39:55
Probe number 259
Concentration entered by User 1.93% (Compensated: 2.85% at temperature 32.1)
1297.50	1315.24	1326.64	1340.90	1356.68	1371.14	1388.26	1403.34	1423.70	1443.36	1467.42	1491.28	1519.34	1545.92	1566.76	1587.66	
1610.76	1653.64	1689.74	1738.60	1774.60	1810.82	1844.70	1888.12	1934.06	1977.26	2027.52	2088.76	2166.86	2236.72	2357.72	2500.48	
2707.18	3046.06	3327.40	3526.74	3637.88	3668.58	3675.24	3678.00	3679.92	3689.96	3695.14	3698.92	3689.08	3687.42	3692.50	3691.48	
3690.20	3720.04	3707.56	3711.96	3715.28	3718.18	3720.82	3717.46	3719.90	3723.48	3719.06	3719.78	3723.30	3718.50	3715.02	3727.42	
3729.92	3732.64	3731.28	3731.88	3721.48	3725.94	3720.48	3716.26	3726.10	3718.44	3729.44	3724.60	3731.86	3731.00	3731.00	3735.68	
3735.06	3739.32	3736.52	3733.38	3740.98	3742.24	3736.60	3743.82	3735.20	3744.60	3741.28	3741.12	3748.58	3748.40	3748.60	3753.00	
3752.66	3629.78	3703.20	3742.04	3742.22	3744.40	3746.24	3751.62	3747.00	3740.32	3746.70	3745.10	3748.24	3750.54	3744.92	3743.10	
3742.64	3732.06	3721.98	3723.96	3740.24	3738.30	3736.92	3735.40	3727.18	3716.60	3733.78	3729.38	3736.72	3738.58	3753.56	3709.86	

*******************************************2025/07/26;18:44:55
Probe number 260
Concentration entered by User 1.88% (Compensated: 2.80% at temperature 32.1)
1298.16	1316.02	1328.76	1342.24	1357.86	1372.64	1390.42	1405.54	1425.10	1443.94	1468.12	1491.46	1520.78	1549.26	1569.02	1589.90	
1613.58	1655.00	1692.80	1741.68	1773.54	1808.50	1847.84	1887.16	1936.22	1975.30	2026.80	2090.50	2164.40	2241.52	2357.80	2508.16	
2733.86	3059.78	3336.32	3535.12	3644.60	3672.24	3679.64	3682.66	3684.66	3694.42	3699.54	3702.84	3693.34	3691.20	3696.66	3695.88	
3694.90	3723.80	3711.50	3716.02	3719.62	3722.24	3724.42	3721.00	3723.62	3727.30	3722.84	3723.20	3726.78	3722.28	3718.90	3730.18	
3733.74	3735.88	3734.58	3735.52	3725.36	3729.04	3724.00	3720.12	3729.38	3722.40	3733.04	3728.06	3735.14	3734.40	3734.50	3738.98	
3738.30	3742.38	3739.72	3736.74	3744.30	3745.36	3739.92	3746.84	3738.62	3747.92	3744.84	3744.32	3751.54	3751.02	3751.70	3755.80	
3755.56	3635.06	3707.02	3745.64	3745.16	3747.22	3749.44	3754.60	3750.00	3743.60	3749.56	3748.18	3750.92	3753.18	3747.94	3746.56	
3745.86	3735.24	3725.48	3727.72	3743.34	3741.70	3740.24	3738.84	3731.14	3720.46	3737.26	3733.14	3739.98	3742.04	3756.32	3713.70	

*******************************************2025/07/26;18:49:55
Probe number 261
Concentration entered by User 1.86% (Compensated: 2.79% at temperature 32.1)
1297.52	1315.78	1328.04	1341.44	1357.90	1371.60	1387.94	1404.12	1425.06	1444.76	1468.94	1492.32	1520.34	1547.06	1568.18	1589.44	
1613.16	1652.68	1690.54	1741.30	1773.90	1812.72	1852.44	1890.30	1933.36	1972.02	2024.18	2090.72	2168.28	2243.56	2364.44	2523.42	
2731.12	3057.72	3339.92	3543.62	3647.38	3673.60	3680.96	3683.06	3684.38	3694.46	3699.52	3703.20	3693.22	3691.94	3697.24	3696.00	
3694.56	3723.56	3711.20	3715.40	3718.74	3722.20	3724.58	3720.92	3723.62	3727.22	3722.74	3723.56	3727.08	3721.80	3718.86	3730.28	
3733.60	3735.90	3734.40	3735.50	3725.02	3729.04	3723.94	3719.50	3729.28	3721.94	3733.02	3727.86	3734.86	3734.36	3734.32	3738.78	
3738.42	3742.46	3739.78	3736.74	3744.38	3745.12	3739.68	3746.62	3738.54	3748.00	3744.72	3744.38	3751.72	3750.84	3751.62	3755.88	
3755.36	3635.00	3707.14	3745.44	3745.24	3747.48	3749.20	3754.40	3750.16	3743.30	3749.42	3748.00	3750.92	3753.34	3748.10	3746.28	
3746.08	3735.32	3725.40	3727.58	3743.10	3741.80	3740.24	3738.78	3731.22	3720.22	3737.02	3733.06	3740.40	3741.72	3756.32	3713.58	

*******************************************2025/07/26;18:54:55
Probe number 262
Concentration entered by User 1.87% (Compensated: 2.79% at temperature 32.1)
1298.86	1316.50	1328.84	1341.98	1358.24	1373.26	1390.14	1406.24	1426.44	1445.48	1469.26	1495.04	1521.92	1549.62	1571.84	1592.04	
1615.84	1656.54	1690.32	1741.50	1775.72	1813.44	1851.72	1892.70	1936.44	1984.68	2028.38	2090.54	2174.40	2244.76	2361.30	2520.72	
2733.64	3060.16	3335.64	3542.06	3648.06	3675.66	3682.40	3685.46	3686.56	3696.94	3701.90	3705.52	3695.58	3694.46	3699.66	3698.92	
3697.70	3725.92	3714.16	3718.20	3721.10	3724.52	3726.88	3723.50	3725.84	3729.58	3724.92	3725.62	3729.04	3724.76	3721.16	3732.42	
3735.48	3738.02	3736.62	3737.38	3727.22	3731.58	3726.02	3721.80	3731.70	3724.08	3735.08	3730.16	3736.98	3736.48	3736.52	3740.82	
3740.26	3744.28	3741.82	3738.60	3746.04	3747.10	3741.90	3748.88	3740.50	3749.70	3746.42	3746.12	3753.72	3752.96	3753.42	3757.66	
3757.30	3637.88	3709.66	3747.40	3747.14	3749.48	3751.24	3756.16	3751.68	3745.48	3751.40	3750.02	3752.56	3754.96	3749.92	3748.10	
3747.58	3737.20	3727.66	3729.88	3745.12	3743.66	3742.38	3740.78	3733.18	3722.46	3739.00	3735.20	3741.98	3743.60	3758.14	3716.24	

*******************************************2025/07/26;18:59:55
Probe number 263
Concentration entered by User 1.87% (Compensated: 2.79% at temperature 32.1)
1299.36	1317.32	1329.06	1343.72	1359.40	1373.68	1391.84	1407.46	1427.22	1446.48	1470.16	1494.06	1522.04	1549.46	1570.44	1592.40	
1616.04	1656.44	1690.22	1741.30	1776.06	1813.92	1852.40	1894.36	1938.40	1982.72	2026.68	2092.66	2167.10	2237.58	2367.92	2527.68	
2720.94	3056.74	3339.54	3544.06	3649.90	3677.18	3684.86	3686.60	3687.52	3698.62	3703.38	3707.46	3698.18	3695.84	3701.62	3700.36	
3699.38	3727.58	3715.66	3720.12	3722.94	3725.72	3728.54	3724.94	3727.22	3731.04	3726.74	3727.08	3730.48	3726.04	3722.82	3733.88	
3737.16	3739.50	3738.04	3739.28	3728.90	3733.12	3727.64	3723.88	3732.74	3726.04	3736.58	3732.04	3738.56	3738.26	3738.10	3742.22	
3741.60	3745.64	3743.22	3740.22	3747.56	3748.62	3743.26	3750.20	3742.16	3751.18	3748.04	3747.72	3754.70	3754.30	3754.60	3759.02	
3758.58	3640.24	3711.26	3748.82	3748.66	3750.76	3752.56	3757.84	3753.42	3746.78	3752.84	3751.30	3754.18	3756.26	3751.20	3749.64	
3749.00	3739.00	3729.36	3731.16	3746.80	3744.82	3743.74	3742.32	3734.64	3723.74	3740.64	3736.66	3743.50	3745.26	3759.14	3717.90	

*******************************************2025/07/26;19:04:55
Probe number 264
Concentration entered by User 1.95% (Compensated: 2.87% at temperature 32.1)
1298.12	1315.78	1327.98	1341.82	1357.28	1371.98	1390.24	1407.04	1426.98	1444.56	1468.16	1491.94	1519.32	1547.50	1569.06	1590.02	
1613.00	1651.44	1685.94	1738.32	1772.42	1809.88	1845.08	1885.96	1934.72	1977.42	2023.98	2085.84	2168.02	2240.08	2353.66	2509.12	
2711.28	3035.64	3318.50	3526.94	3637.06	3665.96	3673.12	3675.40	3677.56	3687.92	3693.40	3696.86	3687.40	3685.72	3691.06	3689.94	
3688.86	3718.62	3706.14	3710.52	3713.94	3716.88	3719.62	3715.72	3718.24	3722.16	3717.80	3718.10	3722.06	3717.08	3713.20	3725.68	
3728.50	3730.96	3729.20	3730.70	3720.06	3724.24	3718.72	3714.56	3724.64	3716.88	3728.12	3723.08	3730.02	3729.48	3729.42	3733.94	
3733.52	3737.84	3735.04	3731.96	3739.44	3740.80	3734.84	3742.14	3733.76	3743.40	3740.10	3739.56	3747.26	3746.78	3747.24	3751.86	
3751.16	3628.16	3701.64	3740.76	3740.60	3742.88	3744.84	3750.24	3745.84	3739.00	3745.20	3743.62	3746.70	3748.58	3743.44	3741.78	
3741.30	3730.30	3720.18	3722.50	3738.66	3736.78	3735.46	3733.94	3726.14	3714.70	3731.92	3728.40	3735.48	3737.18	3752.12	3708.44	

*******************************************2025/07/26;19:09:55
Probe number 265
Concentration entered by User 1.92% (Compensated: 2.84% at temperature 32.0)
1298.38	1316.22	1327.80	1342.14	1358.30	1372.44	1389.80	1405.24	1425.48	1445.22	1468.50	1492.02	1519.78	1549.84	1570.52	1591.60	
1616.76	1657.26	1689.60	1738.56	1773.12	1812.64	1850.06	1888.32	1934.80	1980.64	2029.34	2090.02	2174.66	2241.52	2370.98	2522.38	
2724.64	3041.28	3327.10	3530.98	3646.96	3673.50	3679.86	3682.52	3684.42	3694.58	3699.14	3703.58	3693.66	3691.96	3697.56	3696.18	
3695.28	3724.36	3712.44	3716.42	3719.92	3722.66	3725.30	3721.44	3723.84	3727.54	3723.26	3723.50	3727.36	3722.72	3719.36	3730.78	
3733.92	3736.28	3734.86	3735.76	3725.68	3729.60	3724.22	3720.10	3729.94	3722.14	3733.36	3728.52	3735.20	3734.66	3734.90	3739.20	
3738.84	3742.62	3739.94	3736.98	3744.50	3745.54	3739.96	3746.98	3738.62	3748.18	3744.82	3744.64	3752.04	3751.32	3751.86	3756.24	
3755.58	3635.78	3707.52	3745.74	3745.58	3747.92	3749.66	3754.96	3750.18	3743.72	3749.92	3748.48	3751.48	3753.40	3748.10	3746.58	
3746.36	3735.98	3725.80	3727.90	3743.60	3741.88	3740.60	3739.08	3731.46	3720.70	3737.28	3733.36	3740.54	3742.16	3756.60	3713.96	

*******************************************2025/07/26;19:14:55
Probe number 266
Concentration entered by User 1.92% (Compensated: 2.84% at temperature 32.1)
1298.12	1316.06	1327.90	1341.68	1357.70	1372.42	1389.74	1405.32	1425.06	1444.10	1467.16	1491.60	1519.54	1547.24	1568.50	1590.96	
1614.20	1654.56	1689.14	1739.68	1774.88	1811.06	1848.38	1889.80	1932.86	1976.98	2031.66	2092.02	2170.42	2243.22	2361.60	2519.10	
2723.04	3047.68	3325.86	3530.60	3642.78	3670.36	3677.88	3681.24	3682.92	3693.36	3698.20	3701.82	3691.88	3689.92	3695.96	3694.74	
3693.32	3722.96	3710.88	3715.22	3718.12	3721.08	3723.64	3719.38	3722.38	3725.72	3721.76	3722.12	3725.62	3720.82	3717.72	3729.20	
3732.36	3734.70	3733.28	3734.44	3724.10	3727.76	3722.66	3718.30	3728.18	3720.34	3731.74	3726.72	3733.82	3732.96	3733.36	3737.56	
3737.44	3741.18	3738.66	3735.62	3743.04	3744.30	3738.50	3745.66	3737.26	3746.66	3743.60	3743.30	3750.80	3749.96	3750.46	3754.84	
3754.60	3633.16	3705.94	3744.10	3744.06	3746.26	3748.20	3753.62	3749.00	3742.54	3748.62	3746.98	3750.08	3752.10	3747.14	3745.52	
3744.72	3734.40	3724.06	3726.52	3742.22	3740.38	3739.44	3737.68	3729.82	3719.06	3736.00	3731.90	3738.94	3740.70	3755.60	3712.52	

*******************************************2025/07/26;19:19:55
Probe number 267
Concentration entered by User 1.92% (Compensated: 2.84% at temperature 32.1)
1297.70	1315.98	1328.18	1341.82	1357.64	1371.66	1388.86	1404.50	1424.56	1444.20	1468.56	1492.44	1520.50	1548.74	1568.64	1590.14	
1613.98	1653.68	1689.44	1739.54	1773.36	1809.72	1846.26	1892.44	1934.38	1979.68	2027.26	2086.74	2166.32	2243.80	2363.90	2515.06	
2717.90	3044.48	3327.78	3532.72	3642.88	3670.08	3677.82	3681.06	3682.36	3692.76	3698.10	3701.56	3691.66	3689.98	3695.64	3693.96	
3693.22	3722.44	3710.16	3714.64	3717.70	3720.90	3723.48	3719.54	3722.06	3725.94	3721.58	3721.88	3725.96	3720.94	3717.72	3729.16	
3732.62	3734.70	3733.34	3734.48	3723.88	3728.30	3722.72	3718.62	3728.38	3720.74	3731.96	3726.66	3733.96	3733.24	3733.46	3737.52	
3737.18	3741.16	3738.70	3735.38	3743.20	3744.36	3738.56	3745.76	3737.12	3746.74	3743.56	3743.34	3750.40	3749.88	3750.38	3755.28	
3754.32	3633.24	3705.82	3743.88	3744.12	3746.56	3748.30	3753.60	3748.76	3742.56	3748.76	3747.04	3750.00	3752.20	3746.72	3745.16	
3744.64	3734.00	3723.94	3726.34	3742.52	3740.52	3739.20	3737.56	3729.92	3719.12	3736.00	3731.76	3738.80	3740.82	3755.14	3712.60	

*******************************************2025/07/26;19:24:55
Probe number 268
Concentration entered by User 1.88% (Compensated: 2.80% at temperature 32.0)
1298.34	1315.78	1328.26	1342.90	1358.10	1372.74	1390.58	1406.62	1426.90	1446.76	1470.02	1493.52	1520.66	1549.08	1569.10	1592.06	
1617.90	1656.00	1690.72	1745.62	1779.90	1816.40	1853.46	1891.44	1931.62	1974.38	2028.78	2093.86	2173.64	2246.58	2358.06	2513.04	
2723.44	3054.78	3336.50	3537.84	3646.84	3675.54	3682.54	3685.64	3687.04	3697.46	3702.42	3705.72	3695.96	3694.04	3699.70	3698.34	
3697.44	3726.20	3714.20	3718.66	3721.72	3724.56	3727.44	3723.28	3726.14	3729.62	3725.28	3725.80	3729.50	3724.50	3721.08	3733.04	
3736.00	3738.16	3736.74	3737.82	3727.52	3731.78	3726.52	3722.14	3731.80	3724.50	3735.22	3730.34	3737.38	3736.66	3736.66	3741.06	
3740.68	3744.76	3742.10	3739.00	3746.16	3747.40	3741.98	3749.12	3740.82	3749.90	3746.82	3746.46	3753.62	3753.12	3753.90	3757.94	
3757.50	3638.10	3710.04	3747.50	3747.42	3749.76	3751.34	3756.54	3752.14	3745.64	3751.60	3750.30	3753.18	3755.22	3750.12	3748.38	
3747.92	3737.54	3727.96	3729.90	3745.84	3743.96	3742.56	3740.74	3733.38	3722.94	3739.44	3735.32	3742.44	3743.78	3758.22	3716.64	

*******************************************2025/07/26;19:29:55
Probe number 269
Concentration entered by User 1.88% (Compensated: 2.80% at temperature 32.0)
1299.40	1317.00	1329.66	1343.66	1359.88	1373.92	1390.88	1407.34	1427.76	1447.30	1471.20	1495.80	1522.52	1549.82	1571.56	1593.08	
1617.30	1657.38	1692.00	1744.56	1778.18	1811.52	1846.76	1890.38	1934.06	1981.72	2030.40	2096.62	2177.90	2245.48	2363.02	2518.48	
2732.70	3054.86	3334.22	3536.94	3649.02	3675.72	3682.44	3685.50	3687.62	3697.52	3702.74	3706.52	3696.82	3694.74	3700.28	3698.88	
3697.66	3726.56	3714.70	3719.04	3722.18	3725.06	3727.46	3724.12	3726.52	3729.86	3725.82	3726.38	3729.62	3725.22	3721.96	3733.52	
3736.50	3738.38	3736.94	3738.32	3728.40	3731.84	3726.64	3722.94	3732.32	3724.68	3735.74	3730.76	3737.88	3737.22	3737.02	3741.36	
3740.80	3744.92	3742.58	3739.36	3746.44	3747.90	3742.44	3749.42	3741.08	3750.32	3747.18	3746.74	3753.66	3753.60	3753.96	3758.12	
3757.74	3639.20	3710.66	3748.04	3748.00	3749.60	3751.72	3756.78	3752.46	3746.14	3751.94	3750.84	3753.48	3755.62	3750.20	3748.76	
3748.48	3738.10	3728.14	3730.54	3746.06	3744.08	3742.98	3741.50	3733.88	3723.40	3739.80	3735.66	3742.56	3744.24	3758.60	3716.42	

*******************************************2025/07/26;19:34:55
Probe number 270
Concentration entered by User 1.91% (Compensated: 2.83% at temperature 32.1)
1297.30	1314.96	1327.44	1341.20	1357.20	1371.68	1388.66	1405.12	1425.88	1445.08	1467.84	1491.80	1519.74	1548.72	1570.52	1591.28	
1614.68	1654.22	1688.56	1740.44	1775.88	1813.10	1849.20	1887.26	1932.04	1978.28	2028.38	2091.04	2165.48	2244.46	2371.64	2532.98	
2728.50	3044.58	3333.02	3531.72	3643.36	3670.58	3678.40	3680.64	3682.64	3693.06	3698.12	3702.24	3692.22	3690.28	3695.80	3694.56	
3693.12	3722.62	3710.60	3714.82	3718.12	3721.00	3723.72	3719.94	3722.26	3725.96	3721.68	3721.90	3725.76	3720.90	3717.72	3729.08	
3732.66	3734.94	3733.18	3734.32	3724.06	3728.38	3722.82	3718.82	3728.50	3720.44	3732.00	3727.16	3734.08	3733.44	3733.34	3737.72	
3737.30	3741.46	3738.82	3735.72	3742.96	3744.26	3738.96	3745.94	3737.46	3746.86	3743.64	3743.30	3750.80	3750.04	3750.42	3754.90	
3754.46	3633.10	3706.08	3744.20	3744.24	3746.52	3748.34	3753.68	3749.14	3742.38	3748.78	3747.12	3750.02	3752.10	3747.26	3745.40	
3744.90	3734.18	3724.34	3726.44	3742.24	3740.68	3739.34	3737.62	3730.12	3719.22	3736.20	3731.88	3739.00	3740.94	3755.60	3712.66	

*******************************************2025/07/26;19:39:55
Probe number 271
Concentration entered by User 1.94% (Compensated: 2.86% at temperature 32.0)
1298.34	1316.46	1328.32	1341.86	1357.88	1372.24	1389.36	1404.06	1425.36	1445.02	1467.34	1490.58	1518.68	1547.30	1568.54	1589.00	
1613.80	1654.12	1688.10	1739.90	1775.06	1814.34	1848.08	1886.38	1929.18	1973.74	2026.02	2094.50	2163.98	2240.30	2358.18	2505.60	
2724.70	3042.88	3319.36	3525.30	3636.34	3664.86	3673.58	3676.04	3678.08	3688.72	3693.92	3697.62	3687.82	3685.62	3691.34	3690.26	
3689.26	3719.06	3706.82	3711.14	3714.48	3717.48	3720.12	3716.36	3718.92	3722.16	3718.10	3718.24	3722.30	3717.30	3713.48	3725.62	
3729.06	3731.62	3730.14	3731.32	3720.40	3724.70	3719.16	3714.86	3724.66	3717.40	3728.52	3723.58	3730.44	3729.84	3729.92	3734.36	
3733.96	3738.44	3735.34	3732.30	3739.92	3741.02	3735.40	3742.68	3734.28	3743.74	3740.40	3740.04	3747.64	3747.28	3747.82	3752.30	
3751.68	3628.46	3701.92	3741.18	3741.06	3743.26	3745.20	3750.88	3746.04	3739.32	3745.94	3743.98	3746.84	3749.40	3743.88	3742.08	
3741.78	3730.84	3720.64	3723.00	3739.24	3737.26	3736.46	3734.56	3726.46	3715.44	3732.50	3728.58	3735.72	3737.76	3752.88	3708.76	

*******************************************2025/07/26;19:44:55
Probe number 272
Concentration entered by User 1.91% (Compensated: 2.83% at temperature 32.0)
1297.14	1314.82	1327.22	1341.22	1357.20	1371.96	1389.28	1405.78	1425.58	1444.46	1467.52	1491.46	1519.38	1547.28	1568.12	1590.90	
1614.06	1653.78	1688.98	1742.84	1777.30	1813.64	1850.82	1891.20	1932.96	1980.48	2034.30	2100.62	2174.00	2245.62	2353.18	2516.80	
2718.36	3046.92	3329.02	3536.68	3644.94	3671.82	3679.04	3681.72	3683.38	3693.92	3698.82	3701.86	3692.24	3690.32	3695.88	3694.32	
3693.80	3722.94	3710.76	3715.16	3718.18	3721.26	3723.74	3720.14	3722.88	3725.90	3721.84	3722.52	3726.42	3721.58	3717.70	3729.42	
3732.60	3735.24	3733.60	3734.88	3724.18	3728.44	3723.18	3718.94	3728.44	3720.94	3732.34	3727.12	3734.42	3733.60	3733.64	3738.02	
3737.58	3741.52	3739.14	3735.94	3743.44	3744.66	3738.84	3746.08	3737.48	3746.98	3744.10	3743.74	3750.96	3750.40	3750.90	3755.18	
3754.70	3633.94	3706.22	3744.62	3744.60	3746.64	3748.56	3754.00	3749.28	3742.94	3748.80	3747.34	3750.36	3752.52	3747.24	3745.78	
3745.34	3734.30	3724.60	3727.04	3742.54	3740.74	3739.68	3738.06	3730.28	3719.44	3736.40	3732.40	3739.36	3741.10	3755.96	3712.76	

*******************************************2025/07/26;19:49:55
Probe number 273
Concentration entered by User 1.88% (Compensated: 2.80% at temperature 32.0)
1298.24	1315.94	1327.98	1341.80	1358.60	1374.12	1390.84	1406.72	1427.76	1445.76	1469.46	1493.98	1521.54	1549.74	1573.06	1596.58	
1617.48	1658.14	1692.96	1741.32	1779.28	1813.70	1851.26	1892.22	1939.70	1984.28	2034.30	2098.10	2173.22	2239.82	2362.36	2517.06	
2736.10	3063.78	3330.84	3531.56	3648.94	3674.62	3681.58	3684.62	3686.86	3697.22	3702.38	3705.70	3696.14	3694.52	3699.68	3698.30	
3697.78	3726.40	3714.58	3718.58	3722.30	3725.06	3727.46	3724.10	3726.30	3730.10	3725.40	3725.94	3729.92	3725.10	3721.64	3733.08	
3735.90	3738.54	3737.36	3738.10	3727.66	3732.20	3726.84	3722.60	3732.22	3724.82	3735.62	3730.70	3737.58	3737.20	3737.12	3741.44	
3740.88	3744.92	3742.20	3739.06	3746.52	3747.90	3741.90	3749.18	3740.98	3750.24	3747.06	3746.58	3753.80	3753.48	3753.86	3758.22	
3757.58	3639.16	3710.54	3747.96	3747.78	3749.78	3751.52	3756.80	3752.50	3746.00	3751.72	3750.82	3753.46	3755.34	3750.52	3748.78	
3748.52	3738.24	3728.32	3730.42	3745.80	3744.28	3742.80	3741.24	3733.66	3723.32	3739.74	3735.86	3742.54	3744.22	3758.60	3716.90	

*******************************************2025/07/26;19:54:55
Probe number 274
Concentration entered by User 1.88% (Compensated: 2.80% at temperature 32.1)
1298.22	1316.30	1329.04	1342.92	1358.42	1373.52	1391.10	1407.16	1426.28	1444.82	1468.46	1492.34	1520.26	1548.58	1570.26	1591.16	
1614.74	1656.48	1690.22	1741.50	1779.46	1815.78	1851.40	1889.50	1932.78	1981.64	2025.78	2085.30	2164.64	2241.12	2352.14	2517.20	
2731.66	3059.38	3333.30	3539.66	3647.16	3672.80	3679.32	3682.56	3685.12	3695.36	3700.52	3704.50	3694.36	3692.58	3697.54	3696.32	
3695.32	3724.58	3712.68	3716.90	3720.32	3723.12	3725.66	3722.10	3724.44	3727.96	3723.66	3724.24	3727.98	3723.32	3719.92	3731.26	
3734.28	3737.14	3735.46	3736.50	3725.98	3730.22	3725.26	3721.16	3730.74	3723.10	3734.04	3729.08	3735.98	3735.34	3735.54	3739.66	
3739.52	3743.36	3740.94	3737.82	3745.10	3746.28	3740.68	3747.40	3739.36	3748.58	3745.30	3745.14	3752.60	3752.16	3752.58	3756.74	
3756.40	3636.36	3708.50	3746.42	3746.14	3748.46	3750.08	3755.40	3751.04	3744.40	3750.72	3749.20	3751.84	3754.22	3748.92	3747.34	
3746.78	3736.38	3726.44	3728.94	3744.54	3742.92	3741.50	3739.82	3732.16	3721.52	3738.16	3734.26	3741.18	3742.98	3757.30	3715.16	

*******************************************2025/07/26;19:59:55
Probe number 275
Concentration entered by User 1.94% (Compensated: 2.86% at temperature 32.0)
1295.94	1313.92	1326.36	1340.80	1355.98	1371.72	1388.98	1404.12	1424.12	1442.76	1466.18	1490.04	1518.76	1546.34	1567.60	1589.12	
1612.36	1650.64	1686.40	1742.24	1777.24	1812.96	1848.64	1889.12	1929.02	1971.42	2026.10	2090.02	2158.86	2239.44	2352.54	2504.50	
2719.42	3040.00	3317.78	3527.46	3638.76	3666.60	3673.16	3676.58	3678.54	3689.20	3694.52	3698.44	3688.42	3686.48	3691.96	3690.32	
3689.42	3719.56	3707.04	3711.30	3714.98	3717.50	3720.20	3716.40	3718.98	3723.00	3718.20	3718.84	3722.84	3717.64	3714.12	3726.22	
3729.82	3731.82	3730.44	3731.52	3720.82	3725.38	3719.92	3715.34	3725.02	3717.34	3729.12	3723.80	3730.90	3730.38	3730.42	3734.84	
3734.34	3738.58	3736.14	3732.44	3740.54	3741.48	3735.80	3742.90	3734.42	3744.08	3740.86	3740.50	3748.08	3747.56	3748.06	3752.66	
3752.14	3629.16	3702.82	3741.84	3741.48	3743.74	3745.82	3751.06	3746.42	3739.90	3746.18	3744.46	3747.38	3749.76	3744.60	3742.82	
3742.16	3731.60	3721.30	3723.64	3739.64	3738.06	3736.52	3734.86	3727.04	3716.08	3733.18	3729.22	3736.42	3738.26	3753.40	3709.44	

*******************************************2025/07/26;20:04:55
Probe number 276
Concentration entered by User 1.90% (Compensated: 2.82% at temperature 32.0)
1298.72	1316.50	1328.92	1342.68	1358.36	1373.02	1389.68	1405.58	1426.60	1445.94	1469.88	1494.00	1521.82	1549.58	1571.46	1590.32	
1614.36	1655.54	1691.64	1742.38	1778.60	1813.64	1849.08	1887.66	1932.00	1975.60	2026.58	2093.64	2163.84	2240.46	2354.62	2521.18	
2729.58	3054.50	3326.76	3532.30	3643.94	3671.36	3677.72	3681.32	3682.78	3694.12	3699.10	3702.50	3692.86	3690.34	3695.62	3694.38	
3693.44	3723.14	3710.90	3715.46	3718.52	3721.44	3724.06	3720.20	3722.82	3726.42	3722.38	3722.72	3726.42	3721.64	3718.04	3729.78	
3733.02	3735.70	3733.64	3734.92	3724.44	3728.86	3723.60	3719.40	3728.84	3721.44	3732.48	3727.48	3734.72	3733.80	3734.16	3738.60	
3737.70	3742.18	3739.14	3736.34	3744.18	3745.20	3739.28	3746.34	3738.08	3747.28	3744.16	3744.00	3751.14	3750.66	3751.22	3755.62	
3755.08	3634.68	3707.00	3745.12	3744.92	3747.32	3749.08	3754.32	3749.94	3743.40	3749.22	3747.84	3750.56	3752.92	3747.86	3746.20	
3745.46	3735.02	3725.38	3727.44	3743.34	3741.28	3740.18	3738.48	3730.82	3720.16	3736.72	3732.88	3739.76	3741.52	3756.14	3713.34	

*******************************************2025/07/26;20:09:55
Probe number 277
Concentration entered by User 1.88% (Compensated: 2.79% at temperature 32.0)
1297.68	1315.26	1327.58	1341.98	1358.28	1373.18	1390.96	1407.24	1427.38	1446.58	1470.16	1495.94	1521.62	1549.44	1570.68	1593.92	
1616.94	1656.64	1691.92	1745.88	1780.76	1814.92	1849.74	1889.08	1935.92	1980.78	2028.74	2091.12	2167.20	2238.18	2359.44	2510.92	
2727.78	3056.40	3335.98	3539.30	3649.74	3675.80	3681.72	3685.08	3686.92	3697.38	3702.48	3706.04	3696.52	3694.74	3699.84	3698.18	
3696.98	3726.36	3714.68	3718.44	3721.72	3724.72	3727.76	3723.52	3726.38	3729.88	3725.62	3726.10	3729.82	3724.78	3721.66	3732.94	
3736.24	3738.28	3736.98	3738.22	3727.90	3732.28	3727.12	3723.10	3731.90	3724.78	3735.54	3730.66	3737.96	3737.04	3737.14	3741.48	
3740.76	3744.66	3742.40	3738.90	3746.64	3747.38	3742.12	3749.22	3741.00	3750.12	3746.96	3746.90	3754.02	3753.48	3754.02	3758.48	
3757.66	3639.24	3710.52	3748.00	3747.76	3749.90	3751.82	3757.12	3752.70	3745.90	3751.96	3750.66	3753.48	3755.72	3750.26	3748.74	
3748.26	3738.16	3728.56	3730.42	3745.92	3744.16	3742.92	3741.20	3734.40	3723.00	3740.06	3735.94	3742.84	3744.30	3759.00	3716.94	

*******************************************2025/07/26;20:14:55
Probe number 278
Concentration entered by User 1.89% (Compensated: 2.81% at temperature 32.0)
1298.14	1315.98	1328.36	1342.52	1359.02	1373.76	1390.36	1407.10	1427.72	1446.00	1470.14	1494.54	1522.24	1550.44	1571.74	1594.04	
1618.54	1658.34	1693.64	1746.24	1777.30	1811.68	1849.94	1894.64	1934.56	1980.72	2031.18	2096.76	2174.58	2241.06	2354.82	2520.02	
2738.08	3051.36	3331.34	3538.02	3646.76	3672.72	3679.72	3682.88	3685.00	3695.42	3700.70	3703.58	3694.42	3692.14	3697.38	3695.94	
3694.86	3724.44	3712.20	3716.64	3720.14	3723.06	3725.68	3722.24	3724.48	3728.16	3724.04	3724.10	3727.94	3723.28	3719.84	3731.32	
3734.36	3736.80	3735.72	3736.50	3726.26	3730.50	3725.24	3721.14	3730.60	3722.96	3733.92	3728.84	3736.24	3735.50	3735.74	3739.80	
3739.14	3743.54	3740.78	3737.72	3744.86	3746.46	3740.52	3747.56	3739.52	3748.76	3745.72	3744.88	3752.50	3751.96	3752.52	3756.80	
3756.40	3636.52	3708.78	3746.36	3746.44	3748.30	3750.34	3755.64	3751.30	3744.78	3750.42	3749.16	3752.18	3754.50	3749.22	3747.66	
3746.80	3736.48	3726.70	3728.80	3744.18	3742.66	3741.58	3739.92	3732.42	3721.70	3738.16	3734.12	3741.22	3743.10	3757.54	3715.26	

*******************************************2025/07/26;20:19:55
Probe number 279
Concentration entered by User 1.88% (Compensated: 2.80% at temperature 32.0)
1298.54	1317.12	1328.94	1343.42	1359.02	1373.76	1392.62	1408.22	1428.56	1448.16	1471.22	1495.20	1523.54	1551.48	1573.66	1593.50	
1618.16	1658.52	1693.34	1745.50	1781.74	1815.84	1852.52	1891.00	1938.86	1981.40	2029.26	2092.14	2170.40	2239.16	2358.42	2520.14	
2722.38	3050.20	3339.66	3536.76	3647.80	3675.56	3682.22	3685.16	3687.12	3697.74	3702.34	3706.10	3696.00	3694.12	3699.26	3698.14	
3697.46	3726.26	3714.60	3718.52	3722.02	3725.16	3727.26	3723.76	3726.34	3729.86	3725.84	3726.24	3729.90	3725.20	3721.86	3733.26	
3736.38	3738.86	3737.68	3738.18	3728.42	3732.32	3727.42	3723.10	3732.64	3725.26	3735.90	3731.12	3738.00	3737.34	3737.40	3741.58	
3741.26	3745.26	3742.74	3739.54	3746.80	3747.90	3742.38	3749.28	3741.40	3750.44	3747.60	3746.84	3754.20	3753.68	3754.14	3758.52	
3758.02	3639.48	3710.72	3748.32	3748.02	3750.30	3751.88	3757.04	3752.70	3746.24	3752.42	3751.10	3753.62	3755.80	3751.06	3749.08	
3748.60	3738.26	3728.60	3731.00	3746.20	3744.76	3743.10	3741.60	3734.40	3723.88	3740.16	3736.12	3743.10	3744.80	3758.92	3717.54	

*******************************************2025/07/26;20:24:55
Probe number 280
Concentration entered by User 1.92% (Compensated: 2.85% at temperature 32.0)
1297.52	1315.48	1327.56	1341.64	1357.42	1372.40	1389.78	1405.60	1425.78	1444.56	1468.40	1493.82	1519.92	1547.74	1571.72	1593.04	
1616.90	1654.14	1690.18	1740.36	1774.44	1809.78	1843.32	1887.88	1932.72	1978.02	2025.94	2091.84	2164.52	2234.98	2353.88	2517.46	
2711.84	3037.78	3325.42	3536.20	3643.30	3668.96	3676.58	3678.52	3681.24	3691.68	3697.10	3700.62	3690.12	3688.52	3694.16	3692.96	
3691.42	3721.56	3708.88	3713.40	3716.76	3719.74	3722.50	3718.84	3721.10	3724.68	3720.74	3720.78	3724.78	3719.82	3716.56	3728.52	
3731.30	3733.84	3732.44	3733.46	3722.86	3727.48	3721.88	3717.42	3727.12	3719.94	3730.82	3725.60	3733.08	3732.50	3732.36	3736.92	
3736.60	3740.40	3737.98	3734.58	3742.04	3743.50	3737.58	3744.60	3736.50	3746.06	3742.92	3742.44	3749.94	3749.30	3749.78	3754.22	
3753.84	3631.86	3704.84	3743.58	3743.56	3745.72	3747.36	3752.88	3748.42	3741.96	3747.96	3746.52	3749.46	3751.56	3746.36	3744.76	
3744.22	3733.52	3723.24	3725.78	3741.82	3739.74	3738.62	3737.02	3729.12	3718.22	3735.18	3731.12	3738.56	3740.02	3754.86	3711.74	

*******************************************2025/07/26;20:29:55
Probe number 281
Concentration entered by User 1.91% (Compensated: 2.82% at temperature 32.0)
1299.76	1317.26	1329.30	1343.06	1359.22	1374.56	1392.34	1408.52	1428.36	1447.16	1470.52	1495.16	1522.90	1549.88	1570.76	1593.18	
1618.78	1657.86	1692.92	1745.52	1778.14	1815.38	1852.74	1893.90	1939.20	1982.02	2032.02	2096.28	2168.48	2243.80	2366.50	2523.56	
2720.50	3040.14	3331.40	3538.70	3649.70	3675.66	3682.12	3685.28	3687.46	3697.30	3702.44	3706.26	3696.26	3694.66	3700.06	3698.90	
3697.70	3726.56	3714.54	3719.20	3722.16	3725.10	3727.84	3724.06	3726.46	3730.02	3725.84	3726.24	3729.88	3725.44	3722.02	3733.42	
3736.38	3739.06	3737.56	3738.54	3728.22	3732.40	3727.34	3723.48	3732.38	3725.12	3735.70	3731.00	3737.82	3737.38	3737.90	3741.88	
3741.16	3744.96	3742.60	3739.52	3747.02	3747.86	3742.16	3749.38	3741.26	3750.26	3747.12	3747.08	3754.32	3753.48	3753.96	3758.64	
3758.14	3639.46	3710.80	3747.94	3748.18	3750.04	3752.02	3757.20	3752.88	3746.46	3752.48	3751.02	3753.74	3755.88	3750.54	3749.52	
3748.54	3738.62	3728.58	3731.16	3746.58	3744.42	3743.34	3741.82	3734.48	3723.76	3740.14	3736.08	3743.08	3744.76	3758.98	3717.42	

*******************************************2025/07/26;20:34:55
Probe number 282
Concentration entered by User 1.92% (Compensated: 2.84% at temperature 32.0)
1297.76	1315.74	1327.98	1342.00	1358.58	1372.88	1389.38	1405.56	1426.16	1444.40	1467.90	1493.42	1521.04	1547.76	1570.24	1592.22	
1614.20	1654.52	1687.54	1738.54	1775.86	1809.52	1845.74	1884.24	1933.42	1973.64	2024.30	2096.58	2167.26	2235.92	2346.10	2507.14	
2721.90	3044.02	3324.14	3530.46	3638.58	3665.88	3673.28	3675.76	3677.08	3688.12	3693.80	3697.14	3687.56	3685.36	3691.08	3689.82	
3688.60	3718.64	3706.06	3710.48	3714.06	3716.94	3719.88	3716.30	3718.60	3722.24	3717.66	3718.38	3722.12	3717.44	3713.68	3725.74	
3729.16	3731.58	3729.96	3731.24	3720.80	3724.84	3719.56	3715.38	3724.96	3717.04	3728.52	3723.06	3731.06	3730.16	3730.28	3734.44	
3734.10	3738.38	3735.74	3732.28	3740.18	3741.18	3735.24	3742.54	3734.08	3743.82	3740.56	3740.16	3747.98	3747.04	3747.72	3752.36	
3751.56	3628.66	3702.48	3741.32	3741.42	3743.44	3745.56	3750.82	3746.48	3739.46	3745.80	3744.42	3747.40	3749.64	3744.14	3742.52	
3742.04	3731.12	3721.20	3723.00	3739.48	3737.86	3736.42	3734.38	3726.80	3715.70	3733.02	3728.66	3736.54	3738.10	3752.98	3709.20	

*******************************************2025/07/26;20:39:55
Probe number 283
Concentration entered by User 1.88% (Compensated: 2.80% at temperature 32.0)
1299.80	1317.28	1328.86	1342.58	1358.32	1373.70	1391.30	1408.20	1428.78	1447.54	1471.30	1496.20	1522.86	1550.28	1570.72	1593.74	
1617.24	1658.08	1691.90	1743.78	1778.84	1815.80	1850.26	1887.24	1934.64	1979.48	2031.14	2095.96	2172.94	2244.90	2356.20	2523.04	
2727.50	3046.26	3337.20	3542.42	3647.84	3673.80	3680.98	3683.72	3685.38	3695.70	3700.90	3704.22	3694.36	3692.52	3698.18	3696.60	
3695.94	3724.90	3712.36	3716.84	3720.22	3723.10	3725.80	3722.46	3724.70	3728.40	3724.08	3724.72	3728.26	3723.40	3719.98	3731.58	
3734.94	3737.04	3735.60	3736.66	3726.40	3730.56	3725.50	3721.50	3730.54	3723.52	3734.34	3729.16	3736.26	3735.92	3735.60	3739.98	
3739.38	3743.76	3740.76	3737.90	3745.40	3746.44	3740.54	3748.00	3739.54	3749.00	3745.96	3745.22	3752.68	3752.20	3752.74	3757.16	
3756.48	3637.18	3708.86	3746.54	3746.90	3748.50	3750.66	3755.80	3751.06	3744.80	3750.92	3749.46	3752.34	3754.64	3749.38	3747.62	
3747.22	3737.00	3726.74	3729.34	3744.88	3742.82	3741.84	3740.02	3732.58	3722.06	3738.52	3734.56	3741.22	3743.42	3757.56	3715.74	

*******************************************2025/07/26;20:44:55
Probe number 284
Concentration entered by User 1.92% (Compensated: 2.84% at temperature 32.0)
1297.54	1315.82	1328.14	1341.90	1357.46	1372.50	1389.02	1405.42	1425.74	1443.82	1467.66	1491.26	1518.64	1546.14	1568.86	1590.74	
1614.44	1655.42	1689.70	1738.80	1774.48	1812.16	1849.60	1891.58	1937.92	1977.44	2026.58	2085.52	2170.50	2239.10	2350.80	2509.90	
2715.88	3037.44	3329.88	3530.10	3639.90	3666.60	3674.06	3677.26	3679.08	3689.08	3694.80	3698.28	3688.40	3686.98	3692.30	3691.06	
3689.92	3719.36	3707.24	3711.28	3715.08	3718.26	3720.86	3717.20	3719.50	3723.32	3718.94	3718.82	3722.94	3718.20	3714.88	3726.92	
3729.98	3732.38	3731.24	3732.16	3721.58	3725.88	3720.34	3716.06	3725.98	3718.24	3729.66	3724.08	3731.68	3730.94	3731.28	3735.36	
3735.16	3739.12	3736.62	3733.28	3740.84	3742.04	3736.44	3743.40	3734.94	3744.76	3741.66	3740.82	3748.64	3748.04	3748.70	3752.90	
3752.50	3629.96	3703.18	3742.24	3741.96	3744.28	3746.54	3751.82	3747.12	3740.44	3746.88	3745.36	3748.12	3750.36	3745.08	3743.42	
3742.96	3732.40	3721.78	3724.32	3740.48	3738.54	3737.32	3735.46	3727.76	3716.92	3733.74	3729.82	3736.94	3739.06	3754.02	3710.20	

*******************************************2025/07/26;20:49:55
Probe number 285
Concentration entered by User 1.94% (Compensated: 2.86% at temperature 32.0)
1296.44	1314.68	1327.08	1341.50	1358.22	1371.98	1389.00	1405.04	1425.64	1444.64	1466.96	1491.56	1518.82	1547.36	1569.66	1590.22	
1614.54	1657.36	1687.76	1737.56	1777.46	1813.66	1847.26	1888.28	1933.60	1975.44	2028.78	2088.92	2166.42	2237.00	2349.06	2507.84	
2710.86	3022.46	3328.14	3531.70	3641.20	3666.16	3674.58	3677.10	3678.74	3689.56	3694.42	3698.28	3687.84	3686.64	3692.04	3690.54	
3689.56	3719.22	3707.14	3711.38	3714.20	3717.84	3720.62	3716.90	3719.62	3723.20	3718.84	3719.16	3722.72	3718.38	3714.96	3726.66	
3730.08	3732.58	3731.08	3732.12	3721.40	3725.60	3720.38	3715.96	3725.60	3717.98	3729.44	3724.54	3731.86	3730.94	3731.02	3735.28	
3735.12	3739.16	3736.48	3733.08	3740.70	3742.08	3736.26	3743.36	3735.24	3744.82	3741.42	3740.92	3748.46	3748.08	3748.48	3753.10	
3752.40	3629.84	3703.32	3742.24	3742.18	3744.24	3746.40	3751.78	3747.08	3740.58	3746.60	3745.06	3748.16	3750.52	3745.32	3743.54	
3742.64	3732.20	3721.74	3724.12	3740.20	3738.72	3737.06	3735.56	3727.60	3716.38	3733.78	3729.48	3736.84	3738.82	3753.70	3710.40	

*******************************************2025/07/26;20:54:55
Probe number 286
Concentration entered by User 1.94% (Compensated: 2.86% at temperature 32.0)
1297.62	1315.90	1328.42	1342.20	1358.78	1373.82	1390.88	1406.34	1426.44	1445.42	1468.94	1493.34	1521.12	1548.68	1570.22	1591.70	
1615.54	1654.62	1691.68	1741.38	1777.84	1815.46	1847.74	1888.98	1936.36	1976.56	2028.06	2089.50	2165.84	2237.18	2353.16	2510.70	
2709.66	3033.42	3327.30	3527.42	3639.46	3667.70	3674.38	3677.86	3678.84	3690.18	3695.80	3699.16	3688.30	3686.64	3692.12	3690.78	
3689.90	3719.64	3707.38	3711.28	3715.08	3717.88	3720.94	3717.08	3719.46	3723.52	3719.24	3719.08	3722.94	3718.40	3714.86	3727.02	
3729.92	3732.60	3731.18	3732.44	3721.56	3725.96	3720.44	3716.44	3725.90	3718.58	3729.32	3724.44	3731.76	3731.12	3731.18	3735.58	
3735.12	3739.52	3736.68	3733.32	3741.00	3742.06	3736.24	3743.78	3735.04	3744.60	3741.54	3741.24	3748.52	3748.08	3748.76	3753.16	
3752.70	3630.22	3703.64	3742.52	3742.48	3744.62	3746.34	3751.80	3746.98	3740.88	3746.50	3745.54	3748.42	3750.52	3745.38	3743.50	
3742.92	3732.34	3722.20	3724.70	3740.46	3738.62	3737.34	3735.36	3727.64	3716.74	3733.92	3729.98	3737.26	3738.88	3754.08	3710.46	

*******************************************2025/07/26;20:59:55
Probe number 287
Concentration entered by User 1.92% (Compensated: 2.84% at temperature 32.0)
1298.08	1316.32	1328.22	1342.14	1358.20	1372.48	1389.10	1405.92	1425.64	1445.12	1469.58	1493.46	1520.58	1549.32	1571.58	1592.38	
1615.32	1654.78	1690.08	1742.46	1777.08	1811.20	1848.22	1888.68	1932.36	1976.94	2031.06	2087.58	2169.48	2246.06	2351.32	2504.04	
2712.98	3038.86	3327.06	3535.64	3643.24	3671.12	3677.78	3680.80	3682.00	3693.44	3698.72	3701.92	3691.88	3690.30	3695.88	3694.24	
3692.74	3722.48	3710.68	3714.46	3717.76	3720.96	3723.76	3720.40	3722.64	3726.06	3721.84	3721.94	3725.88	3721.40	3718.12	3729.76	
3733.06	3735.52	3734.00	3735.08	3724.66	3728.62	3723.66	3719.46	3728.86	3721.30	3732.68	3727.42	3734.36	3733.96	3733.96	3738.76	
3737.62	3741.90	3739.46	3736.40	3743.70	3744.98	3739.08	3746.18	3737.88	3747.44	3744.04	3743.86	3751.26	3750.84	3751.38	3755.56	
3755.00	3634.10	3706.68	3744.76	3745.12	3747.08	3748.96	3754.28	3750.10	3743.10	3749.24	3748.06	3750.98	3753.22	3748.06	3746.36	
3745.54	3735.32	3725.44	3727.28	3743.20	3741.44	3739.98	3738.46	3730.64	3719.80	3736.98	3732.72	3739.70	3741.62	3756.18	3713.92	

*******************************************2025/07/26;21:04:55
Probe number 288
Concentration entered by User 1.91% (Compensated: 2.83% at temperature 32.0)
1298.12	1316.10	1327.88	1341.72	1358.76	1373.52	1389.62	1406.90	1427.22	1446.18	1469.62	1494.02	1521.10	1550.10	1572.96	1595.00	
1617.12	1656.24	1692.20	1742.66	1776.52	1811.42	1846.48	1885.18	1934.48	1975.82	2029.10	2089.34	2167.06	2243.96	2354.94	2504.48	
2710.40	3042.04	3331.66	3533.78	3640.96	3669.14	3677.08	3679.86	3681.06	3691.80	3697.36	3700.82	3690.26	3688.72	3694.22	3693.22	
3691.62	3721.52	3709.22	3713.36	3716.62	3719.90	3722.46	3718.56	3721.06	3724.82	3720.66	3720.76	3724.32	3720.04	3716.86	3728.34	
3731.76	3734.18	3732.88	3733.68	3723.22	3727.42	3722.80	3718.14	3727.90	3720.06	3731.14	3726.00	3733.32	3732.54	3732.80	3737.22	
3736.68	3740.26	3738.18	3734.98	3742.38	3743.74	3737.92	3744.98	3736.66	3746.02	3742.98	3742.66	3750.30	3749.76	3750.22	3754.40	
3754.00	3632.36	3705.38	3744.02	3744.00	3745.90	3747.98	3753.22	3748.72	3742.12	3748.46	3746.62	3749.66	3751.78	3746.82	3745.16	
3744.48	3734.10	3724.00	3726.34	3741.88	3740.32	3738.98	3737.28	3729.42	3718.58	3735.70	3731.46	3738.66	3740.38	3755.02	3712.40	

*******************************************2025/07/26;21:09:55
Probe number 289
Concentration entered by User 1.93% (Compensated: 2.85% at temperature 32.0)
1298.74	1317.00	1329.38	1342.92	1358.82	1374.42	1392.30	1406.74	1427.42	1446.48	1469.12	1494.06	1522.14	1548.96	1569.78	1592.26	
1614.94	1657.42	1692.38	1741.62	1778.60	1814.72	1848.94	1889.84	1937.98	1982.70	2033.78	2094.42	2177.76	2243.90	2347.04	2509.06	
2714.60	3032.90	3324.12	3535.00	3644.84	3673.54	3680.96	3683.02	3685.10	3695.02	3700.80	3704.52	3694.68	3693.22	3697.80	3696.64	
3695.58	3725.00	3712.42	3716.64	3720.34	3723.02	3726.32	3722.60	3724.34	3728.06	3724.00	3724.40	3728.00	3723.16	3720.04	3731.58	
3734.72	3737.20	3735.82	3736.66	3726.46	3730.62	3725.34	3721.02	3730.78	3723.30	3734.14	3728.98	3736.40	3735.76	3735.72	3740.10	
3739.56	3743.60	3741.08	3738.14	3745.54	3746.20	3740.96	3748.00	3739.48	3749.28	3746.18	3745.48	3752.76	3752.16	3752.64	3757.14	
3756.66	3636.98	3709.02	3746.54	3746.68	3748.82	3750.48	3755.80	3751.48	3744.66	3750.84	3749.54	3752.34	3754.54	3749.62	3747.86	
3747.26	3737.18	3727.10	3729.22	3744.72	3743.02	3741.74	3740.18	3732.70	3721.90	3738.66	3734.32	3741.48	3743.58	3757.80	3715.62	

*******************************************2025/07/26;21:14:55
Probe number 290
Concentration entered by User 1.97% (Compensated: 2.89% at temperature 32.0)
1298.62	1316.20	1327.96	1342.68	1358.50	1372.72	1390.92	1406.54	1427.32	1446.30	1469.02	1493.92	1521.02	1549.62	1570.84	1591.44	
1614.54	1655.52	1690.64	1742.14	1778.38	1814.30	1849.80	1891.84	1938.36	1979.74	2027.80	2086.12	2173.80	2232.62	2336.94	2504.04	
2703.98	3027.76	3315.00	3523.80	3640.28	3667.50	3676.50	3678.62	3680.62	3691.40	3696.88	3700.72	3690.54	3688.74	3694.10	3693.02	
3691.86	3721.28	3709.16	3713.26	3716.58	3719.50	3722.44	3718.76	3721.14	3724.94	3720.96	3721.18	3724.88	3719.98	3716.60	3728.76	
3731.92	3734.44	3733.22	3734.12	3723.50	3727.74	3722.38	3718.24	3728.04	3720.46	3731.16	3726.40	3733.32	3732.86	3732.82	3737.50	
3737.14	3740.92	3738.22	3734.82	3742.90	3743.74	3738.20	3745.10	3737.00	3746.34	3743.26	3743.02	3750.22	3749.88	3750.32	3754.70	
3754.12	3632.66	3705.20	3743.80	3743.90	3746.30	3748.06	3753.58	3748.70	3742.24	3748.66	3747.06	3749.96	3752.16	3747.02	3745.34	
3744.58	3733.96	3724.02	3726.30	3741.98	3740.46	3738.82	3737.44	3729.66	3718.74	3735.72	3731.62	3738.76	3740.88	3755.34	3712.34	

*******************************************2025/07/26;21:19:55
Probe number 291
Concentration entered by User 1.94% (Compensated: 2.85% at temperature 32.0)
1299.22	1317.02	1329.58	1343.90	1360.34	1375.00	1391.44	1407.74	1428.46	1447.04	1470.98	1495.68	1523.74	1551.92	1573.40	1593.66	
1617.98	1659.00	1692.76	1744.60	1776.64	1814.16	1850.80	1888.96	1936.08	1980.78	2030.84	2092.80	2180.90	2247.66	2352.98	2503.24	
2702.78	3027.18	3327.16	3534.52	3643.48	3670.92	3679.02	3682.04	3682.80	3693.52	3698.62	3702.64	3692.98	3690.72	3696.46	3695.20	
3693.90	3723.12	3710.50	3714.74	3718.04	3721.74	3724.36	3720.62	3723.02	3726.16	3722.34	3722.82	3726.56	3721.88	3718.62	3730.28	
3733.14	3736.24	3734.66	3735.44	3725.34	3729.28	3724.14	3720.18	3729.48	3722.06	3732.64	3728.04	3735.06	3734.28	3734.42	3739.12	
3738.26	3742.46	3739.84	3736.92	3744.18	3745.36	3739.66	3746.42	3738.56	3747.92	3744.68	3744.10	3751.58	3751.30	3751.70	3755.90	
3755.50	3635.04	3707.68	3745.50	3745.58	3747.68	3749.42	3754.90	3750.20	3743.56	3749.82	3748.34	3751.12	3753.60	3748.52	3746.72	
3746.26	3735.76	3725.52	3727.92	3743.46	3742.14	3740.66	3738.82	3731.64	3720.56	3737.30	3733.46	3740.40	3742.04	3756.72	3714.44	

*******************************************2025/07/26;21:24:55
Probe number 292
Concentration entered by User 1.95% (Compensated: 2.86% at temperature 32.0)
1298.60	1316.98	1329.74	1343.98	1360.10	1374.94	1391.70	1407.40	1427.46	1446.46	1470.50	1494.42	1523.22	1552.32	1573.96	1594.94	
1617.18	1657.42	1692.88	1744.78	1779.92	1815.60	1851.12	1893.36	1934.94	1984.02	2031.50	2091.36	2171.70	2242.56	2346.62	2502.78	
2699.80	3024.12	3327.08	3530.08	3644.22	3671.08	3679.04	3682.04	3682.80	3693.42	3698.74	3702.90	3692.36	3690.80	3696.36	3695.18	
3693.62	3723.04	3710.72	3714.80	3718.20	3721.70	3724.08	3720.40	3723.04	3726.38	3722.46	3722.70	3726.20	3721.42	3718.12	3729.98	
3733.20	3735.88	3734.56	3735.30	3725.36	3729.44	3724.22	3720.16	3729.44	3721.82	3732.92	3728.12	3735.10	3734.60	3734.42	3738.84	
3738.40	3742.24	3740.24	3736.64	3744.38	3745.16	3739.64	3746.62	3738.34	3748.10	3744.60	3744.20	3751.60	3751.14	3751.72	3755.82	
3755.28	3634.84	3707.72	3745.58	3745.58	3747.82	3749.22	3754.76	3750.14	3743.86	3749.72	3748.34	3751.30	3753.42	3748.46	3746.76	
3746.04	3735.80	3725.72	3727.84	3743.64	3741.88	3740.70	3738.86	3731.46	3720.22	3737.32	3733.46	3740.64	3742.38	3756.92	3714.30	

*******************************************2025/07/26;21:29:55
Probe number 293
Concentration entered by User 1.95% (Compensated: 2.87% at temperature 32.0)
1299.18	1317.38	1329.72	1343.60	1359.58	1374.06	1390.90	1406.54	1428.06	1446.68	1470.68	1495.96	1523.08	1550.74	1572.84	1594.00	
1619.32	1660.64	1693.56	1745.58	1778.96	1814.74	1850.64	1893.78	1937.56	1979.46	2030.88	2094.90	2173.66	2241.90	2351.66	2507.50	
2708.24	3024.54	3319.42	3533.36	3643.16	3673.46	3680.54	3683.06	3684.64	3695.08	3700.68	3704.48	3694.30	3692.62	3697.94	3696.64	
3695.48	3724.72	3712.44	3716.44	3719.64	3723.12	3725.76	3722.02	3724.58	3728.06	3724.04	3724.58	3728.08	3723.56	3719.82	3731.84	
3734.70	3737.46	3735.98	3737.00	3727.04	3731.14	3725.60	3721.70	3731.32	3723.70	3734.32	3729.86	3736.52	3736.22	3736.12	3740.38	
3740.14	3744.04	3741.42	3738.38	3745.70	3746.66	3741.12	3748.36	3739.78	3749.12	3746.02	3745.72	3753.14	3752.78	3753.10	3757.42	
3756.70	3637.50	3708.98	3746.86	3747.00	3749.24	3750.98	3756.12	3751.62	3745.24	3751.16	3749.92	3753.12	3755.02	3749.72	3748.48	
3747.68	3737.18	3727.42	3729.64	3745.18	3743.36	3742.38	3740.28	3732.76	3722.24	3738.90	3734.92	3741.90	3743.78	3758.20	3715.92	

*******************************************2025/07/26;21:34:55
Probe number 294
Concentration entered by User 1.95% (Compensated: 2.86% at temperature 32.0)
1299.24	1317.38	1329.54	1343.46	1359.72	1374.50	1392.06	1407.50	1428.26	1446.64	1471.86	1497.94	1523.72	1551.74	1571.80	1594.66	
1619.84	1660.46	1693.86	1745.36	1781.84	1816.36	1851.94	1895.92	1943.34	1983.60	2033.54	2091.62	2174.90	2238.30	2350.58	2513.06	
2714.28	3026.24	3320.28	3530.46	3644.68	3673.24	3680.28	3683.30	3684.10	3695.42	3700.32	3704.28	3694.38	3692.16	3697.78	3696.62	
3695.62	3723.86	3712.50	3716.54	3719.68	3722.80	3725.94	3721.64	3724.24	3727.98	3723.82	3724.12	3727.84	3722.90	3719.78	3731.40	
3734.50	3737.22	3736.24	3737.02	3726.86	3730.76	3725.66	3721.46	3731.06	3723.60	3734.14	3729.42	3736.62	3735.92	3735.82	3740.26	
3739.90	3743.62	3741.22	3737.90	3745.26	3746.40	3740.96	3748.16	3739.74	3749.32	3745.76	3745.62	3752.90	3752.32	3753.20	3757.10	
3756.74	3637.30	3709.06	3746.86	3746.68	3749.08	3750.66	3755.94	3751.72	3745.32	3750.94	3749.80	3752.64	3754.90	3749.62	3748.20	
3747.62	3737.48	3727.10	3729.60	3744.82	3743.36	3741.78	3740.12	3733.30	3722.08	3738.82	3734.78	3742.04	3743.50	3757.94	3716.36	

*******************************************2025/07/26;21:39:55
Probe number 295
Concentration entered by User 1.97% (Compensated: 2.88% at temperature 32.0)
1299.56	1317.40	1329.30	1343.34	1359.68	1375.60	1392.26	1408.26	1428.78	1447.54	1472.38	1496.46	1523.94	1551.00	1573.50	1596.04	
1619.82	1658.22	1694.82	1745.24	1781.32	1814.80	1854.94	1893.96	1935.16	1978.50	2031.04	2092.48	2173.94	2242.02	2351.86	2506.52	
2702.06	3025.42	3318.70	3522.90	3640.66	3669.74	3677.46	3680.32	3681.90	3692.94	3698.50	3702.86	3692.36	3690.96	3696.40	3695.40	
3693.80	3723.24	3710.90	3715.00	3717.96	3721.30	3724.34	3720.32	3722.70	3726.52	3722.42	3722.40	3726.34	3721.50	3718.82	3730.40	
3733.48	3735.94	3734.74	3735.24	3725.38	3729.50	3724.36	3719.90	3729.78	3722.22	3733.10	3728.12	3735.18	3734.86	3734.54	3738.84	
3738.54	3742.54	3740.02	3736.70	3744.28	3745.22	3739.34	3746.76	3738.54	3747.72	3744.72	3744.26	3752.08	3751.34	3751.64	3756.22	
3755.58	3635.50	3707.68	3745.82	3745.54	3747.80	3749.42	3754.92	3750.52	3744.04	3750.26	3748.56	3751.46	3753.52	3748.44	3747.02	
3746.22	3736.08	3726.00	3728.34	3743.90	3742.06	3740.78	3739.00	3731.58	3720.64	3737.44	3733.76	3740.66	3742.62	3757.04	3714.42	

*******************************************2025/07/26;21:44:55
Probe number 296
Concentration entered by User 1.93% (Compensated: 2.85% at temperature 32.0)
1298.98	1317.30	1329.46	1342.92	1359.12	1374.00	1391.68	1407.30	1428.36	1448.66	1472.68	1497.42	1524.78	1550.96	1573.40	1596.66	
1619.36	1657.92	1693.92	1744.96	1779.16	1815.96	1851.30	1892.20	1938.14	1983.80	2037.90	2095.74	2175.64	2239.04	2353.22	2509.22	
2712.02	3038.34	3325.46	3528.70	3643.78	3672.26	3679.80	3682.82	3683.34	3695.00	3700.56	3704.64	3694.66	3692.72	3698.38	3696.74	
3695.34	3724.22	3712.50	3716.46	3719.76	3722.78	3725.68	3722.18	3724.38	3727.58	3723.96	3724.18	3727.82	3723.06	3720.20	3731.62	
3734.94	3737.42	3736.20	3736.94	3726.68	3731.00	3725.90	3721.62	3731.10	3723.74	3734.48	3729.44	3736.44	3735.98	3736.10	3740.38	
3739.84	3743.96	3741.22	3738.26	3745.80	3746.60	3741.22	3748.22	3740.10	3749.36	3745.78	3745.64	3753.22	3752.68	3752.84	3757.14	
3756.98	3637.62	3709.10	3747.14	3746.90	3749.10	3751.16	3755.96	3751.84	3745.52	3751.50	3749.84	3752.68	3754.96	3749.86	3748.30	
3747.44	3737.18	3727.60	3729.90	3744.96	3743.68	3742.06	3740.38	3733.30	3721.90	3739.12	3734.94	3742.14	3743.66	3758.34	3715.90	

*******************************************2025/07/26;21:49:55
Probe number 297
Concentration entered by User 1.98% (Compensated: 2.89% at temperature 32.0)
1299.14	1316.44	1328.56	1343.02	1359.52	1374.46	1392.26	1408.92	1428.48	1447.56	1470.14	1495.00	1524.30	1551.82	1571.94	1593.14	
1615.96	1658.08	1694.98	1744.48	1780.60	1815.88	1850.70	1892.24	1940.52	1982.12	2031.22	2095.68	2167.66	2235.36	2350.28	2505.08	
2702.72	3018.82	3316.60	3523.00	3639.78	3668.02	3675.96	3678.98	3680.60	3690.84	3697.12	3700.64	3690.72	3688.60	3694.16	3692.72	
3691.60	3721.30	3708.92	3713.10	3716.52	3719.52	3722.66	3718.48	3720.72	3724.86	3720.76	3720.82	3724.70	3719.88	3716.68	3728.72	
3732.04	3734.68	3733.12	3733.82	3723.54	3727.88	3722.46	3718.48	3728.38	3720.36	3731.30	3726.22	3733.42	3733.36	3733.24	3737.46	
3736.98	3741.22	3738.28	3735.10	3742.68	3743.98	3738.36	3745.20	3737.20	3746.58	3743.30	3742.76	3750.46	3749.94	3750.46	3754.84	
3754.18	3633.14	3705.86	3744.08	3744.10	3746.10	3748.36	3753.26	3749.10	3742.44	3748.62	3747.24	3749.88	3752.54	3747.34	3745.44	
3744.72	3734.34	3724.16	3726.46	3742.34	3740.56	3739.34	3737.44	3730.24	3719.34	3735.78	3731.76	3739.10	3740.84	3755.58	3712.78	

*******************************************2025/07/26;21:54:55
Probe number 298
Concentration entered by User 1.94% (Compensated: 2.85% at temperature 32.0)
1299.98	1317.96	1330.44	1344.34	1360.80	1376.42	1394.02	1410.64	1430.88	1449.38	1472.70	1496.78	1524.72	1553.16	1573.90	1595.50	
1619.18	1660.52	1698.26	1748.58	1781.08	1818.46	1855.70	1895.06	1939.60	1983.26	2040.28	2099.38	2178.98	2249.90	2356.20	2517.72	
2713.92	3032.06	3327.32	3526.92	3643.52	3673.96	3682.14	3684.90	3686.28	3696.72	3702.26	3706.14	3696.60	3694.64	3700.34	3699.48	
3697.96	3726.68	3714.74	3718.84	3721.60	3724.78	3727.72	3724.34	3726.40	3729.90	3726.38	3726.22	3730.00	3725.52	3722.36	3733.74	
3736.66	3739.54	3738.04	3739.06	3728.94	3732.66	3727.92	3723.80	3733.12	3725.92	3736.36	3731.90	3738.38	3738.08	3738.08	3742.50	
3742.04	3745.92	3743.38	3740.24	3747.34	3748.34	3742.76	3749.86	3741.72	3750.94	3748.06	3747.56	3754.88	3754.16	3754.76	3759.00	
3758.58	3640.44	3711.98	3748.72	3749.16	3750.78	3752.58	3757.66	3753.42	3747.34	3752.78	3751.66	3754.36	3756.58	3751.70	3750.28	
3749.66	3739.48	3729.68	3731.52	3746.90	3745.16	3744.08	3742.60	3734.92	3724.38	3740.94	3736.96	3743.74	3745.32	3759.88	3718.34	

*******************************************2025/07/26;21:59:55
Probe number 299
Concentration entered by User 1.94% (Compensated: 2.85% at temperature 31.9)
1300.16	1318.52	1330.24	1345.10	1361.58	1375.76	1393.42	1409.86	1430.08	1449.02	1472.32	1495.84	1523.68	1552.30	1573.98	1596.58	
1619.86	1661.44	1698.90	1748.40	1787.40	1818.56	1853.86	1891.98	1938.44	1983.48	2034.70	2094.50	2174.80	2245.84	2363.52	2505.50	
2701.92	3030.42	3326.68	3534.70	3647.10	3674.12	3682.66	3685.18	3686.86	3697.64	3702.96	3706.72	3697.08	3695.46	3700.18	3699.18	
3697.56	3726.66	3714.86	3718.64	3722.04	3725.26	3727.78	3724.00	3726.66	3729.92	3725.84	3726.30	3729.92	3725.22	3722.18	3733.86	
3736.82	3739.54	3738.16	3739.00	3728.94	3733.08	3728.16	3724.10	3733.12	3725.96	3736.46	3731.84	3738.72	3738.14	3738.02	3742.42	
3741.98	3745.92	3743.32	3740.30	3747.52	3748.40	3743.12	3750.20	3741.84	3750.96	3748.06	3747.58	3754.82	3754.56	3754.68	3759.10	
3758.50	3640.42	3711.78	3748.84	3748.88	3750.90	3752.66	3757.84	3753.64	3747.34	3753.04	3751.86	3754.28	3756.82	3751.60	3750.12	
3749.50	3739.58	3729.72	3731.68	3747.04	3745.48	3744.28	3742.48	3734.98	3724.60	3741.32	3737.22	3744.02	3745.72	3759.90	3718.58	

*******************************************2025/07/26;22:04:55
Probe number 300
Concentration entered by User 1.95% (Compensated: 2.86% at temperature 31.9)
1299.86	1317.50	1329.98	1344.52	1360.36	1374.70	1392.20	1408.40	1428.74	1447.16	1470.88	1494.32	1522.80	1553.42	1573.84	1594.70	
1617.82	1660.60	1696.98	1746.14	1783.52	1814.46	1848.10	1890.70	1938.00	1985.24	2033.04	2091.30	2178.92	2249.40	2359.72	2508.28	
2707.42	3032.48	3321.30	3524.74	3642.62	3671.20	3678.16	3681.20	3682.38	3693.84	3699.68	3703.56	3693.66	3691.48	3697.08	3695.58	
3694.32	3723.78	3711.26	3715.40	3718.86	3722.08	3725.06	3721.22	3723.54	3727.16	3723.20	3723.18	3727.02	3722.30	3719.24	3730.96	
3734.16	3736.90	3735.32	3736.30	3726.06	3730.04	3724.98	3721.04	3730.32	3723.22	3733.70	3728.96	3735.94	3735.56	3735.38	3739.54	
3739.40	3743.32	3740.56	3737.46	3744.98	3746.08	3740.70	3747.46	3739.26	3748.58	3745.30	3745.20	3752.34	3752.18	3752.56	3756.92	
3756.24	3636.12	3708.48	3746.62	3746.10	3748.52	3750.10	3755.32	3751.30	3744.66	3750.86	3749.18	3751.86	3754.44	3749.18	3747.70	
3747.14	3736.58	3726.92	3729.08	3744.64	3742.82	3741.46	3739.78	3732.56	3721.68	3738.30	3734.30	3741.68	3743.14	3757.60	3715.56	

*******************************************2025/07/26;22:09:55
Probe number 301
Concentration entered by User 1.94% (Compensated: 2.85% at temperature 31.9)
1299.96	1317.44	1329.54	1344.66	1361.00	1375.52	1392.26	1408.96	1428.98	1447.34	1471.44	1497.80	1524.74	1552.50	1574.08	1595.62	
1619.60	1661.14	1695.36	1748.48	1780.30	1815.28	1851.84	1893.54	1934.72	1982.48	2031.88	2092.76	2173.28	2248.42	2364.48	2506.08	
2711.32	3041.88	3323.74	3521.64	3641.94	3671.64	3678.18	3681.42	3683.08	3694.88	3700.46	3703.58	3693.60	3692.08	3697.26	3695.82	
3694.46	3723.48	3711.42	3715.42	3718.82	3722.18	3725.36	3721.34	3723.28	3726.86	3723.16	3723.28	3726.84	3722.34	3719.36	3731.12	
3733.90	3736.76	3735.50	3735.88	3726.12	3730.22	3725.16	3721.24	3730.54	3722.86	3734.16	3728.86	3736.08	3735.04	3735.28	3739.82	
3739.34	3743.56	3740.82	3737.82	3745.06	3746.20	3740.58	3747.64	3739.18	3748.70	3745.38	3745.14	3752.50	3751.96	3752.44	3756.96	
3756.28	3636.64	3708.68	3746.44	3746.30	3748.74	3750.34	3755.64	3751.30	3744.86	3750.70	3749.22	3752.06	3754.36	3749.38	3747.72	
3747.26	3736.96	3726.82	3728.96	3744.62	3742.80	3741.54	3739.76	3732.58	3721.32	3738.46	3734.42	3741.40	3743.00	3757.98	3715.54	

*******************************************2025/07/26;22:14:55
Probe number 302
Concentration entered by User 1.95% (Compensated: 2.87% at temperature 31.9)
1300.60	1317.72	1330.22	1344.88	1360.44	1375.54	1392.64	1408.54	1428.80	1448.22	1471.02	1496.24	1523.54	1552.32	1573.08	1595.04	
1618.40	1660.16	1696.48	1747.60	1783.28	1816.32	1854.62	1892.18	1936.48	1984.56	2033.26	2082.24	2162.18	2243.62	2352.80	2500.96	
2701.80	3031.10	3320.42	3528.10	3640.22	3670.50	3678.24	3681.02	3682.40	3693.46	3699.08	3702.92	3692.94	3691.30	3696.36	3694.90	
3693.44	3722.94	3710.96	3715.42	3718.34	3721.92	3724.72	3720.54	3723.12	3726.74	3722.70	3723.12	3726.36	3722.14	3719.00	3730.72	
3733.68	3736.48	3735.14	3735.82	3725.68	3729.86	3724.60	3720.40	3729.82	3722.38	3733.38	3728.30	3735.46	3735.08	3735.08	3739.46	
3739.12	3743.04	3740.44	3737.24	3744.98	3745.92	3740.20	3746.92	3738.70	3748.38	3745.12	3744.66	3751.98	3751.60	3752.24	3756.52	
3756.02	3635.62	3707.90	3746.02	3746.12	3748.04	3749.76	3755.26	3750.80	3744.30	3750.26	3748.80	3751.76	3753.90	3748.76	3747.36	
3746.70	3736.30	3726.26	3728.78	3744.32	3742.34	3740.98	3739.14	3731.92	3720.90	3738.10	3733.96	3740.88	3742.90	3757.32	3714.92	

*******************************************2025/07/26;22:19:55
Probe number 303
Concentration entered by User 1.96% (Compensated: 2.87% at temperature 31.9)
1299.48	1317.54	1329.74	1343.96	1360.12	1374.48	1391.92	1408.84	1429.08	1447.84	1471.76	1496.00	1523.42	1551.26	1573.80	1595.90	
1618.96	1662.02	1696.10	1746.64	1779.96	1813.40	1849.62	1892.72	1936.16	1981.26	2029.22	2085.36	2172.50	2237.62	2353.36	2498.70	
2707.14	3030.58	3318.56	3526.12	3638.08	3668.14	3676.18	3678.46	3679.88	3691.66	3696.94	3700.64	3690.72	3689.12	3694.58	3693.14	
3691.56	3721.30	3709.24	3713.48	3716.38	3719.68	3722.72	3718.98	3721.16	3724.72	3721.08	3721.22	3725.02	3720.18	3717.22	3728.80	
3732.26	3734.74	3733.22	3734.16	3723.76	3728.32	3722.74	3718.96	3728.08	3720.94	3731.54	3726.94	3733.88	3733.58	3733.38	3737.80	
3737.54	3741.58	3738.48	3735.50	3743.20	3744.32	3738.28	3745.50	3737.10	3746.70	3743.54	3742.90	3750.84	3750.20	3750.64	3755.28	
3754.52	3633.28	3705.92	3744.54	3744.44	3746.70	3748.48	3753.92	3749.50	3742.94	3748.90	3747.00	3750.40	3752.60	3747.22	3746.04	
3745.32	3734.70	3724.70	3726.96	3742.60	3740.98	3739.42	3737.76	3730.16	3719.34	3736.14	3732.30	3739.32	3741.32	3756.04	3712.88	

*******************************************2025/07/26;22:24:55
Probe number 304
Concentration entered by User 1.93% (Compensated: 2.84% at temperature 31.9)
1300.74	1318.96	1330.98	1345.10	1361.66	1377.04	1394.18	1410.30	1430.28	1449.02	1472.42	1497.40	1525.88	1553.68	1575.34	1596.46	
1620.76	1663.92	1698.80	1748.66	1780.18	1813.70	1853.90	1893.68	1936.78	1985.16	2031.28	2094.06	2175.24	2244.88	2362.18	2507.16	
2703.42	3034.48	3332.98	3530.58	3643.62	3672.66	3680.68	3683.38	3684.26	3695.82	3701.56	3705.36	3695.28	3693.28	3699.12	3697.92	
3696.34	3725.30	3713.14	3717.32	3720.32	3723.34	3726.38	3722.38	3725.04	3728.44	3724.36	3724.78	3728.36	3723.68	3720.64	3732.28	
3735.38	3737.92	3736.78	3737.38	3727.26	3731.40	3726.42	3722.18	3731.28	3724.46	3734.96	3730.06	3737.04	3736.80	3736.50	3741.34	
3740.56	3744.32	3741.94	3738.56	3745.96	3747.12	3741.56	3748.50	3740.66	3749.66	3746.74	3746.26	3753.42	3753.12	3753.44	3757.72	
3757.46	3638.52	3710.14	3747.76	3747.46	3749.72	3751.46	3756.48	3752.22	3745.72	3751.86	3750.60	3753.18	3755.52	3750.54	3749.10	
3748.32	3738.12	3728.18	3730.26	3745.58	3744.04	3742.76	3741.10	3733.82	3722.66	3739.54	3735.82	3742.84	3744.44	3758.64	3716.72	

*******************************************2025/07/26;22:29:55
Probe number 305
Concentration entered by User 1.93% (Compensated: 2.84% at temperature 31.9)
1300.78	1318.48	1331.08	1345.20	1361.10	1375.76	1392.24	1408.50	1430.10	1448.44	1471.64	1496.68	1523.88	1553.86	1575.36	1597.06	
1621.40	1660.86	1696.16	1748.52	1781.76	1817.46	1854.08	1895.04	1937.46	1985.22	2033.98	2094.38	2171.88	2245.14	2352.80	2513.22	
2709.04	3037.32	3330.00	3529.66	3641.94	3671.72	3679.84	3682.70	3684.24	3695.46	3701.08	3704.80	3694.94	3693.16	3698.46	3697.50	
3695.72	3724.64	3712.92	3717.24	3720.40	3723.54	3726.54	3722.66	3724.74	3728.38	3724.66	3724.54	3728.46	3723.62	3720.86	3731.82	
3735.28	3737.88	3736.60	3737.24	3727.36	3731.38	3726.34	3721.88	3731.30	3724.50	3734.90	3730.12	3737.16	3736.70	3736.82	3741.12	
3740.58	3744.48	3741.76	3738.80	3746.28	3747.18	3741.60	3748.56	3740.56	3749.74	3746.58	3745.82	3753.50	3752.84	3753.28	3757.66	
3757.28	3638.44	3710.10	3747.44	3747.62	3749.60	3751.40	3756.66	3752.30	3746.00	3751.90	3750.40	3753.22	3755.58	3750.14	3749.02	
3748.16	3737.56	3728.14	3730.24	3745.74	3743.96	3742.34	3740.92	3733.68	3722.62	3739.40	3735.52	3742.58	3744.18	3758.82	3716.48	

*******************************************2025/07/26;22:34:55
Probe number 306
Concentration entered by User 1.94% (Compensated: 2.85% at temperature 31.9)
1299.04	1318.42	1329.90	1344.18	1360.70	1375.70	1392.70	1408.40	1429.70	1448.88	1472.40	1495.80	1523.00	1552.26	1574.58	1597.56	
1620.26	1662.48	1698.12	1750.64	1781.70	1814.90	1850.26	1892.06	1939.64	1984.84	2035.70	2091.70	2170.60	2239.16	2361.18	2516.16	
2708.68	3034.70	3325.54	3531.14	3643.20	3672.34	3680.16	3682.80	3684.02	3695.12	3700.70	3704.30	3694.48	3692.66	3698.26	3696.90	
3695.30	3724.68	3712.68	3716.82	3719.94	3722.96	3726.18	3722.32	3724.54	3727.64	3724.28	3724.40	3727.88	3723.30	3720.44	3732.02	
3735.06	3737.64	3735.86	3736.86	3726.98	3731.04	3726.04	3721.80	3731.32	3724.06	3734.88	3729.80	3736.90	3736.34	3736.20	3740.82	
3740.36	3744.16	3741.46	3738.56	3746.00	3747.00	3741.36	3748.04	3740.14	3749.46	3746.28	3745.98	3753.30	3752.96	3753.32	3757.66	
3757.04	3638.14	3709.60	3747.14	3747.06	3749.22	3751.20	3756.14	3751.92	3745.82	3751.50	3750.30	3752.86	3755.24	3750.26	3748.80	
3748.12	3737.72	3728.06	3729.94	3745.42	3743.82	3742.90	3740.92	3733.54	3722.28	3739.40	3735.48	3742.68	3744.22	3758.64	3716.64	

*******************************************2025/07/26;22:39:55
Probe number 307
Concentration entered by User 1.93% (Compensated: 2.85% at temperature 31.9)
1299.82	1318.04	1330.14	1344.14	1359.22	1375.22	1392.90	1408.26	1428.62	1448.08	1471.82	1496.80	1524.20	1553.22	1574.36	1595.08	
1618.50	1661.20	1694.12	1749.40	1782.58	1812.04	1849.40	1892.52	1938.44	1982.36	2031.06	2089.24	2176.50	2249.70	2355.26	2509.16	
2715.82	3038.32	3324.56	3527.60	3640.98	3669.50	3678.96	3681.50	3682.48	3694.00	3699.36	3703.24	3693.42	3691.14	3696.76	3695.80	
3694.30	3723.56	3711.52	3715.36	3718.72	3721.90	3724.82	3720.68	3723.08	3726.42	3722.82	3723.14	3726.46	3722.04	3719.08	3730.60	
3733.86	3736.52	3735.14	3735.76	3725.52	3729.78	3724.44	3720.42	3729.86	3722.62	3733.26	3728.86	3735.70	3735.20	3735.02	3739.58	
3738.92	3742.90	3740.12	3737.44	3744.40	3745.66	3739.96	3747.00	3739.08	3748.48	3745.22	3744.82	3751.92	3751.44	3752.10	3756.30	
3755.96	3636.12	3708.38	3746.14	3746.02	3748.18	3749.82	3755.44	3750.88	3744.34	3750.46	3749.20	3752.14	3754.28	3749.00	3747.50	
3746.68	3736.26	3726.68	3728.54	3744.30	3742.28	3741.22	3739.36	3731.84	3720.96	3737.84	3733.96	3741.36	3743.08	3757.40	3715.30	

*******************************************2025/07/26;22:44:55
Probe number 308
Concentration entered by User 1.96% (Compensated: 2.87% at temperature 31.9)
1299.14	1317.14	1330.28	1342.82	1359.56	1373.78	1391.40	1407.24	1427.62	1445.96	1470.84	1495.54	1523.44	1551.60	1572.68	1593.48	
1617.66	1658.34	1694.74	1745.28	1778.78	1811.84	1852.22	1889.98	1933.40	1984.68	2039.12	2093.50	2169.42	2242.10	2355.74	2506.98	
2699.68	3031.74	3319.78	3527.62	3637.56	3668.96	3676.86	3680.40	3682.04	3693.06	3698.74	3702.98	3693.10	3691.46	3696.68	3695.72	
3694.22	3723.26	3711.22	3714.92	3718.56	3721.40	3724.72	3720.40	3722.86	3726.26	3722.60	3722.70	3726.38	3721.70	3718.62	3730.68	
3733.34	3736.12	3734.90	3735.88	3725.58	3729.58	3724.28	3719.90	3729.82	3722.42	3733.18	3727.98	3735.40	3734.92	3734.80	3739.10	
3738.96	3742.70	3739.96	3736.94	3744.68	3745.48	3739.98	3747.06	3738.80	3747.98	3744.98	3744.44	3752.00	3751.58	3752.12	3756.26	
3755.96	3635.34	3708.00	3745.94	3745.74	3748.08	3749.90	3754.96	3750.94	3744.28	3750.28	3748.92	3751.64	3753.94	3749.06	3747.28	
3746.54	3736.06	3726.44	3728.40	3744.02	3742.36	3741.02	3739.12	3731.98	3720.86	3737.90	3733.70	3740.92	3742.92	3757.36	3714.46	

*******************************************2025/07/26;22:49:55
Probe number 309
Concentration entered by User 1.97% (Compensated: 2.88% at temperature 31.9)
1299.20	1317.06	1329.62	1343.16	1359.08	1373.56	1390.56	1406.48	1427.90	1446.98	1471.06	1495.16	1522.82	1550.46	1571.88	1594.68	
1616.64	1658.60	1695.10	1744.28	1776.74	1812.62	1850.62	1892.08	1930.72	1979.60	2029.44	2084.34	2164.82	2234.74	2349.84	2507.36	
2705.06	3026.38	3317.80	3523.84	3632.96	3664.76	3671.74	3675.62	3676.90	3687.88	3694.18	3698.24	3687.76	3686.20	3691.38	3690.42	
3688.68	3718.80	3706.22	3710.46	3713.58	3716.76	3719.82	3716.16	3718.14	3721.52	3717.64	3718.34	3721.92	3717.10	3713.96	3725.82	
3729.18	3731.96	3730.74	3731.64	3721.08	3724.90	3719.68	3715.20	3725.34	3717.62	3728.84	3723.64	3731.20	3730.68	3730.64	3735.22	
3734.82	3738.94	3736.26	3732.84	3740.54	3741.58	3735.76	3743.10	3734.58	3744.18	3740.90	3740.72	3748.36	3747.88	3748.14	3752.76	
3752.40	3629.50	3702.82	3742.18	3741.82	3744.30	3745.86	3751.46	3746.92	3740.08	3746.72	3745.22	3747.92	3750.44	3745.24	3743.44	
3742.74	3732.06	3721.76	3724.12	3740.22	3738.44	3736.82	3735.16	3727.94	3716.02	3733.78	3729.40	3737.02	3738.70	3753.94	3710.12	

*******************************************2025/07/26;22:54:55
Probe number 310
Concentration entered by User 1.99% (Compensated: 2.89% at temperature 31.9)
1298.92	1316.86	1329.22	1342.36	1360.00	1374.12	1391.64	1407.70	1428.36	1447.60	1470.74	1495.08	1522.70	1551.30	1570.78	1592.28	
1617.22	1657.20	1691.38	1744.48	1781.10	1813.46	1852.42	1889.28	1932.48	1975.26	2031.44	2088.66	2171.40	2237.22	2348.74	2500.52	
2713.50	3025.62	3309.34	3520.86	3630.42	3660.94	3669.72	3672.86	3674.42	3685.46	3691.60	3695.88	3685.32	3683.78	3688.96	3688.18	
3686.50	3716.66	3703.84	3707.92	3711.04	3714.64	3717.40	3713.56	3715.74	3719.84	3715.74	3715.80	3719.82	3714.88	3711.32	3723.98	
3726.84	3730.00	3728.26	3729.26	3718.60	3722.86	3717.58	3713.16	3723.18	3715.38	3726.66	3721.48	3728.98	3728.50	3728.68	3733.14	
3732.82	3736.86	3733.96	3730.72	3738.66	3739.60	3733.98	3741.22	3732.42	3742.52	3739.36	3738.54	3746.28	3746.00	3746.44	3751.10	
3750.54	3626.32	3700.40	3740.04	3739.98	3742.10	3744.18	3749.72	3745.08	3738.36	3744.42	3742.94	3746.14	3748.78	3743.40	3741.14	
3741.24	3730.10	3719.38	3721.72	3738.10	3736.20	3735.10	3732.98	3725.30	3714.36	3731.46	3727.46	3734.96	3736.96	3752.30	3707.70	

*******************************************2025/07/26;22:59:55
Probe number 311
Concentration entered by User 1.93% (Compensated: 2.84% at temperature 31.9)
1299.36	1317.28	1329.58	1343.70	1359.94	1375.06	1392.38	1409.08	1429.56	1448.32	1471.62	1495.02	1521.94	1551.96	1574.40	1596.02	
1618.14	1659.50	1695.38	1745.92	1780.62	1813.42	1854.28	1892.14	1935.66	1980.44	2034.00	2095.42	2174.72	2230.62	2349.56	2510.70	
2715.30	3028.70	3326.18	3534.84	3641.28	3671.00	3678.88	3681.24	3682.64	3693.78	3699.54	3703.88	3694.04	3692.30	3697.62	3696.34	
3694.74	3723.76	3711.78	3715.64	3719.04	3722.32	3724.96	3721.06	3723.44	3726.76	3723.20	3723.26	3727.14	3722.34	3719.34	3730.62	
3733.84	3736.52	3735.18	3736.44	3726.10	3729.94	3724.62	3720.60	3729.80	3722.74	3733.68	3728.60	3735.78	3735.20	3735.26	3739.82	
3739.24	3743.46	3740.50	3737.76	3744.84	3746.16	3740.20	3747.60	3739.08	3748.70	3745.66	3745.04	3752.64	3751.96	3752.48	3756.76	
3756.34	3636.78	3708.36	3746.10	3746.24	3748.36	3750.54	3755.70	3751.46	3744.98	3750.68	3749.26	3752.24	3754.52	3749.48	3747.90	
3747.34	3736.58	3727.06	3729.28	3744.66	3742.72	3741.52	3739.44	3732.42	3721.50	3738.36	3734.30	3741.72	3743.30	3757.82	3715.32	

*******************************************2025/07/26;23:04:55
Probe number 312
Concentration entered by User 1.93% (Compensated: 2.84% at temperature 31.9)
1300.72	1318.64	1331.30	1345.64	1361.62	1376.22	1394.16	1410.76	1431.70	1449.92	1472.68	1496.78	1524.26	1553.98	1575.16	1598.12	
1622.34	1663.02	1697.44	1747.12	1780.72	1817.78	1859.24	1899.88	1939.02	1988.56	2040.52	2094.78	2174.96	2245.18	2353.04	2506.00	
2714.88	3045.94	3321.88	3527.60	3639.12	3672.36	3681.32	3683.84	3685.18	3696.22	3702.04	3705.54	3695.40	3693.60	3699.30	3697.84	
3696.64	3724.74	3713.34	3717.78	3720.38	3723.92	3727.04	3722.74	3725.22	3728.80	3724.78	3725.32	3728.54	3724.16	3721.50	3732.60	
3735.90	3738.60	3737.10	3737.80	3727.72	3731.80	3726.92	3722.70	3731.92	3724.56	3735.26	3730.22	3737.38	3737.12	3737.22	3741.36	
3741.12	3744.94	3742.12	3739.12	3746.50	3747.72	3742.06	3748.96	3740.86	3750.02	3747.04	3746.52	3753.98	3753.44	3753.84	3758.48	
3757.76	3639.06	3710.42	3748.24	3748.06	3750.10	3751.80	3757.04	3752.88	3746.48	3752.34	3751.16	3753.68	3755.94	3751.04	3749.24	
3748.84	3738.50	3728.66	3730.68	3746.20	3744.06	3743.10	3741.56	3734.24	3723.56	3740.14	3736.16	3743.10	3744.88	3759.06	3717.30	

*******************************************2025/07/26;23:09:55
Probe number 313
Concentration entered by User 1.99% (Compensated: 2.89% at temperature 31.9)
1297.94	1315.68	1328.28	1342.24	1359.68	1372.90	1389.38	1406.28	1427.38	1446.24	1470.20	1493.52	1521.88	1551.96	1573.48	1595.16	
1618.62	1660.82	1695.34	1744.82	1775.72	1815.24	1850.38	1887.24	1933.32	1979.44	2025.96	2088.12	2166.60	2235.40	2351.30	2499.96	
2700.94	3020.18	3317.00	3520.96	3628.80	3662.76	3672.16	3674.56	3675.96	3687.26	3693.66	3697.50	3687.34	3684.92	3690.82	3689.92	
3688.00	3717.86	3706.02	3710.30	3713.20	3716.62	3719.70	3715.60	3717.96	3721.46	3717.52	3717.90	3721.62	3716.62	3713.90	3725.48	
3729.06	3731.88	3730.32	3731.18	3720.72	3725.08	3719.36	3715.38	3725.06	3717.38	3728.58	3723.66	3730.88	3730.44	3730.38	3735.02	
3734.70	3738.78	3735.72	3732.86	3740.64	3741.18	3736.12	3743.00	3734.12	3744.36	3741.04	3740.40	3748.10	3747.72	3748.48	3752.70	
3752.14	3629.02	3702.86	3742.10	3742.06	3743.88	3745.72	3751.48	3747.10	3740.38	3746.56	3745.00	3747.80	3750.32	3745.00	3743.44	
3742.72	3732.00	3721.84	3724.14	3740.16	3738.12	3737.02	3735.06	3727.62	3716.48	3733.36	3729.46	3736.94	3738.50	3753.68	3709.92	

*******************************************2025/07/26;23:14:55
Probe number 314
Concentration entered by User 1.97% (Compensated: 2.88% at temperature 31.9)
1299.82	1318.48	1330.68	1344.26	1360.60	1375.70	1393.50	1409.60	1429.86	1448.66	1472.80	1496.46	1523.96	1553.16	1573.62	1595.84	
1620.50	1662.80	1695.66	1746.52	1785.04	1818.12	1851.56	1895.64	1938.26	1985.10	2039.32	2092.74	2172.60	2243.12	2357.12	2505.12	
2708.54	3023.98	3319.14	3520.80	3636.00	3670.76	3678.66	3682.10	3683.18	3694.20	3700.00	3704.14	3693.94	3692.24	3697.70	3696.12	
3694.48	3723.60	3711.32	3715.82	3719.18	3722.30	3725.18	3721.02	3723.72	3726.74	3723.22	3723.26	3726.98	3722.16	3719.28	3730.96	
3734.24	3737.04	3735.52	3736.20	3726.22	3730.18	3725.02	3721.02	3730.30	3723.12	3734.02	3729.00	3736.14	3735.56	3735.66	3739.90	
3739.48	3743.62	3740.72	3737.78	3745.16	3746.18	3740.50	3747.74	3739.38	3748.74	3745.66	3745.40	3752.76	3752.40	3752.72	3756.94	
3756.76	3637.08	3708.94	3746.70	3746.32	3748.98	3750.62	3755.96	3751.40	3745.12	3751.20	3749.50	3752.32	3754.74	3749.46	3747.84	
3747.46	3737.16	3727.24	3729.30	3744.58	3743.08	3741.82	3740.02	3732.74	3721.60	3738.62	3734.84	3741.88	3743.38	3757.96	3715.60	

*******************************************2025/07/26;23:19:55
Probe number 315
Concentration entered by User 1.99% (Compensated: 2.90% at temperature 31.9)
1299.76	1318.60	1330.84	1343.70	1360.14	1375.34	1392.54	1408.58	1429.10	1448.68	1471.96	1495.52	1524.52	1553.10	1575.96	1597.26	
1620.88	1661.14	1695.44	1745.82	1779.48	1816.24	1853.86	1895.78	1938.14	1982.84	2031.12	2090.68	2167.66	2234.26	2356.54	2516.06	
2707.10	3024.22	3309.02	3519.74	3634.82	3667.60	3675.92	3678.86	3680.68	3692.26	3698.00	3701.76	3691.82	3690.02	3695.50	3694.12	
3692.16	3722.00	3710.04	3713.94	3716.98	3720.46	3723.38	3719.44	3721.44	3725.18	3721.40	3721.70	3725.52	3720.68	3717.72	3729.56	
3732.56	3735.44	3733.86	3734.50	3724.70	3728.44	3723.68	3718.98	3728.44	3721.36	3732.12	3727.34	3733.92	3734.02	3733.74	3738.22	
3738.06	3741.96	3739.02	3736.00	3743.76	3744.64	3739.20	3746.10	3737.94	3747.34	3744.02	3743.42	3751.24	3750.80	3751.24	3755.60	
3755.18	3634.48	3706.78	3745.22	3745.16	3747.14	3749.00	3754.32	3750.18	3743.52	3749.66	3747.76	3751.00	3753.28	3748.04	3746.38	
3745.92	3735.44	3725.46	3727.58	3743.18	3741.36	3740.44	3738.62	3730.98	3720.26	3737.24	3732.80	3740.36	3741.74	3756.70	3713.90	

*******************************************2025/07/26;23:24:55
Probe number 316
Concentration entered by User 1.96% (Compensated: 2.86% at temperature 31.8)
1300.34	1318.38	1330.78	1345.28	1360.76	1375.88	1393.88	1410.12	1430.70	1449.72	1473.08	1496.42	1524.20	1553.70	1575.04	1597.44	
1619.98	1662.90	1697.64	1747.62	1786.18	1818.94	1855.80	1897.26	1942.02	1990.40	2028.18	2092.40	2176.04	2237.60	2349.28	2504.82	
2709.88	3030.78	3320.14	3523.92	3636.66	3670.70	3677.52	3681.34	3683.56	3694.60	3700.36	3704.04	3694.20	3692.48	3697.72	3696.72	
3694.84	3723.96	3712.34	3716.20	3719.34	3722.66	3725.40	3721.08	3724.02	3727.28	3723.90	3723.74	3727.28	3722.62	3719.62	3731.22	
3734.40	3736.64	3735.54	3736.28	3726.38	3730.38	3725.26	3721.32	3730.42	3722.94	3734.10	3729.08	3736.06	3735.80	3735.94	3740.32	
3739.78	3743.64	3741.00	3737.78	3745.20	3746.30	3740.76	3747.64	3739.64	3748.94	3745.64	3745.12	3752.92	3752.22	3752.46	3756.86	
3756.70	3636.86	3709.02	3746.60	3746.66	3748.90	3750.56	3755.66	3751.56	3745.04	3751.06	3749.70	3752.20	3754.92	3749.84	3748.14	
3747.26	3736.90	3727.10	3729.52	3744.90	3743.38	3741.94	3740.06	3732.94	3721.82	3738.94	3734.90	3741.80	3743.38	3758.04	3715.86	

*******************************************2025/07/26;23:29:56
Probe number 317
Concentration entered by User 1.96% (Compensated: 2.86% at temperature 31.9)
1301.16	1319.42	1331.36	1344.50	1360.90	1377.18	1394.28	1410.28	1430.82	1449.72	1472.70	1496.50	1526.04	1553.68	1574.92	1595.70	
1619.32	1662.32	1697.40	1747.12	1783.08	1817.32	1856.70	1897.30	1940.46	1980.98	2031.06	2097.08	2177.60	2241.68	2353.20	2506.80	
2716.02	3036.52	3317.28	3520.74	3637.92	3672.02	3678.38	3681.82	3683.94	3694.54	3700.20	3703.86	3694.14	3692.26	3697.30	3695.76	
3694.26	3723.72	3712.14	3716.10	3719.26	3722.72	3725.50	3721.48	3723.66	3727.28	3723.24	3723.60	3727.58	3722.52	3719.76	3731.58	
3734.44	3736.98	3735.70	3736.68	3726.38	3730.34	3725.52	3721.26	3730.46	3723.42	3734.02	3729.00	3736.06	3735.62	3735.84	3740.50	
3739.72	3743.76	3741.16	3737.78	3745.38	3746.38	3740.82	3747.78	3739.88	3749.08	3745.92	3745.52	3753.16	3752.38	3753.00	3757.12	
3756.62	3637.64	3709.32	3746.78	3746.74	3748.82	3750.64	3755.86	3751.68	3745.28	3751.16	3749.76	3752.48	3755.00	3749.76	3748.36	
3747.76	3737.42	3727.32	3729.40	3744.96	3743.38	3742.26	3740.30	3733.06	3722.06	3738.98	3734.82	3742.04	3743.78	3758.32	3715.98	

*******************************************2025/07/26;23:34:55
Probe number 318
Concentration entered by User 1.95% (Compensated: 2.86% at temperature 31.8)
1299.72	1318.72	1330.98	1344.56	1361.42	1376.40	1394.22	1411.04	1431.36	1450.46	1473.26	1496.80	1524.76	1553.48	1575.12	1594.64	
1619.64	1661.34	1698.68	1747.64	1780.10	1816.24	1854.00	1897.80	1942.30	1982.78	2023.40	2087.66	2173.02	2239.40	2349.62	2508.28	
2711.68	3028.54	3324.14	3523.22	3638.70	3671.82	3680.52	3682.54	3684.38	3694.70	3700.68	3703.74	3694.26	3692.36	3697.84	3696.78	
3694.84	3724.00	3712.16	3715.98	3719.12	3722.48	3725.42	3721.54	3723.78	3727.52	3723.42	3723.76	3727.14	3722.58	3719.66	3731.08	
3734.36	3736.98	3735.74	3736.50	3726.72	3730.52	3725.66	3721.18	3730.46	3723.14	3734.10	3729.16	3736.14	3735.72	3736.04	3740.36	
3740.00	3743.58	3740.90	3738.06	3745.44	3746.54	3740.74	3748.10	3739.72	3749.08	3745.84	3745.58	3752.86	3752.52	3752.74	3757.14	
3756.70	3637.04	3709.26	3746.88	3746.96	3748.90	3750.78	3755.90	3751.60	3745.10	3751.16	3749.74	3752.44	3754.90	3749.60	3748.42	
3747.60	3737.46	3727.26	3729.46	3745.02	3743.30	3742.24	3740.34	3733.04	3721.86	3739.04	3735.04	3742.22	3743.84	3758.18	3716.28	

*******************************************2025/07/26;23:39:56
Probe number 319
Concentration entered by User 1.95% (Compensated: 2.85% at temperature 31.8)
1300.46	1319.34	1331.50	1345.14	1361.20	1376.14	1393.82	1409.88	1430.34	1449.20	1473.28	1498.82	1526.28	1555.58	1576.72	1596.48	
1621.20	1662.12	1699.48	1747.26	1782.78	1814.76	1854.64	1895.98	1943.44	1987.26	2033.64	2092.16	2171.18	2244.68	2359.56	2510.40	
2723.18	3033.80	3323.54	3521.88	3639.08	3673.52	3681.68	3684.48	3685.82	3696.68	3701.82	3705.74	3695.96	3694.30	3699.52	3698.36	
3696.64	3725.58	3713.82	3717.86	3720.78	3724.44	3727.10	3723.44	3725.34	3728.86	3725.26	3725.46	3728.80	3724.36	3721.64	3732.82	
3735.66	3738.48	3737.38	3738.40	3728.56	3732.36	3727.34	3723.02	3732.06	3725.24	3735.92	3730.56	3737.92	3737.44	3737.40	3741.92	
3741.54	3745.24	3742.72	3739.64	3747.12	3747.74	3742.42	3749.18	3741.50	3750.54	3747.68	3747.08	3754.40	3753.64	3754.42	3758.74	
3758.06	3639.62	3711.06	3748.18	3748.52	3750.40	3752.22	3757.26	3752.96	3746.86	3752.56	3751.16	3754.02	3756.12	3750.98	3749.90	
3749.32	3739.00	3729.16	3730.94	3746.52	3744.90	3743.60	3741.96	3734.54	3723.92	3740.66	3736.78	3743.84	3745.52	3759.72	3717.94	

*******************************************2025/07/26;23:44:55
Probe number 320
Concentration entered by User 2.00% (Compensated: 2.91% at temperature 31.8)
1298.54	1316.24	1328.72	1343.06	1359.08	1373.96	1390.96	1407.58	1429.20	1447.20	1470.00	1494.30	1522.42	1551.96	1572.50	1594.08	
1618.40	1658.56	1693.40	1747.24	1779.36	1813.32	1848.92	1889.88	1932.92	1979.18	2030.80	2089.10	2163.84	2237.14	2346.90	2502.68	
2709.94	3023.26	3307.92	3511.70	3629.18	3665.90	3673.80	3675.66	3677.24	3688.20	3693.86	3698.06	3688.40	3686.50	3691.60	3690.12	
3688.62	3718.20	3706.46	3710.08	3713.40	3716.86	3720.28	3716.10	3718.16	3721.90	3718.20	3718.24	3721.84	3717.34	3714.36	3726.52	
3729.54	3732.32	3730.90	3731.46	3721.30	3725.32	3720.42	3715.96	3725.42	3717.88	3729.20	3723.82	3731.14	3731.06	3730.72	3735.70	
3734.98	3738.92	3736.14	3733.14	3740.94	3742.00	3735.90	3743.22	3735.02	3744.52	3741.38	3740.96	3748.58	3748.06	3748.70	3752.96	
3752.68	3630.00	3703.64	3742.34	3742.24	3744.50	3746.40	3751.72	3747.48	3740.50	3746.88	3745.34	3748.48	3750.76	3745.08	3743.86	
3743.44	3732.38	3722.36	3724.34	3740.62	3738.50	3737.68	3735.36	3728.22	3716.88	3734.32	3729.94	3737.46	3739.18	3754.44	3710.36	

*******************************************2025/07/26;23:49:55
Probe number 321
Concentration entered by User 1.96% (Compensated: 2.87% at temperature 31.8)
1299.82	1318.00	1330.16	1343.86	1360.68	1375.92	1393.58	1410.14	1429.72	1448.42	1472.34	1496.46	1523.16	1553.42	1576.32	1595.42	
1619.20	1661.62	1699.68	1748.60	1782.08	1815.70	1851.36	1895.04	1941.78	1984.12	2032.92	2093.16	2165.86	2236.28	2350.04	2499.08	
2719.22	3031.22	3319.96	3518.12	3636.20	3670.12	3677.52	3680.20	3682.02	3693.08	3698.86	3702.70	3692.16	3690.38	3696.04	3694.56	
3693.28	3722.30	3710.60	3714.38	3717.48	3720.88	3723.98	3719.88	3722.48	3725.86	3721.84	3722.12	3725.80	3721.14	3718.70	3730.32	
3733.04	3735.76	3734.36	3735.46	3724.80	3729.34	3724.12	3719.76	3729.26	3722.12	3732.46	3727.86	3734.84	3734.56	3734.44	3739.16	
3738.90	3742.48	3739.86	3736.70	3744.24	3745.34	3739.70	3746.72	3738.42	3747.66	3744.96	3744.28	3751.94	3751.30	3751.88	3756.10	
3755.60	3635.14	3707.68	3745.52	3745.88	3747.68	3749.48	3754.98	3750.50	3743.76	3750.06	3748.68	3751.34	3753.66	3748.50	3747.02	
3746.36	3735.96	3726.14	3728.20	3743.74	3741.94	3740.88	3738.94	3731.86	3720.60	3737.52	3733.60	3740.72	3742.52	3757.22	3714.76	

*******************************************2025/07/26;23:54:56
Probe number 322
Concentration entered by User 1.99% (Compensated: 2.89% at temperature 31.8)
1299.66	1317.90	1329.88	1344.38	1360.20	1375.02	1392.78	1409.40	1429.78	1448.90	1471.72	1496.98	1525.48	1552.20	1574.38	1596.16	
1619.80	1661.06	1696.04	1746.12	1780.88	1818.22	1852.02	1893.12	1946.74	1987.00	2037.08	2091.90	2171.44	2240.54	2365.94	2511.58	
2706.92	3026.00	3311.34	3516.78	3638.16	3671.92	3679.06	3682.16	3683.78	3694.88	3699.62	3703.90	3694.06	3692.42	3697.78	3696.42	
3694.62	3723.68	3712.34	3716.20	3719.00	3721.98	3725.30	3721.34	3723.56	3726.94	3723.66	3723.74	3727.02	3722.54	3719.38	3731.26	
3734.46	3736.90	3735.74	3736.48	3726.62	3730.54	3725.44	3721.22	3730.52	3723.36	3734.08	3728.64	3736.30	3735.92	3735.80	3740.36	
3739.76	3743.74	3740.84	3737.78	3745.34	3746.52	3740.94	3747.68	3739.68	3748.90	3745.92	3745.58	3752.90	3752.40	3753.18	3757.36	
3756.58	3637.54	3709.28	3746.74	3746.86	3748.96	3751.00	3755.80	3751.54	3745.20	3751.32	3749.72	3752.56	3754.64	3749.32	3748.06	
3747.68	3737.36	3727.38	3729.60	3745.20	3743.66	3742.16	3740.28	3732.98	3722.06	3738.98	3734.72	3742.10	3743.86	3758.04	3716.18	

*******************************************2025/07/26;23:59:55
Probe number 323
Concentration entered by User 1.94% (Compensated: 2.84% at temperature 31.8)
1300.20	1318.60	1330.92	1344.50	1361.44	1376.32	1393.48	1410.00	1430.40	1449.46	1474.04	1498.12	1525.58	1554.96	1575.40	1596.52	
1620.34	1660.56	1697.62	1750.60	1785.68	1819.90	1854.30	1892.76	1939.64	1989.26	2034.20	2088.80	2166.58	2236.54	2358.42	2513.76	
2721.38	3046.24	3317.30	3523.22	3639.88	3672.18	3680.04	3682.50	3684.38	3694.86	3700.46	3704.56	3694.42	3692.46	3697.56	3696.42	
3695.04	3723.64	3712.50	3716.70	3719.12	3722.34	3725.48	3721.34	3723.38	3727.28	3723.58	3723.70	3727.30	3722.70	3719.80	3731.42	
3734.60	3737.36	3735.94	3736.94	3726.84	3730.64	3725.56	3721.48	3730.78	3723.46	3734.12	3729.38	3736.18	3736.20	3735.92	3740.46	
3740.00	3743.82	3741.16	3738.06	3745.40	3746.50	3741.20	3747.88	3739.72	3749.42	3745.94	3745.54	3753.10	3752.30	3752.90	3757.36	
3756.72	3637.60	3709.52	3747.00	3747.10	3748.94	3750.84	3756.28	3751.78	3745.24	3751.36	3749.84	3752.82	3754.94	3749.82	3748.30	
3747.90	3737.42	3727.62	3729.74	3745.12	3743.66	3742.54	3740.62	3733.00	3722.20	3738.96	3735.30	3742.36	3743.90	3758.56	3716.18	

