*******************************************2024/09/10;18:49:16
Probe number 0
Concentration entered by User 0.90% at Temperature 0.00
1504.10	1532.24	1552.48	1582.88	1609.86	1641.62	1673.52	1708.74	1745.26	1780.54	1827.30	1864.26	1909.78	1940.86	2008.66	2070.62	
2145.76	2216.46	2280.10	2360.24	2445.76	2545.10	2670.94	2794.40	2917.76	3051.30	3221.28	3393.62	3631.48	3815.12	3836.38	3839.50	
3839.80	3839.66	3839.64	3839.54	3839.42	3839.46	3839.74	3839.54	3839.72	3839.46	3839.84	3839.66	3839.76	3839.66	3839.48	3839.54	
3839.58	3839.80	3839.78	3839.36	3839.70	3839.86	3839.74	3839.78	3839.54	3839.62	3839.58	3839.64	3839.70	3839.32	3839.58	3839.56	
3839.78	3839.74	3839.74	3839.54	3839.74	3839.62	3839.76	3839.46	3839.64	3839.50	3839.62	3839.84	3839.76	3839.72	3839.76	3839.72	
3839.72	3839.48	3839.66	3839.64	3839.70	3839.72	3839.58	3839.60	3839.82	3839.58	3839.86	3839.46	3839.70	3839.72	3839.70	3839.82	
3839.54	3839.64	3839.76	3839.92	3839.68	3839.52	3839.80	3839.84	3839.54	3839.62	3839.60	3839.54	3839.76	3839.72	3839.96	3839.52	
3839.74	3839.80	3839.86	3839.74	3839.64	3839.48	3839.58	3839.76	3839.76	3839.58	3839.64	3839.78	3839.78	3839.90	3839.66	3839.60	

*******************************************2024/09/10;18:49:57
Probe number 1
Concentration entered by User 0.99% at Temperature 30.79
1494.20	1522.80	1541.64	1572.06	1598.88	1630.80	1662.74	1697.50	1734.02	1769.04	1815.62	1851.68	1897.30	1927.54	1996.32	2057.90	
2132.62	2205.64	2267.16	2345.76	2429.46	2524.92	2649.24	2772.44	2897.54	3031.54	3196.32	3364.32	3613.82	3812.62	3838.08	3841.40	
3841.62	3841.64	3841.52	3841.64	3841.64	3841.68	3841.52	3841.56	3841.52	3841.56	3841.58	3841.44	3841.62	3841.80	3841.50	3841.58	
3841.68	3841.46	3841.58	3841.62	3841.62	3841.40	3841.74	3841.72	3841.64	3841.72	3841.36	3841.66	3841.72	3841.50	3841.34	3841.54	
3841.42	3841.74	3841.50	3841.42	3841.56	3841.78	3841.60	3841.48	3841.62	3841.62	3841.54	3841.58	3841.76	3841.64	3841.58	3841.70	
3841.54	3841.60	3841.64	3841.52	3841.62	3841.86	3841.62	3841.46	3841.64	3841.52	3841.64	3841.56	3841.50	3841.60	3841.74	3841.68	
3841.54	3841.64	3841.56	3841.66	3841.68	3841.46	3841.46	3841.62	3841.56	3841.82	3841.76	3841.50	3841.58	3841.78	3841.38	3841.52	
3841.62	3841.64	3841.50	3841.70	3841.74	3841.60	3841.58	3841.70	3841.60	3841.62	3841.70	3841.44	3841.52	3841.80	3841.64	3841.48	

*******************************************2024/09/10;18:53:17
Probe number 2
Concentration entered by User 0.86% at Temperature 30.80
1498.14	1525.90	1545.44	1576.02	1603.38	1635.34	1667.64	1703.20	1739.66	1774.40	1821.12	1857.06	1903.40	1935.26	2005.00	2066.54	
2141.06	2215.84	2277.96	2356.74	2443.54	2542.62	2669.32	2793.50	2919.76	3056.64	3226.88	3400.74	3641.48	3818.76	3838.20	3841.06	
3841.04	3841.10	3841.02	3841.06	3841.10	3841.08	3841.12	3841.06	3841.06	3841.14	3841.02	3841.02	3841.06	3841.16	3841.02	3841.14	
3841.24	3841.04	3841.04	3841.10	3841.00	3841.02	3841.08	3841.12	3841.04	3841.16	3841.00	3841.14	3841.10	3841.02	3841.00	3841.04	
3841.02	3841.14	3841.04	3841.08	3841.16	3841.22	3841.00	3841.06	3841.06	3841.06	3841.04	3841.06	3841.14	3841.14	3841.14	3841.10	
3841.04	3841.06	3841.12	3841.06	3841.14	3841.22	3841.04	3841.06	3841.12	3841.08	3841.02	3841.04	3841.04	3841.08	3841.08	3841.04	
3841.10	3841.12	3841.02	3841.16	3841.04	3841.06	3841.04	3841.10	3841.02	3841.14	3841.06	3841.04	3841.08	3841.12	3841.04	3841.06	
3841.02	3841.12	3841.04	3841.06	3841.22	3841.10	3841.08	3841.08	3841.02	3841.08	3841.04	3841.02	3841.04	3841.24	3841.04	3841.02	

*******************************************2024/09/10;18:56:37
Probe number 3
Concentration entered by User 0.87% at Temperature 30.81
1494.72	1523.26	1542.68	1573.04	1599.32	1630.90	1663.66	1699.02	1735.86	1770.24	1817.54	1853.82	1899.70	1929.24	1999.36	2062.16	
2136.50	2209.04	2273.58	2354.04	2437.86	2535.26	2660.88	2786.06	2913.94	3056.80	3222.62	3398.78	3635.78	3817.84	3838.02	3841.00	
3841.02	3841.02	3840.98	3841.00	3841.00	3841.02	3841.06	3841.00	3841.00	3841.00	3841.00	3841.00	3841.00	3840.94	3841.00	3841.00	
3841.00	3840.98	3841.00	3841.02	3841.00	3841.00	3841.02	3841.02	3841.02	3841.04	3841.00	3841.00	3841.00	3841.00	3840.98	3841.02	
3841.00	3840.98	3840.98	3841.00	3841.00	3841.04	3840.98	3841.00	3841.00	3841.02	3841.00	3841.00	3841.00	3841.02	3841.00	3841.02	
3841.02	3841.00	3841.02	3841.00	3841.00	3840.96	3841.00	3841.02	3841.02	3841.00	3841.00	3841.00	3841.00	3841.00	3841.00	3841.02	
3841.00	3841.06	3841.02	3841.00	3841.00	3841.00	3841.00	3841.00	3841.04	3841.00	3841.02	3841.02	3841.00	3840.98	3841.00	3841.00	
3841.04	3841.00	3841.00	3841.00	3841.00	3841.00	3841.04	3841.06	3841.00	3841.00	3841.00	3841.00	3841.02	3840.98	3840.96	3841.02	

*******************************************2024/09/10;18:59:57
Probe number 4
Concentration entered by User 0.89% at Temperature 30.80
1492.26	1520.18	1539.68	1569.84	1596.34	1628.54	1661.06	1696.06	1731.22	1766.52	1813.90	1848.96	1895.02	1925.66	1995.50	2056.96	
2131.14	2204.48	2267.52	2345.90	2431.74	2526.90	2655.96	2781.40	2905.92	3046.38	3219.56	3390.08	3635.94	3816.64	3837.84	3840.96	
3840.98	3840.98	3840.98	3840.86	3840.98	3841.00	3841.02	3841.02	3840.98	3840.96	3840.98	3841.00	3841.00	3840.94	3840.98	3841.00	
3840.98	3841.00	3840.98	3841.00	3841.00	3840.98	3841.02	3840.98	3841.00	3840.96	3840.98	3841.00	3841.00	3841.00	3841.00	3841.00	
3841.00	3840.98	3840.96	3840.98	3841.00	3841.00	3841.00	3841.00	3841.00	3840.96	3841.00	3840.98	3840.96	3841.00	3841.04	3841.00	
3841.00	3840.96	3841.00	3840.98	3841.00	3840.98	3840.98	3841.00	3841.00	3841.02	3840.96	3840.98	3841.00	3841.00	3840.96	3840.96	
3840.98	3841.00	3841.00	3840.94	3841.00	3840.98	3841.00	3840.98	3840.96	3840.98	3840.98	3841.00	3841.02	3841.00	3840.98	3840.98	
3841.00	3841.00	3840.98	3840.96	3840.98	3841.00	3841.02	3841.00	3841.00	3841.00	3840.98	3841.00	3841.00	3840.98	3840.98	3840.96	

*******************************************2024/09/10;19:03:17
Probe number 5
Concentration entered by User 0.92% at Temperature 30.77
1489.58	1517.80	1536.74	1567.56	1594.10	1626.64	1658.68	1694.16	1729.94	1764.98	1812.16	1847.00	1893.16	1922.88	1991.32	2052.24	
2127.38	2201.18	2262.44	2340.40	2428.38	2528.10	2648.70	2772.56	2903.70	3044.10	3208.10	3382.06	3629.88	3816.10	3837.82	3841.00	
3841.00	3841.02	3841.02	3840.98	3840.98	3841.00	3841.00	3841.00	3841.00	3840.98	3840.98	3841.00	3840.98	3840.96	3840.98	3841.00	
3841.00	3840.96	3841.00	3841.00	3841.00	3841.00	3841.02	3840.98	3841.00	3841.00	3840.98	3841.00	3841.00	3841.00	3840.96	3841.00	
3841.00	3840.98	3840.98	3840.98	3841.00	3841.00	3841.00	3841.00	3841.00	3841.00	3841.00	3841.00	3840.98	3841.00	3841.00	3841.02	
3841.00	3841.00	3841.00	3840.98	3840.98	3840.86	3840.98	3841.00	3841.00	3840.98	3841.00	3840.98	3841.00	3840.98	3841.02	3840.96	
3841.04	3841.00	3841.00	3841.00	3840.98	3841.00	3840.98	3841.00	3840.98	3841.00	3841.00	3841.00	3841.02	3841.00	3840.98	3840.98	
3840.98	3841.00	3841.00	3840.96	3841.00	3841.00	3841.00	3840.96	3841.00	3841.00	3841.00	3841.00	3841.00	3840.96	3841.00	3841.00	

*******************************************2024/09/10;19:06:37
Probe number 6
Concentration entered by User 0.93% at Temperature 30.73
1488.32	1516.10	1535.66	1566.06	1592.30	1623.42	1655.72	1690.50	1726.46	1762.42	1809.32	1844.04	1891.28	1921.32	1990.42	2050.74	
2125.48	2199.48	2260.46	2340.18	2426.12	2520.52	2648.48	2770.70	2897.50	3041.18	3209.48	3382.94	3627.22	3814.90	3837.80	3840.96	
3840.98	3841.00	3841.00	3841.00	3840.94	3841.00	3840.98	3841.00	3840.98	3841.00	3841.00	3840.94	3841.00	3840.98	3840.98	3840.96	
3841.00	3840.98	3841.00	3841.00	3840.98	3841.00	3841.00	3841.00	3840.96	3841.02	3841.02	3841.02	3841.00	3841.00	3841.00	3841.00	
3840.98	3840.96	3840.98	3840.98	3840.98	3840.96	3840.98	3840.96	3841.00	3841.00	3840.98	3840.98	3840.98	3841.00	3841.00	3841.00	
3841.00	3840.98	3841.00	3841.00	3841.00	3840.96	3840.94	3840.98	3841.02	3841.00	3841.00	3841.00	3841.00	3841.00	3840.98	3841.00	
3840.96	3841.02	3841.00	3841.00	3840.98	3840.98	3841.00	3840.98	3841.00	3841.02	3841.00	3841.00	3841.00	3840.98	3841.00	3840.98	
3841.00	3840.96	3841.00	3840.98	3840.96	3841.00	3841.02	3841.02	3840.96	3841.00	3840.94	3841.00	3840.96	3840.98	3840.98	3841.02	

*******************************************2024/09/10;19:09:57
Probe number 7
Concentration entered by User 0.97% at Temperature 30.72
1485.32	1513.18	1532.46	1563.18	1589.24	1620.58	1652.26	1686.74	1723.42	1758.64	1804.68	1840.60	1885.88	1916.14	1986.22	2046.98	
2120.72	2194.24	2256.38	2333.94	2419.64	2516.32	2643.46	2764.34	2892.54	3031.42	3200.72	3365.94	3619.26	3815.86	3837.58	3840.96	
3841.00	3840.98	3840.96	3840.96	3840.94	3841.00	3841.00	3841.02	3840.98	3840.98	3840.94	3841.00	3840.98	3840.96	3840.94	3840.98	
3841.00	3840.96	3840.96	3841.00	3840.98	3840.98	3840.96	3840.98	3840.98	3840.98	3840.98	3841.00	3841.02	3841.00	3841.00	3840.98	
3841.00	3840.98	3841.00	3841.00	3841.02	3840.98	3840.92	3840.98	3841.00	3840.98	3840.98	3840.98	3840.92	3840.98	3841.00	3840.96	
3841.00	3840.98	3840.98	3840.98	3840.98	3840.96	3840.98	3840.98	3841.00	3840.98	3841.00	3841.00	3841.00	3841.00	3841.00	3840.96	
3841.00	3841.00	3841.00	3841.00	3841.00	3840.98	3841.00	3840.98	3840.98	3841.00	3841.00	3841.00	3840.98	3840.98	3840.96	3840.98	
3841.00	3840.98	3840.98	3840.98	3840.98	3840.98	3841.00	3841.02	3840.96	3841.00	3841.00	3841.00	3841.00	3840.96	3840.98	3840.98	

*******************************************2024/09/10;19:13:17
Probe number 8
Concentration entered by User 0.96% at Temperature 30.69
1483.60	1511.44	1530.62	1559.90	1586.68	1617.62	1650.42	1685.74	1721.24	1756.02	1801.90	1836.56	1883.52	1913.70	1982.64	2043.34	
2117.42	2189.96	2252.24	2331.14	2416.98	2514.06	2636.60	2756.04	2885.98	3024.44	3197.16	3381.74	3615.28	3814.40	3837.52	3840.90	
3840.98	3840.98	3840.98	3840.96	3841.00	3840.98	3841.00	3841.00	3841.00	3840.98	3841.00	3840.94	3841.00	3841.00	3841.00	3840.98	
3841.00	3841.00	3841.00	3841.00	3840.98	3841.02	3841.00	3840.98	3840.98	3841.00	3841.00	3840.98	3840.98	3840.96	3841.00	3840.98	
3841.00	3841.00	3841.00	3841.00	3840.96	3841.00	3841.00	3841.00	3840.96	3840.98	3840.98	3840.96	3840.98	3840.98	3841.00	3840.98	
3841.00	3841.00	3841.00	3841.00	3841.00	3841.00	3841.00	3840.94	3840.98	3841.00	3841.00	3841.00	3841.00	3841.00	3841.00	3841.00	
3841.00	3840.98	3841.00	3841.00	3841.00	3841.00	3841.00	3840.94	3840.96	3841.00	3841.00	3840.98	3841.00	3840.98	3841.00	3840.98	
3841.00	3841.00	3840.98	3840.98	3840.98	3840.98	3841.00	3841.00	3841.00	3840.98	3840.98	3841.00	3841.00	3841.00	3841.02	3841.00	

*******************************************2024/09/10;19:16:37
Probe number 9
Concentration entered by User 1.01% at Temperature 30.65
1481.52	1509.50	1528.72	1558.28	1585.04	1615.74	1648.06	1682.14	1718.70	1753.04	1799.40	1834.04	1879.80	1910.92	1979.42	2040.90	
2115.92	2187.12	2250.30	2329.94	2413.22	2505.78	2632.00	2753.34	2881.46	3015.54	3185.94	3360.64	3606.22	3813.94	3837.50	3840.92	
3840.98	3840.98	3840.96	3840.96	3840.98	3841.00	3841.00	3840.96	3841.00	3841.00	3841.00	3840.98	3840.98	3840.98	3840.96	3840.96	
3841.00	3841.00	3840.98	3841.00	3841.00	3840.96	3840.96	3841.00	3841.00	3840.96	3840.96	3840.96	3841.00	3840.94	3841.00	3840.96	
3840.98	3840.96	3841.00	3841.00	3841.00	3841.00	3841.00	3840.94	3841.00	3840.98	3840.98	3841.00	3841.00	3840.98	3841.00	3841.00	
3841.00	3840.98	3840.98	3841.02	3841.00	3841.00	3840.98	3840.98	3840.96	3840.96	3841.00	3840.98	3841.00	3840.96	3841.00	3841.00	
3841.00	3841.00	3840.98	3840.98	3840.98	3840.96	3841.00	3840.98	3840.98	3840.94	3840.98	3840.98	3841.00	3840.98	3840.98	3840.98	
3841.00	3840.96	3840.98	3841.00	3841.00	3840.94	3840.98	3840.98	3841.00	3841.00	3841.00	3840.98	3840.98	3841.00	3841.00	3840.96	

*******************************************2024/09/10;19:19:57
Probe number 10
Concentration entered by User 1.00% at Temperature 30.64
1480.76	1508.36	1527.48	1557.36	1582.72	1614.26	1645.50	1680.10	1716.46	1751.50	1798.92	1833.02	1878.54	1908.48	1977.12	2038.40	
2112.32	2181.74	2243.76	2321.34	2406.86	2505.90	2629.74	2753.06	2876.18	3015.46	3189.36	3368.68	3605.98	3814.10	3837.26	3840.90	
3841.00	3840.96	3840.98	3840.96	3841.00	3840.96	3841.00	3840.98	3840.96	3840.96	3841.00	3841.00	3841.00	3841.00	3841.00	3841.00	
3841.00	3840.98	3840.98	3841.00	3840.98	3841.02	3841.00	3841.00	3841.00	3841.00	3841.00	3840.96	3840.96	3841.00	3840.98	3840.98	
3840.98	3841.00	3841.00	3841.00	3840.98	3840.96	3841.00	3841.00	3841.00	3840.96	3841.00	3841.00	3840.98	3841.00	3840.98	3840.98	
3841.00	3841.00	3840.98	3840.98	3841.00	3841.00	3840.98	3840.98	3841.00	3841.00	3841.00	3840.96	3840.98	3841.00	3841.00	3841.00	
3841.00	3841.00	3841.00	3841.00	3841.00	3841.00	3841.00	3841.00	3841.00	3840.98	3840.98	3840.98	3841.00	3841.00	3841.00	3841.00	
3841.00	3840.98	3840.98	3841.00	3841.00	3841.00	3841.00	3840.96	3841.00	3840.98	3840.98	3841.04	3841.00	3840.96	3841.00	3840.98	

*******************************************2024/09/10;19:23:17
Probe number 11
Concentration entered by User 1.01% at Temperature 30.61
1480.62	1508.12	1527.62	1557.08	1582.94	1614.12	1645.60	1680.62	1716.60	1751.76	1797.70	1832.32	1877.76	1907.76	1976.02	2037.20	
2111.78	2182.96	2244.84	2322.76	2408.42	2501.52	2628.94	2753.92	2880.40	3019.64	3190.82	3356.66	3610.86	3812.74	3837.44	3840.92	
3841.00	3841.00	3841.00	3841.00	3841.00	3841.00	3840.98	3840.98	3841.00	3840.98	3840.98	3840.98	3841.00	3841.00	3840.98	3840.98	
3841.00	3840.98	3840.98	3840.98	3841.00	3840.94	3841.02	3841.00	3841.00	3841.00	3841.00	3840.98	3841.00	3840.98	3841.00	3840.98	
3841.00	3840.98	3841.00	3841.00	3840.98	3841.00	3841.00	3840.98	3841.00	3840.96	3841.00	3841.00	3841.00	3841.00	3841.00	3841.00	
3840.98	3841.00	3840.96	3840.98	3841.00	3841.00	3841.00	3840.98	3840.98	3840.98	3840.98	3840.98	3840.92	3840.96	3840.98	3840.92	
3841.00	3840.98	3841.00	3840.98	3840.98	3840.98	3841.00	3840.98	3841.00	3841.00	3841.00	3841.00	3841.00	3840.98	3841.00	3840.98	
3841.00	3840.96	3841.00	3840.98	3840.98	3841.00	3841.00	3840.98	3841.00	3841.00	3841.00	3840.98	3840.98	3840.98	3841.00	3840.96	

*******************************************2024/09/10;19:26:37
Probe number 12
Concentration entered by User 1.03% at Temperature 30.61
1478.18	1505.66	1524.72	1554.46	1580.76	1611.76	1643.96	1678.64	1713.64	1748.18	1794.50	1828.96	1875.06	1905.74	1972.62	2034.20	
2107.96	2180.24	2243.38	2320.00	2403.96	2498.00	2619.76	2742.30	2872.64	3010.84	3179.14	3353.06	3606.80	3811.96	3837.38	3840.82	
3840.98	3841.00	3841.00	3840.94	3841.00	3840.98	3840.98	3840.98	3840.96	3840.94	3841.00	3840.94	3840.98	3840.94	3841.00	3840.86	
3840.98	3840.98	3841.00	3840.96	3840.98	3840.98	3841.00	3840.96	3840.98	3841.00	3840.96	3840.96	3840.98	3840.94	3841.00	3840.94	
3840.98	3841.00	3840.96	3840.96	3840.98	3840.98	3840.98	3840.98	3840.98	3840.96	3841.00	3840.96	3840.98	3840.94	3840.98	3841.00	
3840.98	3840.94	3840.98	3840.94	3840.96	3840.98	3840.98	3840.96	3840.98	3840.96	3841.00	3840.96	3841.00	3840.98	3841.00	3840.98	
3840.98	3840.92	3841.00	3840.96	3840.98	3840.92	3840.96	3840.98	3841.00	3840.94	3841.00	3840.98	3841.00	3840.98	3841.00	3840.94	
3841.00	3840.98	3840.96	3840.98	3841.00	3840.98	3841.00	3840.96	3841.00	3840.98	3841.00	3841.00	3841.00	3840.98	3840.98	3840.94	

*******************************************2024/09/10;19:29:57
Probe number 13
Concentration entered by User 1.04% at Temperature 30.60
1477.46	1505.12	1524.24	1554.54	1580.82	1611.54	1642.70	1677.52	1712.60	1747.36	1792.62	1828.64	1874.14	1903.34	1971.14	2032.54	
2107.20	2179.20	2241.08	2317.56	2402.38	2497.44	2623.36	2743.68	2871.70	3009.36	3176.00	3352.88	3601.24	3812.48	3837.36	3840.96	
3840.96	3840.98	3840.96	3840.96	3840.98	3840.96	3840.98	3840.98	3840.96	3840.94	3840.96	3840.94	3840.98	3840.98	3840.98	3840.98	
3841.00	3840.96	3841.00	3840.98	3840.96	3841.00	3841.00	3840.98	3841.00	3840.98	3841.00	3841.00	3841.00	3840.98	3841.00	3840.96	
3840.98	3840.96	3841.00	3840.96	3841.00	3841.00	3841.00	3840.98	3841.00	3840.98	3841.00	3840.98	3840.98	3840.96	3841.00	3840.98	
3840.98	3841.00	3841.00	3840.96	3841.00	3841.00	3841.00	3841.00	3841.00	3840.96	3840.96	3840.98	3841.00	3840.98	3840.98	3840.96	
3840.98	3841.00	3840.98	3841.00	3840.96	3840.98	3841.00	3840.98	3841.00	3840.98	3840.98	3841.00	3841.00	3840.96	3840.98	3841.00	
3841.00	3841.00	3840.98	3841.00	3840.98	3841.00	3841.00	3840.96	3841.00	3840.98	3840.92	3840.98	3840.98	3840.98	3841.00	3840.98	

*******************************************2024/09/10;19:33:17
Probe number 14
Concentration entered by User 1.07% at Temperature 30.57
1476.94	1504.62	1523.86	1553.78	1579.98	1610.34	1641.38	1676.08	1712.02	1746.60	1792.32	1827.56	1873.26	1901.56	1969.98	2031.32	
2105.46	2177.38	2238.82	2314.86	2395.66	2495.60	2617.16	2740.62	2869.72	3006.44	3169.34	3339.12	3597.02	3811.04	3837.24	3840.94	
3840.96	3841.00	3841.00	3840.98	3840.98	3840.94	3841.00	3841.00	3840.98	3841.00	3840.98	3841.00	3841.00	3840.94	3840.98	3840.98	
3841.00	3841.00	3840.94	3840.98	3840.98	3841.00	3841.00	3840.98	3841.00	3841.02	3841.00	3840.96	3840.94	3841.00	3841.00	3841.00	
3840.96	3841.00	3840.98	3840.96	3840.96	3841.00	3840.98	3841.00	3841.00	3840.98	3840.98	3840.98	3840.96	3841.00	3841.00	3841.00	
3840.98	3841.00	3841.00	3841.00	3841.00	3840.96	3840.98	3841.00	3841.00	3841.00	3841.00	3840.96	3841.00	3841.00	3840.98	3840.98	
3841.00	3841.02	3840.98	3841.00	3840.96	3840.98	3840.98	3841.00	3840.98	3840.98	3840.98	3840.96	3841.00	3841.00	3841.02	3840.98	
3840.96	3840.98	3840.98	3841.00	3840.98	3840.98	3841.00	3841.04	3840.96	3840.98	3840.98	3841.00	3840.98	3840.98	3840.98	3840.98	

*******************************************2024/09/10;19:36:37
Probe number 15
Concentration entered by User 1.04% at Temperature 30.58
1476.72	1503.96	1522.70	1552.78	1578.46	1609.32	1641.36	1675.68	1711.94	1746.02	1791.42	1825.78	1871.42	1901.36	1968.50	2030.32	
2102.64	2175.14	2238.36	2312.56	2396.82	2493.18	2616.90	2739.56	2866.52	3006.08	3168.50	3351.24	3607.58	3808.80	3837.16	3840.92	
3841.00	3841.00	3841.00	3840.98	3840.88	3840.96	3841.00	3841.00	3841.00	3841.00	3840.96	3840.98	3841.00	3840.96	3840.96	3840.94	
3841.00	3840.98	3840.98	3841.00	3840.96	3840.98	3841.00	3840.98	3840.96	3840.98	3841.02	3841.00	3840.96	3841.00	3840.96	3841.00	
3841.00	3841.00	3840.98	3841.00	3840.98	3840.98	3841.00	3840.98	3840.98	3840.98	3841.00	3840.96	3840.98	3841.00	3840.94	3840.98	
3840.98	3841.00	3841.00	3841.00	3841.00	3840.98	3840.92	3841.00	3841.00	3841.00	3841.02	3840.98	3841.00	3841.00	3841.00	3840.98	
3841.02	3841.00	3841.02	3841.00	3840.98	3841.00	3841.00	3840.98	3841.00	3840.96	3841.00	3841.00	3841.00	3841.02	3841.00	3840.98	
3840.98	3841.00	3841.00	3840.92	3840.96	3840.98	3840.98	3840.98	3840.98	3841.00	3841.00	3841.00	3841.00	3840.96	3841.00	3840.98	

*******************************************2024/09/10;19:39:57
Probe number 16
Concentration entered by User 1.08% at Temperature 30.55
1476.10	1503.12	1522.02	1552.06	1578.06	1608.58	1640.38	1675.16	1710.96	1745.44	1790.62	1824.56	1869.34	1899.12	1967.92	2028.64	
2101.70	2173.38	2233.34	2310.78	2394.06	2488.64	2611.66	2730.72	2857.06	2999.04	3168.90	3338.82	3591.42	3808.72	3837.28	3840.92	
3841.00	3840.98	3840.98	3840.96	3840.96	3841.00	3841.02	3840.96	3841.00	3841.00	3841.00	3841.00	3841.00	3840.96	3841.00	3841.00	
3841.00	3841.00	3841.00	3841.00	3840.98	3840.98	3841.00	3841.02	3840.98	3841.02	3841.00	3841.00	3841.00	3841.00	3841.00	3840.94	
3840.98	3840.94	3840.98	3841.00	3841.00	3841.02	3841.00	3841.02	3841.00	3841.00	3840.98	3840.96	3840.98	3841.00	3840.98	3841.00	
3841.00	3840.96	3841.00	3841.00	3841.02	3841.00	3840.98	3841.02	3840.98	3841.00	3841.00	3840.98	3840.98	3840.98	3841.00	3840.98	
3841.00	3841.00	3841.00	3841.00	3840.98	3841.00	3841.00	3840.98	3841.00	3840.94	3840.96	3840.98	3841.00	3841.00	3841.00	3841.00	
3841.00	3840.98	3841.00	3840.96	3840.96	3841.00	3841.00	3840.98	3840.98	3841.00	3841.00	3840.98	3841.00	3840.94	3840.96	3840.98	

*******************************************2024/09/10;19:43:17
Probe number 17
Concentration entered by User 1.07% at Temperature 30.54
1476.80	1504.26	1523.00	1553.14	1578.74	1608.84	1640.84	1675.74	1711.42	1745.18	1791.28	1825.80	1870.94	1899.38	1966.90	2028.82	
2101.12	2173.46	2235.40	2313.66	2393.80	2490.36	2610.28	2733.28	2862.14	3002.66	3174.60	3340.66	3593.94	3811.18	3837.16	3840.96	
3840.98	3840.98	3840.98	3840.96	3840.96	3841.00	3841.00	3841.00	3840.98	3840.94	3841.00	3841.00	3841.00	3840.98	3840.96	3841.00	
3841.00	3841.00	3840.98	3840.98	3840.98	3841.00	3841.00	3841.04	3840.98	3841.00	3841.00	3841.00	3841.00	3840.98	3841.00	3841.00	
3841.00	3841.00	3840.96	3840.98	3841.00	3841.00	3840.96	3840.96	3841.00	3841.00	3840.96	3841.00	3840.94	3841.00	3841.00	3841.02	
3841.00	3841.02	3841.00	3840.98	3841.02	3840.98	3840.96	3841.00	3840.98	3841.00	3841.00	3840.98	3841.00	3840.98	3840.98	3841.00	
3841.00	3841.00	3840.98	3841.00	3840.98	3841.00	3841.00	3841.00	3840.98	3841.00	3840.96	3841.00	3841.00	3841.02	3840.98	3840.98	
3841.00	3841.02	3840.98	3841.00	3840.96	3841.00	3840.98	3841.02	3841.00	3840.96	3841.00	3841.00	3841.00	3840.98	3841.00	3840.96	

*******************************************2024/09/10;19:46:37
Probe number 18
Concentration entered by User 1.08% at Temperature 30.54
1475.64	1503.36	1521.92	1551.72	1577.46	1608.12	1640.04	1674.88	1709.84	1743.66	1789.40	1823.60	1868.82	1898.42	1966.30	2027.08	
2100.24	2170.62	2232.24	2310.08	2393.90	2488.34	2609.34	2733.72	2856.18	2997.86	3164.52	3342.72	3592.10	3808.36	3837.26	3840.94	
3841.02	3841.00	3841.00	3840.94	3840.94	3841.00	3841.00	3840.98	3841.00	3841.00	3840.98	3841.00	3841.00	3841.00	3840.96	3841.02	
3841.00	3841.00	3841.00	3841.02	3841.00	3841.00	3841.00	3841.02	3840.98	3841.00	3841.00	3840.98	3841.00	3841.00	3841.00	3841.00	
3840.98	3840.98	3840.98	3841.00	3841.04	3841.00	3841.00	3841.02	3841.00	3840.98	3841.00	3840.98	3840.98	3841.00	3841.00	3841.00	
3840.98	3841.00	3840.98	3840.98	3841.02	3840.92	3840.98	3840.98	3841.00	3841.00	3841.00	3840.96	3841.00	3841.00	3841.02	3841.02	
3841.00	3840.96	3840.98	3841.02	3840.98	3841.00	3841.00	3841.00	3841.00	3841.00	3841.00	3841.02	3841.00	3841.00	3841.00	3841.00	
3841.00	3841.00	3841.02	3841.02	3840.98	3840.96	3841.00	3841.00	3841.00	3840.98	3840.98	3841.00	3841.06	3840.98	3840.98	3841.00	

*******************************************2024/09/10;19:49:57
Probe number 19
Concentration entered by User 1.09% at Temperature 30.52
1473.98	1501.22	1519.78	1549.28	1575.38	1605.52	1637.22	1671.50	1706.82	1741.26	1787.12	1820.46	1865.06	1894.56	1962.56	2023.96	
2096.86	2167.02	2226.96	2304.18	2387.74	2482.70	2602.00	2725.84	2854.48	2994.88	3156.10	3330.52	3597.48	3806.66	3837.12	3840.92	
3841.00	3840.98	3841.00	3841.02	3841.00	3841.00	3841.00	3841.02	3841.00	3841.00	3840.98	3841.00	3840.98	3840.98	3841.00	3841.00	
3841.00	3841.02	3841.00	3841.00	3841.00	3841.00	3840.98	3841.00	3841.00	3841.00	3841.00	3841.02	3841.00	3841.00	3841.00	3841.00	
3841.02	3840.98	3841.00	3840.98	3841.02	3841.00	3841.00	3841.00	3841.00	3841.00	3840.98	3841.00	3840.98	3841.00	3841.02	3841.02	
3841.02	3841.00	3841.00	3841.00	3841.02	3841.00	3841.00	3840.98	3841.00	3841.00	3841.00	3841.00	3841.00	3841.00	3841.00	3841.02	
3841.00	3841.04	3841.00	3841.00	3841.00	3841.00	3841.00	3841.00	3841.00	3840.98	3841.02	3841.00	3841.00	3841.04	3841.00	3841.00	
3841.00	3841.00	3841.00	3840.98	3841.00	3841.00	3841.00	3841.04	3841.00	3841.00	3841.00	3841.00	3841.04	3840.96	3841.02	3841.00	

*******************************************2024/09/10;19:53:17
Probe number 20
Concentration entered by User 1.11% at Temperature 30.50
1474.36	1501.86	1520.42	1550.16	1576.74	1606.80	1638.18	1673.04	1707.60	1741.84	1786.62	1820.80	1866.10	1895.48	1962.16	2023.60	
2096.88	2165.96	2227.34	2305.50	2388.94	2481.48	2603.38	2726.84	2850.86	2988.64	3158.70	3332.98	3585.76	3806.46	3837.04	3840.94	
3841.00	3840.98	3841.00	3840.96	3840.96	3840.98	3841.04	3840.98	3840.98	3841.00	3841.00	3840.94	3841.00	3840.94	3841.00	3841.00	
3841.00	3840.98	3840.98	3840.98	3841.00	3841.00	3841.00	3841.00	3840.98	3841.00	3841.00	3841.02	3841.00	3841.00	3841.00	3841.00	
3840.98	3841.00	3841.00	3841.00	3841.00	3841.00	3840.98	3841.00	3841.00	3841.00	3841.00	3841.00	3841.00	3841.00	3840.98	3841.02	
3841.00	3841.00	3841.00	3841.00	3841.02	3840.98	3840.98	3840.96	3841.00	3841.00	3841.00	3840.96	3841.00	3841.00	3841.02	3841.00	
3841.00	3841.02	3841.00	3840.94	3841.00	3841.00	3841.00	3841.00	3841.00	3840.98	3841.02	3840.98	3840.98	3841.02	3841.00	3841.00	
3841.02	3840.98	3840.98	3840.98	3840.94	3840.94	3841.00	3841.06	3841.00	3841.00	3840.98	3841.00	3840.96	3840.94	3841.00	3841.00	

*******************************************2024/09/10;19:56:37
Probe number 21
Concentration entered by User 1.12% at Temperature 30.50
1473.00	1500.82	1519.58	1549.22	1574.88	1605.96	1636.98	1671.26	1706.50	1740.16	1785.32	1818.90	1864.74	1893.18	1961.58	2023.26	
2094.62	2164.88	2227.42	2303.06	2384.92	2479.36	2603.04	2721.98	2852.26	2984.28	3151.12	3325.46	3583.76	3807.14	3836.96	3840.94	
3840.98	3841.00	3840.98	3841.00	3840.98	3841.00	3841.00	3841.00	3841.00	3840.98	3841.02	3840.98	3841.00	3840.98	3841.00	3841.06	
3841.00	3841.00	3841.00	3841.00	3841.00	3841.00	3841.00	3841.00	3840.98	3841.02	3841.00	3841.02	3841.04	3841.00	3841.00	3841.00	
3841.00	3840.98	3840.98	3841.00	3841.00	3841.02	3840.98	3841.02	3841.00	3841.00	3841.00	3840.98	3841.02	3841.00	3841.02	3841.02	
3841.00	3841.00	3841.00	3841.00	3841.00	3841.00	3840.98	3841.02	3841.02	3841.00	3841.00	3841.00	3841.00	3841.00	3841.00	3840.98	
3841.00	3841.02	3841.00	3841.00	3841.04	3841.00	3841.00	3841.00	3841.00	3840.96	3841.02	3840.98	3841.02	3840.98	3840.96	3841.00	
3841.00	3841.00	3841.00	3841.00	3840.98	3841.00	3841.02	3841.00	3841.02	3841.00	3841.02	3840.98	3841.00	3840.98	3840.98	3841.00	

*******************************************2024/09/10;19:59:57
Probe number 22
Concentration entered by User 1.13% at Temperature 30.49
1472.52	1499.94	1518.70	1548.44	1574.56	1604.98	1636.12	1670.34	1705.48	1738.90	1784.14	1818.70	1863.10	1891.26	1958.96	2020.48	
2094.14	2164.44	2223.98	2300.00	2384.20	2476.60	2599.06	2724.86	2849.68	2984.88	3155.04	3325.22	3580.06	3807.00	3837.06	3840.96	
3841.00	3841.00	3841.00	3841.00	3841.00	3841.02	3841.02	3841.00	3841.02	3841.00	3841.02	3840.98	3841.00	3840.98	3841.00	3841.00	
3841.00	3841.00	3841.00	3841.00	3841.00	3841.00	3840.98	3841.00	3840.98	3841.06	3841.02	3841.02	3841.00	3841.00	3841.00	3840.96	
3840.98	3841.04	3840.98	3841.00	3841.02	3841.00	3841.02	3841.00	3840.98	3841.00	3841.00	3841.02	3841.00	3841.02	3841.02	3841.00	
3841.02	3841.00	3840.98	3841.00	3841.00	3841.00	3840.96	3841.02	3841.00	3841.00	3841.02	3841.00	3840.98	3841.00	3841.00	3840.98	
3840.98	3841.04	3841.00	3841.06	3840.96	3841.00	3841.00	3841.00	3841.00	3841.00	3841.02	3841.00	3840.98	3841.08	3840.98	3841.00	
3841.02	3841.00	3841.00	3841.00	3840.96	3841.06	3841.04	3841.00	3841.00	3840.98	3841.00	3841.00	3841.00	3841.00	3841.00	3841.04	

*******************************************2024/09/10;20:03:17
Probe number 23
Concentration entered by User 1.14% at Temperature 30.49
1473.92	1501.38	1520.34	1549.66	1575.58	1605.96	1637.70	1671.74	1706.76	1740.34	1785.18	1819.70	1864.82	1893.20	1960.00	2020.58	
2093.04	2164.58	2224.72	2302.62	2382.86	2477.90	2599.56	2721.30	2848.84	2985.06	3150.14	3321.52	3577.86	3804.78	3837.02	3840.94	
3841.02	3841.00	3841.00	3841.00	3841.00	3841.02	3841.00	3841.02	3841.00	3840.98	3841.00	3841.00	3841.02	3840.98	3841.00	3841.00	
3841.00	3841.00	3841.00	3841.02	3841.00	3841.00	3841.02	3841.00	3841.00	3841.04	3841.00	3841.00	3841.00	3841.00	3841.00	3841.02	
3841.00	3841.02	3840.98	3840.98	3841.00	3841.02	3840.98	3841.00	3841.02	3841.00	3841.00	3841.02	3841.00	3841.00	3840.98	3841.02	
3841.00	3841.00	3841.00	3841.00	3841.00	3841.02	3840.98	3841.00	3841.06	3841.00	3840.98	3840.98	3841.00	3841.02	3841.00	3840.98	
3841.00	3841.02	3841.00	3841.04	3841.04	3841.00	3840.98	3841.00	3841.00	3841.00	3841.00	3841.02	3841.02	3841.02	3841.00	3841.00	
3840.98	3841.00	3841.00	3841.04	3840.98	3841.02	3841.00	3841.06	3841.00	3841.00	3841.00	3841.02	3841.00	3840.98	3841.00	3841.02	

*******************************************2024/09/10;20:06:37
Probe number 24
Concentration entered by User 1.15% at Temperature 30.46
1472.36	1499.62	1518.32	1547.88	1573.84	1603.64	1635.00	1670.34	1704.60	1737.86	1783.18	1816.80	1861.04	1889.96	1956.34	2017.56	
2090.06	2161.04	2222.38	2298.22	2381.24	2475.96	2595.82	2719.88	2845.92	2981.58	3144.74	3322.36	3574.68	3803.34	3837.04	3841.00	
3841.02	3841.00	3840.96	3841.00	3841.00	3841.00	3841.02	3841.00	3841.00	3841.00	3841.00	3840.98	3841.00	3841.02	3840.98	3841.00	
3841.06	3841.02	3841.00	3841.00	3841.00	3841.00	3841.02	3841.04	3841.02	3841.06	3841.02	3841.00	3840.98	3841.00	3841.00	3841.00	
3841.04	3841.00	3840.98	3841.00	3841.00	3841.04	3841.02	3841.00	3840.98	3841.02	3841.00	3841.04	3841.04	3841.00	3841.02	3841.00	
3841.00	3841.00	3841.02	3841.00	3841.00	3841.02	3840.98	3841.02	3841.02	3840.96	3841.00	3841.00	3841.00	3841.02	3841.00	3840.98	
3841.00	3841.06	3841.00	3841.00	3841.00	3841.00	3841.00	3841.02	3841.02	3841.04	3841.00	3841.02	3841.00	3841.04	3841.00	3841.00	
3841.00	3841.00	3841.00	3841.00	3841.00	3841.00	3841.00	3841.02	3841.02	3841.00	3841.00	3841.00	3841.00	3841.00	3840.98	3841.02	

*******************************************2024/09/10;20:09:57
Probe number 25
Concentration entered by User 1.17% at Temperature 30.46
1472.16	1499.52	1518.12	1547.62	1574.18	1604.08	1635.62	1670.06	1704.86	1739.08	1783.90	1817.34	1862.20	1891.20	1958.04	2016.72	
2087.78	2158.56	2220.34	2297.10	2380.82	2475.54	2595.90	2713.90	2838.60	2980.10	3143.04	3318.32	3569.64	3803.02	3836.94	3840.96	
3841.00	3841.00	3841.00	3841.02	3841.00	3841.00	3841.02	3841.02	3840.98	3841.00	3841.00	3841.00	3841.00	3841.00	3841.00	3841.02	
3841.02	3840.98	3841.00	3841.00	3840.98	3841.00	3841.00	3841.00	3841.00	3841.00	3841.00	3841.02	3841.00	3841.02	3841.00	3841.00	
3841.00	3841.02	3841.00	3841.04	3841.00	3841.04	3841.00	3841.00	3840.98	3841.06	3841.00	3841.00	3841.00	3841.00	3841.02	3841.04	
3840.98	3841.00	3841.00	3841.02	3841.00	3841.02	3841.00	3841.02	3841.00	3841.00	3841.00	3841.02	3841.00	3841.00	3841.00	3841.00	
3841.00	3840.98	3841.00	3841.02	3841.02	3841.00	3841.00	3841.00	3840.98	3841.00	3841.00	3841.02	3841.02	3841.02	3841.00	3841.02	
3841.00	3841.00	3841.02	3840.98	3840.98	3841.00	3841.04	3841.04	3841.00	3841.02	3841.02	3841.00	3841.00	3841.00	3841.00	3841.00	

*******************************************2024/09/10;20:13:17
Probe number 26
Concentration entered by User 1.16% at Temperature 30.43
1472.78	1499.94	1518.98	1548.58	1574.24	1604.56	1635.44	1669.58	1704.64	1739.06	1783.36	1817.48	1861.16	1889.84	1955.58	2017.94	
2090.18	2159.10	2219.94	2295.12	2378.28	2472.72	2594.44	2717.04	2846.70	2982.94	3149.56	3317.38	3574.14	3801.74	3836.78	3840.98	
3841.00	3841.00	3841.00	3841.00	3840.98	3841.00	3841.04	3841.04	3841.02	3841.02	3841.00	3841.00	3841.06	3840.98	3840.98	3841.02	
3841.02	3841.00	3841.00	3841.00	3841.00	3841.00	3841.00	3840.98	3841.00	3841.02	3841.04	3841.00	3841.02	3841.00	3841.00	3841.00	
3841.00	3841.04	3841.00	3841.00	3841.00	3841.04	3841.00	3841.00	3841.00	3840.98	3841.00	3841.00	3841.02	3841.00	3841.02	3841.12	
3841.00	3841.02	3841.02	3841.00	3841.02	3841.04	3841.02	3841.00	3841.04	3841.02	3841.02	3841.00	3841.02	3841.00	3841.02	3841.02	
3841.00	3841.02	3841.00	3841.00	3841.00	3841.00	3841.00	3841.00	3841.02	3841.00	3841.02	3841.02	3841.00	3841.04	3840.98	3841.00	
3841.00	3841.04	3841.00	3841.02	3841.02	3841.00	3841.10	3841.08	3841.00	3841.02	3841.02	3841.00	3841.02	3841.00	3841.00	3841.00	

*******************************************2024/09/10;20:16:37
Probe number 27
Concentration entered by User 1.18% at Temperature 30.44
1471.36	1498.60	1517.34	1546.58	1572.60	1603.12	1633.86	1668.42	1701.80	1735.58	1781.14	1815.06	1859.42	1887.50	1953.68	2015.52	
2087.44	2156.72	2216.92	2292.70	2373.74	2470.50	2589.34	2711.88	2840.84	2975.12	3139.22	3306.40	3570.76	3802.06	3837.00	3840.92	
3841.00	3841.00	3841.00	3841.00	3841.00	3841.00	3841.00	3841.06	3841.00	3841.02	3840.98	3841.00	3841.00	3841.04	3841.02	3841.00	
3841.02	3841.02	3841.00	3841.00	3841.00	3841.02	3841.04	3841.00	3841.00	3841.02	3841.00	3841.00	3841.00	3841.00	3841.00	3841.00	
3841.00	3841.00	3841.00	3841.00	3841.00	3841.06	3841.00	3841.00	3841.00	3841.02	3841.02	3841.00	3841.00	3841.04	3841.00	3841.02	
3841.00	3841.02	3841.00	3841.00	3841.00	3841.04	3841.00	3841.00	3841.04	3841.02	3841.02	3841.00	3840.98	3841.00	3841.02	3841.04	
3841.02	3841.02	3841.00	3841.08	3841.00	3841.00	3841.00	3841.00	3841.00	3841.08	3841.00	3841.00	3841.06	3841.04	3841.00	3841.00	
3841.00	3841.04	3841.00	3841.00	3841.02	3841.06	3841.00	3841.02	3841.02	3841.00	3841.00	3841.00	3841.00	3841.02	3841.00	3841.00	

*******************************************2024/09/10;20:19:57
Probe number 28
Concentration entered by User 1.18% at Temperature 30.42
1470.74	1497.66	1516.72	1546.04	1571.56	1602.44	1633.14	1667.78	1701.18	1735.16	1780.48	1815.12	1859.04	1887.82	1954.74	2014.24	
2086.26	2157.54	2215.32	2291.64	2373.56	2467.66	2588.20	2712.86	2837.46	2974.32	3140.38	3309.84	3568.92	3800.38	3836.94	3840.94	
3841.04	3841.02	3841.00	3841.00	3841.00	3841.00	3841.00	3841.06	3841.02	3841.00	3841.00	3841.02	3841.02	3841.04	3841.00	3841.00	
3841.00	3841.06	3841.00	3841.00	3841.02	3841.08	3841.00	3841.02	3840.98	3841.00	3841.02	3841.10	3841.02	3841.00	3841.00	3841.04	
3841.02	3841.12	3841.02	3841.00	3841.00	3841.06	3841.00	3841.00	3841.00	3841.12	3841.00	3841.00	3841.02	3841.00	3841.00	3841.00	
3841.00	3841.00	3841.04	3841.08	3841.02	3841.10	3841.00	3841.00	3841.02	3841.12	3841.00	3841.00	3841.02	3841.00	3841.00	3841.06	
3841.00	3840.98	3841.04	3841.06	3841.00	3840.98	3841.00	3841.08	3841.02	3841.04	3841.00	3841.00	3841.02	3841.08	3841.02	3841.00	
3841.04	3841.04	3841.00	3841.04	3841.02	3841.00	3841.02	3841.08	3841.02	3841.00	3841.00	3841.04	3841.00	3841.04	3841.04	3841.00	

*******************************************2024/09/10;20:23:17
Probe number 29
Concentration entered by User 1.19% at Temperature 30.40
1469.42	1496.62	1515.46	1544.26	1570.76	1600.92	1632.12	1665.66	1699.92	1732.92	1777.80	1812.48	1857.20	1884.60	1949.92	2010.24	
2083.98	2153.96	2214.40	2290.62	2372.18	2465.46	2584.24	2707.78	2833.56	2969.72	3131.74	3307.84	3568.72	3801.60	3836.70	3840.92	
3841.00	3841.02	3841.00	3841.06	3841.00	3841.00	3841.00	3841.08	3841.02	3841.00	3841.00	3841.02	3841.00	3841.06	3841.00	3841.00	
3841.02	3841.10	3841.00	3841.00	3841.00	3841.14	3841.10	3841.04	3841.00	3841.00	3841.02	3841.00	3841.00	3841.00	3841.00	3841.06	
3841.02	3841.08	3841.00	3841.00	3841.00	3841.08	3841.00	3841.00	3841.00	3841.06	3841.02	3841.06	3841.00	3841.02	3841.00	3841.06	
3841.02	3841.00	3841.00	3841.04	3841.00	3841.06	3841.02	3841.00	3841.00	3841.06	3841.00	3841.00	3841.02	3841.04	3841.04	3841.02	
3841.00	3841.00	3841.00	3841.06	3841.00	3841.00	3841.00	3841.08	3841.02	3841.12	3841.00	3841.00	3841.00	3841.12	3841.00	3841.00	
3841.00	3841.04	3841.02	3841.04	3841.00	3841.00	3841.02	3841.02	3841.00	3841.00	3841.02	3841.08	3841.02	3841.04	3841.02	3841.00	

*******************************************2024/09/10;20:26:37
Probe number 30
Concentration entered by User 1.21% at Temperature 30.39
1468.68	1495.98	1514.18	1543.56	1569.54	1599.98	1630.80	1664.22	1698.90	1731.84	1777.34	1810.76	1855.30	1883.94	1949.98	2009.86	
2081.18	2151.18	2212.22	2287.12	2367.68	2462.70	2583.00	2705.58	2833.44	2969.68	3134.84	3307.60	3558.66	3798.80	3836.86	3840.92	
3841.02	3841.06	3841.02	3841.08	3841.02	3840.98	3841.00	3841.04	3841.00	3841.00	3841.00	3841.08	3841.02	3841.04	3841.00	3841.00	
3841.04	3841.04	3841.04	3841.00	3841.00	3841.06	3841.04	3841.06	3841.00	3841.00	3841.02	3841.02	3841.00	3841.04	3841.02	3841.10	
3841.06	3841.06	3841.02	3841.00	3841.00	3841.02	3841.00	3841.00	3841.00	3841.04	3841.00	3841.14	3841.02	3841.00	3841.02	3841.02	
3841.00	3841.00	3841.00	3841.08	3841.02	3841.06	3841.02	3841.00	3841.02	3841.04	3841.00	3841.00	3841.00	3841.06	3841.00	3841.00	
3841.02	3840.98	3841.00	3841.08	3841.02	3841.00	3841.00	3841.06	3841.00	3841.04	3841.00	3841.00	3841.04	3841.06	3841.02	3841.00	
3841.02	3841.00	3841.00	3841.10	3841.00	3841.00	3841.00	3841.06	3840.98	3841.00	3841.02	3841.00	3841.00	3841.10	3841.00	3841.00	

*******************************************2024/09/10;20:29:57
Probe number 31
Concentration entered by User 1.21% at Temperature 30.39
1468.84	1495.82	1514.48	1543.52	1569.32	1599.86	1630.34	1664.30	1698.70	1732.76	1777.26	1810.52	1854.44	1883.36	1948.58	2008.94	
2080.38	2151.14	2211.80	2286.20	2367.70	2463.42	2581.78	2703.18	2828.18	2971.34	3136.34	3301.62	3562.90	3799.34	3836.90	3840.90	
3841.00	3841.06	3841.00	3841.06	3841.00	3841.00	3841.02	3841.02	3841.00	3841.00	3841.02	3841.06	3841.04	3841.06	3841.02	3841.00	
3841.02	3841.06	3841.00	3841.00	3841.02	3841.16	3841.00	3841.06	3841.00	3841.00	3841.00	3841.04	3841.04	3841.00	3841.02	3841.08	
3841.00	3841.04	3841.00	3841.00	3841.02	3841.08	3841.02	3841.02	3841.00	3841.10	3841.04	3841.10	3841.00	3841.02	3841.00	3841.04	
3841.02	3841.00	3841.04	3841.10	3841.02	3841.16	3841.02	3840.98	3841.04	3841.18	3841.06	3841.00	3841.02	3841.08	3841.00	3841.04	
3841.00	3841.00	3841.02	3841.02	3841.00	3841.00	3841.04	3841.08	3841.02	3841.06	3841.00	3841.02	3841.02	3841.04	3841.08	3841.00	
3841.02	3841.04	3841.04	3841.06	3841.04	3841.00	3841.00	3841.10	3841.00	3841.00	3841.00	3841.16	3841.02	3841.06	3841.08	3841.00	

*******************************************2024/09/10;20:33:17
Probe number 32
Concentration entered by User 1.23% at Temperature 30.35
1467.86	1494.84	1513.68	1542.48	1568.64	1598.36	1629.38	1662.62	1697.16	1730.32	1775.18	1809.90	1853.32	1881.24	1947.04	2007.82	
2079.50	2149.46	2209.50	2284.26	2365.62	2459.94	2576.98	2700.28	2825.32	2963.18	3130.88	3296.66	3555.72	3798.20	3836.80	3840.92	
3841.00	3841.06	3841.02	3841.06	3841.00	3841.00	3841.02	3841.02	3841.02	3841.00	3841.00	3841.02	3841.00	3841.00	3841.02	3841.00	
3841.00	3841.12	3841.00	3841.00	3841.02	3841.04	3841.02	3841.14	3841.00	3841.00	3841.00	3841.04	3841.00	3841.00	3841.00	3841.02	
3841.00	3841.06	3841.00	3841.00	3841.00	3841.02	3841.02	3841.00	3841.04	3841.04	3841.00	3841.08	3841.02	3841.00	3841.00	3841.06	
3841.00	3841.00	3841.00	3841.12	3841.00	3841.06	3841.00	3841.00	3841.00	3841.08	3841.00	3841.00	3841.00	3841.04	3841.04	3841.04	
3841.00	3841.00	3841.00	3841.08	3841.00	3840.98	3841.00	3841.02	3841.00	3841.04	3841.02	3841.02	3840.98	3841.10	3841.02	3841.00	
3841.00	3841.12	3841.00	3841.04	3841.02	3841.00	3841.02	3841.02	3841.00	3841.00	3841.00	3841.06	3841.04	3841.10	3841.00	3841.02	

*******************************************2024/09/10;20:36:37
Probe number 33
Concentration entered by User 1.23% at Temperature 30.35
1468.10	1494.72	1512.50	1542.34	1568.40	1598.02	1629.10	1662.92	1697.48	1730.72	1775.76	1809.22	1853.12	1881.82	1946.68	2007.92	
2080.90	2151.00	2211.28	2285.22	2365.50	2458.00	2577.18	2698.86	2826.36	2964.20	3128.76	3300.46	3555.88	3797.32	3836.58	3840.92	
3841.02	3841.04	3841.06	3841.00	3841.00	3841.04	3841.06	3841.06	3841.00	3841.00	3841.04	3841.00	3841.00	3841.02	3841.02	3841.08	
3841.08	3841.02	3841.02	3841.00	3841.00	3841.06	3841.06	3841.04	3841.00	3841.06	3841.00	3841.04	3841.04	3841.04	3841.02	3841.06	
3841.00	3841.10	3841.02	3841.06	3841.02	3841.06	3841.02	3841.00	3841.06	3841.04	3841.04	3841.04	3841.08	3841.00	3841.08	3841.06	
3841.00	3841.02	3841.00	3841.04	3841.02	3841.06	3841.00	3841.06	3841.18	3841.02	3841.02	3841.04	3841.02	3841.02	3841.08	3841.00	
3841.00	3841.00	3841.00	3841.02	3841.10	3841.00	3841.06	3841.02	3841.00	3841.10	3841.06	3841.04	3841.06	3841.02	3841.02	3841.02	
3841.02	3841.06	3841.02	3841.04	3841.08	3841.02	3841.02	3841.08	3841.04	3841.00	3841.06	3841.00	3841.06	3841.08	3841.02	3841.06	

*******************************************2024/09/10;20:39:57
Probe number 34
Concentration entered by User 1.23% at Temperature 30.35
1467.50	1494.26	1512.76	1542.38	1568.22	1598.16	1629.04	1662.60	1697.00	1730.50	1774.38	1809.16	1853.04	1881.80	1946.84	2006.60	
2079.60	2149.36	2209.84	2283.54	2363.74	2457.86	2577.20	2698.08	2822.66	2958.42	3126.52	3298.96	3553.88	3796.94	3836.70	3840.90	
3841.00	3841.02	3841.00	3841.06	3841.00	3841.04	3841.04	3841.06	3841.00	3841.00	3841.02	3841.00	3841.06	3841.10	3841.00	3841.00	
3841.08	3841.02	3841.00	3841.04	3841.00	3841.06	3841.08	3841.02	3841.04	3841.08	3841.00	3841.02	3841.04	3841.02	3841.02	3841.00	
3841.06	3841.12	3841.00	3841.00	3841.12	3841.06	3841.00	3841.04	3841.02	3841.02	3841.08	3841.04	3841.08	3841.06	3841.04	3841.10	
3841.02	3841.02	3841.00	3841.02	3841.08	3841.06	3841.00	3841.00	3841.08	3841.02	3841.02	3841.02	3841.02	3841.02	3841.04	3841.02	
3841.02	3841.02	3841.00	3841.08	3841.04	3841.00	3841.00	3841.00	3841.04	3841.02	3841.02	3841.06	3841.02	3841.06	3841.02	3841.04	
3841.02	3841.02	3841.00	3841.00	3841.00	3841.08	3841.04	3841.12	3841.00	3840.98	3841.00	3841.00	3841.06	3841.00	3841.04	3841.02	

*******************************************2024/09/10;20:43:17
Probe number 35
Concentration entered by User 1.25% at Temperature 30.32
1467.32	1493.86	1512.82	1541.92	1567.60	1597.42	1628.26	1661.54	1695.06	1728.46	1772.94	1806.56	1850.78	1879.12	1945.14	2005.20	
2076.90	2146.26	2208.88	2283.70	2364.30	2456.66	2574.70	2697.22	2822.98	2957.42	3124.98	3294.72	3547.56	3795.54	3836.60	3840.96	
3841.04	3841.08	3841.02	3841.02	3841.10	3841.06	3841.00	3841.10	3841.02	3841.00	3841.10	3841.02	3841.04	3841.10	3841.04	3841.10	
3841.18	3841.12	3841.02	3841.08	3841.04	3841.02	3841.14	3841.08	3841.04	3841.10	3841.00	3841.10	3841.04	3841.04	3841.06	3841.00	
3841.06	3841.10	3841.08	3841.00	3841.04	3841.14	3841.04	3841.04	3841.02	3841.10	3841.02	3841.02	3841.12	3841.14	3841.10	3841.06	
3841.02	3841.04	3841.10	3841.06	3841.00	3841.02	3841.06	3841.04	3841.20	3841.10	3841.04	3841.02	3841.02	3841.06	3841.02	3841.10	
3841.04	3841.10	3841.06	3841.00	3841.06	3841.02	3841.08	3841.00	3841.04	3841.08	3841.08	3841.08	3841.06	3841.16	3841.04	3841.06	
3841.06	3841.04	3841.00	3841.06	3841.14	3841.06	3841.06	3841.14	3841.06	3841.04	3841.08	3841.02	3841.02	3841.12	3841.02	3841.04	

*******************************************2024/09/10;20:46:37
Probe number 36
Concentration entered by User 1.25% at Temperature 30.32
1466.66	1493.32	1512.02	1541.96	1567.44	1597.66	1628.28	1661.02	1694.74	1727.98	1772.64	1806.80	1850.96	1878.76	1944.44	2004.60	
2076.18	2145.70	2206.98	2281.78	2363.56	2456.50	2574.32	2694.62	2816.50	2951.66	3118.86	3298.34	3548.96	3793.76	3836.78	3841.00	
3841.08	3841.02	3841.02	3841.06	3841.10	3841.12	3841.10	3841.16	3841.02	3841.10	3841.06	3841.06	3841.06	3841.14	3841.08	3841.12	
3841.20	3841.08	3841.04	3841.16	3841.10	3841.06	3841.24	3841.06	3841.08	3841.36	3841.02	3841.12	3841.10	3841.00	3841.06	3841.06	
3841.12	3841.10	3841.12	3841.04	3841.10	3841.20	3841.04	3841.04	3841.08	3841.08	3841.04	3841.12	3841.18	3841.18	3841.04	3841.22	
3841.06	3841.06	3841.04	3841.06	3841.02	3841.20	3841.08	3841.06	3841.32	3841.10	3841.02	3841.10	3841.04	3841.12	3841.12	3841.14	
3841.10	3841.10	3841.08	3841.18	3841.08	3841.02	3841.08	3841.02	3841.06	3841.22	3841.06	3841.08	3841.16	3841.14	3841.02	3841.10	
3841.08	3841.14	3841.06	3841.16	3841.18	3841.14	3841.08	3841.22	3841.04	3841.12	3841.06	3841.06	3841.12	3841.12	3841.08	3841.08	

*******************************************2024/09/10;20:49:57
Probe number 37
Concentration entered by User 1.26% at Temperature 30.30
1466.08	1493.08	1511.34	1540.72	1566.08	1595.84	1626.64	1660.50	1694.50	1727.20	1771.38	1804.80	1848.80	1877.20	1942.86	2003.48	
2074.26	2143.42	2205.42	2278.88	2359.48	2452.70	2570.92	2693.28	2815.22	2951.76	3116.52	3288.58	3547.82	3795.72	3836.76	3840.94	
3841.02	3841.06	3841.12	3841.08	3841.00	3841.08	3841.10	3841.08	3841.00	3841.06	3841.04	3841.04	3841.14	3841.06	3841.06	3841.14	
3841.04	3841.12	3841.02	3841.14	3841.00	3841.06	3841.14	3841.06	3841.06	3841.22	3841.10	3841.18	3841.04	3841.08	3841.00	3841.02	
3841.10	3841.10	3841.02	3841.10	3841.08	3841.20	3841.02	3841.06	3841.08	3841.08	3841.10	3841.06	3841.06	3841.08	3841.12	3841.18	
3841.08	3841.02	3841.06	3841.04	3841.10	3841.08	3841.06	3841.04	3841.06	3841.14	3841.02	3841.06	3841.04	3841.00	3841.10	3841.08	
3841.04	3841.16	3841.06	3841.04	3841.04	3841.06	3841.08	3841.00	3841.10	3841.14	3841.12	3841.10	3841.04	3841.12	3841.02	3841.02	
3841.06	3841.08	3841.10	3841.08	3841.04	3841.06	3841.08	3841.10	3841.02	3841.04	3841.02	3841.12	3841.16	3841.10	3841.06	3841.06	

*******************************************2024/09/10;20:53:17
Probe number 38
Concentration entered by User 1.28% at Temperature 30.28
1465.50	1492.00	1510.34	1539.88	1565.46	1595.22	1626.32	1659.64	1692.96	1725.92	1770.08	1803.84	1847.94	1876.60	1942.12	2000.96	
2072.06	2143.48	2204.28	2276.24	2358.16	2449.78	2565.62	2690.56	2819.92	2951.44	3115.26	3283.94	3542.82	3794.96	3836.58	3841.00	
3841.08	3841.06	3841.10	3841.06	3841.06	3841.06	3841.10	3841.14	3841.00	3841.04	3841.10	3841.02	3841.04	3841.12	3841.10	3841.08	
3841.06	3841.06	3841.10	3841.06	3841.04	3841.02	3841.14	3841.08	3841.02	3841.16	3841.04	3841.08	3841.10	3841.06	3841.12	3841.02	
3841.14	3841.12	3841.06	3841.08	3841.16	3841.18	3841.06	3841.06	3841.06	3841.08	3841.06	3841.16	3841.08	3841.08	3841.16	3841.14	
3841.06	3841.08	3841.10	3841.08	3841.04	3841.16	3841.08	3841.08	3841.08	3841.16	3841.10	3841.08	3841.06	3841.06	3841.08	3841.16	
3841.06	3841.04	3841.10	3841.06	3841.04	3841.08	3841.06	3841.10	3841.08	3841.12	3841.06	3841.06	3841.04	3841.24	3841.02	3841.06	
3841.16	3841.00	3841.02	3841.12	3841.18	3841.14	3841.10	3841.16	3841.04	3841.14	3841.02	3841.08	3841.02	3841.02	3841.10	3841.16	

*******************************************2024/09/10;20:56:37
Probe number 39
Concentration entered by User 1.29% at Temperature 30.26
1464.84	1491.40	1510.12	1539.82	1565.10	1594.96	1625.44	1658.74	1692.08	1725.42	1769.70	1803.58	1847.48	1876.00	1940.86	1999.10	
2070.94	2141.04	2201.54	2275.18	2357.12	2447.98	2566.24	2688.18	2812.16	2953.84	3114.26	3283.50	3537.94	3790.84	3836.54	3840.90	
3841.02	3841.18	3841.02	3841.16	3841.18	3841.06	3841.16	3841.18	3841.00	3841.08	3841.10	3841.04	3841.14	3841.18	3841.00	3841.08	
3841.18	3841.08	3841.04	3841.08	3841.02	3841.04	3841.08	3841.10	3841.04	3841.20	3841.06	3841.10	3841.08	3841.06	3841.02	3841.08	
3841.06	3841.18	3841.10	3841.08	3841.06	3841.12	3841.06	3841.04	3841.06	3841.14	3841.02	3841.16	3841.18	3841.06	3841.10	3841.26	
3841.02	3841.04	3841.16	3841.10	3841.14	3841.20	3841.04	3841.04	3841.20	3841.04	3841.06	3841.10	3841.06	3841.04	3841.14	3841.04	
3841.04	3841.24	3841.06	3841.10	3841.06	3841.04	3841.04	3841.02	3841.08	3841.20	3841.10	3841.12	3841.10	3841.12	3841.12	3841.06	
3841.08	3841.06	3841.04	3841.08	3841.16	3841.06	3841.10	3841.24	3841.04	3841.04	3841.16	3841.08	3841.08	3841.18	3841.14	3841.08	

*******************************************2024/09/10;20:59:57
Probe number 40
Concentration entered by User 1.28% at Temperature 30.25
1466.92	1493.04	1511.78	1540.98	1566.14	1595.72	1626.90	1659.70	1694.10	1727.58	1771.50	1804.86	1849.14	1877.38	1942.24	2002.32	
2072.30	2141.94	2203.64	2276.14	2357.46	2452.28	2570.00	2689.78	2812.16	2948.90	3114.48	3286.14	3540.30	3792.48	3836.70	3841.00	
3841.06	3841.14	3841.06	3841.14	3841.18	3841.06	3841.20	3841.24	3841.04	3841.16	3841.16	3841.02	3841.06	3841.22	3841.04	3841.20	
3841.30	3841.02	3841.20	3841.18	3841.06	3841.10	3841.30	3841.28	3841.06	3841.28	3841.04	3841.14	3841.10	3841.02	3841.10	3841.12	
3841.10	3841.16	3841.12	3841.12	3841.16	3841.26	3841.08	3841.08	3841.14	3841.18	3841.08	3841.20	3841.30	3841.08	3841.12	3841.26	
3841.08	3841.10	3841.20	3841.04	3841.04	3841.24	3841.16	3841.10	3841.18	3841.08	3841.04	3841.06	3841.04	3841.04	3841.06	3841.16	
3841.08	3841.22	3841.10	3841.12	3841.08	3841.04	3841.04	3841.08	3841.14	3841.32	3841.12	3841.06	3841.12	3841.28	3841.10	3841.10	
3841.02	3841.12	3841.08	3841.16	3841.30	3841.06	3841.24	3841.26	3841.06	3841.10	3841.12	3841.10	3841.16	3841.18	3841.06	3841.16	

*******************************************2024/09/10;21:03:17
Probe number 41
Concentration entered by User 1.28% at Temperature 30.24
1465.26	1491.96	1510.24	1539.08	1564.94	1594.78	1625.52	1658.62	1692.78	1725.28	1769.52	1803.96	1846.94	1875.04	1940.28	2000.28	
2070.92	2140.64	2203.04	2275.54	2354.54	2447.60	2566.40	2686.92	2813.12	2946.56	3108.20	3285.58	3541.80	3792.40	3836.48	3840.98	
3841.10	3841.10	3841.04	3841.18	3841.16	3841.16	3841.20	3841.22	3841.08	3841.06	3841.10	3841.04	3841.10	3841.30	3841.12	3841.16	
3841.24	3841.08	3841.08	3841.10	3841.08	3841.02	3841.08	3841.06	3841.06	3841.18	3841.12	3841.14	3841.14	3841.08	3841.12	3841.06	
3841.08	3841.20	3841.10	3841.12	3841.12	3841.28	3841.10	3841.10	3841.14	3841.14	3841.06	3841.16	3841.14	3841.20	3841.06	3841.16	
3841.12	3841.08	3841.12	3841.16	3841.08	3841.18	3841.10	3841.06	3841.22	3841.16	3841.04	3841.08	3841.04	3841.06	3841.14	3841.20	
3841.06	3841.32	3841.04	3841.18	3841.10	3841.04	3841.08	3841.12	3841.16	3841.18	3841.10	3841.04	3841.10	3841.34	3841.08	3841.06	
3841.08	3841.06	3841.08	3841.14	3841.18	3841.06	3841.08	3841.34	3841.02	3841.14	3841.06	3841.04	3841.10	3841.24	3841.12	3841.10	

*******************************************2024/09/10;21:06:37
Probe number 42
Concentration entered by User 1.30% at Temperature 30.21
1465.42	1492.32	1511.12	1539.60	1564.94	1594.92	1625.62	1658.34	1692.54	1724.96	1768.76	1803.28	1846.78	1873.94	1940.22	1999.62	
2070.54	2140.56	2201.18	2272.22	2352.88	2444.48	2563.34	2683.86	2808.78	2944.60	3109.56	3281.26	3537.06	3790.66	3836.68	3841.08	
3841.12	3841.16	3841.08	3841.08	3841.26	3841.18	3841.18	3841.32	3841.12	3841.12	3841.14	3841.04	3841.12	3841.22	3841.08	3841.20	
3841.28	3841.14	3841.06	3841.18	3841.06	3841.12	3841.20	3841.26	3841.18	3841.22	3841.10	3841.22	3841.18	3841.10	3841.14	3841.14	
3841.08	3841.28	3841.10	3841.12	3841.16	3841.20	3841.14	3841.02	3841.08	3841.12	3841.10	3841.22	3841.20	3841.20	3841.20	3841.32	
3841.18	3841.14	3841.22	3841.06	3841.12	3841.32	3841.14	3841.22	3841.20	3841.16	3841.18	3841.24	3841.14	3841.10	3841.12	3841.10	
3841.08	3841.30	3841.16	3841.22	3841.18	3841.12	3841.06	3841.14	3841.04	3841.24	3841.16	3841.24	3841.16	3841.18	3841.08	3841.06	
3841.12	3841.10	3841.12	3841.18	3841.26	3841.20	3841.18	3841.34	3841.12	3841.10	3841.18	3841.06	3841.10	3841.22	3841.20	3841.08	

*******************************************2024/09/10;21:09:57
Probe number 43
Concentration entered by User 1.31% at Temperature 30.20
1466.24	1492.82	1511.26	1541.02	1566.06	1596.06	1626.18	1659.54	1693.24	1726.00	1770.20	1803.80	1847.76	1875.78	1940.60	1999.48	
2070.34	2140.60	2200.76	2273.52	2353.20	2445.60	2562.44	2685.98	2814.82	2949.42	3109.66	3280.26	3532.92	3790.54	3836.50	3840.96	
3841.08	3841.16	3841.22	3841.12	3841.20	3841.12	3841.20	3841.22	3841.06	3841.22	3841.14	3841.06	3841.20	3841.14	3841.12	3841.28	
3841.20	3841.12	3841.18	3841.12	3841.08	3841.10	3841.26	3841.28	3841.14	3841.22	3841.20	3841.20	3841.16	3841.16	3841.04	3841.06	
3841.14	3841.24	3841.06	3841.18	3841.12	3841.40	3841.04	3841.10	3841.12	3841.12	3841.08	3841.20	3841.28	3841.08	3841.14	3841.30	
3841.06	3841.14	3841.14	3841.06	3841.18	3841.16	3841.10	3841.18	3841.20	3841.14	3841.10	3841.14	3841.08	3841.08	3841.18	3841.20	
3841.16	3841.22	3841.22	3841.18	3841.12	3841.10	3841.10	3841.10	3841.16	3841.18	3841.18	3841.22	3841.04	3841.22	3841.10	3841.14	
3841.14	3841.18	3841.12	3841.36	3841.18	3841.12	3841.10	3841.26	3841.04	3841.24	3841.12	3841.12	3841.12	3841.18	3841.12	3841.20	

*******************************************2024/09/10;21:13:17
Probe number 44
Concentration entered by User 1.30% at Temperature 30.17
1465.66	1492.64	1510.52	1539.62	1565.16	1594.92	1626.10	1658.34	1691.70	1725.32	1769.12	1801.82	1845.78	1874.82	1939.58	1998.76	
2070.02	2140.00	2201.32	2272.58	2353.32	2444.26	2561.40	2682.24	2806.08	2940.12	3108.62	3280.78	3536.96	3788.84	3836.44	3840.92	
3841.12	3841.02	3841.08	3841.10	3841.12	3841.12	3841.16	3841.26	3841.06	3841.12	3841.10	3841.02	3841.06	3841.14	3841.02	3841.14	
3841.18	3841.12	3841.10	3841.16	3841.04	3841.04	3841.14	3841.14	3841.08	3841.14	3841.06	3841.18	3841.08	3841.02	3841.08	3841.08	
3841.10	3841.16	3841.18	3841.10	3841.16	3841.18	3841.06	3841.08	3841.16	3841.06	3841.04	3841.22	3841.14	3841.12	3841.18	3841.24	
3841.10	3841.16	3841.08	3841.04	3841.06	3841.22	3841.18	3841.06	3841.16	3841.14	3841.06	3841.10	3841.02	3841.10	3841.16	3841.20	
3841.14	3841.18	3841.06	3841.18	3841.12	3841.08	3841.14	3841.08	3841.04	3841.18	3841.12	3841.06	3841.10	3841.26	3841.08	3841.12	
3841.08	3841.08	3841.08	3841.04	3841.20	3841.14	3841.16	3841.20	3841.10	3841.14	3841.12	3841.10	3841.10	3841.22	3841.12	3841.10	

*******************************************2024/09/10;21:16:37
Probe number 45
Concentration entered by User 1.32% at Temperature 30.16
1465.40	1492.14	1509.66	1539.46	1564.72	1594.50	1624.96	1657.78	1691.28	1723.82	1767.76	1801.40	1844.80	1873.48	1938.50	1997.94	
2067.96	2136.86	2196.70	2271.44	2350.00	2443.70	2561.04	2683.22	2809.26	2945.30	3107.52	3277.04	3531.18	3787.70	3836.42	3840.96	
3841.12	3841.22	3841.08	3841.16	3841.08	3841.14	3841.26	3841.24	3841.00	3841.18	3841.20	3841.06	3841.16	3841.22	3841.12	3841.24	
3841.22	3841.18	3841.10	3841.12	3841.16	3841.12	3841.22	3841.28	3841.16	3841.38	3841.06	3841.14	3841.14	3841.20	3841.02	3841.12	
3841.14	3841.24	3841.16	3841.16	3841.14	3841.30	3841.16	3841.14	3841.18	3841.26	3841.10	3841.26	3841.28	3841.12	3841.20	3841.28	
3841.04	3841.18	3841.30	3841.10	3841.20	3841.30	3841.10	3841.10	3841.24	3841.18	3841.12	3841.22	3841.14	3841.12	3841.24	3841.18	
3841.08	3841.24	3841.08	3841.12	3841.26	3841.14	3841.08	3841.12	3841.18	3841.14	3841.22	3841.10	3841.12	3841.34	3841.08	3841.12	
3841.06	3841.08	3841.16	3841.12	3841.28	3841.18	3841.18	3841.26	3841.12	3841.22	3841.08	3841.14	3841.20	3841.22	3841.22	3841.08	

*******************************************2024/09/10;21:19:57
Probe number 46
Concentration entered by User 1.31% at Temperature 30.14
1466.00	1492.54	1511.48	1540.28	1565.46	1595.30	1625.62	1658.68	1692.40	1725.68	1768.88	1801.70	1845.24	1874.34	1939.56	1998.18	
2068.56	2138.68	2199.88	2271.88	2351.20	2442.88	2561.44	2679.36	2805.86	2939.90	3098.52	3275.86	3537.56	3789.60	3836.54	3840.98	
3841.16	3841.16	3841.14	3841.30	3841.26	3841.14	3841.18	3841.24	3841.12	3841.16	3841.12	3841.02	3841.14	3841.12	3841.08	3841.10	
3841.24	3841.16	3841.10	3841.26	3841.02	3841.12	3841.22	3841.22	3841.18	3841.30	3841.12	3841.30	3841.18	3841.10	3841.20	3841.16	
3841.12	3841.22	3841.16	3841.06	3841.20	3841.26	3841.16	3841.04	3841.14	3841.12	3841.10	3841.18	3841.22	3841.24	3841.12	3841.24	
3841.10	3841.20	3841.12	3841.08	3841.10	3841.32	3841.14	3841.14	3841.26	3841.26	3841.14	3841.22	3841.02	3841.08	3841.14	3841.12	
3841.16	3841.12	3841.12	3841.22	3841.12	3841.14	3841.16	3841.16	3841.18	3841.32	3841.28	3841.18	3841.14	3841.30	3841.10	3841.16	
3841.18	3841.14	3841.14	3841.24	3841.16	3841.08	3841.22	3841.28	3841.12	3841.18	3841.20	3841.10	3841.14	3841.22	3841.18	3841.10	

*******************************************2024/09/10;21:23:17
Probe number 47
Concentration entered by User 1.31% at Temperature 30.13
1464.82	1491.38	1509.84	1538.86	1563.90	1593.70	1623.84	1656.78	1690.86	1723.34	1767.68	1801.16	1844.78	1872.50	1936.86	1996.02	
2066.20	2136.16	2197.40	2268.06	2348.46	2443.10	2557.06	2676.88	2800.30	2938.30	3105.44	3274.88	3534.24	3787.40	3836.34	3840.90	
3841.08	3841.44	3841.16	3841.32	3841.06	3841.02	3841.08	3841.46	3841.10	3841.00	3841.08	3841.34	3841.26	3841.32	3841.06	3841.06	
3841.22	3841.42	3841.10	3841.06	3841.18	3841.48	3841.12	3841.34	3841.12	3841.02	3841.12	3841.28	3841.20	3841.02	3841.08	3841.32	
3841.18	3841.40	3841.22	3841.02	3841.04	3841.36	3841.04	3841.04	3841.14	3841.40	3841.18	3841.40	3841.24	3841.00	3841.22	3841.58	
3841.16	3841.02	3841.10	3841.38	3841.16	3841.44	3841.18	3841.02	3841.08	3841.52	3841.08	3841.02	3841.16	3841.32	3841.12	3841.36	
3841.08	3841.00	3841.10	3841.46	3841.10	3841.02	3841.04	3841.36	3841.22	3841.42	3841.22	3841.02	3841.14	3841.50	3841.18	3841.02	
3841.12	3841.50	3841.10	3841.46	3841.26	3841.02	3841.20	3841.44	3841.12	3841.04	3841.18	3841.36	3841.26	3841.40	3841.14	3841.02	

*******************************************2024/09/10;21:26:37
Probe number 48
Concentration entered by User 1.34% at Temperature 30.11
1464.68	1490.64	1509.14	1538.16	1563.30	1593.10	1623.52	1656.48	1689.88	1722.84	1766.68	1800.28	1843.52	1871.04	1934.94	1994.84	
2065.36	2135.20	2195.04	2269.38	2348.26	2439.60	2556.70	2673.10	2801.30	2941.50	3102.56	3274.46	3522.76	3784.38	3836.42	3840.96	
3841.14	3841.50	3841.06	3841.40	3841.10	3841.04	3841.12	3841.50	3841.08	3841.02	3841.14	3841.40	3841.08	3841.38	3841.10	3841.02	
3841.10	3841.46	3841.16	3841.06	3841.16	3841.54	3841.24	3841.60	3841.18	3841.02	3841.14	3841.46	3841.14	3841.10	3841.14	3841.60	
3841.26	3841.40	3841.14	3841.02	3841.18	3841.54	3841.14	3841.00	3841.14	3841.46	3841.16	3841.46	3841.10	3841.08	3841.12	3841.60	
3841.12	3841.06	3841.20	3841.48	3841.28	3841.66	3841.18	3841.02	3841.12	3841.50	3841.12	3841.04	3841.16	3841.50	3841.18	3841.42	
3841.20	3841.04	3841.10	3841.52	3841.18	3841.04	3841.16	3841.56	3841.18	3841.48	3841.16	3841.04	3841.28	3841.48	3841.22	3841.06	
3841.16	3841.38	3841.16	3841.50	3841.20	3841.04	3841.06	3841.58	3841.26	3841.02	3841.12	3841.58	3841.24	3841.50	3841.26	3841.06	

*******************************************2024/09/10;21:29:57
Probe number 49
Concentration entered by User 1.32% at Temperature 30.09
1465.64	1492.60	1510.84	1539.46	1564.72	1593.86	1624.80	1657.86	1691.04	1723.90	1767.34	1800.78	1844.82	1872.50	1936.38	1995.88	
2067.62	2136.80	2197.70	2268.94	2350.52	2440.06	2554.72	2674.42	2802.76	2938.20	3096.66	3275.76	3531.74	3785.42	3836.34	3840.98	
3841.20	3841.54	3841.20	3841.38	3841.10	3841.08	3841.30	3841.48	3841.08	3841.02	3841.14	3841.54	3841.20	3841.36	3841.12	3841.04	
3841.18	3841.46	3841.16	3841.06	3841.18	3841.34	3841.18	3841.38	3841.16	3841.10	3841.24	3841.50	3841.10	3841.06	3841.24	3841.42	
3841.26	3841.58	3841.12	3841.08	3841.14	3841.46	3841.16	3841.04	3841.18	3841.52	3841.18	3841.48	3841.10	3841.02	3841.24	3841.48	
3841.12	3841.06	3841.16	3841.50	3841.34	3841.54	3841.10	3841.02	3841.20	3841.40	3841.10	3841.00	3841.18	3841.52	3841.16	3841.50	
3841.10	3841.06	3841.20	3841.28	3841.16	3841.10	3841.22	3841.40	3841.22	3841.32	3841.22	3841.08	3841.24	3841.48	3841.18	3841.00	
3841.26	3841.42	3841.22	3841.42	3841.14	3841.06	3841.26	3841.44	3841.12	3841.02	3841.16	3841.52	3841.28	3841.54	3841.14	3841.02	

*******************************************2024/09/10;21:33:17
Probe number 50
Concentration entered by User 1.34% at Temperature 30.07
1466.00	1491.96	1510.74	1539.66	1565.04	1593.92	1624.00	1657.30	1690.76	1724.22	1767.40	1801.12	1843.68	1870.92	1936.82	1995.86	
2066.84	2136.24	2197.52	2268.68	2348.60	2438.64	2556.48	2672.44	2795.82	2937.98	3100.34	3273.20	3523.02	3784.64	3836.34	3840.92	
3841.26	3841.60	3841.32	3841.56	3841.16	3841.00	3841.38	3841.44	3841.22	3841.08	3841.20	3841.56	3841.30	3841.52	3841.20	3841.14	
3841.28	3841.54	3841.28	3841.06	3841.30	3841.50	3841.24	3841.58	3841.24	3841.06	3841.34	3841.60	3841.18	3841.08	3841.24	3841.50	
3841.22	3841.56	3841.20	3841.12	3841.24	3841.56	3841.20	3841.06	3841.20	3841.44	3841.26	3841.60	3841.34	3841.04	3841.28	3841.56	
3841.22	3841.06	3841.24	3841.42	3841.32	3841.52	3841.26	3841.08	3841.24	3841.50	3841.14	3841.06	3841.32	3841.40	3841.36	3841.54	
3841.26	3841.04	3841.22	3841.58	3841.16	3841.08	3841.30	3841.60	3841.28	3841.58	3841.12	3841.18	3841.32	3841.50	3841.22	3841.04	
3841.26	3841.56	3841.30	3841.48	3841.20	3841.08	3841.28	3841.52	3841.20	3841.02	3841.30	3841.60	3841.30	3841.46	3841.20	3841.04	

*******************************************2024/09/10;21:36:37
Probe number 51
Concentration entered by User 1.34% at Temperature 30.05
1465.08	1491.50	1509.80	1538.30	1563.80	1593.16	1623.60	1656.90	1689.54	1723.30	1767.00	1800.12	1843.16	1870.54	1935.88	1995.42	
2065.34	2134.82	2195.06	2268.30	2349.86	2440.46	2555.86	2672.46	2796.02	2933.06	3099.44	3273.68	3523.12	3784.92	3836.46	3840.98	
3841.26	3841.52	3841.34	3841.56	3841.22	3841.02	3841.24	3841.46	3841.12	3841.06	3841.30	3841.48	3841.44	3841.58	3841.26	3841.02	
3841.22	3841.56	3841.30	3841.08	3841.44	3841.46	3841.46	3841.50	3841.20	3841.04	3841.26	3841.38	3841.34	3841.04	3841.32	3841.38	
3841.34	3841.48	3841.18	3841.08	3841.44	3841.62	3841.28	3841.10	3841.38	3841.42	3841.38	3841.46	3841.30	3841.04	3841.32	3841.48	
3841.32	3841.06	3841.32	3841.46	3841.40	3841.56	3841.20	3841.06	3841.20	3841.42	3841.20	3841.08	3841.32	3841.40	3841.28	3841.54	
3841.16	3841.08	3841.36	3841.50	3841.20	3841.04	3841.30	3841.64	3841.40	3841.56	3841.32	3841.02	3841.38	3841.54	3841.24	3841.14	
3841.40	3841.56	3841.42	3841.56	3841.28	3841.08	3841.32	3841.56	3841.28	3841.12	3841.26	3841.50	3841.42	3841.56	3841.26	3841.08	

*******************************************2024/09/10;21:39:57
Probe number 52
Concentration entered by User 1.35% at Temperature 30.04
1464.92	1491.20	1509.12	1538.06	1563.30	1593.66	1624.20	1656.74	1689.74	1723.24	1766.90	1799.94	1842.06	1869.50	1934.66	1994.12	
2065.12	2132.72	2193.58	2266.80	2346.14	2435.84	2554.26	2670.12	2794.08	2934.62	3097.66	3268.24	3522.82	3783.40	3836.24	3841.02	
3841.20	3841.24	3841.14	3841.32	3841.32	3841.20	3841.30	3841.32	3841.20	3841.24	3841.32	3841.12	3841.32	3841.28	3841.16	3841.32	
3841.32	3841.18	3841.24	3841.32	3841.20	3841.16	3841.34	3841.34	3841.20	3841.42	3841.20	3841.28	3841.30	3841.24	3841.22	3841.22	
3841.24	3841.40	3841.38	3841.26	3841.20	3841.44	3841.26	3841.08	3841.36	3841.34	3841.18	3841.42	3841.40	3841.16	3841.24	3841.38	
3841.10	3841.36	3841.40	3841.18	3841.22	3841.34	3841.24	3841.30	3841.30	3841.34	3841.24	3841.28	3841.16	3841.12	3841.36	3841.32	
3841.22	3841.38	3841.12	3841.22	3841.28	3841.12	3841.14	3841.22	3841.26	3841.38	3841.24	3841.30	3841.16	3841.42	3841.14	3841.22	
3841.34	3841.30	3841.12	3841.34	3841.44	3841.18	3841.38	3841.32	3841.16	3841.28	3841.26	3841.22	3841.24	3841.38	3841.30	3841.38	

*******************************************2024/09/10;21:43:17
Probe number 53
Concentration entered by User 1.36% at Temperature 30.01
1464.72	1491.06	1508.56	1538.16	1562.74	1592.66	1623.14	1655.60	1689.48	1722.16	1765.82	1799.20	1841.18	1868.92	1934.68	1992.72	
2063.28	2132.16	2193.36	2263.08	2343.26	2435.28	2552.58	2669.60	2794.00	2926.40	3091.36	3268.24	3520.46	3781.88	3836.26	3841.08	
3841.24	3841.30	3841.32	3841.42	3841.48	3841.30	3841.38	3841.52	3841.20	3841.32	3841.34	3841.24	3841.36	3841.62	3841.38	3841.36	
3841.58	3841.32	3841.32	3841.50	3841.32	3841.30	3841.56	3841.46	3841.36	3841.46	3841.26	3841.46	3841.34	3841.32	3841.24	3841.24	
3841.36	3841.60	3841.30	3841.32	3841.20	3841.58	3841.36	3841.22	3841.42	3841.42	3841.24	3841.46	3841.52	3841.26	3841.32	3841.48	
3841.24	3841.36	3841.32	3841.20	3841.38	3841.48	3841.26	3841.36	3841.38	3841.36	3841.40	3841.38	3841.22	3841.26	3841.44	3841.42	
3841.32	3841.38	3841.22	3841.30	3841.38	3841.32	3841.28	3841.44	3841.38	3841.44	3841.36	3841.32	3841.34	3841.52	3841.32	3841.36	
3841.32	3841.36	3841.22	3841.48	3841.44	3841.24	3841.42	3841.48	3841.20	3841.36	3841.46	3841.24	3841.42	3841.54	3841.34	3841.34	

*******************************************2024/09/10;21:46:37
Probe number 54
Concentration entered by User 1.36% at Temperature 30.00
1465.48	1491.34	1509.58	1538.64	1563.90	1593.48	1624.00	1656.64	1690.38	1722.64	1766.74	1799.52	1841.88	1869.96	1934.44	1993.42	
2063.86	2132.88	2192.06	2265.38	2344.76	2434.34	2550.16	2668.94	2792.84	2928.56	3094.42	3263.84	3518.28	3782.82	3836.34	3841.04	
3841.34	3841.28	3841.20	3841.30	3841.44	3841.36	3841.30	3841.36	3841.26	3841.42	3841.24	3841.20	3841.24	3841.40	3841.26	3841.32	
3841.52	3841.24	3841.36	3841.34	3841.26	3841.28	3841.32	3841.28	3841.40	3841.46	3841.16	3841.26	3841.38	3841.28	3841.16	3841.38	
3841.18	3841.40	3841.36	3841.24	3841.24	3841.46	3841.26	3841.22	3841.34	3841.44	3841.26	3841.48	3841.48	3841.44	3841.28	3841.36	
3841.26	3841.36	3841.32	3841.18	3841.34	3841.52	3841.22	3841.38	3841.40	3841.30	3841.24	3841.34	3841.12	3841.14	3841.46	3841.40	
3841.24	3841.28	3841.12	3841.48	3841.36	3841.18	3841.28	3841.30	3841.24	3841.42	3841.30	3841.18	3841.26	3841.50	3841.22	3841.24	
3841.24	3841.28	3841.28	3841.42	3841.38	3841.42	3841.24	3841.46	3841.32	3841.20	3841.30	3841.20	3841.46	3841.52	3841.36	3841.22	

*******************************************2024/09/10;21:49:57
Probe number 55
Concentration entered by User 1.36% at Temperature 29.99
1464.42	1491.14	1509.36	1537.88	1563.48	1593.52	1623.34	1655.54	1688.72	1721.28	1765.04	1798.40	1842.12	1869.02	1933.48	1991.78	
2062.52	2132.34	2191.72	2263.20	2343.12	2435.10	2552.74	2668.10	2790.60	2928.86	3094.60	3270.06	3519.70	3780.94	3836.30	3841.04	
3841.24	3841.30	3841.24	3841.30	3841.40	3841.34	3841.22	3841.30	3841.26	3841.18	3841.28	3841.16	3841.22	3841.48	3841.28	3841.36	
3841.44	3841.20	3841.24	3841.38	3841.22	3841.32	3841.40	3841.46	3841.30	3841.44	3841.06	3841.42	3841.38	3841.14	3841.18	3841.24	
3841.30	3841.54	3841.28	3841.16	3841.32	3841.42	3841.18	3841.24	3841.34	3841.30	3841.30	3841.34	3841.46	3841.44	3841.32	3841.48	
3841.28	3841.40	3841.40	3841.22	3841.28	3841.62	3841.28	3841.30	3841.28	3841.26	3841.18	3841.22	3841.18	3841.26	3841.48	3841.36	
3841.24	3841.32	3841.16	3841.34	3841.20	3841.20	3841.30	3841.28	3841.26	3841.56	3841.32	3841.24	3841.28	3841.50	3841.38	3841.32	
3841.30	3841.48	3841.28	3841.32	3841.38	3841.38	3841.18	3841.46	3841.24	3841.20	3841.34	3841.30	3841.34	3841.62	3841.36	3841.26	

*******************************************2024/09/10;21:53:17
Probe number 56
Concentration entered by User 1.39% at Temperature 29.96
1463.84	1490.26	1508.32	1536.74	1561.98	1591.50	1621.28	1654.66	1688.32	1720.60	1763.80	1796.56	1839.96	1868.14	1931.00	1990.44	
2062.00	2129.40	2188.12	2262.00	2342.64	2432.18	2545.12	2667.04	2789.84	2927.26	3088.28	3257.78	3511.54	3778.82	3836.08	3841.06	
3841.32	3841.32	3841.26	3841.30	3841.38	3841.30	3841.30	3841.34	3841.22	3841.30	3841.24	3841.16	3841.34	3841.48	3841.26	3841.30	
3841.42	3841.32	3841.38	3841.38	3841.16	3841.18	3841.46	3841.40	3841.20	3841.34	3841.18	3841.48	3841.34	3841.18	3841.22	3841.30	
3841.32	3841.46	3841.20	3841.24	3841.24	3841.36	3841.28	3841.22	3841.32	3841.42	3841.24	3841.38	3841.46	3841.38	3841.36	3841.34	
3841.30	3841.36	3841.34	3841.26	3841.32	3841.60	3841.28	3841.38	3841.42	3841.26	3841.26	3841.38	3841.26	3841.14	3841.32	3841.38	
3841.22	3841.38	3841.18	3841.52	3841.40	3841.24	3841.32	3841.26	3841.36	3841.38	3841.34	3841.22	3841.28	3841.54	3841.32	3841.18	
3841.32	3841.42	3841.38	3841.38	3841.34	3841.24	3841.24	3841.48	3841.26	3841.30	3841.40	3841.22	3841.22	3841.52	3841.44	3841.36	

*******************************************2024/09/10;21:56:37
Probe number 57
Concentration entered by User 1.37% at Temperature 29.93
1465.82	1492.16	1509.80	1538.56	1563.68	1593.26	1624.04	1656.18	1689.62	1722.60	1765.76	1798.80	1841.68	1869.22	1932.92	1992.30	
2062.38	2131.44	2191.00	2264.46	2343.02	2433.84	2546.50	2668.28	2789.98	2927.84	3096.42	3264.50	3513.72	3780.96	3836.24	3841.04	
3841.36	3841.38	3841.32	3841.40	3841.60	3841.44	3841.46	3841.54	3841.24	3841.44	3841.56	3841.12	3841.44	3841.68	3841.46	3841.34	
3841.60	3841.26	3841.54	3841.48	3841.40	3841.24	3841.50	3841.58	3841.50	3841.60	3841.24	3841.52	3841.58	3841.32	3841.24	3841.46	
3841.48	3841.60	3841.42	3841.38	3841.38	3841.76	3841.40	3841.16	3841.36	3841.56	3841.24	3841.52	3841.70	3841.42	3841.40	3841.48	
3841.28	3841.50	3841.48	3841.28	3841.62	3841.68	3841.60	3841.40	3841.62	3841.36	3841.46	3841.46	3841.36	3841.28	3841.50	3841.66	
3841.40	3841.52	3841.26	3841.48	3841.52	3841.32	3841.26	3841.38	3841.50	3841.58	3841.48	3841.42	3841.36	3841.64	3841.38	3841.30	
3841.40	3841.44	3841.42	3841.50	3841.66	3841.42	3841.40	3841.54	3841.32	3841.38	3841.54	3841.40	3841.28	3841.60	3841.56	3841.46	

*******************************************2024/09/10;21:59:57
Probe number 58
Concentration entered by User 1.39% at Temperature 29.91
1464.16	1489.70	1507.94	1536.90	1561.34	1591.96	1621.68	1654.24	1687.88	1720.18	1762.98	1796.54	1839.92	1867.84	1932.14	1989.90	
2061.74	2129.96	2189.02	2261.24	2342.24	2431.40	2548.34	2666.64	2789.80	2924.36	3083.58	3256.96	3508.32	3779.22	3836.10	3841.06	
3841.32	3841.32	3841.24	3841.48	3841.52	3841.38	3841.32	3841.46	3841.20	3841.26	3841.38	3841.22	3841.30	3841.72	3841.38	3841.36	
3841.58	3841.24	3841.46	3841.52	3841.18	3841.26	3841.50	3841.66	3841.32	3841.52	3841.26	3841.46	3841.28	3841.26	3841.20	3841.40	
3841.32	3841.54	3841.42	3841.22	3841.44	3841.56	3841.18	3841.22	3841.42	3841.40	3841.28	3841.54	3841.60	3841.36	3841.30	3841.56	
3841.28	3841.38	3841.30	3841.16	3841.42	3841.60	3841.36	3841.38	3841.50	3841.28	3841.42	3841.34	3841.16	3841.24	3841.30	3841.48	
3841.22	3841.42	3841.24	3841.42	3841.36	3841.16	3841.28	3841.38	3841.36	3841.60	3841.36	3841.32	3841.30	3841.64	3841.30	3841.16	
3841.36	3841.28	3841.40	3841.52	3841.42	3841.44	3841.42	3841.56	3841.32	3841.38	3841.30	3841.22	3841.50	3841.48	3841.62	3841.40	

*******************************************2024/09/10;22:03:17
Probe number 59
Concentration entered by User 1.41% at Temperature 29.91
1463.24	1489.70	1507.40	1535.42	1560.50	1590.70	1621.30	1653.58	1686.22	1718.60	1762.02	1795.54	1838.54	1865.46	1929.94	1990.06	
2059.90	2128.44	2187.50	2260.00	2341.40	2429.80	2544.32	2663.56	2789.72	2922.64	3084.38	3252.70	3501.64	3778.28	3836.18	3841.26	
3841.58	3841.48	3841.40	3841.48	3841.54	3841.42	3841.42	3841.50	3841.40	3841.50	3841.34	3841.28	3841.48	3841.70	3841.38	3841.44	
3841.42	3841.42	3841.46	3841.56	3841.34	3841.36	3841.50	3841.52	3841.40	3841.46	3841.28	3841.54	3841.44	3841.32	3841.26	3841.40	
3841.36	3841.58	3841.48	3841.42	3841.30	3841.56	3841.36	3841.28	3841.42	3841.48	3841.32	3841.62	3841.56	3841.46	3841.44	3841.58	
3841.44	3841.48	3841.42	3841.30	3841.46	3841.68	3841.54	3841.40	3841.52	3841.38	3841.42	3841.58	3841.22	3841.36	3841.44	3841.50	
3841.44	3841.54	3841.38	3841.38	3841.40	3841.32	3841.36	3841.42	3841.36	3841.62	3841.40	3841.38	3841.32	3841.62	3841.38	3841.26	
3841.42	3841.50	3841.40	3841.56	3841.60	3841.36	3841.42	3841.66	3841.32	3841.34	3841.44	3841.40	3841.44	3841.62	3841.40	3841.44	

*******************************************2024/09/10;22:06:37
Probe number 60
Concentration entered by User 1.40% at Temperature 29.86
1463.22	1489.92	1508.04	1536.66	1561.68	1591.10	1620.80	1653.10	1686.08	1718.06	1761.98	1794.96	1837.70	1864.82	1930.10	1990.08	
2059.54	2128.96	2188.54	2258.84	2338.28	2428.02	2545.36	2666.16	2788.98	2920.76	3083.10	3258.00	3505.46	3779.44	3836.16	3841.22	
3841.52	3841.32	3841.36	3841.52	3841.44	3841.44	3841.42	3841.36	3841.22	3841.50	3841.34	3841.34	3841.60	3841.52	3841.32	3841.40	
3841.46	3841.32	3841.44	3841.40	3841.32	3841.42	3841.50	3841.52	3841.32	3841.36	3841.28	3841.58	3841.40	3841.18	3841.30	3841.48	
3841.20	3841.46	3841.44	3841.36	3841.40	3841.62	3841.36	3841.28	3841.48	3841.52	3841.24	3841.52	3841.64	3841.28	3841.50	3841.44	
3841.30	3841.44	3841.46	3841.30	3841.48	3841.50	3841.38	3841.40	3841.38	3841.38	3841.52	3841.24	3841.46	3841.42	3841.40	3841.48	
3841.44	3841.40	3841.32	3841.54	3841.50	3841.26	3841.38	3841.42	3841.28	3841.52	3841.56	3841.40	3841.34	3841.64	3841.44	3841.36	
3841.36	3841.50	3841.34	3841.64	3841.58	3841.38	3841.54	3841.38	3841.40	3841.44	3841.48	3841.38	3841.42	3841.58	3841.46	3841.50	

*******************************************2024/09/10;22:09:57
Probe number 61
Concentration entered by User 1.39% at Temperature 29.87
1464.78	1491.12	1508.98	1537.58	1562.58	1592.02	1622.78	1654.92	1688.40	1721.42	1763.78	1796.26	1839.00	1867.10	1931.34	1989.52	
2061.44	2130.46	2188.38	2260.46	2339.84	2428.52	2543.56	2665.78	2792.82	2924.70	3088.34	3256.22	3508.86	3779.56	3836.08	3841.08	
3841.46	3841.40	3841.42	3841.46	3841.56	3841.38	3841.50	3841.50	3841.44	3841.50	3841.48	3841.32	3841.44	3841.62	3841.38	3841.46	
3841.42	3841.40	3841.60	3841.44	3841.28	3841.36	3841.34	3841.70	3841.44	3841.52	3841.32	3841.60	3841.38	3841.46	3841.38	3841.48	
3841.38	3841.60	3841.58	3841.52	3841.46	3841.64	3841.40	3841.46	3841.56	3841.54	3841.38	3841.68	3841.64	3841.44	3841.52	3841.58	
3841.36	3841.50	3841.56	3841.36	3841.56	3841.58	3841.50	3841.48	3841.34	3841.50	3841.44	3841.38	3841.36	3841.32	3841.56	3841.54	
3841.58	3841.44	3841.40	3841.46	3841.54	3841.40	3841.42	3841.42	3841.44	3841.64	3841.52	3841.40	3841.42	3841.68	3841.50	3841.40	
3841.40	3841.44	3841.44	3841.68	3841.60	3841.42	3841.44	3841.58	3841.44	3841.50	3841.56	3841.36	3841.46	3841.66	3841.50	3841.32	

*******************************************2024/09/10;22:13:17
Probe number 62
Concentration entered by User 1.41% at Temperature 29.84
1463.36	1489.82	1507.10	1535.32	1560.50	1589.30	1619.36	1651.96	1685.70	1717.94	1760.82	1793.54	1835.18	1862.88	1926.72	1986.28	
2057.76	2126.28	2186.92	2260.52	2338.18	2426.34	2545.18	2659.42	2786.06	2920.40	3082.88	3251.20	3502.54	3775.62	3836.04	3841.12	
3841.54	3841.50	3841.44	3841.60	3841.50	3841.60	3841.36	3841.48	3841.34	3841.50	3841.54	3841.24	3841.52	3841.68	3841.56	3841.48	
3841.56	3841.40	3841.60	3841.52	3841.30	3841.42	3841.62	3841.66	3841.60	3841.60	3841.26	3841.58	3841.46	3841.38	3841.48	3841.46	
3841.38	3841.70	3841.52	3841.34	3841.54	3841.72	3841.50	3841.54	3841.52	3841.58	3841.60	3841.62	3841.60	3841.50	3841.56	3841.56	
3841.56	3841.60	3841.42	3841.44	3841.58	3841.68	3841.50	3841.36	3841.44	3841.38	3841.40	3841.54	3841.38	3841.36	3841.52	3841.66	
3841.50	3841.50	3841.40	3841.52	3841.50	3841.50	3841.40	3841.42	3841.50	3841.76	3841.64	3841.36	3841.50	3841.64	3841.50	3841.48	
3841.44	3841.52	3841.40	3841.62	3841.64	3841.52	3841.56	3841.66	3841.48	3841.48	3841.46	3841.52	3841.50	3841.62	3841.64	3841.54	

*******************************************2024/09/10;22:16:37
Probe number 63
Concentration entered by User 1.39% at Temperature 29.82
1461.98	1488.42	1505.76	1534.48	1558.80	1588.70	1618.70	1651.06	1684.90	1717.40	1760.16	1792.42	1834.42	1862.20	1925.38	1984.02	
2053.64	2123.08	2183.66	2256.36	2335.70	2422.16	2537.10	2656.72	2780.82	2914.40	3080.60	3253.74	3511.32	3777.30	3836.04	3841.10	
3841.58	3841.62	3841.34	3841.56	3841.62	3841.54	3841.54	3841.56	3841.24	3841.52	3841.48	3841.32	3841.52	3841.62	3841.50	3841.46	
3841.60	3841.36	3841.56	3841.58	3841.44	3841.50	3841.68	3841.68	3841.44	3841.62	3841.38	3841.62	3841.54	3841.44	3841.40	3841.60	
3841.40	3841.66	3841.50	3841.40	3841.38	3841.76	3841.38	3841.32	3841.60	3841.54	3841.50	3841.52	3841.82	3841.58	3841.66	3841.64	
3841.44	3841.64	3841.60	3841.34	3841.58	3841.78	3841.62	3841.48	3841.58	3841.44	3841.62	3841.48	3841.34	3841.48	3841.62	3841.66	
3841.58	3841.58	3841.30	3841.68	3841.66	3841.38	3841.46	3841.56	3841.56	3841.72	3841.56	3841.50	3841.38	3841.72	3841.46	3841.40	
3841.50	3841.54	3841.50	3841.64	3841.64	3841.52	3841.50	3841.60	3841.42	3841.42	3841.52	3841.44	3841.62	3841.78	3841.58	3841.46	

*******************************************2024/09/10;22:19:57
Probe number 64
Concentration entered by User 1.41% at Temperature 29.81
1462.50	1489.04	1507.10	1535.26	1560.30	1589.68	1619.72	1652.06	1685.36	1717.54	1760.84	1793.18	1835.48	1863.06	1926.84	1985.70	
2054.56	2124.70	2184.92	2257.14	2335.36	2423.66	2539.10	2659.78	2781.68	2919.32	3078.38	3248.30	3503.88	3776.44	3835.88	3841.04	
3841.50	3841.46	3841.40	3841.66	3841.66	3841.62	3841.50	3841.64	3841.44	3841.70	3841.52	3841.28	3841.62	3841.82	3841.50	3841.52	
3841.66	3841.62	3841.58	3841.54	3841.42	3841.42	3841.64	3841.70	3841.54	3841.66	3841.40	3841.72	3841.42	3841.44	3841.38	3841.66	
3841.60	3841.72	3841.68	3841.70	3841.46	3841.66	3841.40	3841.48	3841.66	3841.70	3841.44	3841.62	3841.72	3841.74	3841.60	3841.74	
3841.58	3841.38	3841.62	3841.46	3841.64	3841.74	3841.70	3841.40	3841.54	3841.50	3841.54	3841.54	3841.44	3841.42	3841.74	3841.70	
3841.58	3841.68	3841.54	3841.68	3841.58	3841.46	3841.54	3841.66	3841.66	3841.74	3841.68	3841.44	3841.58	3841.70	3841.48	3841.46	
3841.54	3841.64	3841.56	3841.74	3841.58	3841.64	3841.56	3841.58	3841.46	3841.58	3841.62	3841.48	3841.60	3841.78	3841.70	3841.52	

*******************************************2024/09/10;22:23:17
Probe number 65
Concentration entered by User 1.43% at Temperature 29.78
1461.58	1487.56	1505.94	1534.18	1559.22	1588.50	1617.76	1650.46	1683.34	1716.20	1759.40	1792.26	1834.30	1862.26	1925.54	1983.60	
2052.76	2121.86	2181.86	2254.52	2332.82	2420.62	2536.28	2658.16	2784.18	2916.10	3073.38	3243.82	3502.78	3773.98	3835.76	3841.08	
3841.46	3841.68	3841.46	3841.54	3841.78	3841.50	3841.40	3841.66	3841.20	3841.44	3841.62	3841.34	3841.54	3841.80	3841.48	3841.46	
3841.58	3841.38	3841.38	3841.64	3841.36	3841.38	3841.70	3841.70	3841.50	3841.68	3841.26	3841.58	3841.60	3841.56	3841.32	3841.54	
3841.58	3841.62	3841.54	3841.38	3841.42	3841.74	3841.46	3841.58	3841.50	3841.60	3841.40	3841.52	3841.70	3841.50	3841.40	3841.70	
3841.40	3841.48	3841.58	3841.56	3841.56	3841.76	3841.68	3841.52	3841.58	3841.60	3841.50	3841.54	3841.48	3841.38	3841.52	3841.60	
3841.42	3841.56	3841.46	3841.54	3841.56	3841.36	3841.48	3841.48	3841.64	3841.64	3841.56	3841.42	3841.38	3841.78	3841.52	3841.48	
3841.56	3841.70	3841.44	3841.54	3841.68	3841.48	3841.40	3841.66	3841.42	3841.52	3841.60	3841.52	3841.44	3841.66	3841.66	3841.42	

*******************************************2024/09/10;22:26:37
Probe number 66
Concentration entered by User 1.43% at Temperature 29.78
1461.28	1487.06	1504.74	1533.54	1559.40	1588.16	1617.48	1650.76	1683.80	1716.08	1759.14	1791.26	1833.08	1860.62	1924.14	1982.10	
2052.52	2120.76	2179.90	2252.20	2328.94	2419.92	2538.30	2656.24	2779.36	2910.82	3071.38	3245.88	3500.56	3772.82	3835.94	3841.06	
3841.56	3841.78	3841.54	3841.82	3841.46	3841.28	3841.52	3841.80	3841.48	3841.24	3841.50	3841.78	3841.62	3841.74	3841.58	3841.18	
3841.62	3841.86	3841.56	3841.36	3841.64	3841.80	3841.56	3841.92	3841.56	3841.40	3841.62	3841.88	3841.58	3841.38	3841.52	3841.82	
3841.60	3841.82	3841.54	3841.42	3841.60	3841.90	3841.50	3841.36	3841.64	3841.86	3841.54	3841.74	3841.62	3841.36	3841.52	3841.66	
3841.60	3841.42	3841.56	3841.88	3841.58	3841.92	3841.70	3841.32	3841.46	3841.88	3841.58	3841.28	3841.60	3841.86	3841.48	3841.86	
3841.54	3841.30	3841.54	3841.78	3841.56	3841.30	3841.52	3841.80	3841.54	3841.88	3841.58	3841.36	3841.64	3841.86	3841.64	3841.28	
3841.60	3841.86	3841.52	3841.88	3841.56	3841.24	3841.50	3841.82	3841.78	3841.30	3841.60	3841.88	3841.70	3841.82	3841.62	3841.20	

*******************************************2024/09/10;22:29:57
Probe number 67
Concentration entered by User 1.44% at Temperature 29.73
1463.52	1489.28	1506.94	1535.30	1560.68	1589.78	1619.76	1652.20	1685.00	1717.32	1760.58	1792.56	1835.02	1862.20	1926.36	1984.92	
2054.64	2123.70	2181.30	2255.14	2334.84	2421.94	2536.50	2656.50	2780.82	2917.14	3074.50	3241.92	3493.80	3777.44	3835.92	3841.22	
3841.64	3841.92	3841.72	3841.88	3841.54	3841.28	3841.54	3841.78	3841.42	3841.22	3841.62	3841.82	3841.56	3841.80	3841.54	3841.40	
3841.60	3841.96	3841.62	3841.38	3841.64	3841.84	3841.78	3841.88	3841.66	3841.38	3841.46	3841.80	3841.64	3841.34	3841.46	3841.82	
3841.64	3841.90	3841.60	3841.40	3841.66	3841.90	3841.40	3841.22	3841.64	3841.88	3841.70	3841.88	3841.68	3841.32	3841.52	3841.90	
3841.58	3841.36	3841.64	3841.92	3841.68	3841.84	3841.64	3841.28	3841.60	3841.90	3841.70	3841.34	3841.52	3841.90	3841.66	3841.86	
3841.58	3841.34	3841.52	3841.90	3841.54	3841.32	3841.66	3841.84	3841.70	3841.88	3841.64	3841.38	3841.56	3841.92	3841.66	3841.20	
3841.66	3841.82	3841.62	3841.94	3841.54	3841.34	3841.58	3841.88	3841.68	3841.30	3841.60	3841.92	3841.72	3841.82	3841.64	3841.24	

*******************************************2024/09/10;22:33:17
Probe number 68
Concentration entered by User 1.45% at Temperature 29.72
1462.30	1488.28	1506.16	1534.86	1559.68	1588.64	1618.72	1650.62	1683.32	1716.18	1759.48	1792.12	1835.30	1861.70	1926.02	1984.00	
2053.82	2123.12	2182.90	2253.94	2332.86	2421.42	2535.60	2654.68	2779.68	2915.36	3074.52	3245.84	3490.50	3771.48	3835.96	3841.04	
3841.60	3841.80	3841.64	3841.76	3841.40	3841.12	3841.54	3841.74	3841.48	3841.26	3841.44	3841.82	3841.52	3841.76	3841.50	3841.14	
3841.62	3841.84	3841.56	3841.30	3841.70	3841.90	3841.68	3841.72	3841.42	3841.40	3841.52	3841.70	3841.52	3841.30	3841.62	3841.82	
3841.68	3841.82	3841.32	3841.38	3841.52	3841.76	3841.46	3841.20	3841.38	3841.82	3841.54	3841.90	3841.62	3841.26	3841.54	3841.76	
3841.42	3841.42	3841.56	3841.82	3841.76	3841.76	3841.52	3841.16	3841.68	3841.80	3841.38	3841.20	3841.44	3841.66	3841.66	3841.74	
3841.54	3841.26	3841.58	3841.80	3841.42	3841.20	3841.54	3841.80	3841.70	3841.78	3841.42	3841.24	3841.66	3841.78	3841.60	3841.36	
3841.66	3841.80	3841.60	3841.84	3841.42	3841.32	3841.56	3841.72	3841.52	3841.30	3841.58	3841.80	3841.66	3841.78	3841.38	3841.20	

*******************************************2024/09/10;22:36:37
Probe number 69
Concentration entered by User 1.44% at Temperature 29.69
1461.14	1487.00	1504.28	1532.98	1557.92	1587.26	1616.98	1649.06	1681.96	1715.00	1757.82	1789.96	1832.02	1859.30	1922.62	1981.54	
2051.42	2120.26	2178.36	2249.70	2330.14	2417.50	2532.40	2650.50	2776.10	2906.42	3072.66	3240.04	3494.80	3771.60	3835.86	3841.20	
3841.60	3841.80	3841.68	3841.80	3841.52	3841.32	3841.74	3841.78	3841.60	3841.44	3841.62	3841.84	3841.72	3841.80	3841.62	3841.30	
3841.72	3841.88	3841.76	3841.50	3841.68	3841.84	3841.64	3841.84	3841.66	3841.42	3841.72	3841.90	3841.60	3841.30	3841.58	3841.94	
3841.68	3841.90	3841.56	3841.42	3841.68	3841.80	3841.66	3841.44	3841.62	3841.92	3841.70	3841.90	3841.74	3841.32	3841.62	3841.88	
3841.68	3841.46	3841.66	3841.86	3841.74	3841.72	3841.60	3841.28	3841.60	3841.84	3841.50	3841.24	3841.70	3841.90	3841.70	3841.78	
3841.72	3841.28	3841.64	3841.88	3841.66	3841.24	3841.68	3841.84	3841.58	3841.78	3841.64	3841.46	3841.70	3841.88	3841.70	3841.32	
3841.64	3841.84	3841.80	3841.90	3841.82	3841.40	3841.54	3841.84	3841.68	3841.40	3841.54	3841.82	3841.66	3841.86	3841.74	3841.30	

*******************************************2024/09/10;22:39:57
Probe number 70
Concentration entered by User 1.45% at Temperature 29.68
1462.22	1488.02	1505.96	1533.60	1558.86	1587.94	1618.06	1650.66	1683.50	1715.60	1758.42	1791.04	1833.06	1860.80	1924.68	1981.04	
2052.22	2120.20	2180.38	2251.78	2329.34	2418.90	2536.04	2651.86	2772.66	2908.20	3068.22	3236.50	3493.20	3770.14	3836.06	3841.20	
3841.68	3841.96	3841.72	3841.92	3841.70	3841.36	3841.74	3841.92	3841.82	3841.46	3841.72	3841.94	3841.70	3841.84	3841.68	3841.46	
3841.78	3841.88	3841.84	3841.48	3841.70	3841.92	3841.74	3841.94	3841.74	3841.48	3841.70	3841.90	3841.80	3841.56	3841.78	3841.84	
3841.84	3841.92	3841.76	3841.52	3841.72	3841.98	3841.84	3841.46	3841.80	3842.00	3841.76	3841.96	3841.86	3841.40	3841.74	3841.96	
3841.74	3841.48	3841.76	3841.90	3841.80	3841.94	3841.74	3841.42	3841.66	3841.94	3841.70	3841.56	3841.78	3841.94	3841.88	3841.96	
3841.80	3841.54	3841.76	3841.94	3841.68	3841.64	3841.76	3841.92	3841.80	3841.98	3841.72	3841.36	3841.86	3841.96	3841.80	3841.76	
3841.84	3841.94	3841.86	3841.92	3841.74	3841.52	3841.76	3841.86	3841.82	3841.52	3841.70	3841.90	3841.72	3841.92	3841.78	3841.50	

*******************************************2024/09/10;22:43:17
Probe number 71
Concentration entered by User 1.44% at Temperature 29.65
1463.60	1489.68	1507.58	1535.62	1560.70	1589.92	1620.14	1651.90	1685.30	1717.20	1759.94	1792.96	1835.24	1862.06	1925.86	1983.46	
2053.86	2123.22	2181.94	2253.92	2332.16	2419.14	2535.30	2653.68	2777.72	2913.72	3073.36	3240.66	3496.74	3772.04	3835.92	3841.20	
3841.66	3841.76	3841.68	3841.76	3841.82	3841.68	3841.62	3841.78	3841.60	3841.64	3841.64	3841.72	3841.66	3841.92	3841.70	3841.60	
3841.74	3841.66	3841.84	3841.68	3841.76	3841.82	3841.86	3841.82	3841.64	3841.62	3841.52	3841.84	3841.76	3841.66	3841.64	3841.80	
3841.72	3841.92	3841.80	3841.62	3841.70	3841.76	3841.64	3841.66	3841.68	3841.76	3841.70	3841.84	3841.80	3841.74	3841.64	3841.76	
3841.62	3841.70	3841.68	3841.72	3841.76	3841.82	3841.76	3841.54	3841.76	3841.78	3841.74	3841.72	3841.64	3841.76	3841.72	3841.78	
3841.68	3841.52	3841.60	3841.76	3841.72	3841.64	3841.64	3841.84	3841.76	3841.88	3841.72	3841.56	3841.64	3841.86	3841.80	3841.60	
3841.68	3841.62	3841.76	3841.88	3841.80	3841.64	3841.68	3841.78	3841.70	3841.60	3841.64	3841.78	3841.66	3841.88	3841.62	3841.56	

*******************************************2024/09/10;22:46:37
Probe number 72
Concentration entered by User 1.44% at Temperature 29.63
1461.88	1487.84	1505.42	1534.26	1558.64	1588.40	1617.74	1650.36	1683.02	1714.94	1757.96	1790.60	1833.14	1860.28	1924.22	1982.06	
2052.60	2121.24	2180.20	2250.88	2329.20	2417.50	2529.80	2647.32	2771.32	2909.26	3064.32	3242.98	3498.58	3770.90	3835.86	3841.26	
3841.74	3841.78	3841.64	3841.86	3841.82	3841.78	3841.70	3841.70	3841.54	3841.86	3841.64	3841.62	3841.66	3841.82	3841.72	3841.74	
3841.64	3841.50	3841.68	3841.82	3841.64	3841.66	3841.86	3841.76	3841.76	3841.74	3841.56	3841.86	3841.80	3841.56	3841.72	3841.76	
3841.74	3841.80	3841.74	3841.58	3841.74	3841.82	3841.66	3841.60	3841.88	3841.78	3841.74	3841.78	3841.84	3841.80	3841.68	3841.62	
3841.74	3841.74	3841.74	3841.68	3841.76	3841.92	3841.70	3841.70	3841.70	3841.62	3841.70	3841.76	3841.60	3841.58	3841.82	3841.80	
3841.76	3841.68	3841.64	3841.82	3841.70	3841.62	3841.64	3841.68	3841.70	3841.86	3841.82	3841.68	3841.70	3841.84	3841.68	3841.74	
3841.80	3841.66	3841.64	3841.88	3841.80	3841.62	3841.68	3841.76	3841.68	3841.76	3841.68	3841.66	3841.66	3841.88	3841.72	3841.68	

*******************************************2024/09/10;22:49:57
Probe number 73
Concentration entered by User 1.45% at Temperature 29.63
1462.50	1488.44	1506.22	1534.30	1559.36	1588.10	1618.48	1650.26	1683.12	1715.76	1757.94	1790.70	1833.24	1860.90	1924.08	1981.72	
2051.30	2120.46	2178.14	2250.54	2329.26	2417.24	2530.80	2650.00	2775.70	2905.20	3067.74	3237.44	3492.28	3769.78	3835.96	3841.38	
3841.84	3841.68	3841.74	3841.86	3841.90	3841.76	3841.80	3841.74	3841.72	3841.70	3841.64	3841.50	3841.86	3841.90	3841.88	3841.68	
3841.78	3841.78	3841.86	3841.86	3841.78	3841.88	3841.82	3841.94	3841.68	3841.82	3841.62	3841.82	3841.70	3841.56	3841.78	3841.80	
3841.80	3841.84	3841.86	3841.74	3841.74	3841.86	3841.70	3841.74	3841.86	3841.72	3841.80	3841.96	3841.96	3841.86	3841.82	3841.84	
3841.66	3841.90	3841.80	3841.68	3841.80	3841.92	3841.80	3841.74	3841.78	3841.74	3841.70	3841.84	3841.58	3841.78	3841.78	3841.86	
3841.82	3841.76	3841.72	3841.86	3841.72	3841.80	3841.66	3841.74	3841.70	3841.92	3841.84	3841.76	3841.82	3841.86	3841.80	3841.60	
3841.78	3841.82	3841.74	3841.90	3841.90	3841.76	3841.74	3841.82	3841.76	3841.76	3841.74	3841.62	3841.86	3841.90	3841.88	3841.70	

*******************************************2024/09/10;22:53:17
Probe number 74
Concentration entered by User 1.47% at Temperature 29.60
1461.96	1487.86	1505.30	1533.72	1558.64	1587.94	1617.66	1650.34	1683.14	1714.78	1757.44	1791.36	1832.72	1859.46	1922.78	1981.96	
2053.02	2121.20	2178.16	2252.14	2330.66	2417.24	2529.66	2646.50	2772.62	2906.40	3069.54	3234.10	3484.32	3767.02	3835.76	3841.32	
3841.72	3841.78	3841.80	3841.80	3841.86	3841.80	3841.70	3841.64	3841.74	3841.82	3841.74	3841.58	3841.74	3841.84	3841.72	3841.68	
3841.70	3841.64	3841.80	3841.80	3841.72	3841.80	3841.86	3841.90	3841.80	3841.64	3841.62	3841.70	3841.88	3841.72	3841.60	3841.76	
3841.74	3841.74	3841.90	3841.72	3841.70	3841.82	3841.70	3841.70	3841.94	3841.82	3841.70	3841.84	3841.86	3841.80	3841.74	3841.84	
3841.72	3841.84	3841.80	3841.78	3841.86	3841.94	3841.82	3841.64	3841.76	3841.76	3841.66	3841.82	3841.68	3841.74	3841.78	3841.84	
3841.76	3841.68	3841.68	3841.78	3841.66	3841.78	3841.74	3841.70	3841.74	3841.86	3841.86	3841.78	3841.76	3841.68	3841.68	3841.76	
3841.82	3841.72	3841.74	3841.86	3841.78	3841.80	3841.66	3841.74	3841.68	3841.80	3841.76	3841.70	3841.76	3841.90	3841.72	3841.64	

*******************************************2024/09/10;22:56:37
Probe number 75
Concentration entered by User 1.47% at Temperature 29.58
1462.92	1488.72	1506.26	1534.84	1559.84	1589.22	1618.58	1650.62	1683.54	1715.98	1759.08	1791.54	1833.32	1860.36	1924.34	1982.10	
2053.08	2122.94	2179.82	2251.42	2330.18	2417.02	2531.70	2650.22	2773.02	2905.98	3069.92	3230.50	3486.04	3767.02	3835.92	3841.36	
3841.72	3841.68	3841.72	3841.84	3841.86	3841.72	3841.80	3841.76	3841.68	3841.76	3841.72	3841.66	3841.86	3841.82	3841.86	3841.66	
3841.76	3841.72	3841.88	3841.90	3841.80	3841.74	3841.80	3841.90	3841.84	3841.84	3841.62	3841.88	3841.78	3841.76	3841.80	3841.80	
3841.82	3841.92	3841.74	3841.72	3841.72	3841.84	3841.70	3841.68	3841.70	3841.80	3841.76	3841.96	3841.88	3841.84	3841.66	3841.92	
3841.76	3841.74	3841.86	3841.76	3841.74	3841.98	3841.78	3841.72	3841.74	3841.78	3841.80	3841.88	3841.58	3841.62	3841.80	3841.86	
3841.84	3841.70	3841.64	3841.90	3841.74	3841.76	3841.68	3841.78	3841.74	3841.92	3841.84	3841.74	3841.78	3841.84	3841.76	3841.76	
3841.74	3841.84	3841.76	3841.80	3841.82	3841.82	3841.72	3841.78	3841.78	3841.78	3841.78	3841.72	3841.78	3841.94	3841.84	3841.74	

*******************************************2024/09/10;22:59:57
Probe number 76
Concentration entered by User 1.48% at Temperature 29.56
1460.60	1486.74	1504.34	1532.40	1557.08	1586.40	1615.94	1648.46	1681.52	1713.34	1756.10	1788.52	1830.28	1856.58	1920.50	1978.94	
2048.92	2117.38	2176.88	2247.72	2327.60	2412.88	2527.12	2646.48	2770.24	2906.06	3064.66	3232.04	3482.78	3765.42	3835.60	3841.26	
3841.90	3841.82	3841.82	3841.80	3841.82	3841.78	3841.68	3841.68	3841.66	3841.80	3841.80	3841.72	3841.84	3841.92	3841.74	3841.76	
3841.70	3841.74	3841.84	3841.78	3841.80	3841.76	3841.94	3841.90	3841.78	3841.78	3841.74	3841.82	3841.80	3841.66	3841.78	3841.78	
3841.76	3841.86	3841.90	3841.78	3841.80	3841.80	3841.72	3841.80	3841.70	3841.76	3841.68	3841.82	3841.90	3841.76	3841.72	3841.80	
3841.64	3841.84	3841.78	3841.66	3841.80	3841.90	3841.80	3841.70	3841.68	3841.76	3841.70	3841.88	3841.74	3841.62	3841.92	3841.92	
3841.86	3841.70	3841.72	3841.88	3841.76	3841.84	3841.68	3841.80	3841.68	3841.90	3841.88	3841.80	3841.60	3841.88	3841.76	3841.74	
3841.78	3841.78	3841.90	3841.88	3841.90	3841.74	3841.72	3841.82	3841.60	3841.74	3841.78	3841.86	3841.86	3841.94	3841.88	3841.70	

*******************************************2024/09/10;23:03:17
Probe number 77
Concentration entered by User 1.49% at Temperature 29.54
1462.22	1488.24	1505.82	1534.30	1559.20	1588.40	1617.84	1650.14	1682.78	1715.42	1757.76	1789.98	1832.58	1859.68	1922.44	1982.20	
2052.82	2120.14	2176.94	2248.42	2326.82	2414.52	2526.74	2645.50	2770.26	2906.16	3065.40	3232.12	3478.44	3766.12	3835.92	3841.30	
3841.88	3841.80	3841.84	3841.90	3841.92	3841.90	3841.78	3841.82	3841.84	3841.88	3841.86	3841.64	3841.94	3841.98	3841.92	3841.74	
3841.70	3841.72	3841.96	3841.84	3841.84	3841.80	3841.90	3841.94	3841.86	3841.84	3841.72	3841.88	3841.84	3841.74	3841.74	3841.90	
3841.68	3841.96	3841.92	3841.78	3841.80	3841.90	3841.70	3841.74	3841.88	3841.86	3841.82	3842.00	3841.84	3841.82	3841.82	3841.82	
3841.82	3841.90	3841.88	3841.76	3841.80	3841.98	3841.88	3841.74	3841.82	3841.76	3841.82	3841.88	3841.64	3841.66	3841.84	3841.92	
3841.82	3841.72	3841.82	3841.84	3841.64	3841.78	3841.84	3841.78	3841.80	3841.90	3841.84	3841.80	3841.96	3841.90	3841.74	3841.82	
3841.84	3841.84	3841.70	3841.96	3841.82	3841.86	3841.88	3841.80	3841.78	3841.86	3841.72	3841.70	3841.92	3841.96	3841.90	3841.82	

*******************************************2024/09/10;23:06:37
Probe number 78
Concentration entered by User 1.47% at Temperature 29.51
1461.04	1487.40	1504.84	1532.86	1558.34	1587.36	1616.66	1648.86	1682.04	1714.36	1756.62	1789.26	1830.46	1856.62	1920.44	1978.74	
2048.50	2116.94	2176.02	2248.98	2328.18	2414.46	2527.76	2642.72	2766.66	2900.84	3062.76	3230.12	3490.46	3763.28	3835.74	3841.22	
3841.80	3841.76	3841.76	3841.78	3841.82	3841.88	3841.68	3841.76	3841.66	3841.84	3841.74	3841.76	3841.86	3841.96	3841.80	3841.68	
3841.80	3841.82	3841.82	3841.80	3841.76	3841.80	3841.84	3841.88	3841.90	3841.88	3841.58	3841.88	3841.78	3841.72	3841.74	3841.90	
3841.72	3841.92	3841.90	3841.76	3841.82	3841.86	3841.74	3841.84	3841.82	3841.88	3841.80	3841.94	3841.92	3841.88	3841.68	3841.80	
3841.82	3841.78	3841.72	3841.74	3841.80	3841.90	3841.86	3841.68	3841.84	3841.88	3841.78	3841.74	3841.82	3841.82	3841.88	3841.82	
3841.88	3841.88	3841.68	3841.88	3841.82	3841.72	3841.84	3841.90	3841.86	3841.98	3841.86	3841.74	3841.78	3841.84	3841.64	3841.76	
3841.90	3841.90	3841.82	3841.86	3841.82	3841.86	3841.72	3841.78	3841.80	3841.86	3841.76	3841.78	3841.84	3841.94	3841.82	3841.74	

*******************************************2024/09/10;23:09:57
Probe number 79
Concentration entered by User 1.51% at Temperature 29.50
1460.42	1486.14	1504.06	1532.22	1557.28	1585.90	1615.08	1647.42	1680.44	1713.46	1755.60	1788.26	1829.84	1857.10	1920.38	1977.18	
2048.70	2115.76	2173.02	2243.98	2324.74	2411.06	2524.44	2643.94	2768.14	2897.68	3062.38	3224.18	3472.22	3761.72	3835.52	3841.30	
3841.82	3841.72	3841.70	3841.86	3841.86	3841.80	3841.72	3841.86	3841.66	3841.86	3841.80	3841.78	3841.88	3841.92	3841.82	3841.78	
3841.80	3841.78	3841.80	3841.90	3841.78	3841.76	3841.70	3841.92	3841.86	3841.80	3841.70	3841.82	3841.72	3841.84	3841.70	3841.74	
3841.82	3841.90	3841.84	3841.70	3841.70	3841.84	3841.80	3841.74	3841.84	3841.84	3841.78	3841.86	3841.86	3841.80	3841.68	3841.82	
3841.80	3841.70	3841.82	3841.74	3841.94	3841.94	3841.82	3841.80	3841.70	3841.72	3841.72	3841.70	3841.72	3841.74	3841.76	3841.96	
3841.82	3841.76	3841.70	3841.82	3841.78	3841.78	3841.74	3841.88	3841.74	3841.90	3841.90	3841.84	3841.82	3841.92	3841.84	3841.78	
3841.80	3841.84	3841.78	3841.94	3841.90	3841.70	3841.80	3841.76	3841.76	3841.80	3841.82	3841.84	3841.76	3841.90	3841.84	3841.90	

*******************************************2024/09/10;23:13:17
Probe number 80
Concentration entered by User 1.50% at Temperature 29.48
1460.94	1486.58	1504.10	1531.84	1557.34	1585.70	1615.00	1648.56	1681.46	1713.18	1755.52	1787.62	1828.74	1856.18	1919.74	1978.34	
2048.80	2116.96	2174.76	2245.00	2324.24	2412.42	2525.24	2642.98	2760.16	2896.54	3059.90	3229.52	3472.82	3763.18	3835.52	3841.30	
3841.94	3841.96	3841.82	3841.96	3841.86	3841.90	3841.90	3841.90	3841.82	3841.90	3841.88	3841.78	3841.90	3841.96	3841.86	3841.94	
3841.82	3841.78	3841.90	3842.00	3841.86	3841.92	3841.96	3841.98	3841.90	3841.92	3841.86	3841.92	3841.86	3841.92	3841.86	3841.96	
3841.88	3841.96	3841.92	3841.90	3841.90	3841.90	3841.84	3841.84	3842.00	3841.94	3841.92	3841.98	3841.94	3841.92	3841.92	3841.88	
3841.88	3841.96	3841.88	3841.86	3841.92	3841.98	3841.96	3841.84	3841.84	3841.88	3841.92	3841.92	3841.76	3841.90	3841.94	3841.94	
3841.84	3841.90	3841.82	3841.96	3841.94	3841.90	3841.96	3841.94	3841.88	3841.98	3841.94	3841.88	3841.82	3841.98	3841.86	3841.90	
3841.90	3841.96	3841.86	3841.96	3841.98	3841.94	3841.90	3841.94	3841.92	3841.86	3841.96	3841.96	3841.90	3841.90	3841.96	3841.84	

*******************************************2024/09/10;23:16:37
Probe number 81
Concentration entered by User 1.52% at Temperature 29.47
1461.56	1487.62	1504.98	1532.88	1557.38	1586.52	1616.70	1649.48	1682.16	1713.58	1755.52	1788.08	1829.12	1855.92	1919.80	1978.80	
2049.36	2117.56	2174.70	2247.06	2323.30	2411.04	2523.54	2639.68	2766.24	2900.72	3053.58	3224.88	3468.62	3762.10	3835.58	3841.34	
3841.92	3841.78	3841.90	3841.92	3841.92	3841.92	3841.80	3841.82	3841.74	3841.84	3841.78	3841.82	3841.88	3841.98	3841.90	3841.84	
3841.86	3841.80	3841.88	3841.92	3841.68	3841.80	3841.88	3841.96	3841.82	3841.86	3841.78	3841.88	3841.82	3841.84	3841.86	3841.94	
3841.78	3841.92	3841.96	3841.82	3841.82	3841.86	3841.80	3841.84	3841.90	3841.80	3841.86	3841.94	3841.98	3841.96	3841.88	3841.94	
3841.84	3841.88	3841.90	3841.74	3841.86	3841.98	3841.90	3841.84	3841.88	3841.82	3841.90	3841.90	3841.74	3841.78	3841.88	3841.88	
3841.88	3841.84	3841.84	3841.82	3841.88	3841.82	3841.84	3841.84	3841.88	3841.96	3841.96	3841.82	3841.86	3841.88	3841.78	3841.78	
3841.94	3841.86	3841.92	3841.98	3841.98	3841.90	3841.90	3841.92	3841.76	3841.86	3841.80	3841.84	3841.88	3842.00	3841.96	3841.78	

*******************************************2024/09/10;23:19:57
Probe number 82
Concentration entered by User 1.50% at Temperature 29.44
1462.14	1488.02	1505.48	1533.92	1558.64	1587.04	1616.92	1649.12	1681.98	1714.34	1756.88	1789.44	1830.84	1857.90	1921.56	1979.12	
2050.00	2117.38	2175.62	2246.96	2324.44	2411.36	2523.44	2643.28	2765.34	2901.24	3058.68	3224.22	3480.20	3762.28	3835.48	3841.40	
3841.96	3841.86	3841.92	3841.88	3841.86	3841.88	3841.86	3841.86	3841.86	3841.88	3841.80	3841.80	3841.86	3841.90	3841.88	3841.88	
3841.82	3841.86	3841.96	3841.94	3841.90	3841.94	3841.90	3841.96	3841.94	3841.94	3841.82	3841.96	3841.90	3841.86	3841.82	3841.88	
3841.82	3841.98	3841.98	3841.94	3841.90	3841.94	3841.92	3841.84	3841.94	3841.92	3841.88	3842.00	3841.94	3841.98	3841.86	3841.92	
3841.90	3841.88	3841.88	3841.86	3841.88	3842.00	3841.90	3841.78	3841.92	3841.88	3841.82	3841.86	3841.92	3841.86	3841.90	3841.92	
3841.84	3841.82	3841.88	3841.92	3841.88	3841.84	3841.90	3841.92	3841.84	3841.94	3841.90	3841.88	3841.90	3841.94	3841.84	3841.78	
3841.86	3841.86	3841.90	3841.92	3841.96	3841.86	3841.84	3841.92	3841.82	3841.94	3841.88	3841.90	3841.88	3841.96	3841.94	3841.86	

*******************************************2024/09/10;23:23:17
Probe number 83
Concentration entered by User 1.52% at Temperature 29.43
1460.22	1485.78	1503.82	1532.22	1557.00	1585.42	1614.64	1646.98	1679.92	1711.68	1754.02	1787.00	1828.54	1854.88	1918.04	1976.28	
2047.26	2115.62	2174.04	2243.90	2322.00	2410.12	2524.20	2638.86	2758.90	2895.06	3055.64	3221.10	3471.16	3760.62	3835.58	3841.32	
3841.80	3841.86	3841.70	3841.76	3841.86	3841.82	3841.80	3841.82	3841.64	3841.82	3841.80	3841.76	3841.86	3841.94	3841.94	3841.76	
3841.88	3841.80	3841.88	3841.88	3841.88	3841.84	3841.90	3841.92	3841.92	3841.94	3841.88	3841.94	3841.90	3841.88	3841.78	3841.86	
3841.84	3841.94	3841.92	3841.88	3841.82	3841.88	3841.88	3841.82	3841.84	3841.90	3841.76	3841.96	3841.92	3841.82	3841.86	3841.92	
3841.86	3841.88	3841.90	3841.80	3841.94	3842.00	3841.88	3841.88	3841.78	3841.80	3841.88	3841.80	3841.82	3841.80	3841.84	3841.82	
3841.98	3841.86	3841.82	3841.88	3841.92	3841.80	3841.86	3841.90	3841.92	3841.96	3841.96	3841.82	3841.80	3841.86	3841.88	3841.90	
3841.86	3841.80	3841.80	3841.94	3841.94	3841.84	3841.86	3841.94	3841.86	3841.82	3841.94	3841.86	3841.84	3841.94	3841.96	3841.78	

*******************************************2024/09/10;23:26:37
Probe number 84
Concentration entered by User 1.52% at Temperature 29.41
1459.36	1485.36	1503.06	1530.58	1555.26	1584.38	1613.42	1645.60	1679.08	1710.86	1752.52	1785.00	1826.38	1853.42	1916.90	1975.02	
2044.78	2112.02	2172.46	2242.38	2319.72	2409.12	2519.84	2634.80	2756.50	2895.40	3051.12	3215.78	3471.52	3759.26	3835.46	3841.42	
3841.98	3841.90	3841.92	3842.00	3841.98	3841.96	3841.92	3841.92	3841.90	3841.96	3841.90	3841.86	3842.00	3841.98	3841.96	3841.80	
3841.92	3841.92	3841.96	3841.88	3841.90	3841.94	3841.96	3842.00	3841.92	3841.88	3841.84	3841.98	3841.88	3841.86	3841.88	3841.96	
3841.94	3841.98	3841.94	3841.90	3841.94	3841.92	3841.94	3841.94	3841.98	3841.92	3841.94	3842.00	3841.98	3841.98	3841.92	3841.88	
3841.90	3841.96	3841.88	3841.88	3841.98	3842.00	3841.96	3841.88	3841.94	3841.84	3841.94	3841.92	3841.94	3841.90	3841.94	3841.98	
3841.94	3841.96	3841.92	3841.92	3841.94	3841.92	3841.92	3842.00	3841.94	3841.96	3842.00	3841.90	3841.94	3841.92	3841.98	3841.92	
3841.94	3841.94	3841.90	3841.92	3841.98	3841.90	3841.94	3841.96	3841.92	3841.98	3841.98	3841.90	3841.94	3842.00	3841.92	3841.82	

*******************************************2024/09/10;23:29:57
Probe number 85
Concentration entered by User 1.52% at Temperature 29.38
1459.62	1484.94	1502.68	1530.50	1555.02	1584.18	1614.00	1645.94	1678.56	1711.24	1752.84	1785.00	1826.34	1852.68	1916.48	1974.86	
2044.18	2114.50	2171.84	2241.06	2318.36	2405.08	2516.22	2635.62	2760.20	2891.42	3050.06	3216.86	3471.06	3761.46	3835.36	3841.38	
3841.92	3841.98	3842.00	3841.94	3841.92	3841.78	3841.98	3841.94	3841.98	3841.78	3841.90	3841.96	3841.94	3842.00	3841.92	3841.78	
3841.96	3842.00	3841.98	3841.86	3841.92	3841.96	3841.98	3841.98	3841.90	3841.86	3841.92	3842.00	3841.98	3841.84	3841.98	3841.98	
3841.88	3841.98	3842.00	3841.78	3841.88	3841.98	3841.96	3841.78	3841.98	3841.98	3841.98	3841.96	3841.98	3841.88	3841.96	3842.00	
3841.92	3841.94	3841.94	3842.00	3841.96	3841.98	3841.98	3841.78	3841.92	3842.00	3841.92	3841.84	3841.94	3841.98	3841.96	3842.00	
3841.94	3841.74	3841.98	3841.96	3841.96	3841.80	3841.92	3841.98	3841.90	3842.00	3841.98	3841.86	3841.92	3841.98	3841.98	3841.80	
3841.86	3841.96	3841.98	3842.00	3841.94	3841.90	3841.94	3841.98	3842.02	3841.82	3841.92	3842.00	3841.92	3841.98	3841.90	3841.84	

*******************************************2024/09/10;23:33:17
Probe number 86
Concentration entered by User 1.53% at Temperature 29.37
1459.68	1485.40	1503.16	1531.36	1555.96	1586.00	1614.72	1646.80	1679.30	1710.44	1752.56	1785.72	1826.32	1853.60	1916.28	1975.58	
2044.54	2113.22	2171.76	2241.86	2318.36	2406.56	2520.50	2634.22	2756.64	2891.96	3052.56	3214.88	3466.00	3757.88	3835.40	3841.34	
3841.84	3842.00	3841.92	3842.00	3841.94	3841.86	3841.88	3841.98	3841.94	3841.92	3841.96	3841.92	3841.90	3841.98	3841.96	3841.92	
3841.90	3842.00	3841.96	3841.90	3841.86	3842.00	3841.92	3842.00	3841.92	3841.84	3841.92	3841.94	3841.98	3841.82	3841.96	3841.98	
3841.94	3841.98	3841.88	3841.84	3841.96	3841.98	3841.98	3841.74	3841.96	3841.98	3841.98	3841.98	3842.02	3841.92	3841.92	3841.98	
3842.00	3841.72	3841.90	3842.00	3841.96	3841.94	3841.96	3841.66	3841.90	3842.00	3841.98	3841.90	3841.92	3841.96	3841.88	3842.00	
3841.94	3841.88	3841.94	3841.96	3842.00	3841.80	3841.88	3841.98	3841.98	3842.00	3842.00	3841.86	3841.94	3842.00	3841.94	3841.94	
3841.88	3841.98	3841.94	3841.96	3841.96	3841.74	3841.84	3842.00	3841.98	3841.88	3841.88	3842.00	3841.94	3841.96	3841.96	3841.76	

*******************************************2024/09/10;23:36:37
Probe number 87
Concentration entered by User 1.53% at Temperature 29.35
1460.20	1486.26	1503.16	1531.52	1556.04	1585.40	1614.64	1647.56	1679.60	1711.54	1753.76	1785.22	1826.56	1853.28	1917.00	1974.76	
2044.04	2113.08	2171.26	2242.02	2321.86	2406.82	2519.24	2637.48	2759.68	2893.94	3051.12	3219.02	3464.20	3757.30	3835.46	3841.38	
3841.96	3841.98	3841.94	3842.00	3841.92	3841.92	3841.98	3842.00	3841.88	3841.90	3841.82	3841.98	3841.92	3842.00	3841.94	3841.80	
3841.96	3841.98	3841.98	3841.90	3841.92	3842.00	3841.98	3842.00	3841.98	3841.88	3841.96	3841.96	3841.98	3841.88	3841.98	3842.00	
3841.88	3842.00	3841.96	3841.80	3841.96	3841.98	3841.98	3841.92	3841.94	3841.98	3841.94	3841.98	3841.98	3841.82	3841.98	3841.94	
3841.98	3841.84	3841.96	3842.00	3841.92	3841.94	3841.96	3841.86	3841.90	3841.98	3841.96	3841.86	3841.96	3841.96	3842.00	3841.98	
3841.94	3841.88	3841.96	3842.00	3841.98	3841.86	3841.92	3842.00	3841.92	3842.00	3841.98	3841.78	3841.96	3842.00	3841.98	3841.88	
3841.90	3842.00	3841.94	3841.98	3841.98	3841.84	3841.98	3841.98	3842.00	3841.84	3841.96	3842.00	3841.92	3842.00	3842.00	3841.82	

*******************************************2024/09/10;23:39:57
Probe number 88
Concentration entered by User 1.54% at Temperature 29.33
1460.16	1485.90	1503.54	1532.06	1555.98	1585.32	1614.68	1647.34	1679.80	1711.50	1753.20	1785.70	1827.06	1854.70	1916.62	1974.02	
2043.44	2110.58	2170.80	2240.76	2317.76	2406.06	2517.84	2634.68	2757.96	2889.66	3045.24	3215.72	3460.38	3758.72	3835.48	3841.34	
3841.96	3842.00	3841.96	3842.00	3841.92	3841.80	3841.96	3841.98	3841.98	3841.80	3841.88	3842.00	3841.94	3841.98	3842.00	3841.82	
3841.98	3842.00	3841.98	3841.86	3841.98	3842.00	3841.96	3842.00	3842.00	3841.88	3841.94	3841.98	3842.00	3841.82	3841.92	3841.98	
3841.90	3842.00	3842.00	3841.80	3841.96	3842.00	3842.00	3841.94	3841.96	3842.00	3841.96	3841.98	3841.98	3841.90	3841.94	3842.00	
3842.00	3841.82	3841.92	3842.00	3841.98	3841.98	3841.98	3841.82	3841.94	3842.00	3841.96	3841.84	3841.92	3842.00	3841.94	3842.00	
3841.92	3841.78	3841.94	3842.00	3841.94	3841.84	3841.98	3841.94	3841.92	3842.00	3842.02	3841.88	3841.98	3842.00	3842.00	3841.80	
3842.00	3842.00	3841.96	3842.00	3841.94	3841.80	3841.98	3842.00	3842.02	3841.88	3841.98	3841.98	3841.96	3842.00	3841.98	3841.80	

*******************************************2024/09/10;23:43:17
Probe number 89
Concentration entered by User 1.53% at Temperature 29.33
1459.66	1485.92	1503.06	1530.66	1555.22	1584.26	1614.20	1646.10	1679.30	1710.70	1752.06	1784.70	1826.58	1853.62	1915.84	1974.12	
2042.74	2111.58	2169.66	2239.56	2316.16	2407.44	2520.12	2633.84	2752.92	2884.28	3048.50	3219.34	3467.98	3757.18	3835.38	3841.32	
3841.94	3841.98	3841.96	3842.00	3841.90	3841.86	3841.92	3842.00	3841.90	3841.82	3841.96	3841.98	3841.90	3842.00	3841.94	3841.86	
3841.94	3841.98	3841.98	3841.82	3841.98	3842.00	3841.96	3842.00	3842.02	3841.78	3841.96	3842.00	3841.98	3841.90	3841.90	3841.98	
3841.98	3842.00	3841.96	3841.90	3842.00	3842.00	3841.94	3841.88	3841.94	3841.98	3841.94	3841.98	3842.00	3841.92	3841.96	3842.00	
3842.00	3841.80	3841.92	3841.98	3841.98	3841.98	3841.96	3841.92	3841.96	3842.00	3841.94	3841.68	3841.86	3842.00	3841.94	3841.98	
3842.00	3841.90	3841.92	3841.98	3841.94	3841.76	3841.96	3841.98	3841.88	3842.00	3841.96	3841.92	3841.98	3842.00	3841.98	3841.82	
3841.96	3841.96	3841.92	3842.00	3841.92	3841.84	3841.98	3841.98	3841.94	3841.84	3841.96	3841.98	3841.98	3841.98	3841.96	3841.88	

*******************************************2024/09/10;23:46:37
Probe number 90
Concentration entered by User 1.53% at Temperature 29.30
1459.22	1485.42	1502.58	1530.88	1555.64	1584.00	1613.70	1644.48	1678.02	1710.12	1751.58	1783.92	1825.80	1852.70	1915.16	1971.82	
2043.00	2110.34	2168.96	2238.58	2316.06	2404.16	2515.30	2634.44	2755.72	2887.42	3051.56	3217.96	3465.08	3756.66	3835.28	3841.34	
3841.94	3842.00	3841.96	3842.00	3841.94	3841.82	3841.96	3842.00	3841.92	3841.86	3841.98	3842.00	3841.92	3841.96	3841.98	3841.88	
3841.96	3841.98	3841.94	3841.90	3841.94	3841.98	3842.00	3842.00	3842.00	3841.90	3841.96	3842.00	3841.98	3841.82	3842.00	3842.00	
3842.00	3841.98	3841.94	3841.88	3841.98	3841.98	3841.94	3841.90	3841.98	3842.00	3841.98	3842.00	3841.98	3841.88	3841.98	3841.96	
3841.98	3841.84	3841.92	3842.00	3842.00	3841.94	3841.90	3841.86	3841.98	3841.98	3841.90	3841.86	3841.96	3841.98	3841.98	3842.00	
3841.96	3841.88	3841.94	3841.98	3841.92	3841.84	3841.96	3842.00	3841.96	3842.00	3841.98	3841.92	3841.98	3842.00	3842.00	3841.90	
3841.92	3841.98	3842.00	3842.00	3841.96	3841.86	3841.98	3842.00	3842.00	3841.90	3842.00	3842.00	3841.98	3841.96	3841.98	3841.86	

*******************************************2024/09/10;23:49:57
Probe number 91
Concentration entered by User 1.54% at Temperature 29.28
1459.72	1485.16	1503.12	1531.38	1555.88	1584.42	1614.28	1645.48	1678.58	1710.50	1751.64	1783.56	1824.84	1852.54	1914.70	1973.32	
2042.30	2111.92	2169.44	2239.26	2317.02	2404.20	2514.28	2631.46	2751.74	2889.30	3052.40	3220.44	3461.90	3751.94	3835.62	3841.36	
3841.98	3841.94	3841.90	3841.98	3841.98	3841.94	3841.96	3841.98	3841.90	3841.98	3841.96	3841.98	3841.98	3842.00	3841.96	3841.92	
3841.96	3842.02	3841.96	3841.98	3842.02	3841.96	3841.98	3841.96	3841.92	3842.00	3841.96	3841.98	3841.98	3841.98	3841.98	3841.92	
3841.98	3841.98	3841.98	3841.92	3841.98	3841.98	3841.98	3841.94	3842.00	3842.00	3841.96	3841.94	3842.00	3841.98	3842.00	3841.94	
3841.96	3841.92	3842.00	3841.96	3841.98	3842.00	3842.00	3841.94	3841.98	3841.98	3841.96	3841.96	3841.90	3841.94	3841.98	3842.00	
3841.96	3841.98	3841.98	3842.00	3841.96	3841.96	3841.98	3841.94	3841.96	3842.00	3842.00	3841.98	3842.00	3841.94	3842.00	3841.94	
3841.96	3842.00	3841.92	3842.00	3842.00	3841.94	3842.00	3841.98	3841.92	3841.96	3842.00	3841.96	3841.98	3841.98	3842.00	3841.96	

*******************************************2024/09/10;23:53:17
Probe number 92
Concentration entered by User 1.54% at Temperature 29.25
1460.56	1485.94	1503.20	1531.78	1556.66	1585.22	1615.06	1646.40	1679.58	1711.22	1752.44	1784.72	1826.30	1853.02	1914.94	1972.68	
2042.92	2111.62	2169.78	2241.38	2317.66	2403.76	2515.14	2632.58	2754.44	2890.70	3048.98	3213.22	3467.24	3754.92	3835.28	3841.34	
3841.98	3841.96	3841.94	3841.98	3841.98	3841.94	3842.00	3841.94	3841.94	3842.00	3841.92	3841.96	3841.94	3842.00	3841.94	3841.94	
3841.98	3841.94	3841.98	3841.98	3841.98	3841.92	3842.00	3842.00	3842.00	3841.98	3841.98	3842.00	3842.00	3841.96	3841.94	3842.00	
3841.94	3841.98	3842.00	3841.92	3841.98	3841.96	3841.94	3841.94	3842.00	3841.98	3841.96	3842.00	3842.00	3841.98	3842.00	3842.00	
3842.02	3841.98	3842.02	3842.00	3841.98	3842.00	3841.96	3841.98	3841.92	3841.96	3842.02	3841.98	3841.96	3841.96	3841.98	3841.98	
3841.96	3841.96	3841.92	3842.00	3842.00	3841.98	3841.94	3841.98	3841.96	3841.98	3841.98	3841.98	3842.00	3841.98	3841.96	3841.98	
3841.96	3841.98	3841.98	3841.98	3842.02	3841.94	3841.90	3841.94	3841.96	3841.98	3841.96	3841.96	3841.94	3842.00	3841.98	3841.98	

*******************************************2024/09/10;23:56:37
Probe number 93
Concentration entered by User 1.56% at Temperature 29.26
1458.14	1483.82	1501.20	1528.60	1553.84	1582.80	1612.02	1644.20	1676.46	1707.70	1749.40	1781.86	1823.02	1850.74	1912.80	1970.02	
2039.22	2107.78	2168.22	2237.86	2314.62	2402.80	2513.58	2626.92	2748.38	2881.16	3043.40	3209.18	3458.84	3752.62	3835.20	3841.34	
3841.92	3841.94	3841.94	3841.98	3842.00	3842.00	3841.98	3841.96	3841.90	3841.98	3841.98	3841.98	3841.96	3842.00	3841.96	3841.92	
3841.94	3842.02	3841.98	3842.00	3841.96	3841.94	3842.00	3841.98	3841.94	3841.94	3841.96	3841.92	3841.92	3841.96	3841.94	3842.00	
3841.98	3841.98	3842.00	3841.92	3841.96	3842.00	3841.94	3841.92	3841.96	3841.96	3841.92	3842.00	3841.98	3841.98	3841.94	3841.96	
3841.94	3841.98	3842.00	3841.90	3841.98	3841.96	3841.98	3841.90	3841.88	3841.96	3841.98	3841.98	3841.88	3841.92	3842.00	3842.00	
3842.00	3841.96	3841.94	3841.98	3841.96	3841.98	3841.98	3841.94	3841.96	3841.98	3842.00	3841.94	3841.98	3842.02	3841.96	3842.00	
3841.96	3841.98	3841.98	3841.98	3842.00	3842.00	3841.94	3842.00	3841.98	3841.96	3841.98	3842.00	3841.94	3841.98	3841.98	3841.96	

*******************************************2024/09/10;23:59:57
Probe number 94
Concentration entered by User 1.57% at Temperature 29.21
1459.52	1485.08	1502.46	1530.14	1554.64	1583.82	1613.48	1644.70	1677.14	1709.16	1751.24	1782.44	1823.82	1851.24	1914.20	1971.78	
2042.44	2110.06	2168.44	2239.32	2316.46	2403.38	2514.98	2629.10	2749.68	2883.72	3040.04	3209.54	3456.70	3748.62	3835.04	3841.38	
3842.00	3841.94	3841.98	3842.00	3842.00	3841.90	3841.92	3841.96	3841.96	3842.00	3841.94	3841.98	3841.96	3842.00	3841.96	3841.96	
3841.96	3841.98	3841.98	3841.98	3841.98	3841.96	3842.00	3841.98	3841.96	3841.96	3841.92	3842.00	3841.96	3841.94	3841.92	3841.98	
3841.96	3842.00	3842.00	3841.98	3841.96	3841.98	3841.98	3841.96	3841.98	3842.00	3841.96	3841.98	3842.00	3842.00	3842.00	3841.92	
3842.00	3842.00	3841.98	3841.94	3841.98	3842.00	3842.02	3841.94	3841.92	3841.96	3841.98	3841.94	3841.96	3841.92	3841.96	3842.00	
3841.98	3841.94	3841.96	3842.00	3842.00	3841.98	3841.92	3842.00	3842.00	3841.98	3842.00	3841.96	3841.94	3841.98	3841.94	3841.96	
3841.94	3841.92	3841.98	3841.94	3842.00	3842.00	3841.94	3841.96	3841.96	3841.96	3841.98	3841.90	3842.00	3842.00	3841.98	3841.96	

