*******************************************2024/09/08;14:22:43
Probe number 0
Concentration entered by User 11.26% at Temperature 0.00
1435.78	1465.54	1481.58	1508.24	1524.40	1545.96	1565.12	1594.80	1630.90	1654.06	1678.54	1706.32	1737.76	1780.02	1808.90	1857.18	
1902.02	1934.40	1975.02	2017.40	2044.78	2058.24	2099.84	2140.20	2172.68	2238.00	2308.94	2358.60	2417.02	2447.44	2462.94	2460.60	
2485.90	2589.32	2701.86	2819.72	2871.02	2940.38	3074.00	3222.84	3394.22	3582.88	3712.16	3766.08	3798.92	3813.38	3815.04	3814.98	
3813.22	3804.88	3772.86	3729.34	3677.64	3659.62	3701.94	3697.64	3605.02	3416.08	3199.42	2955.56	2813.46	2803.82	2855.04	2872.60	
2899.44	2989.52	3081.38	3214.94	3389.84	3533.96	3601.88	3651.52	3689.96	3689.10	3723.96	3776.98	3798.12	3809.30	3817.82	3820.04	
3820.06	3820.54	3820.54	3822.50	3824.12	3824.90	3824.54	3824.60	3824.84	3824.32	3822.54	3820.68	3819.16	3817.30	3817.32	3818.14	
3816.34	3809.08	3797.32	3763.82	3727.92	3717.92	3693.88	3665.78	3659.10	3595.98	3515.84	3551.86	3661.00	3731.86	3793.40	3807.54	
3816.14	3819.38	3821.06	3822.64	3823.24	3822.46	3821.44	3817.44	3808.54	3795.00	3796.32	3787.32	3789.06	3772.30	3781.32	3754.38	

*******************************************2024/09/08;14:27:43
Probe number 1
Concentration entered by User 11.25% at Temperature 29.85
1435.78	1466.46	1482.18	1509.72	1526.06	1548.48	1566.74	1595.52	1631.24	1655.92	1678.94	1707.52	1739.72	1781.94	1812.18	1859.20	
1903.22	1933.86	1975.14	2018.48	2044.54	2059.20	2097.74	2133.36	2170.24	2239.90	2309.96	2363.10	2423.46	2451.64	2459.48	2457.30	
2486.18	2590.74	2700.78	2817.70	2869.44	2938.38	3072.22	3221.02	3394.26	3584.52	3713.78	3766.98	3799.16	3813.54	3815.20	3815.20	
3813.56	3805.26	3773.30	3730.14	3679.52	3662.22	3704.10	3700.96	3609.56	3421.62	3203.18	2959.02	2817.18	2804.70	2857.20	2877.10	
2902.70	2990.10	3081.36	3215.76	3389.16	3535.94	3603.58	3649.92	3688.04	3687.28	3721.90	3775.82	3797.66	3809.28	3817.78	3820.00	
3819.92	3820.58	3820.52	3822.40	3824.12	3824.94	3824.48	3824.68	3824.94	3824.24	3822.52	3820.82	3819.22	3817.26	3817.14	3818.04	
3815.96	3808.88	3797.28	3763.22	3725.94	3715.58	3692.28	3666.88	3663.10	3600.82	3519.08	3552.48	3661.62	3731.54	3793.70	3807.98	
3816.26	3819.38	3821.04	3822.64	3823.38	3822.64	3821.46	3817.52	3808.22	3794.76	3796.20	3787.10	3788.94	3772.22	3781.26	3753.82	

*******************************************2024/09/08;14:32:43
Probe number 2
Concentration entered by User 11.25% at Temperature 29.88
1433.70	1463.70	1479.88	1507.38	1523.36	1545.58	1564.98	1595.08	1629.70	1653.38	1677.14	1707.20	1740.66	1783.38	1812.02	1859.46	
1904.10	1934.86	1975.56	2018.46	2043.76	2058.38	2097.72	2134.82	2171.72	2241.74	2307.96	2360.80	2416.68	2446.48	2461.14	2457.66	
2488.82	2591.74	2700.70	2818.04	2871.30	2938.64	3072.22	3220.02	3393.52	3586.26	3715.24	3767.58	3799.26	3813.40	3814.92	3814.84	
3813.30	3804.90	3772.74	3730.36	3680.76	3663.38	3705.60	3700.42	3609.96	3422.58	3202.78	2957.98	2816.00	2803.52	2857.90	2877.24	
2898.30	2984.66	3077.00	3210.88	3386.16	3533.40	3600.50	3648.02	3685.82	3683.52	3719.46	3774.50	3796.46	3808.38	3817.50	3819.76	
3819.66	3820.06	3820.06	3822.14	3823.84	3824.64	3824.20	3824.40	3824.84	3824.14	3822.28	3820.52	3818.98	3816.94	3816.78	3817.72	
3815.66	3808.30	3795.92	3759.20	3721.26	3712.44	3690.74	3668.38	3664.02	3601.86	3520.24	3555.62	3663.88	3732.28	3793.74	3807.76	
3816.06	3819.34	3820.90	3822.60	3823.16	3822.24	3821.28	3817.14	3807.88	3793.26	3794.70	3785.80	3787.72	3770.72	3780.66	3753.16	

*******************************************2024/09/08;14:37:43
Probe number 3
Concentration entered by User 11.25% at Temperature 29.91
1433.80	1462.80	1479.08	1507.04	1524.10	1547.06	1565.90	1594.42	1629.64	1652.24	1676.86	1707.82	1740.46	1783.64	1812.94	1860.90	
1903.82	1934.82	1973.06	2015.08	2040.38	2058.32	2097.94	2133.52	2170.94	2242.22	2308.62	2358.70	2419.88	2445.48	2456.54	2454.62	
2486.24	2587.40	2696.70	2814.32	2867.58	2937.38	3070.58	3218.34	3391.20	3586.24	3714.46	3766.52	3798.76	3813.20	3814.76	3814.88	
3812.84	3804.20	3771.56	3729.00	3680.00	3663.88	3705.42	3700.38	3610.04	3424.34	3202.20	2955.04	2814.26	2802.92	2859.28	2880.42	
2900.30	2985.28	3074.96	3207.82	3383.72	3531.44	3599.16	3645.88	3683.90	3681.06	3716.90	3772.66	3795.44	3807.78	3817.12	3819.52	
3819.24	3819.98	3819.96	3821.90	3823.74	3824.48	3823.96	3824.30	3824.62	3823.98	3821.98	3820.40	3818.80	3816.56	3816.40	3817.26	
3815.06	3807.82	3794.66	3756.10	3718.48	3710.98	3691.38	3670.18	3665.32	3603.28	3522.90	3556.42	3663.48	3732.20	3793.08	3807.62	
3815.90	3819.04	3820.62	3822.48	3822.96	3822.36	3821.16	3816.84	3807.02	3792.32	3794.20	3785.10	3787.04	3769.60	3779.56	3752.42	

*******************************************2024/09/08;14:42:43
Probe number 4
Concentration entered by User 11.25% at Temperature 29.95
1436.02	1464.84	1481.32	1509.40	1525.60	1549.52	1569.74	1598.68	1635.10	1657.62	1681.14	1711.12	1744.00	1787.38	1818.52	1864.52	
1904.62	1934.04	1975.40	2017.38	2044.42	2063.36	2102.78	2136.54	2175.38	2246.38	2312.74	2361.14	2419.90	2443.88	2453.64	2453.28	
2486.54	2590.02	2698.58	2816.58	2870.26	2943.48	3075.88	3221.92	3394.64	3586.86	3714.48	3766.58	3798.62	3812.98	3814.50	3814.44	
3812.52	3803.40	3770.66	3729.00	3681.90	3664.54	3706.60	3701.66	3613.36	3427.84	3204.74	2956.94	2816.58	2806.82	2863.72	2883.22	
2898.60	2982.92	3072.68	3205.84	3382.58	3530.48	3597.86	3645.90	3684.10	3679.96	3716.44	3771.98	3795.02	3807.46	3816.92	3819.40	
3819.08	3819.94	3819.80	3821.84	3823.52	3824.40	3823.96	3824.30	3824.54	3823.96	3822.02	3820.46	3818.86	3816.58	3816.18	3817.14	
3814.88	3807.42	3793.54	3754.90	3718.72	3711.32	3694.92	3673.60	3666.48	3607.30	3528.84	3561.98	3664.84	3733.36	3793.54	3807.76	
3816.04	3819.16	3820.72	3822.30	3822.92	3822.30	3821.14	3816.86	3806.82	3792.50	3794.44	3785.28	3787.08	3769.76	3780.22	3752.98	

*******************************************2024/09/08;14:47:43
Probe number 5
Concentration entered by User 11.26% at Temperature 30.02
1435.52	1463.30	1479.42	1507.26	1523.94	1547.82	1568.16	1596.68	1634.46	1656.04	1678.06	1708.96	1740.90	1784.06	1815.86	1862.52	
1903.24	1933.38	1972.98	2015.28	2040.72	2059.60	2096.10	2130.94	2173.12	2241.32	2307.26	2356.94	2412.94	2441.96	2451.76	2451.22	
2484.88	2586.80	2695.38	2811.70	2864.28	2937.70	3070.88	3217.78	3389.44	3583.48	3711.94	3764.94	3798.04	3812.56	3814.20	3814.16	
3811.98	3802.80	3769.32	3727.16	3679.78	3664.32	3707.34	3702.20	3614.36	3427.54	3203.82	2956.00	2818.06	2808.82	2864.60	2882.74	
2895.14	2977.50	3066.32	3199.86	3377.08	3525.16	3592.66	3640.98	3678.94	3675.78	3712.00	3769.24	3793.30	3806.42	3816.36	3818.92	
3818.86	3819.56	3819.38	3821.62	3823.50	3824.22	3823.86	3824.10	3824.44	3823.68	3821.86	3820.16	3818.30	3815.74	3815.46	3816.46	
3813.98	3805.80	3790.86	3751.92	3713.36	3708.18	3692.14	3671.34	3665.20	3607.62	3527.38	3559.10	3663.54	3731.34	3793.38	3807.40	
3815.78	3818.92	3820.52	3822.26	3822.78	3822.16	3820.92	3816.42	3805.84	3791.20	3792.98	3783.46	3785.18	3767.06	3777.98	3749.92	

*******************************************2024/09/08;14:52:43
Probe number 6
Concentration entered by User 11.27% at Temperature 30.07
1434.22	1462.24	1477.62	1505.44	1522.88	1547.24	1566.80	1595.40	1633.70	1654.72	1674.86	1705.90	1737.68	1782.02	1813.74	1858.72	
1901.52	1932.58	1973.64	2014.40	2038.46	2060.62	2100.26	2130.68	2170.28	2238.84	2306.34	2354.80	2409.12	2432.56	2449.38	2452.52	
2484.74	2585.40	2694.02	2812.00	2867.34	2941.50	3072.00	3218.94	3389.02	3583.62	3711.52	3764.18	3797.60	3812.22	3813.88	3814.10	
3811.92	3802.50	3769.30	3727.18	3680.82	3665.68	3709.58	3703.90	3617.36	3429.82	3205.38	2957.22	2817.80	2807.56	2863.52	2882.80	
2895.84	2976.46	3063.48	3197.74	3374.96	3522.80	3589.60	3636.74	3675.56	3672.00	3709.98	3768.26	3792.74	3805.98	3816.28	3818.78	
3818.68	3819.38	3819.32	3821.44	3823.36	3824.26	3823.82	3824.04	3824.30	3823.64	3821.86	3820.00	3818.26	3815.32	3815.10	3816.26	
3813.78	3804.86	3789.76	3751.84	3712.60	3707.98	3692.40	3672.88	3667.18	3611.40	3532.54	3561.86	3664.62	3732.70	3793.70	3807.52	
3815.70	3818.92	3820.50	3822.16	3822.82	3822.08	3820.76	3816.24	3805.40	3790.28	3792.30	3782.82	3784.88	3766.64	3777.52	3749.66	

*******************************************2024/09/08;14:57:43
Probe number 7
Concentration entered by User 11.26% at Temperature 30.10
1435.08	1461.82	1476.90	1503.94	1521.88	1546.32	1564.72	1593.46	1632.44	1653.56	1675.04	1704.36	1737.20	1781.60	1813.78	1858.88	
1902.10	1931.90	1969.40	2009.56	2037.22	2060.74	2097.62	2132.18	2172.94	2235.00	2303.72	2354.22	2408.98	2433.50	2451.32	2453.62	
2486.04	2585.00	2691.84	2808.10	2866.84	2943.26	3075.22	3219.94	3390.58	3584.42	3711.20	3764.38	3797.60	3812.30	3813.98	3814.14	
3812.20	3803.06	3770.24	3727.84	3682.38	3667.86	3712.38	3706.68	3620.72	3434.38	3208.82	2959.90	2821.44	2810.32	2867.32	2885.80	
2898.48	2978.74	3065.58	3200.10	3375.74	3523.06	3588.90	3635.98	3675.30	3672.72	3709.40	3767.66	3792.44	3805.92	3816.22	3818.86	
3818.78	3819.34	3819.26	3821.56	3823.42	3824.14	3823.76	3823.90	3824.34	3823.76	3821.76	3819.94	3818.12	3815.26	3815.00	3816.06	
3813.74	3804.86	3790.96	3752.64	3712.14	3708.44	3694.46	3678.68	3675.88	3618.84	3540.10	3566.76	3668.06	3734.14	3794.62	3807.94	
3815.96	3819.06	3820.50	3822.36	3822.82	3822.00	3820.78	3816.28	3805.42	3790.12	3792.16	3783.02	3784.94	3766.66	3777.40	3750.38	

*******************************************2024/09/08;15:02:43
Probe number 8
Concentration entered by User 11.26% at Temperature 30.12
1434.62	1461.88	1476.96	1504.08	1522.32	1545.44	1565.86	1595.36	1632.82	1654.66	1676.18	1708.50	1739.90	1781.92	1810.88	1857.08	
1901.32	1932.46	1970.24	2006.66	2034.38	2063.60	2103.80	2133.46	2174.28	2239.30	2304.12	2350.60	2405.82	2433.04	2452.54	2451.90	
2482.94	2584.82	2693.16	2810.66	2872.62	2946.88	3077.24	3220.68	3389.08	3585.18	3712.56	3764.76	3797.96	3812.50	3814.08	3814.40	
3812.62	3803.68	3771.22	3730.18	3684.84	3671.14	3714.00	3708.84	3623.76	3435.84	3210.56	2963.68	2826.08	2816.38	2874.04	2890.42	
2902.54	2981.52	3068.88	3200.40	3375.16	3522.02	3588.22	3635.10	3674.04	3671.26	3708.78	3767.54	3792.54	3805.94	3816.32	3818.84	
3818.60	3819.34	3819.28	3821.48	3823.34	3824.10	3823.72	3824.02	3824.34	3823.70	3821.80	3820.08	3818.10	3815.02	3814.92	3815.94	
3813.76	3805.00	3790.76	3750.36	3710.92	3706.78	3695.68	3682.24	3680.06	3624.76	3544.76	3569.96	3671.18	3736.34	3795.04	3808.28	
3816.08	3819.12	3820.52	3822.34	3822.96	3822.16	3820.90	3816.36	3805.76	3790.78	3792.90	3783.74	3785.48	3767.52	3777.92	3750.44	

*******************************************2024/09/08;15:07:43
Probe number 9
Concentration entered by User 11.27% at Temperature 30.14
1434.08	1461.22	1476.42	1503.60	1520.76	1544.50	1564.74	1594.40	1630.70	1651.04	1675.44	1707.74	1738.78	1778.64	1807.66	1854.36	
1897.84	1928.56	1964.62	2004.48	2036.86	2062.54	2101.60	2130.54	2176.48	2240.08	2303.06	2353.86	2407.10	2429.98	2448.08	2447.64	
2481.40	2583.78	2690.06	2809.30	2871.32	2947.70	3079.58	3221.62	3389.34	3584.06	3711.50	3764.28	3797.76	3812.38	3814.00	3814.32	
3812.66	3803.66	3771.26	3729.24	3684.08	3673.68	3716.04	3710.94	3626.50	3439.14	3214.46	2966.92	2831.00	2821.60	2877.78	2891.80	
2899.74	2978.82	3066.18	3197.36	3371.88	3517.96	3583.56	3631.08	3671.34	3669.96	3707.54	3766.78	3791.70	3805.48	3815.90	3818.42	
3818.40	3819.04	3819.02	3821.32	3823.20	3824.10	3823.64	3823.94	3824.34	3823.64	3821.78	3819.82	3817.88	3814.98	3814.62	3815.78	
3813.34	3804.28	3789.52	3749.50	3711.48	3707.12	3695.38	3683.90	3683.42	3628.08	3549.48	3572.20	3672.36	3737.92	3795.64	3808.38	
3816.24	3818.98	3820.58	3822.36	3822.88	3822.02	3820.84	3816.18	3805.64	3790.50	3792.96	3784.00	3785.02	3766.30	3777.22	3749.90	

*******************************************2024/09/08;15:12:43
Probe number 10
Concentration entered by User 11.27% at Temperature 30.14
1434.38	1461.66	1475.84	1502.54	1520.36	1544.10	1565.84	1594.64	1631.20	1652.70	1676.12	1706.24	1736.88	1778.90	1807.86	1852.96	
1896.64	1928.86	1967.48	2007.04	2039.92	2064.30	2100.80	2130.96	2175.60	2239.34	2306.82	2347.32	2400.52	2426.82	2448.24	2447.90	
2482.54	2585.12	2690.12	2809.58	2872.00	2947.38	3079.80	3220.82	3388.34	3583.30	3711.74	3764.64	3797.90	3812.56	3814.26	3814.56	
3812.78	3804.04	3771.58	3730.16	3686.10	3675.40	3717.58	3712.28	3627.70	3442.70	3218.02	2970.02	2835.40	2827.86	2880.18	2892.04	
2901.08	2981.32	3067.30	3196.68	3370.88	3516.64	3581.66	3629.88	3669.54	3668.42	3707.06	3766.66	3791.28	3805.10	3815.88	3818.50	
3818.38	3819.14	3818.94	3821.26	3823.26	3824.08	3823.60	3823.88	3824.32	3823.66	3821.72	3819.92	3817.90	3814.90	3814.66	3815.78	
3813.46	3804.76	3789.64	3749.58	3708.98	3706.62	3694.52	3683.32	3687.92	3633.64	3551.78	3575.14	3675.40	3739.86	3796.12	3808.68	
3816.46	3819.12	3820.62	3822.42	3822.98	3822.24	3820.90	3816.32	3805.66	3790.98	3792.92	3783.90	3785.08	3766.48	3777.46	3751.02	

*******************************************2024/09/08;15:17:43
Probe number 11
Concentration entered by User 11.27% at Temperature 30.15
1435.18	1462.30	1475.58	1502.66	1519.94	1543.78	1566.44	1596.46	1632.72	1653.56	1674.62	1703.60	1733.34	1778.00	1809.16	1855.62	
1898.34	1930.12	1965.34	2005.82	2040.70	2061.80	2098.66	2127.64	2173.26	2236.20	2303.16	2348.60	2405.50	2429.58	2448.94	2447.56	
2483.04	2583.40	2690.76	2809.30	2872.98	2948.12	3078.92	3217.84	3386.16	3583.40	3712.30	3764.72	3797.90	3812.52	3814.28	3814.66	
3812.78	3804.12	3771.58	3730.56	3686.70	3677.04	3719.04	3714.10	3630.48	3444.76	3219.68	2973.16	2839.58	2829.18	2879.84	2892.60	
2903.22	2981.28	3066.32	3195.96	3369.08	3515.56	3580.40	3627.94	3667.66	3667.54	3706.12	3765.68	3790.66	3804.98	3815.58	3818.44	
3818.26	3819.14	3818.86	3821.34	3823.16	3824.00	3823.72	3824.02	3824.36	3823.54	3821.76	3819.98	3817.84	3814.84	3814.54	3815.60	
3813.28	3804.04	3789.00	3746.68	3707.42	3703.86	3692.46	3685.50	3687.50	3637.62	3559.70	3578.42	3676.70	3740.82	3796.76	3808.86	
3816.38	3819.14	3820.54	3822.32	3823.00	3822.20	3820.96	3816.42	3805.40	3790.06	3792.56	3783.52	3784.84	3766.12	3776.90	3749.76	

*******************************************2024/09/08;15:22:43
Probe number 12
Concentration entered by User 11.28% at Temperature 30.16
1432.74	1460.48	1474.18	1500.64	1518.30	1542.20	1563.44	1593.06	1630.38	1654.04	1676.00	1704.12	1733.92	1778.66	1809.28	1854.76	
1898.80	1930.98	1963.72	2004.90	2037.02	2057.76	2096.58	2125.92	2172.44	2236.06	2302.20	2347.14	2402.50	2427.50	2442.30	2444.48	
2482.52	2582.18	2689.06	2809.48	2874.12	2948.36	3080.40	3219.08	3384.08	3580.16	3710.98	3763.52	3797.44	3812.20	3814.02	3814.28	
3812.28	3803.14	3771.34	3730.62	3685.56	3674.96	3718.06	3713.98	3631.38	3445.16	3219.30	2973.30	2838.96	2828.50	2877.92	2891.08	
2903.42	2980.90	3064.76	3193.98	3366.26	3511.78	3575.74	3624.30	3665.16	3663.38	3702.70	3763.26	3789.20	3804.02	3815.10	3817.94	
3817.92	3818.68	3818.50	3820.88	3822.98	3823.88	3823.40	3823.74	3824.14	3823.50	3821.54	3819.70	3817.44	3814.32	3814.16	3815.28	
3812.74	3802.80	3787.10	3744.12	3705.84	3700.80	3691.42	3684.24	3691.14	3639.80	3558.72	3578.74	3677.82	3742.54	3796.62	3808.78	
3816.28	3819.00	3820.32	3822.24	3822.70	3822.10	3820.76	3816.02	3804.18	3788.64	3791.58	3782.12	3783.30	3764.56	3775.94	3748.44	

*******************************************2024/09/08;15:27:43
Probe number 13
Concentration entered by User 11.28% at Temperature 30.17
1433.50	1461.82	1475.18	1501.34	1519.56	1544.40	1565.06	1595.32	1633.10	1655.68	1676.02	1704.30	1735.72	1779.36	1809.46	1853.96	
1897.60	1929.86	1961.92	2001.38	2033.38	2057.84	2093.86	2123.94	2169.38	2231.70	2297.24	2346.64	2400.28	2422.56	2437.90	2444.00	
2482.42	2579.08	2691.26	2814.26	2876.68	2951.50	3082.14	3219.30	3385.20	3579.58	3710.10	3762.98	3796.92	3811.84	3813.76	3813.92	
3811.90	3803.02	3770.82	3729.78	3684.62	3674.58	3718.54	3714.76	3630.62	3443.26	3218.30	2973.80	2840.22	2830.58	2878.20	2890.90	
2905.34	2983.02	3065.22	3193.74	3366.24	3510.36	3573.66	3622.54	3662.00	3660.68	3701.52	3762.50	3788.50	3803.18	3814.96	3817.88	
3817.68	3818.54	3818.32	3820.88	3822.86	3823.70	3823.34	3823.72	3824.12	3823.26	3821.52	3819.58	3817.26	3813.98	3813.52	3814.90	
3812.10	3802.24	3786.52	3742.66	3704.08	3700.42	3691.38	3688.54	3694.72	3645.92	3565.78	3584.06	3679.28	3742.54	3796.78	3808.80	
3816.38	3818.98	3820.16	3822.10	3822.80	3821.98	3820.80	3815.82	3803.78	3788.24	3791.12	3781.18	3782.88	3764.60	3775.34	3747.50	

*******************************************2024/09/08;15:32:43
Probe number 14
Concentration entered by User 11.26% at Temperature 30.20
1431.76	1459.52	1473.58	1499.98	1518.36	1543.22	1564.94	1594.22	1630.34	1653.34	1676.12	1705.32	1736.36	1780.40	1809.24	1854.14	
1898.02	1929.66	1964.62	2005.16	2036.64	2059.24	2098.14	2130.12	2174.42	2237.34	2298.68	2346.28	2401.64	2428.06	2440.04	2447.22	
2484.76	2584.32	2695.92	2819.16	2881.16	2954.08	3084.76	3223.56	3389.46	3582.90	3712.96	3765.00	3798.30	3812.36	3814.40	3814.56	
3812.60	3803.90	3773.42	3733.42	3689.96	3679.74	3723.58	3720.86	3638.06	3453.02	3226.98	2980.86	2847.28	2838.30	2884.58	2896.84	
2912.72	2988.50	3069.92	3199.12	3369.58	3513.54	3577.50	3626.24	3664.04	3663.08	3703.62	3763.50	3789.58	3803.96	3815.34	3818.14	
3818.02	3818.70	3818.56	3821.04	3823.08	3823.88	3823.54	3823.80	3824.22	3823.54	3821.70	3819.62	3817.52	3814.46	3813.90	3815.16	
3812.36	3802.40	3786.96	3743.88	3705.86	3703.68	3698.72	3697.12	3701.94	3653.88	3573.22	3588.22	3682.92	3746.04	3798.38	3809.58	
3816.74	3819.24	3820.52	3822.32	3823.04	3822.18	3820.90	3816.22	3804.76	3788.90	3791.54	3781.90	3783.94	3766.58	3777.02	3749.62	

*******************************************2024/09/08;15:37:43
Probe number 15
Concentration entered by User 11.27% at Temperature 30.09
1431.78	1460.32	1473.90	1500.04	1518.48	1542.16	1563.92	1593.90	1629.90	1654.74	1677.44	1706.86	1737.96	1782.92	1808.92	1851.68	
1896.14	1927.88	1962.64	2003.66	2037.74	2063.08	2103.36	2134.68	2180.80	2237.84	2299.88	2352.40	2406.00	2427.34	2438.32	2445.42	
2483.88	2583.52	2697.88	2822.08	2882.34	2954.78	3085.36	3222.92	3386.84	3582.32	3713.12	3765.56	3798.52	3812.66	3814.44	3814.72	
3812.70	3804.28	3774.18	3734.34	3690.44	3680.74	3725.18	3722.58	3640.54	3454.12	3227.42	2982.06	2850.14	2840.54	2885.96	2899.20	
2915.02	2990.66	3072.38	3201.40	3371.42	3513.04	3576.66	3625.90	3664.82	3662.88	3702.96	3763.18	3789.00	3803.64	3815.28	3818.02	
3817.98	3818.68	3818.44	3820.98	3823.10	3823.98	3823.54	3823.94	3824.28	3823.68	3821.66	3819.74	3817.58	3814.30	3813.94	3815.02	
3812.10	3802.56	3786.72	3742.06	3705.08	3703.50	3698.26	3696.64	3704.80	3656.34	3576.26	3591.76	3685.18	3747.34	3798.92	3809.86	
3816.92	3819.24	3820.58	3822.34	3822.96	3822.34	3820.90	3816.22	3804.46	3788.82	3791.12	3781.62	3783.34	3766.78	3777.90	3750.08	

*******************************************2024/09/08;15:42:43
Probe number 16
Concentration entered by User 11.28% at Temperature 30.08
1430.62	1458.44	1472.00	1498.70	1517.16	1540.14	1560.22	1590.04	1628.04	1653.18	1676.34	1703.56	1736.18	1780.60	1807.34	1847.90	
1893.78	1924.78	1959.62	2003.86	2038.66	2063.46	2103.86	2137.94	2185.06	2241.74	2299.82	2351.18	2406.74	2428.44	2436.74	2446.40	
2486.70	2581.86	2695.14	2820.92	2883.64	2957.00	3084.54	3221.16	3384.80	3578.74	3711.20	3764.70	3798.30	3812.50	3814.02	3814.42	
3812.12	3803.64	3773.54	3733.30	3689.22	3680.42	3724.62	3721.64	3639.62	3453.58	3225.64	2982.26	2851.40	2840.18	2885.14	2898.30	
2914.50	2989.80	3070.92	3200.08	3368.52	3511.08	3573.80	3623.32	3662.40	3659.50	3700.54	3761.98	3788.04	3802.80	3814.66	3817.66	
3817.54	3818.28	3818.24	3820.80	3822.84	3823.76	3823.34	3823.78	3824.20	3823.38	3821.40	3819.44	3817.14	3813.80	3813.46	3814.48	
3811.32	3801.34	3784.84	3740.86	3703.42	3702.12	3697.90	3699.12	3706.22	3659.38	3577.66	3591.50	3686.02	3748.54	3799.12	3809.66	
3816.84	3819.14	3820.30	3822.40	3823.00	3822.14	3820.78	3815.90	3803.86	3787.56	3790.04	3780.10	3782.02	3766.08	3777.54	3749.90	

*******************************************2024/09/08;15:47:43
Probe number 17
Concentration entered by User 11.32% at Temperature 30.11
1430.18	1457.28	1471.78	1498.42	1516.42	1538.46	1559.62	1589.28	1626.20	1651.42	1674.08	1703.66	1735.80	1780.20	1806.06	1850.42	
1895.14	1923.00	1954.70	2000.92	2037.80	2064.58	2102.42	2136.62	2180.20	2234.14	2292.50	2346.74	2398.08	2422.34	2435.26	2445.02	
2481.62	2577.74	2690.18	2814.16	2878.78	2952.86	3078.28	3214.80	3376.62	3572.00	3706.86	3761.74	3796.58	3811.44	3813.16	3813.46	
3811.18	3802.14	3770.58	3730.02	3684.24	3676.18	3720.44	3718.20	3634.76	3443.44	3217.04	2976.24	2846.52	2835.48	2880.38	2895.46	
2912.00	2985.02	3065.32	3194.64	3363.94	3505.50	3567.06	3617.26	3656.86	3653.70	3695.36	3758.58	3785.66	3801.00	3813.70	3816.96	
3816.76	3817.68	3817.30	3820.44	3822.54	3823.40	3822.96	3823.40	3823.78	3823.18	3821.08	3818.88	3816.38	3812.78	3812.14	3813.30	
3809.68	3799.08	3780.92	3734.54	3697.14	3696.32	3693.86	3696.54	3704.30	3657.14	3575.46	3586.18	3682.36	3746.16	3797.52	3808.68	
3816.10	3818.60	3819.86	3821.98	3822.72	3821.84	3820.46	3815.06	3802.14	3785.40	3787.96	3777.56	3779.30	3763.44	3775.20	3746.72	

*******************************************2024/09/08;15:52:43
Probe number 18
Concentration entered by User 11.32% at Temperature 30.19
1428.10	1456.48	1471.16	1497.74	1515.66	1538.34	1559.66	1589.30	1626.84	1652.06	1674.06	1703.04	1734.92	1777.70	1804.48	1849.88	
1893.68	1924.30	1956.48	1999.98	2033.50	2060.24	2100.80	2133.86	2179.92	2235.20	2288.68	2335.76	2395.40	2426.60	2437.96	2443.74	
2480.70	2575.22	2686.48	2810.76	2876.32	2949.28	3074.88	3211.68	3374.88	3571.28	3705.72	3761.48	3796.30	3811.24	3813.02	3813.36	
3811.16	3801.76	3769.58	3729.42	3683.08	3676.26	3720.52	3718.66	3633.14	3444.58	3220.10	2978.04	2847.38	2835.12	2878.70	2894.04	
2914.08	2983.24	3062.24	3192.08	3361.54	3501.00	3564.14	3615.16	3653.62	3651.16	3693.10	3757.26	3784.80	3800.32	3813.38	3816.62	
3816.40	3817.44	3817.12	3820.04	3822.42	3823.32	3822.90	3823.26	3823.66	3822.90	3820.84	3818.66	3816.18	3812.26	3811.80	3812.64	
3808.94	3798.22	3779.38	3730.86	3695.08	3695.20	3692.72	3695.92	3707.80	3662.32	3580.88	3591.88	3683.46	3747.02	3797.88	3808.64	
3816.04	3818.46	3819.74	3821.96	3822.54	3821.74	3820.08	3814.88	3801.50	3784.80	3787.72	3776.80	3778.82	3762.90	3774.80	3746.28	

*******************************************2024/09/08;15:57:43
Probe number 19
Concentration entered by User 11.31% at Temperature 30.20
1428.50	1456.82	1471.44	1497.28	1514.78	1538.84	1560.68	1590.40	1626.56	1650.90	1674.02	1702.84	1734.34	1776.50	1804.20	1850.98	
1894.26	1924.48	1957.46	2001.40	2032.76	2059.78	2106.12	2138.34	2179.26	2235.72	2289.72	2338.44	2397.36	2425.08	2435.84	2442.80	
2479.90	2572.62	2686.52	2811.74	2878.54	2952.14	3076.84	3212.50	3378.78	3575.02	3707.20	3762.30	3796.48	3811.18	3813.16	3813.50	
3811.30	3801.96	3770.84	3730.70	3685.42	3679.46	3722.50	3719.84	3635.20	3444.58	3219.96	2978.72	2849.28	2835.66	2878.80	2895.86	
2915.44	2984.96	3065.10	3194.40	3361.50	3500.90	3563.34	3614.42	3653.64	3650.58	3692.40	3756.90	3784.10	3799.92	3813.08	3816.62	
3816.42	3817.28	3816.94	3820.04	3822.36	3823.26	3822.82	3823.20	3823.62	3822.94	3820.80	3818.50	3815.86	3811.92	3811.36	3812.20	
3808.34	3797.20	3779.14	3729.30	3693.14	3695.68	3693.48	3698.60	3711.84	3667.72	3583.60	3593.98	3686.38	3748.92	3798.64	3808.84	
3816.26	3818.64	3819.78	3821.86	3822.56	3821.52	3820.20	3814.80	3801.00	3784.30	3787.74	3776.88	3778.72	3762.96	3775.18	3746.36	

*******************************************2024/09/08;16:02:43
Probe number 20
Concentration entered by User 11.30% at Temperature 30.21
1428.66	1457.66	1472.34	1497.48	1515.86	1537.20	1559.18	1588.02	1625.44	1650.98	1674.12	1702.30	1732.94	1773.86	1801.66	1849.08	
1893.78	1926.10	1956.10	1999.04	2031.90	2059.98	2103.62	2133.52	2178.76	2235.38	2287.24	2334.48	2395.64	2426.06	2437.22	2442.98	
2478.12	2573.50	2686.64	2813.16	2877.94	2952.24	3077.16	3212.04	3380.10	3577.50	3709.64	3763.80	3796.96	3811.34	3813.20	3813.70	
3811.56	3802.50	3771.46	3733.12	3689.08	3681.46	3724.34	3722.16	3637.26	3447.48	3222.98	2982.76	2853.10	2839.58	2880.82	2899.02	
2916.76	2984.54	3062.98	3192.06	3360.14	3499.78	3562.32	3613.12	3652.18	3648.90	3690.70	3756.06	3783.84	3799.60	3813.12	3816.46	
3816.32	3817.22	3816.96	3820.02	3822.30	3823.28	3822.74	3823.18	3823.64	3822.88	3820.76	3818.50	3815.78	3811.78	3811.06	3812.10	
3808.08	3797.38	3779.56	3729.02	3692.40	3696.34	3696.02	3701.40	3716.22	3671.64	3590.20	3600.02	3689.02	3750.32	3798.98	3809.20	
3816.34	3818.66	3819.82	3821.98	3822.58	3821.92	3820.32	3815.06	3801.38	3784.14	3787.82	3777.00	3778.98	3762.88	3775.32	3747.06	

*******************************************2024/09/08;16:07:43
Probe number 21
Concentration entered by User 11.29% at Temperature 30.20
1426.90	1455.58	1469.90	1494.96	1513.58	1534.78	1557.28	1586.34	1621.18	1648.16	1673.14	1700.70	1732.66	1774.76	1802.42	1847.48	
1892.06	1923.88	1955.98	1995.76	2027.56	2054.34	2098.70	2134.52	2174.04	2231.60	2284.40	2332.88	2395.20	2423.60	2433.46	2438.84	
2474.52	2574.54	2686.78	2815.98	2882.22	2955.44	3081.80	3216.16	3383.70	3579.50	3710.40	3764.50	3797.46	3811.64	3813.16	3813.44	
3811.84	3802.56	3772.20	3734.16	3691.12	3683.76	3726.16	3724.44	3640.18	3450.18	3226.22	2985.80	2855.72	2841.78	2883.22	2900.78	
2916.10	2983.12	3061.52	3191.04	3359.36	3499.24	3562.32	3613.02	3651.44	3647.66	3690.16	3755.94	3783.52	3799.64	3813.06	3816.44	
3816.22	3816.98	3816.78	3819.86	3822.26	3823.24	3822.80	3823.14	3823.68	3822.92	3820.78	3818.44	3815.80	3811.74	3811.10	3811.98	
3808.12	3797.14	3778.98	3728.68	3695.46	3698.34	3697.86	3704.20	3719.06	3676.16	3594.74	3602.76	3691.52	3751.86	3799.42	3809.40	
3816.38	3818.76	3820.00	3821.96	3822.68	3821.72	3820.34	3815.18	3801.34	3783.54	3787.44	3776.96	3778.92	3763.16	3775.94	3747.70	

*******************************************2024/09/08;16:12:43
Probe number 22
Concentration entered by User 11.26% at Temperature 30.19
1426.30	1454.64	1468.68	1494.54	1510.80	1534.38	1558.48	1587.92	1622.84	1649.02	1673.14	1701.76	1733.00	1775.34	1803.98	1850.46	
1896.42	1927.20	1956.16	1993.92	2026.06	2056.40	2100.98	2135.98	2176.96	2232.84	2288.58	2333.44	2396.16	2425.90	2436.82	2443.76	
2480.58	2577.34	2692.58	2820.98	2885.18	2960.90	3088.34	3222.04	3389.30	3584.76	3713.12	3765.80	3798.06	3811.90	3813.62	3813.92	
3812.30	3803.32	3773.48	3737.20	3695.04	3688.18	3729.14	3727.02	3644.38	3453.08	3228.56	2990.10	2861.40	2845.36	2885.42	2901.50	
2919.00	2985.42	3063.72	3193.82	3360.88	3500.62	3562.18	3612.90	3650.04	3646.36	3689.56	3755.44	3783.28	3799.66	3812.92	3816.26	
3816.10	3817.16	3816.68	3819.96	3822.28	3823.24	3822.82	3823.20	3823.84	3822.98	3820.82	3818.54	3815.78	3811.62	3810.94	3811.94	
3807.88	3797.20	3778.76	3729.10	3695.38	3697.24	3697.68	3705.98	3722.30	3682.18	3600.48	3607.34	3694.38	3754.66	3800.30	3809.98	
3816.72	3819.06	3820.06	3822.16	3822.82	3822.08	3820.46	3815.54	3802.28	3785.52	3789.26	3778.66	3780.24	3764.80	3777.38	3749.62	

*******************************************2024/09/08;16:17:43
Probe number 23
Concentration entered by User 11.24% at Temperature 30.17
1424.88	1453.66	1468.64	1493.46	1510.20	1533.36	1557.76	1588.76	1622.28	1647.00	1670.84	1699.22	1730.38	1774.66	1803.10	1847.30	
1895.20	1926.50	1954.06	1993.44	2026.54	2057.62	2103.82	2135.18	2177.38	2232.80	2291.76	2331.60	2395.58	2430.40	2442.78	2444.50	
2486.00	2586.52	2703.16	2833.00	2895.26	2968.96	3094.58	3229.24	3394.56	3587.80	3716.22	3767.18	3799.02	3812.32	3813.86	3814.14	
3812.52	3803.74	3774.98	3738.98	3697.80	3691.58	3733.10	3730.30	3648.26	3458.84	3232.26	2992.96	2864.52	2847.78	2887.90	2905.68	
2922.98	2988.30	3067.38	3196.38	3361.00	3500.46	3562.62	3613.50	3650.56	3646.12	3689.16	3755.68	3783.58	3799.74	3812.88	3816.28	
3816.12	3817.10	3816.62	3819.86	3822.32	3823.26	3822.92	3823.30	3823.80	3823.06	3820.96	3818.70	3815.90	3811.52	3810.90	3811.92	
3808.12	3797.38	3779.12	3730.64	3694.84	3697.60	3700.90	3709.32	3726.88	3687.54	3606.70	3614.46	3698.06	3757.14	3801.04	3810.36	
3816.92	3819.20	3820.22	3822.24	3822.76	3822.04	3820.64	3815.70	3802.94	3786.84	3790.40	3780.32	3781.38	3766.02	3777.84	3751.00	

*******************************************2024/09/08;16:22:43
Probe number 24
Concentration entered by User 11.23% at Temperature 30.15
1425.32	1453.66	1469.04	1493.32	1510.08	1532.22	1555.08	1585.74	1621.20	1646.90	1671.26	1697.88	1730.90	1774.30	1801.70	1845.26	
1893.58	1925.24	1952.40	1994.24	2030.16	2063.52	2109.78	2137.22	2180.42	2234.68	2290.74	2335.06	2403.22	2433.90	2442.32	2445.28	
2486.58	2591.22	2711.34	2839.88	2899.02	2972.30	3101.26	3232.76	3395.56	3590.14	3717.82	3768.78	3799.80	3812.54	3814.04	3814.26	
3812.72	3804.12	3775.66	3740.52	3699.60	3694.46	3736.50	3733.68	3651.18	3462.20	3236.40	2996.62	2867.96	2851.98	2891.58	2908.54	
2925.80	2992.06	3070.82	3200.00	3364.58	3502.66	3563.96	3614.26	3650.28	3646.98	3689.76	3756.28	3783.70	3799.48	3812.80	3816.22	
3816.06	3817.12	3816.76	3819.96	3822.38	3823.32	3822.92	3823.32	3823.74	3823.10	3820.96	3818.80	3816.30	3812.02	3811.06	3812.24	
3808.20	3797.48	3779.52	3731.76	3695.68	3701.22	3705.34	3714.62	3730.54	3691.74	3610.68	3618.24	3700.98	3758.80	3801.58	3810.66	
3817.14	3819.30	3820.36	3822.36	3823.02	3822.18	3820.74	3815.92	3803.22	3787.36	3791.30	3780.98	3782.44	3767.18	3778.52	3751.74	

*******************************************2024/09/08;16:27:43
Probe number 25
Concentration entered by User 11.22% at Temperature 30.12
1425.52	1453.04	1468.46	1493.90	1510.00	1532.32	1554.62	1586.08	1621.20	1647.38	1670.68	1696.42	1729.50	1773.92	1801.84	1845.58	
1893.20	1926.70	1951.84	1993.64	2030.00	2061.44	2108.98	2137.72	2182.94	2235.48	2289.18	2336.76	2406.38	2440.54	2447.70	2448.32	
2490.00	2596.28	2718.36	2847.22	2904.24	2977.36	3103.02	3234.52	3399.22	3593.06	3719.66	3770.16	3800.68	3812.84	3814.10	3814.52	
3812.88	3804.18	3776.02	3741.80	3702.16	3697.36	3738.42	3735.18	3653.22	3466.12	3239.52	2999.84	2871.64	2855.94	2894.70	2910.86	
2927.96	2993.24	3071.12	3199.54	3364.90	3503.14	3565.08	3614.16	3651.00	3647.22	3689.46	3755.98	3783.72	3799.54	3812.86	3816.38	
3816.12	3817.26	3816.70	3820.06	3822.42	3823.36	3822.96	3823.44	3823.80	3823.06	3821.04	3818.92	3816.22	3812.18	3811.20	3812.36	
3808.48	3798.20	3780.08	3733.08	3698.08	3702.66	3708.08	3718.68	3733.38	3696.18	3616.90	3622.08	3704.12	3760.96	3802.36	3811.22	
3817.32	3819.50	3820.48	3822.38	3823.06	3822.22	3820.88	3816.28	3803.58	3787.80	3791.64	3781.46	3783.32	3768.52	3779.36	3753.02	

*******************************************2024/09/08;16:32:43
Probe number 26
Concentration entered by User 11.21% at Temperature 30.10
1424.88	1451.86	1467.26	1492.56	1508.92	1530.94	1552.92	1584.50	1620.48	1646.02	1669.26	1696.06	1729.68	1772.74	1802.60	1845.00	
1892.66	1925.10	1951.42	1996.10	2032.28	2061.58	2109.06	2137.28	2181.54	2236.78	2289.22	2332.80	2407.10	2441.82	2452.26	2456.90	
2494.68	2597.06	2720.36	2849.66	2908.52	2980.04	3104.98	3235.90	3402.08	3595.38	3721.34	3770.94	3800.82	3812.90	3814.10	3814.52	
3813.06	3804.82	3777.12	3742.60	3703.96	3699.62	3739.88	3737.02	3657.06	3471.54	3246.02	3003.48	2874.70	2858.90	2897.38	2912.96	
2930.08	2994.72	3072.02	3200.54	3366.72	3505.86	3567.06	3614.62	3651.82	3648.12	3690.38	3756.18	3783.78	3799.70	3812.94	3816.36	
3816.32	3817.04	3816.76	3820.02	3822.40	3823.38	3823.02	3823.18	3823.80	3823.10	3821.08	3818.78	3816.28	3812.12	3811.30	3812.20	
3808.94	3798.62	3780.20	3733.18	3699.16	3703.78	3709.66	3721.60	3736.54	3699.42	3622.86	3626.28	3706.78	3762.74	3803.14	3811.44	
3817.48	3819.50	3820.44	3822.42	3823.16	3822.10	3820.94	3816.38	3804.00	3787.68	3792.12	3782.16	3784.42	3769.74	3780.40	3753.70	

*******************************************2024/09/08;16:37:43
Probe number 27
Concentration entered by User 11.19% at Temperature 30.07
1424.42	1451.86	1467.98	1493.78	1509.78	1531.62	1553.02	1584.48	1621.22	1646.88	1670.18	1697.20	1729.84	1773.02	1803.48	1844.86	
1892.92	1924.24	1951.08	1995.88	2031.26	2063.52	2112.18	2138.86	2186.20	2240.92	2294.12	2335.10	2409.54	2444.66	2453.88	2460.22	
2497.82	2602.42	2726.06	2854.86	2913.26	2985.18	3110.38	3240.76	3405.38	3598.16	3723.10	3771.58	3801.28	3812.94	3814.42	3814.78	
3813.52	3805.30	3777.88	3744.98	3707.66	3703.94	3743.16	3739.88	3661.28	3479.72	3255.00	3008.40	2878.86	2864.78	2903.12	2916.00	
2932.22	2998.06	3075.20	3204.58	3369.80	3508.70	3568.66	3616.52	3652.12	3648.94	3691.42	3756.44	3783.76	3799.88	3813.20	3816.52	
3816.40	3817.28	3816.92	3820.16	3822.52	3823.52	3823.10	3823.40	3823.94	3823.14	3821.20	3818.82	3816.34	3812.32	3811.52	3812.34	
3808.94	3798.86	3781.12	3735.10	3699.70	3705.22	3712.38	3724.80	3740.00	3705.00	3629.82	3631.66	3709.68	3764.86	3804.08	3812.06	
3817.84	3819.76	3820.66	3822.66	3823.30	3822.36	3821.10	3816.72	3804.62	3788.76	3792.52	3782.96	3785.04	3771.36	3781.60	3754.98	

*******************************************2024/09/08;16:42:43
Probe number 28
Concentration entered by User 11.17% at Temperature 30.05
1424.32	1452.14	1467.54	1492.16	1508.10	1529.20	1552.08	1583.92	1619.90	1646.52	1669.74	1697.64	1729.88	1773.60	1804.16	1845.92	
1892.18	1923.68	1952.04	1995.22	2034.70	2066.94	2114.66	2139.46	2184.90	2239.40	2293.58	2341.34	2412.38	2442.80	2454.44	2463.52	
2501.54	2607.64	2728.10	2855.38	2917.70	2991.00	3117.84	3245.80	3410.10	3603.26	3725.16	3772.86	3801.90	3813.40	3814.56	3814.82	
3813.84	3805.86	3779.04	3746.12	3709.24	3705.96	3745.04	3741.88	3664.72	3485.94	3260.24	3013.44	2882.46	2867.08	2904.90	2919.26	
2936.74	2999.84	3077.12	3207.12	3371.08	3508.68	3569.02	3616.74	3653.04	3650.26	3691.90	3756.72	3783.94	3799.82	3813.14	3816.60	
3816.40	3817.36	3816.88	3820.16	3822.46	3823.46	3823.12	3823.48	3823.94	3823.24	3821.24	3818.92	3816.48	3812.38	3811.28	3812.44	
3809.16	3799.14	3781.86	3735.02	3701.92	3707.76	3714.74	3727.58	3742.74	3709.52	3635.46	3637.00	3712.52	3767.36	3804.82	3812.46	
3817.92	3820.00	3820.76	3822.74	3823.34	3822.46	3821.28	3816.80	3805.14	3789.54	3792.92	3783.82	3785.70	3772.60	3782.54	3756.48	

*******************************************2024/09/08;16:47:43
Probe number 29
Concentration entered by User 11.16% at Temperature 30.02
1424.92	1452.14	1468.20	1492.22	1508.34	1530.04	1552.96	1584.22	1621.08	1648.94	1672.58	1698.64	1731.66	1775.86	1805.32	1846.26	
1893.04	1924.96	1954.22	1996.40	2033.50	2068.06	2116.76	2141.20	2183.60	2237.78	2291.48	2341.60	2415.28	2442.66	2454.34	2464.26	
2505.24	2612.18	2731.42	2860.22	2920.22	2996.94	3124.58	3250.94	3411.66	3604.38	3726.66	3774.10	3802.46	3813.60	3815.00	3815.40	
3814.26	3806.10	3780.10	3747.66	3710.80	3707.16	3746.74	3743.84	3667.98	3492.52	3267.70	3019.16	2886.60	2870.72	2907.12	2922.66	
2939.64	3002.10	3078.96	3209.78	3373.02	3510.68	3569.84	3618.02	3654.10	3651.24	3692.68	3756.92	3784.08	3800.02	3813.46	3816.58	
3816.46	3817.44	3816.94	3820.16	3822.60	3823.60	3823.14	3823.60	3824.00	3823.26	3821.14	3819.04	3816.48	3812.42	3811.44	3812.72	
3809.22	3799.56	3782.52	3735.54	3703.88	3710.06	3716.96	3731.14	3746.16	3713.80	3641.82	3641.74	3715.42	3769.64	3805.44	3812.72	
3818.10	3820.10	3820.84	3822.84	3823.44	3822.56	3821.30	3817.02	3805.54	3790.18	3793.84	3784.66	3786.42	3773.28	3783.38	3757.24	

*******************************************2024/09/08;16:52:43
Probe number 30
Concentration entered by User 11.14% at Temperature 29.99
1425.84	1452.70	1467.70	1493.16	1509.96	1531.34	1553.22	1583.58	1620.64	1648.24	1671.54	1699.20	1731.20	1775.88	1804.70	1844.84	
1893.32	1927.04	1955.30	1996.32	2034.04	2071.80	2117.56	2141.80	2187.86	2239.70	2295.46	2342.96	2415.48	2440.20	2454.42	2464.72	
2506.74	2614.54	2735.28	2865.60	2925.20	3003.36	3130.88	3255.10	3415.42	3607.30	3728.66	3775.34	3803.00	3813.68	3815.12	3815.58	
3814.24	3806.54	3780.48	3749.18	3713.96	3710.64	3748.78	3746.68	3671.24	3498.48	3273.46	3025.48	2892.12	2873.94	2910.50	2927.04	
2942.30	3005.84	3082.68	3212.92	3375.36	3511.36	3569.86	3618.90	3654.96	3652.24	3692.84	3756.68	3784.18	3800.22	3813.34	3816.64	
3816.54	3817.32	3816.98	3820.12	3822.64	3823.52	3823.08	3823.62	3823.98	3823.26	3821.24	3819.14	3816.56	3812.54	3811.60	3812.82	
3809.40	3799.84	3783.32	3738.12	3706.42	3712.10	3718.92	3732.42	3748.56	3717.54	3647.38	3645.06	3717.06	3771.04	3806.14	3813.00	
3818.26	3820.18	3820.78	3822.70	3823.40	3822.50	3821.36	3817.06	3805.78	3790.44	3794.54	3785.48	3787.16	3774.02	3783.68	3758.44	

*******************************************2024/09/08;16:57:43
Probe number 31
Concentration entered by User 11.13% at Temperature 29.96
1425.28	1451.58	1468.04	1493.16	1509.14	1530.82	1553.20	1583.10	1620.16	1647.80	1671.42	1698.54	1729.52	1775.28	1806.72	1846.64	
1892.76	1927.66	1957.72	1996.58	2033.42	2070.24	2115.22	2141.72	2188.58	2242.16	2299.30	2346.96	2416.52	2443.00	2458.88	2467.84	
2509.64	2617.98	2740.04	2870.52	2929.24	3008.02	3137.66	3259.88	3420.30	3609.60	3729.72	3775.78	3803.30	3813.88	3815.28	3815.64	
3814.62	3807.02	3781.26	3749.98	3715.62	3712.92	3750.84	3748.90	3674.98	3503.60	3280.26	3031.84	2897.62	2878.68	2915.92	2932.48	
2946.22	3008.20	3084.86	3215.36	3376.22	3510.84	3570.16	3618.84	3655.54	3652.88	3693.24	3757.24	3784.42	3800.64	3813.60	3816.82	
3816.64	3817.52	3817.06	3820.16	3822.58	3823.58	3823.22	3823.62	3824.10	3823.30	3821.32	3819.20	3816.82	3812.80	3811.74	3812.76	
3809.70	3799.90	3784.06	3740.60	3708.94	3713.96	3721.62	3736.16	3752.38	3722.46	3652.64	3650.80	3720.14	3773.42	3806.78	3813.32	
3818.48	3820.34	3820.98	3822.86	3823.48	3822.62	3821.46	3817.24	3805.90	3791.14	3795.22	3786.20	3787.84	3774.72	3784.84	3759.56	

*******************************************2024/09/08;17:02:43
Probe number 32
Concentration entered by User 11.12% at Temperature 29.93
1423.84	1450.40	1466.56	1492.12	1508.82	1531.36	1554.28	1585.04	1622.08	1648.72	1670.94	1698.34	1729.84	1776.30	1806.42	1846.96	
1892.42	1927.30	1958.36	1995.24	2031.60	2071.70	2118.58	2143.94	2192.18	2244.28	2298.74	2348.68	2416.58	2444.30	2460.14	2470.30	
2513.58	2623.10	2744.66	2876.10	2936.66	3015.26	3142.44	3263.00	3423.44	3611.88	3731.00	3776.36	3803.76	3814.10	3815.40	3815.94	
3814.98	3807.48	3781.94	3751.40	3717.74	3715.68	3753.06	3751.22	3678.88	3509.34	3287.58	3038.96	2903.16	2883.44	2918.64	2934.74	
2948.28	3010.30	3087.20	3217.02	3378.70	3512.74	3572.18	3621.70	3657.52	3654.36	3694.54	3757.88	3784.72	3800.76	3813.78	3816.80	
3816.62	3817.52	3817.06	3820.22	3822.74	3823.68	3823.22	3823.68	3824.16	3823.34	3821.30	3819.32	3816.88	3812.80	3812.02	3812.98	
3809.94	3800.26	3784.98	3742.38	3709.62	3715.10	3722.88	3738.00	3755.28	3727.66	3658.00	3656.90	3724.26	3775.54	3807.34	3813.66	
3818.74	3820.44	3821.06	3822.94	3823.64	3822.74	3821.54	3817.50	3806.14	3791.30	3795.54	3786.88	3788.42	3775.64	3785.42	3760.80	

*******************************************2024/09/08;17:07:43
Probe number 33
Concentration entered by User 11.10% at Temperature 29.91
1423.52	1450.02	1465.98	1492.66	1509.98	1532.00	1554.52	1585.40	1621.98	1648.96	1672.32	1699.14	1729.84	1775.54	1806.30	1846.78	
1893.44	1926.22	1959.38	1996.68	2032.24	2070.06	2121.06	2147.02	2192.10	2244.50	2301.18	2349.26	2419.78	2448.70	2463.52	2471.70	
2514.34	2624.60	2746.90	2877.64	2939.64	3020.70	3146.76	3267.68	3428.02	3614.88	3732.48	3777.34	3804.26	3814.46	3815.72	3815.92	
3815.22	3807.86	3782.94	3752.70	3719.48	3717.60	3755.02	3753.96	3682.98	3515.62	3293.66	3045.96	2908.22	2886.54	2922.10	2938.14	
2950.92	3011.84	3089.72	3219.60	3380.38	3513.78	3573.78	3623.18	3659.46	3655.96	3696.26	3758.24	3785.04	3800.90	3813.78	3817.00	
3816.72	3817.44	3817.20	3820.34	3822.78	3823.68	3823.24	3823.60	3824.18	3823.42	3821.48	3819.26	3816.90	3812.98	3812.12	3813.34	
3809.94	3800.52	3786.00	3743.92	3710.36	3716.52	3725.34	3741.48	3759.62	3732.36	3664.92	3662.30	3727.98	3777.38	3807.96	3813.96	
3818.82	3820.64	3821.22	3823.10	3823.68	3822.70	3821.66	3817.64	3806.46	3791.76	3796.02	3787.08	3788.78	3776.42	3785.88	3761.34	

*******************************************2024/09/08;17:12:43
Probe number 34
Concentration entered by User 11.09% at Temperature 29.87
1423.42	1449.92	1466.38	1492.80	1509.40	1532.46	1555.62	1585.96	1621.44	1647.82	1671.38	1699.22	1729.36	1776.28	1805.46	1846.06	
1892.52	1926.22	1959.34	2000.16	2034.84	2071.96	2123.34	2150.46	2194.74	2243.08	2299.80	2351.46	2423.22	2449.62	2464.88	2470.38	
2514.10	2628.70	2752.02	2882.14	2944.74	3027.56	3150.06	3269.58	3430.46	3617.18	3733.66	3778.48	3804.72	3814.74	3815.84	3816.24	
3815.44	3808.48	3783.68	3753.92	3721.66	3720.44	3756.60	3755.72	3686.74	3521.16	3299.26	3050.26	2912.34	2889.40	2925.04	2940.50	
2952.50	3014.86	3092.18	3222.64	3381.70	3515.48	3575.82	3624.58	3661.02	3657.60	3697.08	3758.58	3785.10	3801.36	3813.94	3816.90	
3816.68	3817.62	3817.08	3820.26	3822.74	3823.82	3823.26	3823.78	3824.10	3823.38	3821.48	3819.42	3817.00	3813.22	3812.32	3813.44	
3810.20	3800.72	3786.62	3744.94	3712.50	3718.96	3727.22	3744.28	3761.98	3735.44	3668.90	3665.80	3729.62	3778.62	3808.22	3814.26	
3818.94	3820.64	3821.26	3823.10	3823.74	3822.86	3821.64	3817.74	3806.96	3792.20	3796.24	3787.68	3789.16	3777.10	3786.72	3762.68	

*******************************************2024/09/08;17:17:43
Probe number 35
Concentration entered by User 11.08% at Temperature 29.85
1423.20	1450.10	1466.88	1493.48	1509.36	1531.94	1555.38	1585.38	1621.60	1647.94	1671.34	1698.28	1728.18	1775.32	1805.02	1844.94	
1891.84	1929.52	1962.74	2002.34	2036.14	2070.42	2124.14	2152.80	2195.80	2244.98	2294.94	2350.10	2424.84	2452.32	2465.72	2473.48	
2517.14	2632.54	2757.14	2888.14	2952.84	3032.56	3154.14	3273.64	3433.44	3618.72	3734.60	3778.64	3804.78	3814.80	3815.98	3816.34	
3815.62	3808.70	3784.56	3755.54	3723.26	3722.72	3758.72	3757.92	3689.84	3525.06	3303.16	3055.34	2916.90	2894.30	2929.84	2943.32	
2954.38	3014.52	3092.54	3223.14	3382.58	3516.40	3576.62	3625.36	3661.38	3658.84	3698.18	3759.22	3785.40	3801.48	3814.02	3816.96	
3816.78	3817.72	3817.16	3820.28	3822.80	3823.74	3823.20	3823.72	3824.22	3823.52	3821.50	3819.56	3817.14	3813.22	3812.40	3813.58	
3810.46	3801.24	3786.92	3745.44	3714.34	3721.18	3729.64	3747.30	3763.90	3738.42	3672.74	3668.34	3730.92	3779.52	3808.36	3814.60	
3819.04	3820.80	3821.24	3823.16	3823.72	3822.92	3821.80	3817.86	3807.12	3792.56	3796.54	3788.34	3789.68	3777.76	3787.40	3763.46	

*******************************************2024/09/08;17:22:43
Probe number 36
Concentration entered by User 11.07% at Temperature 29.82
1423.72	1450.76	1466.58	1494.16	1509.78	1531.66	1555.10	1585.68	1622.68	1648.90	1673.32	1699.80	1728.88	1774.98	1804.62	1847.02	
1894.90	1930.48	1962.42	2001.64	2034.26	2069.46	2124.12	2151.54	2195.44	2243.84	2295.62	2354.12	2428.62	2454.66	2468.08	2477.08	
2523.62	2638.40	2765.06	2894.82	2955.88	3033.50	3156.38	3277.02	3436.02	3620.78	3735.30	3779.10	3805.12	3815.04	3816.10	3816.52	
3815.68	3809.36	3785.40	3756.82	3725.34	3726.24	3761.64	3760.96	3693.50	3528.94	3307.00	3059.46	2922.00	2897.38	2932.14	2946.00	
2956.88	3018.18	3095.94	3225.60	3384.36	3517.90	3578.60	3627.08	3662.86	3660.18	3698.66	3759.36	3785.74	3801.72	3814.00	3816.98	
3816.82	3817.66	3817.20	3820.42	3822.80	3823.82	3823.28	3823.80	3824.16	3823.60	3821.56	3819.54	3817.22	3813.42	3812.58	3813.74	
3810.62	3801.76	3787.10	3745.46	3717.04	3723.60	3731.56	3750.04	3765.50	3740.64	3677.76	3671.98	3732.78	3780.80	3808.88	3814.58	
3819.12	3820.82	3821.32	3823.22	3823.94	3823.00	3821.70	3817.98	3807.60	3793.26	3797.22	3788.80	3790.48	3778.70	3787.88	3764.08	

*******************************************2024/09/08;17:27:43
Probe number 37
Concentration entered by User 11.06% at Temperature 29.80
1423.62	1449.84	1465.86	1493.46	1509.36	1532.42	1556.34	1586.56	1622.02	1649.02	1673.12	1699.30	1729.30	1773.80	1804.14	1845.14	
1894.12	1928.96	1961.80	2003.48	2035.90	2071.58	2124.50	2151.92	2195.18	2243.00	2296.18	2352.76	2427.34	2454.94	2467.76	2479.06	
2529.64	2645.00	2770.18	2900.10	2960.38	3037.28	3158.96	3278.10	3438.22	3622.32	3736.28	3779.98	3805.50	3814.92	3816.10	3816.64	
3815.84	3809.56	3786.08	3757.74	3727.30	3728.90	3764.20	3762.80	3696.74	3532.70	3312.58	3063.52	2924.32	2900.50	2935.62	2948.30	
2958.44	3019.40	3097.60	3225.68	3384.04	3518.32	3580.10	3627.86	3663.20	3660.80	3699.00	3759.68	3786.00	3801.74	3814.18	3817.02	
3816.84	3817.82	3817.26	3820.36	3822.80	3823.84	3823.38	3823.78	3824.22	3823.50	3821.56	3819.60	3817.24	3813.34	3812.76	3814.02	
3810.90	3802.14	3787.82	3745.60	3719.08	3724.88	3733.60	3752.02	3766.84	3743.40	3683.00	3675.32	3734.64	3782.10	3809.36	3814.88	
3819.30	3820.90	3821.46	3823.32	3823.92	3823.10	3821.90	3817.98	3807.60	3793.94	3797.78	3789.66	3791.00	3779.38	3788.52	3764.76	

*******************************************2024/09/08;17:32:43
Probe number 38
Concentration entered by User 11.05% at Temperature 29.77
1422.02	1449.08	1465.28	1492.68	1509.30	1531.82	1556.54	1586.12	1621.40	1648.88	1674.52	1700.80	1729.54	1774.72	1805.42	1846.44	
1894.84	1929.40	1962.62	2003.30	2034.88	2071.52	2123.94	2153.42	2200.30	2248.26	2299.02	2354.58	2426.08	2451.90	2465.58	2483.96	
2534.72	2650.92	2775.04	2904.20	2963.48	3039.92	3163.00	3281.80	3440.72	3623.36	3737.02	3780.52	3805.90	3815.16	3816.38	3816.58	
3816.02	3809.92	3786.96	3758.98	3729.36	3731.40	3766.66	3764.74	3698.80	3536.14	3317.48	3067.34	2926.96	2903.00	2937.30	2949.62	
2960.44	3021.74	3099.92	3228.60	3385.60	3518.62	3581.02	3628.20	3664.52	3660.96	3699.02	3759.88	3785.88	3801.94	3814.32	3817.02	
3816.86	3817.78	3817.26	3820.46	3822.84	3823.80	3823.38	3823.72	3824.22	3823.62	3821.74	3819.54	3817.34	3813.64	3812.80	3813.94	
3811.14	3802.66	3788.60	3747.34	3720.84	3726.76	3735.42	3754.20	3768.88	3746.04	3687.26	3677.98	3736.48	3783.28	3809.86	3814.96	
3819.40	3821.06	3821.60	3823.42	3823.90	3823.02	3821.88	3818.02	3807.88	3793.90	3798.20	3790.34	3791.36	3780.00	3788.98	3765.34	

*******************************************2024/09/08;17:37:43
Probe number 39
Concentration entered by User 11.04% at Temperature 29.75
1422.48	1448.70	1464.24	1492.02	1510.00	1532.44	1556.14	1586.00	1620.92	1650.04	1674.84	1700.06	1728.06	1772.06	1803.18	1845.78	
1895.06	1928.84	1963.08	2003.66	2035.72	2074.10	2124.42	2154.60	2199.00	2247.74	2300.52	2354.64	2426.22	2455.20	2469.12	2488.68	
2539.26	2654.42	2775.76	2903.76	2966.22	3044.42	3167.98	3288.84	3444.86	3625.26	3737.82	3781.22	3806.02	3815.18	3816.40	3816.88	
3816.24	3810.06	3787.86	3760.72	3732.32	3735.04	3769.22	3767.52	3703.98	3544.06	3324.28	3073.72	2932.34	2909.10	2943.48	2953.58	
2962.04	3021.92	3101.34	3228.92	3385.76	3520.46	3582.80	3631.02	3666.60	3662.96	3700.68	3760.46	3786.44	3802.34	3814.46	3817.18	
3816.96	3817.94	3817.42	3820.48	3822.88	3823.96	3823.46	3823.86	3824.34	3823.72	3821.82	3819.72	3817.48	3813.78	3812.86	3814.12	
3811.36	3803.44	3789.64	3748.76	3723.02	3728.84	3737.52	3756.58	3771.56	3749.98	3692.20	3681.58	3738.52	3784.72	3810.52	3815.24	
3819.66	3821.18	3821.58	3823.40	3824.08	3823.32	3822.00	3818.28	3808.22	3794.72	3798.70	3790.92	3791.46	3780.84	3789.82	3766.26	

*******************************************2024/09/08;17:42:43
Probe number 40
Concentration entered by User 11.02% at Temperature 29.72
1422.76	1448.60	1464.16	1491.90	1510.22	1532.68	1555.60	1585.22	1621.32	1650.80	1675.40	1700.12	1728.92	1770.94	1801.94	1842.82	
1891.24	1926.18	1962.94	2001.50	2032.76	2074.00	2124.30	2156.40	2201.50	2250.20	2299.64	2354.78	2427.78	2459.10	2472.48	2490.54	
2543.38	2660.04	2779.50	2908.42	2970.44	3047.06	3171.94	3292.16	3448.44	3627.42	3738.92	3781.72	3806.36	3815.32	3816.52	3816.90	
3816.32	3810.40	3788.30	3761.34	3734.40	3737.52	3770.76	3769.38	3706.80	3548.78	3328.34	3076.74	2935.74	2912.20	2946.06	2955.88	
2963.22	3022.82	3102.50	3230.52	3386.78	3520.80	3583.62	3632.22	3667.58	3663.80	3701.08	3760.74	3786.68	3802.32	3814.48	3817.24	
3817.06	3817.88	3817.46	3820.56	3823.04	3823.86	3823.54	3823.80	3824.42	3823.88	3821.88	3819.70	3817.60	3813.92	3813.08	3814.24	
3811.50	3803.78	3790.52	3750.08	3723.48	3730.16	3739.32	3758.80	3773.88	3753.20	3695.84	3685.54	3740.72	3786.12	3810.96	3815.44	
3819.62	3821.26	3821.58	3823.52	3824.04	3823.12	3822.02	3818.36	3808.46	3794.82	3799.08	3791.20	3792.10	3781.40	3790.52	3767.20	

*******************************************2024/09/08;17:47:43
Probe number 41
Concentration entered by User 11.01% at Temperature 29.69
1423.10	1449.32	1464.14	1492.14	1510.18	1532.50	1556.02	1585.80	1621.44	1650.66	1675.02	1700.38	1727.12	1769.96	1800.28	1841.94	
1891.24	1928.06	1963.12	2004.46	2034.98	2075.52	2128.22	2160.90	2203.82	2251.58	2301.82	2355.90	2425.56	2461.50	2476.32	2493.12	
2545.78	2662.86	2784.44	2913.62	2974.72	3050.48	3176.94	3295.44	3449.76	3629.78	3739.82	3782.24	3806.56	3815.58	3816.60	3817.00	
3816.48	3810.78	3789.06	3762.86	3736.30	3739.22	3771.90	3770.92	3709.76	3553.22	3333.26	3081.62	2939.90	2915.74	2950.18	2960.42	
2967.82	3026.92	3105.64	3233.96	3388.80	3522.62	3585.94	3634.04	3668.74	3664.98	3702.44	3761.24	3786.98	3802.54	3814.64	3817.20	
3817.02	3818.02	3817.54	3820.64	3823.08	3824.02	3823.44	3824.06	3824.50	3823.86	3821.90	3819.92	3817.78	3814.02	3813.28	3814.42	
3811.90	3804.56	3790.78	3750.62	3724.16	3731.50	3740.74	3760.44	3776.60	3756.44	3700.86	3690.50	3743.22	3787.66	3811.40	3815.90	
3819.84	3821.42	3821.80	3823.50	3824.10	3823.26	3822.10	3818.54	3808.72	3795.26	3799.32	3791.78	3792.74	3782.46	3791.12	3768.18	

*******************************************2024/09/08;17:52:43
Probe number 42
Concentration entered by User 11.00% at Temperature 29.67
1423.44	1449.48	1465.16	1492.40	1511.28	1533.70	1556.76	1585.18	1620.22	1648.42	1673.60	1700.30	1727.74	1770.70	1800.14	1842.38	
1892.92	1930.16	1963.42	2004.46	2036.74	2076.36	2128.10	2160.32	2204.26	2253.46	2306.52	2357.52	2428.40	2462.20	2476.74	2494.84	
2549.80	2667.14	2789.26	2915.58	2977.38	3056.56	3183.70	3300.24	3453.96	3631.64	3741.08	3783.00	3806.98	3815.66	3816.76	3817.28	
3816.68	3811.04	3790.02	3763.72	3737.90	3740.68	3773.22	3772.38	3712.00	3557.04	3338.86	3086.56	2943.30	2918.92	2952.36	2962.70	
2970.20	3029.72	3108.12	3235.88	3389.96	3522.80	3586.72	3635.68	3669.88	3666.34	3703.44	3762.10	3787.14	3802.70	3814.70	3817.34	
3817.08	3818.12	3817.64	3820.68	3823.08	3824.02	3823.60	3824.14	3824.40	3823.90	3821.98	3820.04	3817.90	3814.18	3813.58	3814.60	
3812.08	3804.84	3791.16	3751.32	3726.20	3733.46	3742.56	3762.60	3778.82	3759.28	3706.00	3693.84	3745.04	3789.14	3811.78	3816.10	
3819.90	3821.40	3821.84	3823.62	3824.14	3823.42	3822.30	3818.54	3808.86	3795.56	3799.84	3792.00	3793.04	3782.82	3791.86	3769.04	

*******************************************2024/09/08;17:57:43
Probe number 43
Concentration entered by User 10.98% at Temperature 29.64
1423.70	1449.38	1464.28	1492.82	1511.92	1534.80	1557.40	1585.96	1620.18	1648.58	1675.18	1701.08	1728.16	1769.98	1801.62	1842.02	
1893.90	1931.92	1964.60	2004.30	2035.18	2077.22	2129.54	2160.92	2204.44	2254.98	2306.44	2359.98	2431.44	2465.70	2478.44	2498.28	
2555.12	2670.80	2789.32	2916.66	2980.56	3062.78	3188.94	3303.60	3456.78	3634.08	3742.66	3783.94	3807.38	3815.88	3817.02	3817.26	
3816.84	3811.38	3790.62	3764.66	3739.38	3741.68	3773.66	3773.18	3714.10	3560.26	3341.78	3089.96	2946.98	2922.50	2954.54	2965.14	
2974.04	3033.18	3110.88	3238.70	3392.44	3524.58	3589.08	3637.02	3671.44	3667.22	3704.32	3762.44	3787.48	3803.06	3814.74	3817.34	
3817.08	3818.20	3817.74	3820.78	3823.10	3824.06	3823.72	3824.14	3824.46	3823.96	3822.04	3820.10	3818.06	3814.42	3813.74	3814.74	
3812.16	3805.14	3791.80	3752.46	3727.10	3735.02	3744.90	3764.56	3780.84	3761.64	3708.62	3696.56	3746.64	3789.88	3811.96	3816.20	
3820.00	3821.56	3821.92	3823.62	3824.16	3823.50	3822.26	3818.68	3808.94	3795.90	3800.20	3792.66	3793.64	3783.24	3792.12	3770.18	

*******************************************2024/09/08;18:02:43
Probe number 44
Concentration entered by User 10.98% at Temperature 29.61
1422.52	1448.76	1464.76	1492.56	1511.50	1534.62	1556.62	1585.94	1619.88	1648.96	1675.06	1700.08	1727.66	1770.22	1800.40	1840.96	
1892.86	1930.96	1963.16	2002.38	2035.50	2080.06	2132.36	2160.72	2205.64	2255.48	2306.12	2360.78	2432.32	2462.66	2476.92	2497.38	
2556.68	2670.48	2790.88	2920.78	2986.60	3067.68	3191.64	3305.34	3458.00	3634.94	3743.32	3784.34	3807.68	3815.98	3817.16	3817.44	
3816.98	3811.60	3791.30	3765.54	3740.96	3743.76	3774.88	3774.76	3716.02	3563.58	3347.28	3094.38	2949.96	2925.12	2957.54	2967.14	
2977.90	3035.60	3113.22	3241.10	3393.22	3526.02	3591.00	3638.76	3672.46	3668.20	3704.84	3763.00	3787.84	3803.12	3814.94	3817.42	
3817.26	3818.28	3817.86	3820.90	3823.16	3824.24	3823.72	3824.14	3824.62	3823.90	3822.10	3820.26	3818.06	3814.40	3813.82	3814.86	
3812.34	3805.32	3792.50	3754.20	3728.94	3736.68	3747.28	3766.80	3782.74	3763.58	3712.22	3699.32	3748.20	3790.84	3812.42	3816.48	
3820.20	3821.76	3822.06	3823.76	3824.30	3823.54	3822.38	3818.88	3809.34	3796.38	3800.78	3793.36	3794.40	3784.16	3792.58	3770.78	

*******************************************2024/09/08;18:07:43
Probe number 45
Concentration entered by User 10.97% at Temperature 29.59
1422.44	1448.22	1464.08	1492.40	1511.32	1533.96	1556.32	1584.90	1619.08	1647.48	1674.40	1699.46	1726.46	1768.90	1800.88	1841.30	
1891.96	1928.92	1962.98	2002.52	2035.92	2076.34	2132.40	2162.50	2209.06	2258.82	2310.10	2363.40	2435.30	2464.34	2478.16	2499.02	
2558.14	2672.06	2793.58	2926.26	2991.30	3073.80	3196.12	3306.92	3460.34	3636.60	3744.26	3785.36	3807.96	3816.18	3817.34	3817.50	
3816.94	3811.72	3791.70	3766.80	3742.28	3745.40	3775.96	3776.22	3717.76	3567.36	3350.64	3096.82	2953.32	2927.90	2959.52	2969.32	
2979.84	3036.80	3113.28	3241.60	3394.06	3526.46	3592.48	3639.32	3673.12	3668.04	3705.12	3763.30	3788.24	3803.20	3814.86	3817.44	
3817.30	3818.22	3817.94	3820.78	3823.18	3824.18	3823.70	3824.06	3824.54	3824.00	3822.06	3820.10	3818.08	3814.48	3813.94	3814.80	
3812.48	3805.52	3792.52	3755.24	3730.02	3737.88	3748.60	3768.96	3784.32	3765.74	3714.96	3702.26	3749.72	3791.92	3812.70	3816.44	
3820.20	3821.70	3822.08	3823.84	3824.30	3823.42	3822.38	3818.86	3809.46	3796.54	3801.00	3793.50	3794.68	3784.80	3793.00	3771.22	

*******************************************2024/09/08;18:12:43
Probe number 46
Concentration entered by User 10.95% at Temperature 29.56
1422.42	1448.98	1464.72	1492.42	1511.82	1535.46	1557.36	1585.50	1620.36	1647.12	1674.78	1701.06	1727.88	1771.26	1801.82	1842.02	
1892.70	1928.82	1962.54	2004.24	2037.30	2076.56	2131.08	2163.10	2210.54	2261.28	2309.32	2365.02	2436.48	2465.12	2480.78	2502.64	
2561.72	2674.76	2798.16	2929.60	2997.26	3079.36	3201.02	3313.24	3465.48	3638.72	3745.18	3785.90	3808.46	3816.46	3817.50	3817.72	
3817.42	3812.18	3792.46	3768.76	3744.90	3746.74	3777.36	3777.62	3721.34	3571.72	3356.44	3102.98	2956.48	2931.76	2962.78	2972.00	
2980.74	3039.10	3116.36	3245.06	3396.10	3528.42	3593.18	3639.60	3673.58	3669.02	3706.18	3763.90	3788.36	3803.42	3815.00	3817.54	
3817.26	3818.40	3817.92	3820.88	3823.22	3824.16	3823.78	3824.30	3824.68	3824.02	3822.24	3820.24	3818.24	3814.64	3813.98	3814.92	
3812.68	3806.02	3793.16	3757.14	3732.92	3739.40	3750.04	3771.02	3785.20	3768.02	3718.44	3704.76	3750.96	3792.72	3813.00	3816.68	
3820.26	3821.74	3822.06	3823.86	3824.34	3823.58	3822.42	3819.06	3809.86	3796.74	3801.12	3793.94	3794.94	3785.24	3793.66	3772.02	

*******************************************2024/09/08;18:17:43
Probe number 47
Concentration entered by User 10.94% at Temperature 29.54
1422.64	1449.16	1464.48	1492.70	1512.60	1535.18	1557.08	1585.94	1619.70	1647.42	1674.80	1700.54	1728.52	1772.44	1803.86	1843.06	
1892.18	1929.30	1964.16	2003.74	2037.96	2078.12	2132.96	2166.24	2213.24	2262.90	2311.00	2365.86	2435.52	2464.06	2484.22	2506.66	
2565.18	2679.22	2804.38	2933.82	3001.10	3083.18	3205.66	3316.46	3467.96	3640.90	3746.96	3786.60	3809.00	3816.64	3817.86	3817.90	
3817.66	3812.50	3793.12	3769.68	3746.28	3748.30	3779.02	3778.42	3722.68	3575.10	3360.92	3106.88	2960.14	2934.86	2964.80	2973.76	
2985.16	3043.78	3121.74	3248.70	3399.52	3530.74	3594.46	3640.64	3673.46	3669.80	3707.12	3764.90	3789.22	3803.76	3815.26	3817.68	
3817.68	3818.34	3818.10	3821.02	3823.48	3824.40	3823.88	3824.26	3824.66	3824.24	3822.40	3820.30	3818.36	3814.76	3814.14	3814.90	
3813.00	3806.22	3793.86	3758.44	3736.00	3741.74	3751.46	3773.08	3786.48	3770.48	3721.66	3707.42	3752.16	3793.64	3813.22	3816.90	
3820.40	3822.02	3822.26	3824.06	3824.54	3823.64	3822.74	3819.18	3810.10	3797.20	3801.76	3794.48	3795.78	3786.42	3794.38	3773.22	

*******************************************2024/09/08;18:22:43
Probe number 48
Concentration entered by User 10.92% at Temperature 29.51
1423.18	1449.44	1464.84	1492.40	1511.78	1534.88	1557.22	1586.28	1620.46	1647.88	1673.64	1700.22	1728.86	1773.02	1803.92	1843.68	
1895.34	1932.00	1964.00	2003.14	2038.78	2078.76	2131.14	2167.98	2215.00	2266.22	2311.22	2367.92	2437.84	2464.64	2486.00	2508.98	
2567.78	2683.16	2809.26	2937.56	3006.08	3087.52	3207.16	3319.38	3470.72	3642.96	3747.98	3787.18	3809.32	3816.82	3817.78	3818.20	
3817.66	3812.60	3793.66	3770.98	3748.06	3749.60	3779.76	3779.48	3724.28	3578.42	3364.00	3110.12	2964.42	2938.88	2967.96	2975.82	
2988.40	3046.24	3123.62	3251.12	3402.00	3531.94	3595.54	3640.92	3674.38	3670.16	3707.70	3765.34	3789.30	3804.22	3815.32	3817.78	
3817.58	3818.54	3818.08	3820.98	3823.36	3824.30	3823.82	3824.36	3824.76	3824.18	3822.34	3820.48	3818.48	3814.80	3814.32	3815.10	
3813.12	3806.80	3794.40	3759.88	3738.42	3744.66	3753.32	3774.78	3788.00	3772.74	3725.78	3709.76	3753.84	3794.48	3813.60	3817.08	
3820.62	3821.98	3822.42	3824.00	3824.58	3823.74	3822.54	3819.28	3810.26	3797.60	3802.28	3794.56	3796.04	3786.98	3794.98	3773.66	

*******************************************2024/09/08;18:27:43
Probe number 49
Concentration entered by User 10.91% at Temperature 29.48
1423.62	1449.92	1465.14	1492.50	1511.46	1534.64	1557.56	1586.02	1619.94	1646.72	1672.62	1700.08	1729.10	1774.40	1806.18	1845.46	
1893.92	1932.36	1963.64	2002.34	2037.92	2077.52	2133.18	2170.24	2217.46	2266.92	2317.54	2372.72	2441.08	2471.44	2489.22	2510.98	
2571.20	2688.86	2812.70	2941.00	3012.58	3093.42	3212.28	3322.52	3474.28	3645.06	3748.82	3787.26	3809.36	3816.96	3817.94	3818.32	
3817.74	3812.66	3793.48	3771.04	3748.60	3749.90	3780.60	3780.46	3725.62	3580.92	3368.28	3114.58	2968.46	2939.88	2968.46	2977.10	
2989.46	3048.96	3126.34	3252.88	3402.72	3533.42	3596.18	3641.24	3674.26	3669.98	3707.74	3765.42	3789.64	3804.36	3815.44	3817.70	
3817.54	3818.54	3818.10	3820.96	3823.34	3824.30	3823.80	3824.36	3824.78	3824.16	3822.34	3820.54	3818.58	3815.02	3814.32	3815.26	
3813.16	3807.18	3794.96	3760.76	3739.66	3746.48	3754.98	3776.32	3789.26	3775.00	3729.40	3713.00	3755.24	3795.34	3813.80	3817.28	
3820.68	3822.08	3822.34	3824.00	3824.56	3823.80	3822.50	3819.30	3810.28	3798.06	3802.60	3795.08	3796.24	3787.50	3795.44	3774.28	

*******************************************2024/09/08;18:32:43
Probe number 50
Concentration entered by User 10.90% at Temperature 29.46
1423.22	1449.20	1464.66	1492.06	1510.80	1534.64	1557.44	1586.04	1620.28	1646.04	1672.26	1700.14	1727.88	1772.70	1806.36	1844.98	
1893.92	1930.18	1962.48	2004.24	2040.80	2083.24	2137.00	2171.68	2216.80	2266.20	2314.12	2369.60	2438.54	2471.84	2491.64	2515.60	
2576.14	2693.54	2817.96	2946.48	3018.04	3096.64	3213.82	3325.00	3476.98	3647.04	3749.34	3787.98	3809.56	3817.04	3818.12	3818.42	
3818.02	3812.74	3794.16	3772.02	3750.00	3751.56	3781.56	3781.30	3726.76	3584.28	3371.58	3117.26	2970.38	2942.38	2969.26	2979.20	
2992.78	3052.34	3128.80	3254.68	3404.46	3534.96	3596.84	3641.98	3674.34	3670.78	3707.70	3765.62	3789.70	3804.44	3815.42	3817.78	
3817.66	3818.68	3818.20	3821.04	3823.36	3824.40	3823.92	3824.36	3824.70	3824.12	3822.48	3820.56	3818.60	3815.14	3814.46	3815.54	
3813.30	3807.28	3795.78	3761.82	3741.74	3748.12	3756.70	3777.90	3791.04	3777.10	3732.90	3716.44	3756.96	3796.38	3814.26	3817.44	
3820.70	3822.08	3822.34	3824.16	3824.60	3823.78	3822.68	3819.34	3810.46	3798.46	3803.04	3795.86	3796.56	3788.10	3795.78	3775.14	

*******************************************2024/09/08;18:37:43
Probe number 51
Concentration entered by User 10.89% at Temperature 29.43
1422.86	1449.24	1464.32	1491.86	1511.10	1534.54	1556.50	1585.18	1618.38	1644.62	1670.78	1699.76	1728.28	1774.22	1805.54	1844.04	
1894.40	1931.20	1962.44	2003.82	2040.80	2082.34	2137.04	2174.20	2216.36	2265.78	2315.52	2372.84	2440.78	2474.88	2493.74	2519.04	
2578.54	2696.92	2822.76	2952.28	3024.64	3102.12	3217.76	3327.46	3479.74	3649.16	3750.32	3788.30	3809.84	3817.06	3818.04	3818.48	
3818.06	3813.08	3794.74	3772.70	3751.38	3752.68	3782.36	3782.18	3728.82	3588.84	3376.80	3122.18	2973.50	2944.10	2972.42	2982.18	
2996.44	3055.80	3132.16	3257.64	3406.58	3536.54	3598.30	3643.92	3675.68	3671.38	3709.12	3766.52	3790.52	3804.82	3815.62	3817.92	
3817.72	3818.68	3818.30	3821.08	3823.42	3824.38	3824.00	3824.32	3824.78	3824.28	3822.40	3820.58	3818.68	3815.18	3814.58	3815.38	
3813.56	3807.60	3796.40	3763.02	3742.64	3749.56	3758.44	3779.48	3792.42	3779.34	3736.48	3719.00	3758.68	3797.36	3814.62	3817.68	
3820.94	3822.16	3822.48	3824.08	3824.68	3823.88	3822.74	3819.46	3810.62	3798.64	3803.38	3796.22	3797.00	3788.48	3796.14	3775.44	

*******************************************2024/09/08;18:42:43
Probe number 52
Concentration entered by User 10.88% at Temperature 29.41
1423.86	1450.54	1465.14	1491.78	1511.30	1534.68	1557.14	1584.52	1618.42	1645.90	1672.30	1701.24	1730.76	1777.02	1807.64	1844.64	
1895.84	1932.10	1962.16	2006.66	2043.72	2083.08	2136.68	2173.22	2219.22	2266.86	2316.48	2375.74	2440.10	2475.70	2494.78	2520.38	
2581.34	2698.54	2826.78	2956.16	3027.70	3104.10	3218.68	3328.98	3482.68	3650.78	3750.96	3789.16	3810.00	3817.24	3818.22	3818.40	
3818.08	3813.20	3795.16	3773.42	3752.72	3754.10	3783.36	3783.04	3731.10	3592.46	3381.50	3126.14	2975.88	2945.32	2974.08	2984.58	
2998.26	3057.84	3135.50	3262.28	3409.74	3539.32	3600.60	3645.44	3677.14	3672.56	3709.58	3766.56	3790.60	3804.96	3815.76	3818.04	
3817.76	3818.68	3818.30	3821.20	3823.52	3824.38	3824.04	3824.28	3824.94	3824.24	3822.58	3820.56	3818.76	3815.44	3814.68	3815.64	
3813.70	3807.58	3796.84	3763.74	3743.18	3750.68	3760.04	3781.00	3794.22	3781.26	3739.26	3722.58	3760.30	3798.16	3814.82	3817.70	
3820.90	3822.32	3822.58	3824.18	3824.82	3823.80	3822.84	3819.44	3810.82	3798.90	3803.82	3796.82	3797.40	3789.00	3796.78	3776.16	

*******************************************2024/09/08;18:47:43
Probe number 53
Concentration entered by User 10.87% at Temperature 29.38
1424.18	1450.00	1465.14	1492.60	1511.04	1534.16	1556.44	1584.12	1618.50	1645.10	1673.04	1703.42	1734.10	1778.18	1808.14	1845.86	
1895.56	1932.74	1964.66	2006.78	2043.02	2086.66	2139.56	2174.78	2222.10	2268.32	2317.62	2378.40	2440.64	2476.64	2498.64	2526.84	
2587.34	2702.72	2831.00	2960.06	3030.92	3106.50	3221.06	3330.72	3485.64	3651.40	3751.66	3789.72	3810.42	3817.32	3818.38	3818.68	
3818.24	3813.42	3795.58	3774.48	3753.86	3755.48	3784.22	3784.16	3733.10	3596.74	3386.12	3130.62	2978.58	2948.14	2978.10	2987.68	
3000.90	3060.22	3137.68	3264.72	3412.54	3542.44	3602.92	3647.74	3678.06	3673.16	3710.56	3766.78	3790.88	3805.10	3815.98	3818.08	
3817.80	3818.88	3818.48	3821.20	3823.58	3824.54	3824.04	3824.38	3824.96	3824.36	3822.64	3820.68	3818.80	3815.48	3814.60	3815.72	
3813.78	3808.14	3797.62	3765.44	3744.84	3751.84	3761.76	3783.14	3795.98	3783.86	3743.94	3726.34	3761.92	3799.14	3815.10	3817.98	
3820.98	3822.30	3822.50	3824.22	3824.84	3823.86	3822.94	3819.66	3811.00	3799.48	3804.18	3797.02	3798.10	3789.44	3797.08	3777.32	

*******************************************2024/09/08;18:52:43
Probe number 54
Concentration entered by User 10.86% at Temperature 29.36
1423.74	1449.06	1464.32	1492.04	1510.86	1534.96	1556.66	1584.92	1618.34	1645.94	1673.28	1703.78	1732.98	1777.76	1808.14	1845.22	
1895.26	1934.46	1965.66	2007.94	2044.94	2086.02	2138.12	2175.06	2221.98	2264.66	2316.52	2377.44	2441.28	2480.16	2501.42	2530.14	
2590.30	2705.16	2836.32	2965.12	3035.02	3109.58	3224.16	3334.14	3488.00	3653.02	3752.04	3790.12	3810.82	3817.54	3818.54	3818.76	
3818.40	3813.76	3796.10	3775.40	3755.16	3757.10	3784.98	3785.20	3735.20	3600.04	3389.72	3133.10	2980.66	2950.22	2979.30	2989.20	
3003.98	3062.14	3139.02	3266.46	3414.14	3543.38	3605.00	3649.02	3679.68	3674.50	3711.10	3767.06	3791.00	3805.24	3816.06	3818.16	
3817.96	3818.92	3818.56	3821.34	3823.62	3824.62	3824.10	3824.44	3824.94	3824.40	3822.74	3820.72	3818.88	3815.70	3814.84	3815.78	
3814.02	3808.44	3798.30	3766.26	3745.48	3752.16	3762.86	3784.60	3797.12	3785.92	3747.42	3729.80	3763.70	3800.12	3815.30	3818.04	
3821.12	3822.50	3822.74	3824.36	3824.88	3823.90	3822.90	3819.76	3811.40	3799.94	3804.62	3797.76	3798.52	3790.08	3797.80	3778.12	

*******************************************2024/09/08;18:57:43
Probe number 55
Concentration entered by User 10.85% at Temperature 29.33
1423.38	1449.20	1464.92	1491.84	1510.10	1534.68	1557.46	1585.14	1618.56	1645.78	1672.12	1702.12	1732.22	1776.06	1806.08	1843.56	
1892.04	1931.18	1966.00	2007.06	2045.16	2089.56	2140.72	2173.86	2221.26	2266.64	2318.96	2376.98	2443.16	2481.46	2503.34	2533.72	
2593.50	2709.12	2839.92	2969.02	3037.90	3113.16	3226.72	3337.94	3491.18	3655.06	3752.92	3790.74	3810.88	3817.62	3818.54	3818.88	
3818.44	3813.92	3796.56	3776.04	3755.08	3758.22	3786.12	3786.06	3736.76	3602.92	3394.54	3138.76	2985.80	2952.54	2981.24	2991.26	
3005.26	3064.44	3141.28	3267.78	3415.52	3543.68	3604.86	3650.38	3681.04	3676.02	3712.26	3767.56	3791.24	3805.52	3816.06	3818.30	
3818.00	3819.00	3818.70	3821.40	3823.56	3824.56	3824.18	3824.56	3824.90	3824.46	3822.68	3820.86	3819.14	3815.64	3814.94	3815.90	
3814.04	3808.96	3798.86	3767.46	3746.34	3752.64	3763.64	3785.94	3798.00	3787.66	3750.52	3733.22	3765.72	3800.94	3815.56	3818.26	
3821.20	3822.48	3822.74	3824.28	3824.92	3824.08	3822.96	3819.78	3811.50	3800.44	3805.20	3798.26	3798.92	3790.84	3798.36	3778.82	

*******************************************2024/09/08;19:02:43
Probe number 56
Concentration entered by User 10.84% at Temperature 29.30
1424.36	1450.52	1465.16	1490.44	1509.94	1534.58	1557.02	1584.28	1617.78	1645.38	1672.58	1702.00	1731.38	1774.46	1806.18	1844.40	
1893.30	1932.52	1964.80	2006.60	2044.40	2089.94	2141.76	2176.42	2225.02	2267.08	2319.04	2380.48	2445.88	2484.30	2505.80	2535.30	
2597.36	2714.92	2844.58	2970.94	3042.42	3118.06	3230.58	3339.76	3493.28	3656.60	3754.20	3791.58	3811.34	3817.78	3818.60	3819.02	
3818.58	3814.04	3797.16	3777.20	3757.84	3760.56	3787.36	3787.30	3739.00	3606.26	3397.78	3142.44	2988.92	2955.84	2984.44	2993.58	
3008.22	3067.46	3143.54	3270.14	3416.66	3544.70	3606.42	3651.30	3681.68	3676.52	3712.74	3768.28	3791.68	3805.78	3816.20	3818.44	
3818.20	3819.02	3818.72	3821.36	3823.62	3824.62	3824.18	3824.58	3825.02	3824.52	3822.74	3820.90	3819.20	3815.80	3814.98	3816.04	
3814.22	3809.28	3799.36	3768.88	3747.64	3754.08	3764.86	3787.10	3798.84	3788.90	3753.38	3735.70	3766.90	3801.94	3815.92	3818.44	
3821.32	3822.54	3822.76	3824.38	3824.98	3824.08	3823.12	3819.90	3811.58	3800.72	3805.50	3798.62	3799.20	3791.44	3798.90	3779.62	

*******************************************2024/09/08;19:07:43
Probe number 57
Concentration entered by User 10.82% at Temperature 29.27
1424.68	1450.98	1464.92	1490.48	1509.70	1534.62	1555.52	1583.88	1618.06	1644.48	1672.96	1703.46	1732.08	1774.48	1806.36	1843.66	
1893.08	1934.74	1965.86	2006.38	2046.20	2091.84	2144.54	2178.12	2227.54	2266.76	2319.84	2380.38	2448.94	2486.12	2508.92	2540.50	
2602.34	2718.92	2850.22	2975.54	3045.06	3119.08	3232.72	3343.40	3495.78	3658.04	3754.88	3791.86	3811.58	3817.84	3818.74	3819.06	
3818.68	3814.24	3797.62	3778.16	3759.14	3762.08	3788.46	3788.04	3740.02	3606.46	3399.24	3146.94	2993.64	2961.14	2988.48	2997.50	
3013.30	3070.90	3146.66	3272.48	3418.78	3545.98	3607.32	3652.14	3681.90	3676.90	3713.36	3768.52	3791.86	3805.98	3816.18	3818.44	
3818.12	3819.04	3818.72	3821.36	3823.62	3824.56	3824.16	3824.58	3824.96	3824.48	3822.84	3820.94	3819.14	3816.02	3815.26	3816.16	
3814.48	3809.66	3799.76	3769.14	3748.92	3755.18	3765.82	3788.62	3799.68	3790.10	3755.88	3738.64	3768.30	3802.90	3816.16	3818.54	
3821.32	3822.54	3822.84	3824.44	3824.88	3824.04	3823.04	3819.90	3811.50	3801.00	3805.82	3798.98	3799.66	3791.76	3799.26	3780.16	

*******************************************2024/09/08;19:12:43
Probe number 58
Concentration entered by User 10.81% at Temperature 29.25
1424.52	1450.12	1464.56	1490.72	1510.38	1535.22	1556.86	1584.66	1618.12	1643.86	1671.12	1701.66	1730.82	1774.40	1805.80	1843.82	
1891.22	1933.40	1965.88	2007.00	2047.14	2093.94	2146.10	2178.90	2228.22	2269.40	2323.32	2382.32	2449.64	2488.06	2509.26	2545.52	
2607.68	2720.70	2850.60	2977.76	3047.02	3123.64	3238.90	3347.62	3499.78	3660.58	3756.24	3792.70	3812.00	3818.08	3818.92	3819.22	
3818.76	3814.48	3798.10	3779.00	3760.52	3763.24	3788.96	3789.28	3742.10	3609.00	3402.36	3149.30	2997.46	2963.66	2991.02	3001.28	
3017.78	3075.14	3150.58	3274.54	3420.18	3547.06	3608.72	3652.64	3682.54	3678.12	3714.04	3768.96	3792.10	3806.12	3816.34	3818.46	
3818.30	3819.20	3818.80	3821.42	3823.72	3824.50	3824.20	3824.64	3825.02	3824.56	3822.90	3820.96	3819.24	3816.06	3815.14	3816.30	
3814.64	3809.96	3800.24	3770.34	3751.42	3756.78	3767.40	3789.64	3800.48	3791.58	3758.82	3741.52	3769.64	3803.60	3816.36	3818.68	
3821.50	3822.72	3822.90	3824.54	3825.02	3824.10	3823.18	3820.14	3811.88	3801.14	3805.96	3799.62	3799.96	3792.44	3799.76	3781.20	

*******************************************2024/09/08;19:17:43
Probe number 59
Concentration entered by User 10.79% at Temperature 29.22
1423.92	1449.68	1464.78	1490.90	1510.98	1535.16	1556.98	1584.80	1617.30	1642.98	1671.50	1701.12	1730.34	1774.82	1806.12	1843.96	
1891.82	1933.96	1967.36	2008.08	2047.64	2093.60	2148.34	2180.98	2231.16	2270.70	2324.64	2380.84	2451.50	2486.94	2510.32	2545.96	
2607.14	2722.96	2853.28	2979.72	3049.70	3125.60	3243.58	3351.66	3502.54	3661.98	3757.12	3793.34	3812.32	3818.30	3819.12	3819.26	
3818.98	3814.86	3798.74	3779.88	3761.44	3764.56	3789.92	3790.38	3743.84	3611.94	3404.76	3152.16	3000.82	2967.60	2994.32	3003.54	
3021.00	3078.28	3152.44	3275.86	3420.58	3546.36	3608.46	3652.62	3682.84	3678.68	3715.08	3769.76	3792.80	3806.46	3816.52	3818.64	
3818.50	3819.28	3818.90	3821.60	3823.72	3824.70	3824.28	3824.64	3825.14	3824.60	3822.90	3821.10	3819.40	3816.34	3815.56	3816.44	
3814.84	3810.04	3800.68	3771.70	3752.90	3759.20	3768.84	3791.26	3801.80	3792.90	3761.24	3744.46	3771.30	3804.26	3816.80	3818.86	
3821.64	3822.82	3823.10	3824.62	3825.08	3824.22	3823.26	3820.20	3812.18	3801.56	3806.48	3800.46	3800.34	3792.94	3800.20	3781.62	

*******************************************2024/09/08;19:22:43
Probe number 60
Concentration entered by User 10.77% at Temperature 29.19
1424.74	1450.60	1465.04	1490.88	1510.58	1535.00	1556.16	1584.92	1618.04	1644.36	1672.34	1701.88	1732.00	1774.48	1805.84	1844.08	
1890.98	1933.98	1966.30	2007.80	2048.40	2093.40	2149.82	2178.50	2227.38	2270.06	2325.76	2381.90	2447.06	2485.36	2512.54	2548.98	
2609.14	2725.48	2855.28	2981.28	3051.36	3131.56	3250.24	3357.82	3505.96	3663.56	3757.36	3793.50	3812.48	3818.34	3819.24	3819.38	
3819.04	3815.06	3799.22	3780.88	3762.50	3765.56	3790.72	3790.96	3745.50	3614.42	3407.48	3154.32	3004.26	2970.30	2996.92	3005.80	
3023.04	3081.56	3156.80	3278.62	3421.64	3547.96	3609.48	3654.22	3684.06	3680.24	3715.90	3770.04	3792.82	3806.72	3816.70	3818.66	
3818.38	3819.44	3818.98	3821.62	3823.78	3824.76	3824.26	3824.74	3825.18	3824.68	3822.94	3821.30	3819.44	3816.40	3815.60	3816.42	
3814.82	3810.40	3801.20	3772.26	3753.58	3759.84	3769.66	3791.98	3802.66	3793.96	3763.46	3746.60	3772.34	3804.98	3816.84	3819.00	
3821.62	3822.90	3823.06	3824.60	3825.20	3824.24	3823.26	3820.26	3812.26	3801.76	3806.86	3800.80	3800.78	3793.54	3800.60	3782.48	

*******************************************2024/09/08;19:27:43
Probe number 61
Concentration entered by User 10.76% at Temperature 29.17
1423.94	1449.98	1464.26	1489.82	1510.28	1534.04	1555.34	1584.00	1616.32	1642.34	1670.96	1700.54	1730.12	1773.30	1806.12	1843.92	
1891.82	1933.70	1967.28	2004.84	2046.44	2094.60	2147.86	2180.92	2230.10	2269.90	2325.24	2381.34	2450.40	2489.92	2516.68	2549.02	
2609.60	2727.16	2857.60	2981.86	3054.70	3138.98	3256.26	3361.50	3509.24	3664.90	3757.52	3793.64	3812.62	3818.46	3819.28	3819.42	
3819.12	3815.18	3799.84	3781.76	3763.96	3766.42	3790.86	3791.44	3746.52	3617.44	3411.04	3157.80	3007.44	2972.12	2998.94	3009.08	
3027.60	3084.72	3159.16	3281.00	3423.32	3549.20	3610.72	3654.36	3684.56	3681.02	3716.52	3770.22	3792.96	3806.86	3816.64	3818.60	
3818.50	3819.42	3819.08	3821.62	3823.80	3824.82	3824.30	3824.80	3825.12	3824.58	3823.02	3821.24	3819.50	3816.50	3815.54	3816.52	
3815.04	3810.66	3801.58	3772.86	3754.60	3760.78	3770.38	3793.12	3803.70	3795.22	3765.44	3748.60	3773.78	3805.80	3817.14	3819.16	
3821.70	3822.84	3823.04	3824.64	3825.18	3824.34	3823.28	3820.32	3812.44	3802.16	3807.30	3801.10	3801.32	3794.02	3800.98	3782.76	

*******************************************2024/09/08;19:32:43
Probe number 62
Concentration entered by User 10.74% at Temperature 29.14
1423.88	1449.76	1464.08	1490.04	1510.36	1533.80	1555.70	1584.68	1617.48	1643.94	1673.02	1703.00	1733.48	1776.24	1808.62	1845.08	
1891.18	1933.06	1968.26	2007.24	2047.82	2095.26	2149.02	2181.98	2232.46	2268.98	2326.84	2381.44	2452.92	2492.72	2520.94	2552.80	
2613.10	2731.70	2859.90	2983.56	3058.42	3144.38	3261.64	3366.32	3512.48	3667.20	3758.38	3793.84	3812.78	3818.52	3819.40	3819.64	
3819.24	3815.44	3800.40	3782.76	3765.16	3767.24	3791.80	3792.42	3748.50	3621.50	3417.56	3163.18	3011.98	2976.12	3003.26	3013.06	
3032.16	3089.24	3163.30	3284.20	3425.52	3550.52	3611.78	3655.24	3684.50	3681.02	3717.42	3770.84	3793.54	3807.08	3816.84	3818.80	
3818.60	3819.60	3819.08	3821.70	3823.92	3824.92	3824.36	3824.74	3825.16	3824.78	3823.16	3821.32	3819.60	3816.58	3815.84	3816.78	
3815.30	3811.08	3802.12	3774.02	3757.00	3763.24	3772.36	3794.94	3804.60	3796.44	3767.20	3751.46	3775.34	3806.52	3817.44	3819.38	
3821.88	3822.88	3823.18	3824.72	3825.16	3824.38	3823.40	3820.50	3812.64	3802.72	3807.56	3801.80	3801.94	3794.90	3801.68	3783.50	

*******************************************2024/09/08;19:37:43
Probe number 63
Concentration entered by User 10.73% at Temperature 29.11
1424.34	1450.18	1463.88	1489.56	1509.58	1533.60	1555.00	1583.44	1615.94	1643.66	1672.16	1702.42	1733.52	1776.44	1809.54	1844.80	
1891.74	1934.22	1968.74	2007.46	2046.82	2096.82	2148.86	2181.30	2230.14	2270.22	2329.98	2385.76	2456.56	2497.78	2524.44	2556.60	
2615.62	2732.72	2859.94	2984.08	3064.18	3151.82	3266.82	3368.98	3516.02	3668.50	3759.22	3794.44	3813.12	3818.64	3819.52	3819.70	
3819.42	3815.64	3800.98	3783.54	3766.26	3767.96	3792.38	3793.12	3750.48	3625.30	3422.04	3167.70	3015.36	2979.78	3005.22	3015.86	
3035.14	3091.98	3165.70	3286.92	3426.82	3552.70	3612.82	3655.44	3684.56	3682.00	3717.44	3771.28	3793.92	3807.38	3816.94	3818.92	
3818.62	3819.52	3819.20	3821.68	3823.90	3824.86	3824.42	3824.84	3825.26	3824.72	3823.14	3821.48	3819.68	3816.60	3815.90	3816.80	
3815.34	3811.28	3802.64	3775.60	3759.46	3764.90	3773.72	3796.26	3805.16	3797.36	3769.16	3753.54	3776.32	3807.10	3817.68	3819.44	
3821.94	3823.12	3823.26	3824.78	3825.20	3824.50	3823.40	3820.44	3812.92	3803.08	3808.00	3802.04	3802.22	3795.28	3802.00	3784.38	

*******************************************2024/09/08;19:42:43
Probe number 64
Concentration entered by User 10.71% at Temperature 29.08
1423.54	1449.32	1464.02	1489.06	1509.30	1533.18	1555.32	1583.84	1617.24	1644.58	1672.20	1700.42	1731.66	1775.00	1807.36	1844.58	
1893.24	1934.94	1969.76	2008.54	2047.22	2096.96	2147.98	2184.04	2233.84	2271.76	2331.30	2384.58	2459.06	2502.48	2525.94	2555.82	
2617.12	2734.80	2861.86	2988.04	3069.00	3157.64	3272.94	3374.18	3519.84	3670.66	3760.58	3794.92	3813.26	3818.94	3819.56	3819.68	
3819.58	3815.74	3801.48	3784.56	3767.72	3768.96	3793.32	3793.92	3752.08	3628.62	3426.92	3172.84	3019.48	2983.16	3007.80	3019.32	
3038.92	3094.60	3168.74	3288.58	3429.70	3554.44	3614.14	3656.76	3685.66	3682.64	3718.32	3771.56	3794.00	3807.24	3816.98	3818.96	
3818.82	3819.54	3819.22	3821.76	3823.98	3824.90	3824.58	3824.74	3825.26	3824.84	3823.22	3821.42	3819.88	3816.84	3815.96	3816.90	
3815.46	3811.56	3803.16	3775.98	3760.56	3766.22	3774.60	3797.14	3805.94	3798.54	3771.46	3755.60	3777.48	3807.66	3817.98	3819.62	
3822.06	3823.16	3823.44	3824.86	3825.38	3824.38	3823.50	3820.52	3813.16	3803.46	3808.30	3802.60	3802.62	3795.92	3802.44	3784.84	

*******************************************2024/09/08;19:47:43
Probe number 65
Concentration entered by User 10.69% at Temperature 29.05
1424.22	1449.84	1464.00	1489.40	1509.34	1533.88	1556.02	1584.32	1617.66	1644.02	1670.64	1701.22	1733.20	1774.78	1806.34	1844.70	
1892.42	1933.76	1969.02	2010.80	2047.74	2094.28	2146.74	2185.72	2234.30	2270.02	2328.78	2384.46	2463.18	2504.72	2526.60	2557.50	
2616.66	2735.98	2865.04	2991.86	3074.92	3162.46	3277.52	3379.96	3523.24	3673.14	3761.02	3795.64	3813.60	3819.06	3819.72	3820.00	
3819.60	3816.02	3801.98	3785.28	3768.46	3769.96	3794.06	3794.78	3753.90	3633.16	3432.38	3177.36	3022.34	2985.30	3010.42	3021.74	
3041.90	3097.26	3170.76	3290.70	3430.84	3555.02	3614.92	3657.26	3686.82	3683.46	3718.84	3771.88	3794.36	3807.68	3817.12	3819.06	
3818.80	3819.72	3819.38	3821.86	3824.04	3824.92	3824.56	3824.92	3825.42	3824.78	3823.26	3821.60	3819.92	3816.96	3816.06	3816.94	
3815.56	3811.96	3803.52	3776.48	3761.78	3767.32	3775.78	3798.00	3806.76	3799.86	3773.58	3758.30	3778.58	3808.48	3818.26	3819.76	
3822.18	3823.28	3823.42	3824.90	3825.34	3824.52	3823.70	3820.66	3813.16	3803.94	3808.88	3803.20	3803.22	3796.56	3803.00	3785.84	

*******************************************2024/09/08;19:52:43
Probe number 66
Concentration entered by User 10.68% at Temperature 29.03
1424.22	1450.16	1465.02	1489.54	1508.92	1532.66	1556.20	1585.14	1617.98	1644.90	1672.48	1702.90	1734.20	1776.16	1806.76	1845.52	
1892.26	1934.44	1971.66	2011.88	2048.04	2094.22	2148.48	2188.50	2234.90	2272.94	2329.38	2384.12	2464.38	2505.00	2525.28	2557.68	
2617.60	2736.16	2868.40	2998.54	3080.54	3166.60	3281.42	3382.76	3525.38	3673.88	3761.96	3796.16	3813.78	3819.16	3819.82	3819.84	
3819.78	3816.22	3802.22	3785.88	3769.36	3771.10	3794.58	3795.72	3756.00	3635.72	3435.58	3179.92	3024.40	2988.28	3012.14	3023.38	
3044.38	3100.66	3174.30	3293.00	3433.20	3557.60	3616.44	3658.70	3687.66	3684.44	3719.46	3772.16	3794.40	3807.78	3817.30	3819.12	
3818.94	3819.80	3819.38	3821.88	3824.08	3824.96	3824.58	3824.88	3825.36	3824.88	3823.34	3821.54	3819.94	3817.04	3816.18	3817.16	
3815.76	3812.12	3803.90	3777.54	3763.04	3768.28	3776.80	3798.90	3807.52	3800.78	3775.80	3759.90	3779.56	3808.98	3818.48	3819.90	
3822.30	3823.28	3823.52	3824.98	3825.46	3824.50	3823.64	3820.70	3813.52	3804.12	3809.20	3803.44	3803.74	3797.10	3803.26	3786.08	

*******************************************2024/09/08;19:57:43
Probe number 67
Concentration entered by User 10.67% at Temperature 29.00
1423.60	1449.30	1463.66	1488.70	1508.48	1532.96	1555.04	1583.60	1617.36	1643.84	1671.86	1699.64	1732.20	1776.02	1807.72	1845.34	
1891.34	1933.36	1971.48	2011.48	2047.38	2095.84	2148.92	2186.42	2232.60	2272.50	2330.80	2387.64	2467.08	2507.62	2527.80	2561.60	
2619.60	2738.44	2870.34	3001.20	3084.46	3169.88	3285.38	3386.04	3529.12	3676.22	3762.74	3796.36	3814.00	3819.20	3819.98	3820.18	
3819.84	3816.32	3802.94	3786.76	3770.58	3772.14	3795.40	3796.28	3756.90	3638.56	3440.70	3183.74	3028.44	2991.34	3013.40	3025.22	
3045.46	3102.56	3175.66	3295.20	3435.36	3558.24	3617.22	3660.08	3688.90	3685.80	3719.72	3772.36	3794.82	3807.96	3817.30	3819.24	
3818.98	3819.78	3819.46	3821.98	3824.16	3825.12	3824.56	3825.02	3825.44	3824.98	3823.42	3821.76	3820.08	3817.04	3816.24	3817.18	
3815.98	3812.42	3804.30	3778.42	3764.60	3769.64	3778.14	3799.96	3808.26	3801.74	3777.62	3761.98	3780.76	3809.74	3818.72	3820.14	
3822.44	3823.50	3823.56	3824.96	3825.56	3824.78	3823.82	3820.82	3813.58	3804.62	3809.66	3804.24	3804.06	3797.68	3803.86	3786.78	

*******************************************2024/09/08;20:02:43
Probe number 68
Concentration entered by User 10.65% at Temperature 28.97
1424.70	1450.14	1464.84	1489.12	1508.62	1532.28	1554.90	1584.08	1617.80	1644.32	1671.54	1701.18	1733.68	1776.48	1806.92	1845.56	
1889.96	1934.22	1970.22	2013.12	2048.22	2096.16	2150.80	2191.02	2235.60	2276.06	2333.60	2388.78	2472.14	2508.24	2528.16	2563.60	
2621.02	2739.78	2871.40	3003.08	3086.88	3174.78	3291.44	3391.68	3532.96	3678.24	3763.60	3797.00	3814.26	3819.44	3820.06	3820.16	
3819.86	3816.42	3803.38	3787.34	3771.74	3773.22	3796.06	3796.72	3758.72	3641.70	3443.44	3187.56	3032.20	2994.82	3016.04	3028.54	
3049.72	3105.40	3178.34	3297.56	3436.30	3559.26	3618.14	3661.44	3690.22	3687.12	3720.66	3772.70	3794.76	3808.04	3817.36	3819.12	
3819.02	3819.92	3819.62	3822.00	3824.20	3825.10	3824.64	3824.94	3825.40	3824.96	3823.42	3821.82	3820.10	3817.08	3816.28	3817.40	
3816.18	3812.68	3804.74	3779.52	3765.92	3770.58	3778.88	3800.70	3808.70	3802.56	3779.20	3763.82	3781.82	3810.34	3818.76	3820.22	
3822.50	3823.50	3823.56	3825.08	3825.42	3824.78	3823.76	3820.98	3813.84	3804.80	3809.84	3804.26	3804.40	3798.20	3804.34	3787.20	

*******************************************2024/09/08;20:07:43
Probe number 69
Concentration entered by User 10.62% at Temperature 28.93
1423.78	1449.30	1464.58	1489.60	1508.00	1532.08	1554.94	1584.40	1618.34	1645.26	1671.82	1702.24	1735.58	1779.12	1809.36	1846.10	
1890.26	1934.14	1969.68	2011.04	2048.18	2097.12	2152.14	2191.62	2239.18	2276.18	2333.84	2389.10	2474.96	2510.94	2533.14	2568.02	
2625.42	2745.86	2875.44	3005.86	3091.80	3180.36	3296.62	3395.42	3537.50	3681.00	3764.74	3797.52	3814.44	3819.50	3820.08	3820.34	
3820.12	3816.72	3803.76	3788.02	3772.50	3774.46	3796.84	3797.80	3760.18	3644.24	3446.36	3190.74	3034.80	2997.78	3018.86	3031.14	
3052.78	3107.98	3180.86	3300.16	3438.70	3561.58	3619.86	3662.66	3691.44	3688.14	3721.54	3772.84	3795.12	3808.36	3817.46	3819.32	
3819.14	3820.06	3819.68	3822.04	3824.28	3825.10	3824.62	3825.14	3825.48	3825.12	3823.42	3821.86	3820.26	3817.38	3816.42	3817.48	
3816.32	3812.80	3805.10	3780.60	3766.86	3771.76	3780.00	3801.64	3809.54	3803.66	3781.08	3765.72	3782.90	3811.02	3819.14	3820.36	
3822.68	3823.58	3823.64	3825.18	3825.66	3824.84	3823.86	3821.04	3814.00	3805.22	3810.04	3804.72	3804.98	3799.10	3804.72	3788.02	

*******************************************2024/09/08;20:12:43
Probe number 70
Concentration entered by User 10.61% at Temperature 28.91
1424.16	1449.78	1464.60	1489.18	1507.72	1532.68	1555.48	1584.94	1619.52	1646.72	1672.90	1704.20	1737.32	1779.14	1809.36	1845.28	
1890.64	1936.22	1971.92	2013.94	2051.66	2099.54	2154.30	2194.68	2239.04	2278.14	2333.66	2387.78	2474.74	2512.42	2535.78	2570.70	
2627.50	2748.80	2881.02	3010.22	3095.86	3183.68	3300.76	3400.12	3540.50	3682.02	3765.42	3797.96	3814.80	3819.62	3820.22	3820.64	
3820.16	3816.84	3804.30	3788.60	3773.82	3775.60	3797.52	3798.58	3761.92	3647.56	3450.28	3194.92	3039.80	3000.74	3021.46	3034.10	
3057.40	3111.92	3184.68	3303.20	3440.76	3562.70	3621.28	3664.16	3692.68	3689.28	3722.54	3773.42	3795.36	3808.44	3817.60	3819.46	
3819.24	3819.98	3819.76	3822.22	3824.34	3825.20	3824.72	3825.22	3825.62	3825.20	3823.56	3821.96	3820.44	3817.54	3816.74	3817.64	
3816.66	3813.22	3805.64	3781.84	3768.66	3773.42	3781.18	3802.44	3810.16	3804.32	3782.60	3767.34	3784.00	3811.48	3819.38	3820.46	
3822.72	3823.74	3823.80	3825.28	3825.78	3824.88	3824.00	3821.28	3814.16	3805.34	3810.28	3805.06	3805.16	3799.44	3805.30	3788.58	

*******************************************2024/09/08;20:17:43
Probe number 71
Concentration entered by User 10.60% at Temperature 28.88
1425.22	1450.12	1464.52	1489.02	1508.02	1533.28	1556.48	1585.60	1620.58	1646.14	1673.96	1704.80	1735.62	1778.68	1809.06	1844.30	
1889.02	1932.42	1971.04	2013.28	2051.28	2098.76	2154.72	2194.22	2238.46	2273.76	2331.10	2394.90	2478.16	2510.62	2537.90	2572.94	
2631.80	2756.34	2885.68	3015.18	3101.36	3189.38	3305.36	3403.98	3542.20	3682.06	3765.24	3798.04	3814.76	3819.70	3820.30	3820.36	
3820.24	3817.04	3804.54	3789.38	3774.66	3776.22	3798.08	3799.08	3762.90	3649.34	3452.90	3198.10	3041.82	3002.52	3023.32	3035.94	
3059.50	3113.72	3186.86	3304.74	3441.44	3563.28	3622.22	3665.26	3693.64	3689.72	3722.84	3773.56	3795.52	3808.72	3817.66	3819.36	
3819.28	3819.98	3819.72	3822.28	3824.28	3825.20	3824.78	3825.08	3825.52	3825.18	3823.64	3821.90	3820.38	3817.52	3816.62	3817.54	
3816.52	3813.16	3805.86	3782.54	3770.06	3774.44	3782.10	3803.36	3810.58	3805.08	3784.24	3769.24	3785.08	3811.96	3819.50	3820.48	
3822.78	3823.68	3823.78	3825.24	3825.74	3824.76	3823.94	3821.20	3814.60	3805.68	3810.46	3805.44	3805.56	3799.70	3805.60	3789.20	

*******************************************2024/09/08;20:22:43
Probe number 72
Concentration entered by User 10.58% at Temperature 28.86
1423.48	1448.96	1463.58	1488.74	1507.52	1532.60	1556.16	1585.28	1619.60	1646.28	1673.92	1704.22	1735.30	1777.76	1808.26	1842.98	
1889.26	1931.88	1968.48	2011.58	2049.98	2100.22	2154.68	2193.42	2240.40	2277.20	2332.68	2396.48	2480.12	2513.98	2542.66	2576.28	
2637.70	2762.06	2891.18	3020.64	3106.98	3197.22	3312.58	3408.42	3545.98	3683.82	3765.86	3798.44	3815.28	3819.96	3820.40	3820.74	
3820.52	3817.28	3805.10	3790.20	3775.60	3777.66	3798.66	3799.84	3764.56	3652.84	3456.10	3200.40	3045.00	3005.94	3025.54	3037.68	
3060.86	3115.80	3188.94	3307.44	3444.62	3565.98	3623.88	3666.80	3694.86	3690.92	3723.78	3774.10	3795.92	3809.02	3817.86	3819.56	
3819.32	3820.22	3819.84	3822.42	3824.50	3825.28	3824.86	3825.24	3825.70	3825.26	3823.64	3822.06	3820.56	3817.70	3816.66	3817.70	
3816.70	3813.58	3806.38	3783.40	3770.84	3775.72	3783.16	3804.16	3811.28	3806.06	3785.38	3771.20	3786.00	3812.46	3819.72	3820.74	
3822.88	3823.80	3823.84	3825.26	3825.80	3825.02	3824.02	3821.36	3814.72	3806.18	3810.80	3805.86	3806.02	3800.04	3805.90	3789.68	

*******************************************2024/09/08;20:27:43
Probe number 73
Concentration entered by User 10.56% at Temperature 28.83
1423.94	1449.12	1463.68	1489.24	1508.26	1532.94	1556.40	1586.18	1620.78	1646.92	1674.02	1703.82	1735.44	1777.84	1808.42	1844.10	
1890.68	1933.92	1969.22	2012.80	2050.10	2098.50	2154.36	2195.44	2241.74	2278.56	2335.40	2398.00	2479.58	2517.08	2545.00	2578.64	
2642.76	2766.04	2893.52	3024.22	3112.90	3202.42	3316.42	3410.92	3551.02	3686.44	3766.84	3799.06	3815.28	3819.94	3820.56	3820.68	
3820.56	3817.52	3805.44	3790.48	3776.60	3778.42	3799.50	3800.46	3765.54	3655.10	3459.92	3203.58	3046.46	3005.32	3026.36	3039.20	
3062.28	3117.36	3191.02	3309.60	3446.08	3566.72	3625.60	3668.58	3696.50	3692.64	3724.52	3774.64	3796.26	3809.14	3817.86	3819.66	
3819.38	3820.24	3819.96	3822.42	3824.52	3825.38	3824.92	3825.22	3825.66	3825.28	3823.68	3822.16	3820.64	3817.78	3816.84	3817.70	
3816.78	3813.72	3806.88	3784.40	3771.82	3776.56	3784.00	3804.96	3811.78	3806.98	3787.12	3773.38	3787.08	3813.02	3819.88	3820.86	
3822.96	3823.98	3823.96	3825.36	3825.80	3824.94	3824.06	3821.48	3815.08	3806.56	3811.06	3806.32	3806.36	3800.42	3806.22	3789.96	

*******************************************2024/09/08;20:32:43
Probe number 74
Concentration entered by User 10.54% at Temperature 28.80
1423.22	1448.10	1462.92	1487.66	1507.24	1532.12	1556.06	1585.76	1619.38	1647.78	1673.98	1704.48	1735.02	1777.26	1807.98	1843.30	
1891.14	1933.98	1970.50	2013.04	2051.58	2100.52	2156.42	2194.74	2242.30	2281.14	2339.26	2401.88	2483.92	2523.44	2546.38	2580.22	
2646.12	2772.50	2900.54	3029.94	3117.84	3206.86	3320.82	3415.62	3555.44	3688.80	3767.42	3799.26	3815.48	3820.00	3820.54	3820.74	
3820.60	3817.46	3805.74	3791.26	3777.68	3779.22	3800.06	3801.28	3766.96	3658.54	3463.28	3206.42	3047.66	3007.20	3027.96	3042.08	
3064.70	3119.60	3193.60	3311.20	3448.36	3568.96	3626.24	3669.50	3697.14	3693.00	3725.10	3775.12	3796.24	3809.38	3817.84	3819.64	
3819.40	3820.32	3819.92	3822.30	3824.42	3825.36	3824.90	3825.24	3825.68	3825.18	3823.66	3822.12	3820.64	3817.72	3816.78	3817.74	
3816.72	3814.02	3807.26	3785.08	3772.72	3777.66	3785.22	3805.68	3812.30	3807.50	3788.00	3774.72	3788.06	3813.32	3819.86	3820.92	
3823.00	3823.90	3823.98	3825.32	3825.88	3825.08	3824.10	3821.38	3815.08	3806.76	3811.40	3806.56	3806.56	3800.78	3806.48	3790.34	

*******************************************2024/09/08;20:37:43
Probe number 75
Concentration entered by User 10.52% at Temperature 28.77
1423.92	1449.16	1463.52	1488.46	1507.50	1532.36	1556.08	1585.98	1620.46	1648.02	1674.74	1704.76	1735.94	1778.52	1808.10	1844.28	
1889.58	1932.76	1968.26	2012.68	2052.74	2100.74	2156.20	2196.56	2244.06	2284.72	2343.18	2407.10	2486.48	2524.96	2548.22	2583.48	
2650.32	2776.04	2903.04	3032.42	3120.02	3212.32	3327.04	3420.96	3559.58	3689.78	3767.98	3799.94	3815.58	3820.32	3820.74	3820.88	
3820.80	3817.92	3806.08	3791.98	3778.76	3780.04	3800.62	3801.60	3767.98	3661.04	3466.16	3208.84	3050.08	3009.86	3032.30	3044.16	
3067.84	3122.90	3197.12	3314.24	3450.62	3571.26	3628.34	3671.16	3698.50	3694.70	3726.08	3775.44	3796.80	3809.60	3818.04	3819.66	
3819.48	3820.50	3820.08	3822.40	3824.50	3825.46	3824.94	3825.26	3825.72	3825.36	3823.78	3822.28	3820.74	3818.02	3816.92	3817.88	
3816.88	3814.44	3807.62	3785.92	3773.64	3778.68	3786.16	3806.38	3812.84	3808.34	3789.52	3776.00	3788.86	3813.64	3820.08	3821.08	
3823.06	3824.08	3824.06	3825.48	3825.92	3825.16	3824.18	3821.44	3815.26	3807.20	3811.74	3806.90	3806.84	3801.20	3807.20	3791.30	

*******************************************2024/09/08;20:42:43
Probe number 76
Concentration entered by User 10.49% at Temperature 28.75
1424.04	1449.42	1463.88	1489.56	1508.62	1533.30	1556.56	1586.36	1619.84	1648.26	1674.56	1704.76	1735.76	1778.74	1809.36	1847.08	
1891.48	1933.72	1969.68	2013.12	2055.52	2100.82	2156.88	2197.94	2244.24	2283.14	2340.96	2403.60	2489.28	2526.28	2548.42	2586.84	
2656.56	2781.42	2907.20	3035.74	3125.08	3216.20	3332.24	3426.12	3563.18	3691.76	3768.56	3800.36	3815.94	3820.38	3820.90	3821.12	
3820.98	3817.94	3806.40	3792.68	3779.52	3781.08	3801.30	3802.22	3769.58	3663.80	3468.52	3211.24	3052.80	3013.12	3035.78	3048.20	
3071.40	3126.06	3198.90	3315.92	3451.68	3571.58	3629.16	3672.42	3699.96	3695.54	3726.60	3776.02	3796.92	3809.76	3818.26	3819.84	
3819.68	3820.58	3820.16	3822.48	3824.62	3825.44	3825.06	3825.42	3825.88	3825.48	3823.96	3822.36	3820.98	3818.06	3817.10	3818.04	
3817.18	3814.62	3808.18	3786.56	3774.58	3779.72	3786.98	3807.00	3813.42	3809.04	3790.60	3777.64	3789.56	3814.06	3820.28	3821.06	
3823.16	3824.26	3824.16	3825.52	3826.04	3825.34	3824.22	3821.70	3815.38	3807.58	3811.98	3807.30	3806.94	3801.52	3807.44	3791.58	

*******************************************2024/09/08;20:47:43
Probe number 77
Concentration entered by User 10.48% at Temperature 28.72
1424.10	1449.26	1464.16	1489.24	1508.06	1532.78	1556.50	1585.40	1619.22	1647.28	1673.88	1704.70	1735.28	1776.72	1806.54	1844.26	
1888.70	1932.32	1968.84	2015.14	2056.98	2099.96	2158.20	2197.64	2243.60	2285.34	2342.98	2402.02	2483.30	2523.98	2547.88	2589.64	
2662.32	2785.70	2908.86	3037.22	3127.00	3219.90	3335.20	3429.28	3565.20	3692.46	3768.98	3800.54	3816.04	3820.38	3820.88	3821.12	
3821.04	3818.06	3806.90	3793.18	3780.32	3781.94	3801.64	3802.62	3770.60	3665.78	3472.14	3215.08	3055.76	3014.20	3037.76	3050.60	
3073.06	3127.52	3199.94	3316.62	3452.84	3572.68	3630.42	3672.94	3700.64	3696.12	3727.40	3776.20	3797.22	3809.74	3818.22	3819.98	
3819.68	3820.60	3820.30	3822.54	3824.70	3825.58	3825.10	3825.40	3825.86	3825.36	3824.00	3822.48	3820.84	3818.16	3817.18	3818.04	
3817.34	3814.86	3808.48	3786.96	3775.48	3780.72	3787.92	3807.68	3813.84	3809.44	3791.82	3778.72	3790.22	3814.50	3820.44	3821.30	
3823.28	3824.24	3824.28	3825.52	3826.02	3825.22	3824.34	3821.70	3815.68	3807.70	3812.10	3807.52	3807.22	3801.96	3807.76	3792.24	

*******************************************2024/09/08;20:52:43
Probe number 78
Concentration entered by User 10.46% at Temperature 28.69
1424.46	1450.10	1464.98	1489.82	1508.00	1533.32	1557.56	1586.40	1620.24	1647.80	1675.62	1706.16	1737.12	1778.40	1807.40	1843.76	
1889.64	1935.04	1973.36	2017.58	2059.00	2101.24	2158.86	2198.58	2241.56	2283.64	2340.72	2405.44	2487.20	2525.16	2551.18	2594.22	
2667.38	2788.88	2912.44	3039.10	3130.16	3224.84	3341.72	3434.30	3567.96	3693.54	3768.74	3800.58	3816.20	3820.52	3820.96	3821.18	
3821.12	3818.22	3807.20	3793.60	3781.02	3782.72	3802.20	3803.44	3772.10	3667.94	3475.04	3217.56	3057.52	3015.74	3039.56	3053.24	
3075.14	3129.78	3201.56	3318.52	3454.10	3574.80	3631.84	3674.50	3701.80	3697.70	3728.36	3776.58	3797.34	3810.02	3818.22	3819.82	
3819.76	3820.52	3820.30	3822.54	3824.66	3825.60	3825.12	3825.40	3825.90	3825.50	3824.00	3822.38	3820.90	3818.16	3817.08	3818.06	
3817.46	3814.90	3808.96	3788.06	3776.58	3781.50	3788.64	3808.28	3814.14	3809.80	3792.62	3779.74	3791.04	3814.66	3820.62	3821.36	
3823.32	3824.38	3824.34	3825.58	3826.10	3825.12	3824.44	3821.70	3815.80	3807.98	3812.34	3807.90	3807.54	3802.44	3808.06	3792.58	

*******************************************2024/09/08;20:57:43
Probe number 79
Concentration entered by User 10.44% at Temperature 28.67
1424.28	1449.70	1463.40	1490.14	1508.22	1533.02	1557.62	1586.76	1621.32	1648.28	1675.02	1705.54	1735.56	1776.54	1806.80	1843.16	
1890.48	1936.36	1973.12	2016.78	2054.72	2098.90	2159.70	2198.34	2242.36	2285.56	2342.12	2406.68	2491.16	2530.96	2558.94	2603.80	
2672.42	2790.40	2912.84	3038.42	3131.58	3227.46	3344.50	3436.52	3570.84	3695.42	3770.16	3801.16	3816.28	3820.62	3821.12	3821.34	
3821.24	3818.30	3807.58	3794.24	3781.62	3783.54	3802.66	3803.98	3773.02	3671.30	3479.54	3220.18	3059.52	3018.58	3042.10	3055.12	
3078.74	3133.36	3204.10	3320.66	3456.00	3576.78	3633.56	3675.62	3702.70	3698.04	3728.78	3776.84	3797.52	3810.26	3818.40	3820.12	
3819.86	3820.74	3820.44	3822.64	3824.68	3825.64	3825.16	3825.54	3826.04	3825.50	3823.96	3822.56	3821.04	3818.26	3817.26	3818.26	
3817.58	3815.38	3809.34	3788.60	3777.42	3782.86	3789.54	3808.94	3814.70	3810.46	3794.00	3781.18	3791.68	3815.04	3820.72	3821.46	
3823.38	3824.32	3824.42	3825.66	3826.16	3825.36	3824.34	3821.82	3815.86	3808.36	3812.72	3808.38	3808.10	3802.78	3808.26	3793.20	

*******************************************2024/09/08;21:02:43
Probe number 80
Concentration entered by User 10.42% at Temperature 28.64
1424.54	1449.46	1463.32	1488.96	1507.00	1531.44	1556.30	1585.90	1621.44	1649.20	1674.10	1704.66	1734.56	1778.00	1807.72	1842.78	
1890.10	1936.88	1973.28	2018.80	2056.12	2100.36	2162.12	2201.14	2242.90	2286.44	2344.18	2409.08	2490.22	2529.50	2558.08	2600.14	
2670.52	2793.82	2915.22	3041.62	3137.64	3232.68	3349.96	3441.28	3573.88	3697.34	3770.82	3801.50	3816.50	3820.76	3821.14	3821.46	
3821.32	3818.44	3808.02	3794.86	3782.44	3784.50	3803.20	3804.50	3774.16	3672.68	3482.90	3224.46	3062.44	3021.48	3043.86	3057.30	
3079.14	3133.72	3205.62	3322.24	3457.22	3577.46	3634.78	3676.66	3703.26	3699.52	3729.86	3777.50	3797.92	3810.34	3818.46	3820.12	
3819.92	3820.80	3820.50	3822.70	3824.80	3825.62	3825.16	3825.74	3825.98	3825.58	3824.16	3822.64	3821.08	3818.42	3817.38	3818.48	
3817.74	3815.70	3809.86	3789.42	3778.58	3783.54	3790.24	3809.40	3814.96	3811.04	3794.74	3782.24	3792.16	3815.28	3820.86	3821.54	
3823.48	3824.38	3824.42	3825.66	3826.16	3825.32	3824.44	3821.96	3816.12	3808.84	3812.88	3808.58	3808.38	3803.18	3808.38	3793.38	

*******************************************2024/09/08;21:07:43
Probe number 81
Concentration entered by User 10.40% at Temperature 28.61
1424.18	1448.98	1462.90	1488.18	1506.70	1531.60	1555.64	1585.62	1619.96	1647.18	1674.20	1705.68	1735.50	1776.30	1807.78	1843.66	
1892.58	1937.32	1972.86	2018.58	2059.82	2102.22	2161.00	2200.28	2243.94	2286.40	2344.58	2408.68	2489.58	2530.92	2563.20	2609.18	
2681.44	2801.30	2919.22	3043.68	3142.56	3237.32	3354.72	3445.06	3577.72	3699.38	3771.46	3801.88	3816.78	3820.74	3821.28	3821.48	
3821.36	3818.60	3808.24	3795.34	3783.12	3785.50	3803.80	3805.20	3775.52	3674.86	3485.02	3226.24	3064.14	3023.02	3045.68	3058.94	
3080.56	3136.52	3207.96	3325.08	3459.30	3579.16	3635.92	3677.26	3704.38	3699.94	3730.62	3777.82	3798.06	3810.72	3818.62	3820.10	
3819.88	3820.92	3820.54	3822.64	3824.78	3825.62	3825.24	3825.58	3826.02	3825.52	3824.26	3822.70	3821.20	3818.44	3817.46	3818.48	
3817.94	3815.90	3810.18	3790.20	3779.72	3784.56	3791.04	3809.94	3815.44	3811.56	3795.84	3783.20	3792.70	3815.58	3820.96	3821.62	
3823.48	3824.44	3824.44	3825.74	3826.16	3825.46	3824.54	3822.04	3816.20	3809.04	3813.12	3808.66	3808.70	3803.58	3808.98	3793.92	

*******************************************2024/09/08;21:12:43
Probe number 82
Concentration entered by User 10.39% at Temperature 28.59
1424.92	1449.38	1463.26	1488.66	1507.28	1531.92	1555.70	1585.40	1621.24	1648.42	1675.70	1705.24	1735.42	1776.88	1807.56	1843.70	
1893.38	1937.50	1972.50	2017.76	2058.24	2101.28	2162.86	2201.98	2246.00	2288.46	2344.92	2410.64	2490.66	2531.64	2568.32	2615.30	
2683.24	2805.16	2921.34	3045.18	3145.18	3240.14	3356.74	3447.22	3578.86	3700.22	3772.32	3802.14	3816.96	3820.90	3821.40	3821.58	
3821.34	3818.78	3808.64	3796.02	3784.18	3786.16	3804.16	3805.52	3776.72	3677.12	3488.76	3229.28	3067.60	3026.12	3049.02	3061.94	
3084.50	3139.42	3211.74	3327.92	3461.26	3580.98	3637.12	3678.26	3704.36	3700.94	3731.42	3778.38	3798.48	3810.82	3818.72	3820.22	
3820.04	3820.92	3820.62	3822.80	3824.78	3825.74	3825.24	3825.76	3826.10	3825.58	3824.30	3822.82	3821.26	3818.50	3817.66	3818.62	
3817.98	3816.06	3810.58	3790.78	3780.76	3785.72	3791.80	3810.58	3815.66	3812.12	3796.64	3784.20	3793.40	3815.78	3821.08	3821.76	
3823.64	3824.42	3824.52	3825.88	3826.30	3825.42	3824.58	3822.04	3816.32	3809.32	3813.46	3809.04	3808.92	3804.06	3809.12	3794.56	

*******************************************2024/09/08;21:17:43
Probe number 83
Concentration entered by User 10.38% at Temperature 28.54
1424.88	1449.08	1462.32	1488.52	1507.72	1531.54	1555.42	1586.48	1622.02	1648.04	1674.70	1704.98	1735.96	1777.66	1807.36	1845.82	
1894.64	1938.92	1972.02	2016.18	2057.92	2103.84	2166.96	2207.12	2249.66	2287.42	2343.68	2410.46	2488.64	2532.50	2572.40	2614.46	
2685.50	2807.70	2923.52	3048.84	3149.40	3242.96	3360.84	3450.28	3580.26	3701.18	3772.42	3802.24	3817.02	3820.98	3821.32	3821.44	
3821.48	3818.98	3809.08	3796.48	3784.60	3786.82	3804.58	3806.10	3777.56	3679.16	3491.32	3231.66	3069.86	3029.80	3051.42	3063.60	
3086.58	3142.20	3213.28	3329.80	3462.98	3582.68	3637.86	3678.48	3705.34	3702.06	3732.20	3778.80	3798.74	3810.76	3818.70	3820.24	
3820.20	3820.92	3820.56	3822.92	3824.86	3825.82	3825.30	3825.60	3826.04	3825.76	3824.30	3822.76	3821.36	3818.70	3817.68	3818.72	
3818.10	3816.20	3810.90	3791.66	3781.86	3786.52	3792.46	3811.08	3816.06	3812.48	3797.44	3785.16	3794.00	3815.90	3821.16	3821.70	
3823.64	3824.52	3824.64	3825.88	3826.24	3825.36	3824.54	3822.06	3816.36	3809.40	3813.50	3809.22	3809.10	3804.38	3809.48	3794.84	

*******************************************2024/09/08;21:22:43
Probe number 84
Concentration entered by User 10.35% at Temperature 28.52
1425.08	1449.60	1463.18	1488.94	1508.04	1530.68	1554.06	1584.96	1620.44	1648.64	1675.46	1704.02	1735.00	1776.72	1807.44	1844.78	
1894.40	1938.80	1972.88	2019.28	2061.52	2102.66	2165.86	2205.38	2250.26	2292.18	2346.56	2410.42	2488.58	2535.72	2576.06	2617.18	
2692.08	2814.28	2929.56	3054.60	3153.32	3248.14	3366.82	3453.98	3582.82	3703.02	3772.74	3802.74	3817.20	3821.02	3821.42	3821.62	
3821.56	3819.02	3809.10	3797.12	3785.76	3787.72	3805.16	3806.76	3778.52	3681.26	3494.54	3235.80	3073.52	3032.80	3054.38	3066.36	
3089.12	3144.32	3215.46	3331.74	3464.84	3583.96	3639.14	3680.06	3706.08	3702.94	3733.12	3779.24	3798.92	3811.14	3818.80	3820.42	
3820.18	3821.08	3820.68	3822.94	3824.98	3825.84	3825.34	3825.78	3826.16	3825.78	3824.44	3823.00	3821.46	3818.86	3817.78	3819.00	
3818.22	3816.54	3811.36	3792.54	3782.86	3787.60	3793.24	3811.62	3816.32	3812.96	3798.26	3786.18	3794.66	3816.18	3821.34	3821.94	
3823.72	3824.68	3824.64	3825.92	3826.30	3825.66	3824.80	3822.30	3816.76	3809.72	3813.72	3809.52	3809.40	3805.00	3809.92	3795.26	

*******************************************2024/09/08;21:27:43
Probe number 85
Concentration entered by User 10.33% at Temperature 28.50
1425.22	1450.04	1462.92	1488.44	1507.20	1530.60	1553.96	1585.68	1622.38	1650.20	1676.52	1705.16	1735.10	1777.24	1808.16	1845.88	
1896.28	1940.68	1974.82	2021.62	2061.24	2105.10	2166.40	2205.84	2250.62	2292.84	2347.38	2409.32	2490.24	2536.44	2579.08	2623.36	
2698.18	2820.52	2935.58	3056.80	3156.14	3252.16	3371.14	3457.96	3586.88	3704.26	3773.74	3803.14	3817.40	3821.10	3821.60	3821.72	
3821.64	3819.16	3809.66	3797.42	3786.32	3788.38	3805.48	3807.20	3779.88	3682.98	3496.60	3238.52	3077.56	3036.70	3057.62	3069.28	
3091.46	3145.88	3218.02	3333.78	3466.54	3585.24	3640.24	3680.64	3707.44	3704.26	3734.38	3779.78	3799.32	3811.34	3818.94	3820.38	
3820.30	3821.08	3820.76	3822.96	3824.96	3825.86	3825.38	3825.78	3826.10	3825.88	3824.62	3823.00	3821.56	3818.92	3817.98	3819.02	
3818.54	3816.76	3811.54	3793.30	3783.62	3788.28	3794.02	3812.18	3816.72	3813.38	3799.04	3787.30	3795.40	3816.58	3821.54	3822.04	
3823.76	3824.74	3824.72	3826.02	3826.44	3825.52	3824.82	3822.32	3816.92	3809.86	3813.88	3809.78	3809.72	3805.30	3810.14	3795.98	

*******************************************2024/09/08;21:32:43
Probe number 86
Concentration entered by User 10.30% at Temperature 28.46
1424.58	1448.90	1462.64	1488.36	1507.66	1530.56	1554.48	1584.98	1622.40	1649.22	1676.20	1707.40	1736.86	1778.48	1810.34	1848.84	
1895.30	1940.34	1972.82	2020.02	2060.30	2105.44	2166.52	2207.60	2249.72	2292.88	2350.36	2411.82	2490.72	2537.64	2579.80	2627.58	
2702.60	2823.74	2937.90	3059.42	3159.14	3255.50	3374.66	3461.56	3590.50	3707.48	3774.40	3803.54	3817.56	3821.20	3821.64	3821.90	
3821.80	3819.28	3809.94	3798.04	3787.20	3789.06	3805.98	3807.82	3780.90	3685.24	3499.60	3241.54	3080.32	3039.78	3060.22	3071.58	
3093.26	3148.20	3220.46	3336.60	3468.56	3587.06	3641.64	3681.72	3707.56	3704.92	3734.92	3780.18	3799.48	3811.74	3819.04	3820.50	
3820.26	3821.24	3820.86	3823.02	3825.00	3825.88	3825.52	3825.84	3826.20	3825.88	3824.58	3823.08	3821.68	3818.96	3818.14	3819.12	
3818.72	3817.02	3811.82	3794.02	3784.64	3789.08	3794.70	3812.62	3817.04	3813.82	3799.64	3788.26	3795.98	3816.80	3821.56	3822.04	
3823.86	3824.72	3824.82	3826.02	3826.48	3825.70	3824.78	3822.44	3816.98	3810.36	3814.26	3810.34	3810.08	3805.68	3810.48	3796.44	

*******************************************2024/09/08;21:37:43
Probe number 87
Concentration entered by User 10.28% at Temperature 28.44
1425.42	1449.54	1462.94	1488.00	1507.02	1531.24	1554.62	1586.02	1623.00	1649.18	1677.42	1706.84	1737.22	1779.38	1808.56	1847.66	
1895.36	1940.66	1973.64	2020.42	2062.92	2107.80	2167.56	2206.04	2250.74	2293.74	2348.96	2411.94	2493.98	2542.04	2583.30	2627.82	
2701.76	2826.56	2939.82	3060.28	3160.50	3258.80	3379.24	3465.44	3593.80	3708.92	3775.18	3803.76	3817.60	3821.36	3821.74	3821.98	
3822.00	3819.38	3810.38	3798.68	3787.84	3789.58	3806.68	3808.34	3782.20	3687.68	3502.10	3244.20	3082.42	3041.60	3062.56	3072.64	
3093.98	3149.48	3222.74	3339.12	3470.70	3589.40	3643.48	3683.92	3709.04	3706.32	3736.16	3780.92	3799.96	3811.80	3819.20	3820.62	
3820.40	3821.34	3820.98	3823.06	3825.10	3825.90	3825.42	3825.78	3826.30	3825.98	3824.62	3823.34	3821.84	3819.22	3818.44	3819.36	
3818.80	3817.22	3812.32	3794.68	3785.42	3789.98	3795.58	3813.16	3817.32	3814.30	3800.38	3789.06	3796.66	3817.06	3821.66	3822.24	
3823.98	3824.90	3824.76	3825.98	3826.42	3825.76	3824.92	3822.48	3817.10	3810.52	3814.50	3810.54	3810.40	3806.22	3810.90	3796.94	

*******************************************2024/09/08;21:42:43
Probe number 88
Concentration entered by User 10.25% at Temperature 28.42
1425.60	1449.74	1462.98	1489.46	1508.34	1532.50	1555.96	1587.20	1624.90	1651.58	1678.10	1707.30	1737.60	1779.50	1810.28	1849.42	
1895.76	1940.10	1974.74	2022.24	2061.14	2106.16	2168.00	2207.94	2251.88	2296.34	2349.38	2414.94	2497.54	2543.28	2585.34	2629.58	
2702.74	2829.96	2944.36	3066.70	3166.20	3263.70	3384.42	3471.14	3597.52	3710.48	3775.98	3804.16	3817.88	3821.48	3821.82	3822.04	
3821.84	3819.64	3810.70	3799.28	3788.50	3790.50	3806.90	3808.78	3783.04	3690.02	3505.74	3247.96	3086.04	3043.50	3063.10	3074.38	
3096.00	3151.00	3224.98	3342.48	3473.38	3590.58	3644.86	3684.64	3710.18	3707.64	3737.30	3781.54	3800.22	3812.22	3819.30	3820.62	
3820.46	3821.28	3820.96	3823.10	3825.16	3825.96	3825.50	3825.88	3826.30	3826.04	3824.92	3823.52	3821.92	3819.48	3818.40	3819.48	
3819.06	3817.62	3812.72	3795.38	3786.16	3790.72	3796.20	3813.60	3817.66	3814.54	3801.06	3790.04	3797.32	3817.22	3821.78	3822.30	
3824.08	3824.94	3824.98	3826.12	3826.62	3825.74	3825.08	3822.58	3817.28	3810.88	3814.72	3810.76	3810.80	3806.46	3811.18	3797.72	

*******************************************2024/09/08;21:47:43
Probe number 89
Concentration entered by User 10.24% at Temperature 28.39
1425.76	1449.90	1462.30	1488.42	1507.20	1531.40	1555.48	1586.70	1624.02	1651.22	1678.52	1708.04	1737.80	1779.56	1810.96	1849.32	
1896.98	1939.30	1975.16	2020.86	2062.66	2106.64	2166.18	2209.08	2254.78	2294.78	2351.92	2416.94	2497.38	2541.96	2582.40	2627.56	
2706.30	2834.42	2948.34	3073.22	3172.00	3268.28	3387.58	3473.82	3599.14	3711.50	3776.40	3804.36	3818.02	3821.52	3821.94	3822.14	
3821.98	3819.50	3810.90	3799.70	3789.30	3791.24	3807.70	3809.34	3784.08	3691.98	3508.82	3251.92	3089.54	3046.20	3066.76	3077.36	
3097.86	3152.74	3226.94	3343.88	3475.06	3593.10	3646.66	3686.08	3710.96	3708.06	3737.70	3781.84	3800.46	3812.26	3819.12	3820.64	
3820.58	3821.36	3821.02	3823.20	3825.22	3825.94	3825.50	3825.88	3826.38	3826.02	3824.88	3823.52	3821.96	3819.46	3818.68	3819.56	
3819.08	3817.64	3813.06	3795.92	3787.02	3791.62	3797.04	3813.90	3817.90	3814.88	3801.42	3790.72	3797.78	3817.54	3821.88	3822.32	
3824.06	3824.90	3824.96	3826.12	3826.60	3825.82	3825.06	3822.72	3817.36	3811.08	3814.88	3811.04	3811.02	3806.74	3811.40	3798.04	

*******************************************2024/09/08;21:52:43
Probe number 90
Concentration entered by User 10.20% at Temperature 28.36
1425.68	1449.20	1462.58	1488.18	1507.42	1531.90	1555.86	1586.88	1623.46	1650.44	1677.64	1706.54	1738.18	1778.66	1808.98	1848.24	
1895.78	1940.54	1975.42	2023.52	2063.94	2107.32	2167.38	2209.76	2254.58	2294.20	2350.32	2416.14	2498.32	2546.98	2591.10	2640.08	
2719.28	2839.08	2952.00	3074.78	3175.84	3272.28	3392.06	3479.16	3603.74	3713.06	3777.08	3804.86	3818.18	3821.58	3822.10	3822.06	
3822.08	3819.84	3811.38	3799.92	3790.34	3791.88	3808.04	3809.78	3785.16	3694.80	3511.66	3255.40	3092.28	3047.24	3067.20	3078.18	
3099.94	3155.24	3229.32	3346.04	3477.14	3594.22	3648.22	3687.54	3711.96	3709.50	3738.86	3782.48	3800.70	3812.20	3819.44	3820.80	
3820.66	3821.42	3821.16	3823.26	3825.22	3826.00	3825.58	3825.86	3826.42	3826.14	3824.92	3823.44	3822.14	3819.70	3818.90	3819.74	
3819.36	3817.82	3813.50	3796.82	3788.30	3792.84	3797.82	3814.36	3818.20	3815.26	3802.42	3791.58	3798.34	3817.74	3822.14	3822.34	
3824.08	3825.00	3825.10	3826.18	3826.66	3825.76	3825.06	3822.66	3817.62	3811.10	3815.08	3811.32	3811.34	3807.10	3811.56	3798.20	

*******************************************2024/09/08;21:57:43
Probe number 91
Concentration entered by User 10.15% at Temperature 28.34
1426.32	1450.56	1462.40	1488.28	1507.62	1531.98	1556.18	1586.24	1623.20	1649.74	1676.48	1705.94	1738.40	1779.82	1810.80	1848.64	
1895.48	1939.90	1975.96	2023.82	2063.46	2105.40	2167.54	2210.88	2255.18	2295.46	2352.36	2416.70	2498.88	2549.14	2591.98	2636.62	
2716.44	2842.38	2957.96	3083.46	3182.52	3278.38	3398.72	3488.56	3611.18	3716.58	3778.62	3805.24	3818.30	3821.66	3822.20	3822.30	
3822.14	3819.82	3811.62	3800.74	3791.06	3792.56	3808.52	3810.40	3786.32	3695.96	3514.18	3258.80	3095.06	3050.70	3068.86	3080.52	
3101.86	3158.00	3232.40	3348.28	3479.44	3596.82	3650.04	3688.56	3712.84	3710.26	3739.46	3782.76	3801.12	3812.52	3819.58	3820.94	
3820.62	3821.60	3821.20	3823.30	3825.32	3826.02	3825.62	3825.98	3826.52	3826.12	3824.92	3823.66	3822.28	3819.70	3819.06	3819.84	
3819.40	3818.08	3813.90	3797.64	3789.50	3793.90	3798.72	3814.76	3818.46	3815.70	3803.26	3792.74	3799.20	3817.94	3822.24	3822.58	
3824.18	3825.14	3825.06	3826.22	3826.74	3825.92	3825.10	3822.78	3817.56	3811.46	3815.38	3811.40	3811.54	3807.46	3811.92	3799.04	

*******************************************2024/09/08;22:02:43
Probe number 92
Concentration entered by User 10.13% at Temperature 28.31
1426.54	1450.58	1463.76	1489.40	1507.96	1532.32	1556.74	1586.70	1623.46	1650.16	1677.94	1706.86	1738.38	1779.74	1810.80	1849.58	
1897.12	1941.86	1976.76	2022.78	2063.96	2106.62	2166.40	2210.68	2257.48	2298.10	2354.56	2422.02	2506.72	2555.98	2597.24	2644.32	
2724.68	2850.70	2964.44	3088.34	3186.48	3283.34	3403.02	3491.28	3613.74	3717.62	3779.14	3805.56	3818.50	3821.84	3822.16	3822.28	
3822.28	3819.94	3811.86	3800.88	3791.50	3793.14	3808.82	3810.80	3786.82	3697.32	3517.40	3260.60	3096.06	3052.74	3072.24	3081.88	
3103.34	3160.22	3235.84	3352.02	3482.08	3598.56	3650.82	3689.40	3713.54	3711.04	3739.88	3783.08	3801.34	3812.50	3819.60	3820.86	
3820.82	3821.50	3821.18	3823.34	3825.30	3826.08	3825.56	3825.94	3826.42	3826.26	3825.06	3823.64	3822.32	3819.88	3819.06	3819.98	
3819.58	3818.24	3814.32	3798.42	3790.30	3794.64	3799.52	3815.04	3818.70	3815.86	3803.74	3793.46	3799.66	3818.06	3822.30	3822.58	
3824.20	3825.06	3825.14	3826.48	3826.78	3825.86	3825.16	3822.82	3817.72	3811.52	3815.36	3811.74	3811.88	3807.74	3812.32	3799.36	

*******************************************2024/09/08;22:07:43
Probe number 93
Concentration entered by User 10.08% at Temperature 28.28
1425.18	1449.06	1461.48	1488.28	1507.74	1532.06	1555.56	1585.42	1621.78	1649.22	1677.62	1706.78	1737.94	1780.30	1809.90	1850.02	
1897.38	1941.04	1977.34	2022.70	2065.20	2108.70	2171.00	2211.76	2256.18	2297.20	2352.10	2421.26	2504.84	2553.32	2596.16	2646.66	
2729.56	2854.66	2969.44	3091.34	3189.24	3288.66	3408.86	3498.14	3618.44	3719.66	3779.44	3805.66	3818.66	3821.78	3822.20	3822.46	
3822.34	3820.22	3812.22	3801.60	3792.20	3793.72	3809.20	3811.30	3787.48	3699.64	3520.74	3264.24	3098.98	3055.36	3073.58	3083.68	
3105.80	3162.96	3239.00	3355.20	3485.10	3600.24	3652.12	3690.38	3714.04	3711.48	3739.98	3783.36	3801.52	3812.84	3819.70	3820.92	
3820.78	3821.62	3821.26	3823.36	3825.38	3826.12	3825.58	3826.16	3826.56	3826.30	3825.08	3823.78	3822.42	3819.98	3819.10	3820.16	
3819.68	3818.46	3814.64	3799.40	3791.30	3795.64	3800.08	3815.56	3818.82	3816.22	3804.38	3794.40	3800.28	3818.28	3822.38	3822.78	
3824.44	3825.24	3825.24	3826.36	3826.78	3825.88	3825.20	3822.92	3817.80	3811.86	3815.68	3811.92	3811.98	3807.94	3812.52	3799.78	

*******************************************2024/09/08;22:12:43
Probe number 94
Concentration entered by User 10.05% at Temperature 28.27
1425.36	1450.08	1462.40	1488.16	1507.02	1531.42	1556.64	1586.60	1623.12	1649.78	1677.06	1705.56	1737.78	1780.92	1811.20	1850.46	
1896.38	1941.64	1979.60	2021.66	2065.44	2108.76	2167.76	2212.66	2257.44	2298.64	2354.14	2422.68	2508.02	2556.50	2601.14	2652.42	
2734.48	2858.44	2973.22	3095.16	3195.18	3293.78	3413.94	3503.22	3622.64	3721.22	3780.02	3806.12	3818.72	3821.98	3822.34	3822.54	
3822.40	3820.22	3812.44	3802.08	3793.18	3794.40	3809.54	3811.62	3788.36	3701.74	3525.52	3270.16	3104.86	3059.98	3077.26	3087.30	
3108.76	3165.34	3241.20	3357.70	3486.86	3601.58	3653.28	3691.32	3714.58	3712.40	3740.84	3783.74	3801.80	3812.96	3819.66	3821.06	
3820.74	3821.70	3821.30	3823.38	3825.22	3826.12	3825.72	3826.12	3826.60	3826.24	3825.04	3823.90	3822.38	3820.06	3819.28	3820.26	
3819.74	3818.68	3814.90	3799.82	3792.08	3796.32	3800.68	3815.80	3819.24	3816.64	3805.00	3795.04	3800.92	3818.46	3822.36	3822.84	
3824.36	3825.24	3825.24	3826.36	3826.82	3826.10	3825.22	3822.96	3818.02	3811.92	3815.86	3812.24	3812.30	3808.36	3812.88	3800.32	

*******************************************2024/09/08;22:17:43
Probe number 95
Concentration entered by User 10.01% at Temperature 28.23
1425.46	1450.68	1462.52	1488.10	1508.34	1531.40	1556.32	1587.12	1622.08	1648.24	1676.52	1707.02	1739.16	1781.62	1811.42	1850.20	
1895.72	1941.34	1979.32	2019.64	2063.78	2107.66	2168.82	2213.48	2257.54	2298.60	2357.18	2425.76	2510.76	2559.60	2603.36	2656.66	
2738.44	2861.62	2976.28	3098.04	3200.22	3297.58	3419.92	3509.24	3625.96	3723.26	3780.84	3806.72	3818.86	3822.14	3822.52	3822.58	
3822.58	3820.40	3812.70	3802.78	3793.92	3795.14	3810.06	3812.10	3789.44	3704.08	3529.36	3273.92	3107.16	3061.74	3078.42	3089.30	
3111.72	3168.00	3244.26	3360.80	3489.58	3603.98	3654.58	3692.76	3715.30	3713.30	3741.66	3784.40	3802.04	3813.24	3819.76	3821.06	
3820.88	3821.80	3821.40	3823.44	3825.42	3826.18	3825.76	3826.12	3826.70	3826.22	3825.16	3823.98	3822.58	3820.16	3819.32	3820.34	
3819.88	3818.86	3815.26	3800.60	3792.88	3797.20	3801.36	3816.22	3819.32	3816.92	3805.60	3795.98	3801.60	3818.76	3822.52	3822.90	
3824.52	3825.32	3825.28	3826.46	3826.94	3826.06	3825.32	3823.04	3818.12	3812.32	3815.92	3812.50	3812.48	3808.64	3813.08	3800.68	

*******************************************2024/09/08;22:22:43
Probe number 96
Concentration entered by User 9.97% at Temperature 28.21
1425.04	1450.60	1462.36	1487.52	1507.48	1531.56	1556.06	1586.68	1621.10	1649.00	1677.48	1706.22	1738.44	1781.60	1812.38	1849.76	
1893.98	1939.62	1977.10	2019.58	2065.50	2107.96	2166.34	2210.84	2256.18	2295.76	2354.70	2424.76	2512.94	2558.50	2606.38	2661.48	
2743.98	2867.90	2981.48	3102.52	3206.30	3304.40	3426.56	3514.02	3630.08	3724.22	3781.02	3806.80	3819.02	3822.24	3822.64	3822.64	
3822.52	3820.46	3813.04	3803.04	3794.42	3795.70	3810.38	3812.46	3790.34	3706.32	3531.54	3275.88	3108.80	3062.74	3080.86	3091.74	
3113.86	3171.06	3247.02	3363.10	3490.98	3605.40	3655.64	3693.00	3715.94	3713.68	3742.18	3784.90	3802.58	3813.38	3819.92	3821.20	
3821.06	3821.88	3821.46	3823.54	3825.42	3826.30	3825.90	3826.24	3826.76	3826.42	3825.34	3823.94	3822.56	3820.30	3819.50	3820.58	
3820.00	3819.04	3815.60	3801.36	3793.82	3798.10	3802.10	3816.52	3819.66	3817.20	3806.50	3796.80	3802.14	3818.98	3822.72	3823.00	
3824.58	3825.36	3825.44	3826.58	3826.96	3826.26	3825.32	3823.02	3818.30	3812.52	3816.02	3812.82	3812.62	3809.10	3813.38	3801.14	

*******************************************2024/09/08;22:27:43
Probe number 97
Concentration entered by User 9.94% at Temperature 28.18
1425.58	1450.48	1462.24	1487.92	1507.16	1531.98	1556.18	1587.18	1622.94	1649.68	1677.70	1707.24	1739.96	1782.94	1812.70	1850.04	
1896.54	1939.48	1978.12	2021.10	2069.28	2112.16	2170.06	2214.10	2257.68	2298.02	2355.60	2425.52	2512.82	2562.32	2611.48	2666.32	
2747.48	2872.08	2985.22	3106.08	3211.26	3308.06	3431.96	3517.68	3632.98	3725.40	3781.28	3806.96	3819.08	3822.32	3822.64	3822.68	
3822.70	3820.66	3813.28	3803.40	3794.78	3796.28	3810.80	3812.76	3791.06	3708.04	3534.34	3279.90	3112.78	3066.00	3083.44	3093.94	
3116.48	3173.92	3249.18	3365.10	3492.96	3606.32	3657.04	3694.18	3716.64	3714.20	3742.76	3785.00	3802.58	3813.44	3820.02	3821.14	
3821.08	3821.80	3821.46	3823.52	3825.44	3826.36	3825.82	3826.22	3826.62	3826.48	3825.38	3823.94	3822.68	3820.40	3819.48	3820.48	
3820.20	3819.14	3815.94	3801.92	3794.52	3798.46	3802.70	3816.84	3819.70	3817.32	3806.72	3797.18	3802.44	3818.98	3822.82	3822.94	
3824.64	3825.40	3825.40	3826.58	3827.00	3826.06	3825.32	3823.08	3818.40	3812.68	3816.36	3813.04	3813.02	3809.40	3813.60	3801.32	

*******************************************2024/09/08;22:32:43
Probe number 98
Concentration entered by User 9.91% at Temperature 28.16
1425.84	1451.12	1462.18	1487.24	1507.48	1532.40	1556.50	1585.52	1622.30	1650.50	1678.20	1707.18	1739.94	1783.82	1814.60	1852.24	
1895.88	1940.34	1979.26	2023.48	2069.74	2109.96	2169.16	2212.44	2256.90	2299.44	2357.44	2429.24	2515.00	2563.54	2613.68	2668.50	
2752.76	2878.64	2990.90	3111.60	3215.10	3313.46	3436.44	3521.80	3635.52	3727.08	3781.88	3807.24	3819.26	3822.20	3822.70	3822.82	
3822.88	3820.82	3813.40	3803.74	3795.32	3796.92	3810.98	3812.86	3791.70	3709.60	3537.34	3283.22	3115.72	3069.08	3086.20	3095.70	
3119.56	3176.36	3251.80	3367.18	3494.56	3607.96	3657.94	3694.72	3717.90	3715.44	3743.42	3785.34	3802.68	3813.74	3820.06	3821.36	
3821.04	3822.08	3821.66	3823.62	3825.50	3826.30	3825.86	3826.28	3826.82	3826.46	3825.42	3824.14	3822.72	3820.48	3819.66	3820.68	
3820.28	3819.46	3816.08	3802.48	3795.52	3799.62	3803.40	3817.14	3820.02	3817.72	3807.28	3797.92	3802.98	3819.30	3822.90	3823.12	
3824.74	3825.46	3825.52	3826.66	3827.04	3826.22	3825.42	3823.28	3818.48	3813.08	3816.54	3813.34	3813.18	3809.70	3813.92	3801.80	

*******************************************2024/09/08;22:37:43
Probe number 99
Concentration entered by User 9.89% at Temperature 28.13
1425.72	1451.00	1463.26	1488.10	1508.02	1533.58	1557.46	1587.92	1624.08	1651.78	1678.92	1708.04	1740.78	1784.28	1813.60	1851.86	
1896.60	1940.04	1980.28	2023.10	2069.40	2111.56	2169.48	2214.18	2260.56	2303.44	2359.38	2427.76	2515.18	2566.34	2617.22	2673.24	
2758.10	2882.30	2997.12	3117.96	3218.80	3316.60	3440.22	3524.74	3637.96	3727.76	3782.38	3807.46	3819.32	3822.38	3822.66	3822.82	
3822.86	3820.86	3813.68	3804.04	3795.92	3797.38	3811.26	3813.30	3792.44	3711.28	3540.44	3286.88	3118.96	3071.38	3089.38	3098.68	
3121.74	3178.84	3255.02	3370.78	3497.04	3609.86	3659.48	3696.46	3719.12	3716.84	3744.34	3785.76	3803.22	3813.84	3820.14	3821.36	
3821.26	3822.04	3821.60	3823.76	3825.54	3826.38	3825.88	3826.26	3826.82	3826.62	3825.42	3824.18	3822.88	3820.60	3819.70	3820.76	
3820.50	3819.56	3816.44	3803.32	3796.42	3800.44	3804.04	3817.40	3820.06	3818.02	3807.86	3798.72	3803.50	3819.50	3822.94	3823.24	
3824.76	3825.54	3825.60	3826.62	3827.02	3826.12	3825.50	3823.24	3818.64	3813.18	3816.68	3813.68	3813.46	3810.32	3814.16	3802.10	

*******************************************2024/09/08;22:42:43
Probe number 100
Concentration entered by User 9.86% at Temperature 28.10
1425.94	1451.06	1463.36	1488.48	1507.46	1532.94	1556.48	1586.32	1622.40	1650.52	1677.74	1708.06	1741.44	1785.14	1814.52	1851.44	
1894.32	1940.74	1981.00	2022.94	2068.70	2109.10	2167.54	2214.28	2259.86	2301.84	2357.94	2430.44	2517.86	2567.28	2618.76	2676.06	
2762.02	2887.20	3002.72	3121.78	3219.86	3319.50	3443.96	3529.54	3640.88	3728.76	3782.90	3807.72	3819.36	3822.46	3822.76	3822.98	
3822.78	3820.94	3813.86	3804.44	3796.28	3797.82	3811.58	3813.46	3792.76	3712.74	3543.22	3290.64	3122.78	3073.76	3090.10	3099.44	
3123.60	3181.00	3257.22	3373.04	3498.24	3611.06	3660.10	3697.20	3719.40	3717.26	3744.82	3786.08	3803.32	3814.02	3820.20	3821.44	
3821.22	3822.06	3821.76	3823.68	3825.56	3826.36	3825.90	3826.34	3826.82	3826.52	3825.34	3824.28	3822.84	3820.58	3819.86	3820.88	
3820.50	3819.64	3816.58	3803.56	3797.02	3801.08	3804.64	3817.58	3820.20	3818.10	3808.38	3799.32	3803.84	3819.56	3823.06	3823.22	
3824.70	3825.56	3825.52	3826.64	3827.04	3826.24	3825.48	3823.24	3818.60	3813.42	3816.80	3813.70	3813.78	3810.40	3814.36	3802.62	

*******************************************2024/09/08;22:47:43
Probe number 101
Concentration entered by User 9.83% at Temperature 28.08
1425.80	1450.80	1462.22	1487.38	1507.14	1532.52	1556.40	1586.72	1622.40	1649.86	1676.56	1707.70	1740.86	1785.58	1816.12	1852.28	
1894.36	1940.04	1983.12	2023.92	2069.32	2108.96	2168.82	2217.94	2262.74	2305.86	2360.64	2430.40	2517.90	2569.48	2620.82	2677.62	
2763.46	2889.86	3004.60	3124.16	3222.50	3323.18	3449.54	3533.54	3642.40	3729.94	3783.22	3808.00	3819.56	3822.56	3822.88	3822.98	
3822.98	3821.14	3814.02	3804.82	3796.94	3798.30	3812.02	3813.98	3793.58	3714.72	3546.96	3295.46	3124.14	3075.88	3095.18	3105.64	
3134.48	3194.60	3271.64	3382.62	3506.18	3614.72	3665.40	3702.00	3723.94	3722.24	3747.86	3787.00	3803.20	3814.38	3820.42	3821.52	
3821.38	3822.26	3821.82	3823.78	3825.62	3826.48	3826.06	3826.48	3826.96	3826.58	3825.48	3824.28	3822.96	3820.78	3819.86	3821.00	
3820.62	3819.98	3816.84	3804.24	3797.60	3801.72	3805.06	3817.88	3820.42	3818.46	3808.84	3799.76	3804.20	3819.80	3823.12	3823.38	
3824.90	3825.70	3825.66	3826.74	3827.12	3826.44	3825.60	3823.50	3818.76	3813.64	3817.12	3814.06	3814.06	3810.56	3814.48	3802.96	

*******************************************2024/09/08;22:52:43
Probe number 102
Concentration entered by User 9.78% at Temperature 28.05
1425.02	1449.40	1462.32	1488.84	1506.80	1532.24	1556.36	1586.74	1623.22	1650.24	1676.74	1707.46	1740.86	1783.70	1814.00	1851.28	
1893.10	1938.98	1981.72	2023.64	2068.72	2110.14	2172.40	2218.92	2263.64	2306.28	2360.30	2429.72	2516.52	2568.94	2624.02	2681.40	
2767.14	2894.42	3008.14	3127.70	3226.52	3331.28	3457.10	3538.82	3645.58	3730.70	3783.62	3808.24	3819.66	3822.64	3822.90	3823.16	
3822.98	3821.12	3814.48	3805.24	3797.56	3798.58	3812.26	3814.12	3794.26	3717.18	3549.92	3301.42	3128.70	3079.08	3100.40	3115.56	
3151.98	3217.06	3294.48	3399.86	3519.62	3622.74	3672.00	3707.02	3728.08	3727.38	3751.18	3787.52	3803.30	3814.50	3820.58	3821.76	
3821.50	3822.28	3821.90	3823.80	3825.74	3826.54	3826.10	3826.48	3826.96	3826.66	3825.54	3824.36	3823.12	3820.90	3819.98	3820.98	
3820.80	3820.16	3817.20	3805.08	3798.48	3802.22	3805.80	3818.18	3820.70	3818.68	3809.56	3800.62	3804.60	3819.88	3823.26	3823.40	
3824.92	3825.70	3825.66	3826.80	3827.22	3826.46	3825.72	3823.56	3819.04	3813.72	3817.24	3814.32	3814.40	3810.94	3814.84	3803.44	

*******************************************2024/09/08;22:57:43
Probe number 103
Concentration entered by User 9.74% at Temperature 28.02
1423.48	1449.56	1461.76	1487.04	1506.00	1532.16	1555.90	1586.18	1622.56	1648.80	1675.04	1705.38	1739.06	1783.14	1814.28	1850.80	
1895.20	1939.70	1981.00	2022.80	2068.60	2110.20	2170.90	2219.10	2264.26	2304.92	2359.32	2428.52	2513.52	2569.98	2626.96	2685.18	
2773.34	2901.00	3015.74	3132.02	3229.98	3336.48	3463.70	3544.84	3649.36	3732.38	3784.18	3808.30	3819.74	3822.70	3822.96	3823.08	
3823.10	3821.20	3814.58	3805.54	3797.94	3798.98	3812.42	3814.38	3794.94	3718.98	3553.02	3306.62	3133.46	3081.94	3104.04	3122.72	
3163.44	3229.36	3306.50	3409.28	3526.46	3626.76	3676.88	3711.28	3731.60	3731.02	3753.46	3788.00	3803.28	3814.68	3820.58	3821.72	
3821.46	3822.34	3821.88	3823.86	3825.78	3826.52	3826.04	3826.44	3826.96	3826.70	3825.54	3824.40	3823.02	3820.88	3819.98	3821.00	
3820.86	3820.20	3817.48	3805.46	3798.88	3802.68	3805.94	3818.22	3820.78	3818.92	3809.94	3801.10	3804.84	3819.98	3823.26	3823.36	
3824.98	3825.70	3825.62	3826.74	3827.22	3826.50	3825.66	3823.58	3819.06	3813.90	3817.28	3814.46	3814.38	3811.16	3815.08	3803.80	

*******************************************2024/09/08;23:02:43
Probe number 104
Concentration entered by User 9.70% at Temperature 28.00
1424.88	1450.86	1463.50	1488.50	1507.32	1532.88	1556.46	1587.02	1623.30	1649.58	1676.54	1707.04	1740.16	1782.42	1813.00	1851.84	
1895.52	1939.70	1981.34	2023.90	2069.30	2111.62	2170.02	2218.14	2265.44	2308.26	2360.12	2427.94	2516.00	2572.42	2630.56	2687.50	
2777.68	2904.36	3017.40	3133.84	3235.48	3341.48	3467.02	3548.58	3652.16	3734.28	3784.64	3808.60	3819.94	3822.76	3823.08	3823.18	
3823.18	3821.40	3814.92	3805.86	3798.38	3799.58	3812.86	3814.64	3795.74	3720.32	3554.80	3309.32	3135.66	3084.22	3107.88	3126.96	
3168.26	3234.62	3312.86	3415.50	3531.98	3629.94	3679.58	3713.52	3733.38	3732.98	3754.82	3788.40	3803.48	3814.78	3820.60	3821.78	
3821.66	3822.42	3822.02	3823.94	3825.80	3826.58	3826.06	3826.50	3826.92	3826.78	3825.70	3824.42	3823.06	3821.00	3820.18	3821.22	
3821.02	3820.36	3817.66	3806.16	3799.54	3803.20	3806.58	3818.62	3821.02	3819.16	3810.44	3802.06	3805.68	3820.24	3823.48	3823.50	
3824.96	3825.90	3825.78	3826.86	3827.26	3826.34	3825.80	3823.68	3819.30	3814.00	3817.48	3814.66	3814.66	3811.46	3815.30	3803.94	

*******************************************2024/09/08;23:07:43
Probe number 105
Concentration entered by User 9.68% at Temperature 27.97
1424.94	1450.56	1463.72	1489.12	1507.28	1532.40	1555.78	1587.08	1623.08	1649.14	1676.76	1708.20	1742.20	1782.88	1812.98	1852.78	
1895.70	1940.24	1981.68	2025.26	2068.02	2110.72	2172.04	2221.86	2267.54	2309.40	2360.58	2430.20	2517.18	2572.80	2630.68	2688.02	
2781.02	2908.20	3019.60	3135.20	3237.30	3344.54	3469.44	3550.82	3654.36	3735.62	3785.18	3808.92	3820.04	3822.88	3823.30	3823.22	
3823.22	3821.40	3814.98	3806.20	3798.86	3799.92	3812.94	3814.82	3796.00	3721.32	3556.64	3311.18	3136.86	3085.96	3109.74	3129.02	
3172.30	3239.74	3318.34	3419.48	3533.28	3631.58	3681.16	3715.20	3734.42	3734.16	3755.86	3788.72	3803.60	3814.98	3820.74	3821.86	
3821.64	3822.44	3822.00	3823.90	3825.80	3826.56	3826.14	3826.58	3826.98	3826.76	3825.62	3824.56	3823.20	3821.00	3820.22	3821.32	
3821.06	3820.50	3817.84	3806.64	3800.18	3803.94	3806.94	3818.78	3821.10	3819.26	3810.92	3802.60	3805.98	3820.36	3823.46	3823.66	
3825.12	3825.80	3825.80	3826.82	3827.26	3826.52	3825.80	3823.66	3819.34	3814.38	3817.52	3814.82	3814.74	3811.82	3815.40	3804.40	

*******************************************2024/09/08;23:12:43
Probe number 106
Concentration entered by User 9.64% at Temperature 27.95
1424.26	1450.14	1462.72	1487.74	1506.70	1531.76	1555.36	1586.96	1622.72	1648.68	1675.86	1707.48	1739.70	1783.30	1814.26	1853.54	
1895.34	1939.50	1980.70	2024.08	2070.74	2109.60	2168.62	2221.02	2267.72	2309.68	2360.44	2429.32	2514.52	2573.06	2632.56	2688.86	
2783.70	2910.56	3023.54	3139.26	3241.10	3348.54	3474.98	3556.94	3657.64	3736.78	3785.60	3809.08	3820.16	3822.94	3823.20	3823.32	
3823.32	3821.54	3815.20	3806.76	3799.38	3800.48	3813.20	3815.02	3796.66	3722.64	3558.74	3314.00	3140.08	3088.46	3112.56	3132.60	
3176.94	3244.30	3323.50	3424.60	3536.46	3633.04	3682.96	3716.18	3735.50	3735.52	3756.64	3789.10	3803.66	3815.00	3820.86	3821.88	
3821.66	3822.42	3821.96	3823.88	3825.80	3826.64	3826.12	3826.58	3827.06	3826.74	3825.68	3824.52	3823.22	3821.12	3820.26	3821.42	
3821.24	3820.60	3818.12	3807.08	3800.74	3804.52	3807.38	3819.06	3821.26	3819.38	3811.20	3803.22	3806.40	3820.44	3823.46	3823.68	
3825.12	3825.90	3825.92	3826.94	3827.36	3826.64	3825.80	3823.72	3819.38	3814.46	3817.72	3814.94	3814.90	3811.92	3815.58	3804.76	

*******************************************2024/09/08;23:17:43
Probe number 107
Concentration entered by User 9.59% at Temperature 27.93
1425.00	1450.60	1462.34	1487.48	1506.36	1531.24	1555.30	1586.28	1623.44	1649.30	1675.98	1706.70	1740.46	1783.10	1815.08	1853.18	
1895.94	1939.98	1982.36	2023.46	2070.34	2111.70	2171.62	2220.72	2267.40	2309.98	2359.44	2426.54	2517.10	2576.14	2633.76	2694.16	
2789.70	2915.20	3028.22	3144.52	3247.30	3354.34	3480.18	3562.22	3661.26	3738.32	3786.16	3809.22	3820.22	3823.10	3823.30	3823.44	
3823.30	3821.66	3815.36	3807.02	3799.80	3800.88	3813.44	3815.26	3796.78	3724.18	3562.68	3318.26	3142.98	3091.14	3114.26	3134.74	
3179.40	3248.22	3325.70	3426.56	3538.20	3634.84	3684.14	3717.18	3735.74	3735.86	3757.18	3789.54	3803.98	3815.22	3820.92	3822.00	
3821.76	3822.52	3822.06	3823.96	3825.86	3826.60	3826.10	3826.58	3827.06	3826.82	3825.72	3824.60	3823.28	3821.08	3820.36	3821.50	
3821.34	3820.66	3818.28	3807.74	3801.38	3804.96	3807.78	3819.20	3821.46	3819.60	3811.66	3803.62	3806.80	3820.52	3823.56	3823.78	
3825.12	3825.94	3825.88	3827.00	3827.38	3826.62	3825.80	3823.86	3819.38	3814.52	3817.88	3815.18	3815.12	3812.26	3815.86	3804.98	

*******************************************2024/09/08;23:22:43
Probe number 108
Concentration entered by User 9.55% at Temperature 27.90
1424.76	1450.22	1462.90	1488.30	1506.20	1531.38	1556.26	1586.56	1624.32	1649.94	1677.54	1708.56	1740.28	1783.22	1814.86	1853.46	
1896.52	1941.42	1982.80	2025.38	2072.32	2113.32	2170.92	2221.36	2268.50	2313.12	2363.92	2428.10	2516.48	2578.26	2639.06	2700.32	
2795.50	2921.32	3032.90	3150.08	3253.98	3359.12	3484.62	3568.00	3665.58	3740.16	3786.66	3809.72	3820.42	3823.10	3823.36	3823.48	
3823.54	3821.72	3815.60	3807.46	3800.32	3801.40	3813.64	3815.58	3797.62	3725.44	3564.12	3320.48	3144.96	3091.30	3115.34	3136.52	
3181.98	3250.60	3328.76	3428.66	3541.80	3637.40	3686.12	3718.92	3736.90	3736.96	3758.16	3789.88	3804.18	3815.38	3820.94	3822.04	
3821.84	3822.50	3822.20	3824.06	3825.94	3826.74	3826.28	3826.72	3827.14	3826.88	3825.78	3824.66	3823.34	3821.26	3820.44	3821.66	
3821.46	3820.92	3818.54	3808.14	3802.22	3805.52	3808.34	3819.40	3821.62	3819.74	3812.08	3804.30	3807.10	3820.76	3823.78	3823.80	
3825.32	3825.94	3826.00	3827.00	3827.42	3826.60	3825.98	3823.90	3819.62	3814.74	3818.08	3815.22	3815.26	3812.46	3815.94	3805.34	

*******************************************2024/09/08;23:27:43
Probe number 109
Concentration entered by User 9.50% at Temperature 27.88
1425.08	1450.38	1463.04	1488.32	1506.22	1531.44	1556.20	1587.04	1623.52	1649.70	1676.96	1707.70	1739.88	1783.02	1814.28	1854.02	
1897.92	1941.66	1981.24	2026.52	2074.34	2115.80	2174.52	2222.28	2268.64	2313.20	2360.24	2430.64	2518.32	2578.72	2639.92	2699.60	
2796.96	2923.22	3034.16	3153.78	3259.22	3364.84	3490.52	3574.16	3668.84	3742.06	3787.14	3809.90	3820.54	3823.24	3823.46	3823.52	
3823.54	3821.88	3815.84	3807.68	3800.78	3801.98	3813.94	3815.74	3798.08	3726.64	3566.80	3321.92	3147.04	3095.18	3118.14	3138.90	
3185.46	3254.62	3331.96	3431.94	3543.22	3638.38	3687.08	3719.50	3737.48	3737.48	3758.66	3789.94	3804.40	3815.38	3821.12	3822.20	
3821.94	3822.52	3822.22	3824.16	3826.04	3826.76	3826.36	3826.64	3827.16	3826.86	3825.90	3824.64	3823.42	3821.40	3820.54	3821.66	
3821.52	3820.92	3818.72	3808.82	3802.84	3806.12	3808.80	3819.48	3821.72	3819.90	3812.50	3804.68	3807.48	3820.80	3823.80	3823.78	
3825.30	3826.00	3826.02	3827.06	3827.46	3826.60	3826.06	3823.90	3819.70	3814.86	3818.16	3815.48	3815.58	3812.66	3816.18	3805.58	

*******************************************2024/09/08;23:32:43
Probe number 110
Concentration entered by User 9.45% at Temperature 27.85
1424.10	1450.50	1463.46	1488.70	1505.96	1530.84	1555.60	1586.86	1622.68	1648.24	1677.06	1708.22	1740.86	1782.86	1816.28	1855.00	
1898.30	1941.44	1981.28	2023.50	2070.38	2114.22	2173.86	2221.28	2270.02	2312.34	2359.98	2430.58	2517.22	2579.46	2642.30	2703.00	
2802.20	2927.38	3040.76	3159.64	3265.72	3371.32	3495.34	3578.68	3672.62	3744.32	3787.82	3810.18	3820.52	3823.28	3823.40	3823.68	
3823.48	3821.84	3815.86	3807.92	3801.30	3802.26	3813.96	3815.86	3798.58	3728.32	3568.92	3323.46	3148.60	3097.32	3119.42	3141.02	
3188.36	3256.86	3333.30	3433.22	3545.00	3639.10	3687.88	3720.58	3738.64	3738.88	3759.38	3790.32	3804.50	3815.74	3821.02	3822.16	
3821.88	3822.66	3822.22	3824.06	3825.94	3826.68	3826.30	3826.72	3827.10	3826.96	3825.80	3824.64	3823.42	3821.36	3820.56	3821.68	
3821.60	3821.18	3818.86	3809.12	3803.20	3806.38	3809.08	3819.66	3821.90	3820.10	3812.66	3805.08	3807.70	3820.84	3823.82	3823.88	
3825.34	3826.00	3826.00	3827.10	3827.42	3826.74	3825.98	3823.90	3819.68	3815.00	3818.26	3815.58	3815.64	3812.92	3816.24	3805.86	

*******************************************2024/09/08;23:37:43
Probe number 111
Concentration entered by User 9.42% at Temperature 27.82
1424.22	1450.34	1463.82	1488.56	1506.08	1531.44	1556.30	1587.70	1623.90	1648.20	1676.38	1708.02	1740.66	1783.90	1816.10	1855.20	
1897.86	1941.92	1981.36	2023.78	2071.72	2114.58	2174.52	2221.58	2268.30	2311.86	2361.64	2429.66	2521.60	2587.96	2644.64	2705.02	
2804.18	2929.72	3043.20	3161.14	3268.40	3375.04	3499.98	3582.24	3674.68	3745.16	3788.14	3810.36	3820.60	3823.28	3823.54	3823.58	
3823.62	3821.98	3816.08	3808.26	3801.72	3802.82	3814.40	3816.00	3799.24	3729.64	3571.12	3325.58	3150.60	3099.60	3121.74	3142.48	
3190.92	3260.58	3336.10	3435.44	3546.14	3640.54	3689.10	3721.44	3739.54	3739.74	3760.34	3790.82	3804.70	3815.70	3821.20	3822.22	
3822.12	3822.74	3822.32	3824.14	3826.04	3826.76	3826.36	3826.60	3827.14	3827.02	3825.92	3824.66	3823.48	3821.48	3820.72	3821.76	
3821.70	3821.12	3818.98	3809.42	3803.74	3806.64	3809.52	3819.90	3821.90	3820.26	3812.86	3805.36	3808.00	3820.92	3823.92	3823.90	
3825.34	3826.10	3826.14	3827.10	3827.58	3826.64	3826.10	3823.98	3819.92	3815.18	3818.38	3815.84	3815.76	3813.12	3816.42	3805.94	

*******************************************2024/09/08;23:42:43
Probe number 112
Concentration entered by User 9.39% at Temperature 27.80
1424.74	1451.40	1464.18	1488.78	1506.72	1531.62	1556.16	1587.54	1623.16	1646.98	1676.08	1708.54	1741.14	1784.30	1815.34	1854.68	
1898.30	1942.76	1982.64	2024.54	2072.58	2114.92	2175.58	2224.20	2270.60	2313.92	2364.16	2430.06	2523.78	2588.00	2641.42	2706.02	
2805.90	2933.56	3046.32	3164.32	3271.46	3379.44	3503.60	3584.82	3676.40	3746.36	3788.76	3810.60	3820.66	3823.36	3823.56	3823.84	
3823.68	3822.06	3816.28	3808.66	3802.20	3803.28	3814.66	3816.38	3799.68	3730.86	3573.06	3328.42	3153.02	3101.38	3122.80	3145.06	
3193.80	3262.84	3339.04	3437.74	3549.34	3642.72	3690.18	3722.54	3740.48	3740.60	3761.04	3790.88	3804.88	3815.88	3821.34	3822.30	
3821.98	3822.76	3822.40	3824.10	3825.96	3826.86	3826.34	3826.80	3827.24	3826.98	3825.92	3824.88	3823.48	3821.54	3820.74	3821.96	
3821.74	3821.32	3819.22	3809.92	3804.16	3807.28	3809.74	3820.08	3822.06	3820.26	3813.28	3806.18	3808.36	3821.02	3823.94	3824.02	
3825.46	3826.08	3826.16	3827.18	3827.56	3826.80	3826.12	3824.06	3819.86	3815.42	3818.60	3815.92	3815.96	3813.40	3816.60	3806.44	

*******************************************2024/09/08;23:47:43
Probe number 113
Concentration entered by User 9.35% at Temperature 27.78
1425.54	1451.56	1464.48	1489.02	1507.46	1533.16	1556.90	1588.50	1623.98	1648.82	1676.34	1707.96	1740.74	1784.42	1816.28	1856.64	
1900.84	1941.84	1982.28	2023.60	2072.70	2116.02	2176.44	2223.26	2269.28	2312.10	2365.46	2431.66	2525.30	2588.78	2645.82	2710.96	
2810.62	2938.76	3051.24	3168.36	3277.38	3386.58	3509.76	3587.32	3678.36	3747.26	3789.36	3810.68	3820.84	3823.40	3823.68	3823.78	
3823.70	3821.96	3816.30	3808.86	3802.40	3803.46	3814.84	3816.58	3800.22	3731.84	3575.64	3330.96	3156.20	3102.90	3124.88	3147.84	
3197.08	3267.20	3342.04	3441.64	3552.06	3644.68	3692.12	3723.76	3740.88	3741.70	3761.22	3791.50	3805.10	3816.00	3821.32	3822.38	
3822.16	3822.80	3822.48	3824.18	3826.10	3826.78	3826.38	3826.84	3827.18	3827.06	3826.00	3824.86	3823.50	3821.56	3820.92	3821.96	
3821.82	3821.38	3819.36	3810.34	3804.82	3807.82	3810.28	3820.20	3822.24	3820.50	3813.58	3806.48	3808.74	3821.22	3823.92	3824.02	
3825.46	3826.20	3826.18	3827.20	3827.60	3826.84	3826.22	3824.10	3819.88	3815.50	3818.74	3816.04	3816.06	3813.64	3816.70	3806.56	

*******************************************2024/09/08;23:52:43
Probe number 114
Concentration entered by User 9.31% at Temperature 27.75
1425.94	1451.50	1463.94	1489.18	1507.60	1532.40	1555.94	1587.52	1623.78	1649.08	1677.54	1707.42	1741.28	1785.40	1817.04	1856.64	
1900.64	1944.40	1985.06	2023.58	2073.68	2119.92	2179.00	2225.36	2267.66	2312.48	2364.18	2433.40	2524.24	2584.58	2648.54	2714.34	
2812.26	2943.32	3053.00	3172.30	3280.58	3391.08	3514.28	3591.60	3681.76	3749.70	3790.14	3811.22	3821.00	3823.56	3823.82	3823.88	
3823.88	3822.18	3816.56	3809.12	3802.98	3804.04	3815.12	3816.74	3800.84	3733.86	3578.54	3334.62	3159.94	3106.30	3128.70	3151.56	
3202.22	3272.78	3347.84	3446.64	3556.10	3647.20	3694.02	3725.62	3742.30	3743.18	3762.64	3791.78	3805.22	3816.14	3821.32	3822.44	
3822.12	3822.94	3822.54	3824.18	3826.12	3826.94	3826.46	3826.90	3827.32	3827.08	3826.04	3824.98	3823.74	3821.62	3820.94	3822.06	
3821.90	3821.64	3819.58	3810.80	3805.34	3808.34	3810.76	3820.38	3822.28	3820.56	3813.96	3806.90	3808.96	3821.30	3824.14	3824.08	
3825.60	3826.26	3826.14	3827.34	3827.68	3826.78	3826.20	3824.14	3820.06	3815.66	3818.82	3816.34	3816.36	3813.92	3817.00	3807.02	

*******************************************2024/09/08;23:57:43
Probe number 115
Concentration entered by User 9.28% at Temperature 27.71
1425.64	1452.00	1465.04	1490.20	1508.50	1533.72	1557.48	1588.74	1624.80	1649.40	1678.50	1709.42	1742.20	1786.26	1816.28	1855.66	
1899.08	1941.52	1982.22	2024.50	2075.00	2118.00	2178.82	2224.60	2268.02	2313.66	2364.18	2432.36	2526.30	2587.92	2656.48	2717.20	
2813.68	2944.66	3056.56	3173.22	3281.86	3394.26	3518.18	3594.62	3683.24	3750.74	3790.54	3811.24	3820.96	3823.58	3823.90	3823.92	
3823.94	3822.26	3816.68	3809.44	3803.40	3804.54	3815.48	3817.28	3801.64	3735.22	3580.80	3338.28	3163.54	3109.48	3130.38	3154.56	
3205.54	3275.64	3351.10	3449.76	3558.58	3649.12	3695.66	3726.46	3742.84	3743.90	3763.26	3792.32	3805.60	3816.36	3821.58	3822.52	
3822.26	3823.00	3822.54	3824.34	3826.18	3826.96	3826.40	3826.82	3827.38	3827.18	3826.18	3825.02	3823.84	3821.80	3821.12	3822.22	
3822.06	3821.72	3819.70	3811.08	3805.86	3808.86	3811.12	3820.56	3822.46	3820.82	3814.18	3807.40	3809.38	3821.42	3824.20	3824.30	
3825.62	3826.30	3826.28	3827.36	3827.72	3826.92	3826.28	3824.22	3820.26	3815.92	3818.94	3816.38	3816.52	3814.18	3817.20	3807.36	

