*******************************************2024/08/20;18:28:22
Probe number 0
Concentration entered by User 2.30% at Temperature 0.00
1260.50	1278.72	1294.18	1313.44	1329.50	1349.38	1368.50	1389.12	1410.80	1433.18	1460.92	1480.84	1509.54	1527.02	1565.20	1598.82	
1640.66	1681.48	1713.36	1748.12	1792.46	1840.92	1894.80	1946.92	2000.92	2059.64	2139.08	2224.72	2349.54	2510.88	2681.66	2928.26	
3196.20	3424.72	3544.12	3605.92	3657.22	3670.26	3740.78	3753.00	3764.32	3768.00	3752.90	3722.16	3696.68	3684.46	3718.30	3739.52	
3755.18	3749.80	3744.10	3749.74	3734.98	3712.22	3671.88	3668.34	3646.38	3642.30	3661.08	3638.14	3616.18	3594.22	3575.04	3570.28	
3578.02	3573.56	3575.96	3558.84	3573.04	3589.68	3588.68	3588.74	3570.00	3590.60	3657.90	3711.54	3730.38	3757.74	3764.40	3781.40	
3795.80	3803.28	3806.10	3810.84	3811.02	3804.22	3795.66	3786.34	3789.06	3792.46	3799.40	3793.54	3783.40	3736.48	3716.10	3717.70	
3750.36	3747.04	3715.48	3644.88	3597.82	3587.16	3667.04	3733.50	3720.58	3685.86	3645.58	3681.20	3644.26	3634.32	3517.00	3591.66	
3602.28	3726.08	3742.08	3748.32	3756.28	3755.38	3770.62	3784.64	3803.36	3807.46	3790.00	3768.06	3746.60	3766.30	3792.20	3765.94	

*******************************************2024/08/20;18:28:42
Probe number 1
Concentration entered by User 2.30% at Temperature 31.03
1259.36	1276.76	1292.22	1311.40	1327.94	1347.48	1366.62	1387.60	1409.22	1429.26	1459.30	1480.20	1505.82	1524.22	1563.78	1596.76	
1640.94	1678.36	1712.54	1751.72	1791.44	1838.42	1889.56	1938.64	1999.46	2053.64	2138.84	2220.06	2335.38	2495.50	2687.06	2949.32	
3198.94	3426.64	3546.74	3607.88	3656.98	3669.80	3739.10	3751.94	3763.22	3767.02	3752.10	3721.66	3696.18	3683.88	3717.72	3738.60	
3754.48	3749.36	3743.48	3749.26	3734.08	3711.18	3671.12	3667.62	3645.68	3640.32	3660.58	3637.46	3615.42	3593.50	3573.98	3569.22	
3576.68	3572.28	3574.76	3558.36	3572.38	3588.70	3586.62	3587.14	3568.30	3588.72	3656.20	3710.52	3729.80	3757.02	3763.92	3780.60	
3795.24	3802.76	3805.84	3810.48	3810.78	3804.06	3795.18	3785.84	3788.82	3791.90	3799.16	3793.26	3783.00	3735.88	3715.58	3717.00	
3749.92	3746.30	3715.20	3644.56	3597.84	3586.50	3666.44	3733.06	3719.72	3685.86	3645.22	3680.62	3643.76	3633.72	3515.56	3591.08	
3601.96	3725.52	3741.28	3747.88	3756.00	3755.02	3770.36	3784.18	3803.10	3807.18	3789.82	3767.80	3746.08	3766.00	3791.74	3765.48	

*******************************************2024/08/20;18:29:02
Probe number 2
Concentration entered by User 2.36% at Temperature 31.01
1255.54	1273.46	1289.06	1307.48	1324.94	1343.70	1363.58	1384.16	1405.00	1425.88	1455.26	1475.22	1502.48	1520.94	1559.40	1592.82	
1634.30	1676.14	1704.08	1741.02	1784.24	1829.48	1881.76	1935.76	1992.34	2048.72	2126.06	2200.00	2330.40	2501.92	2673.12	2936.40	
3187.88	3411.08	3523.54	3589.26	3643.26	3656.12	3729.62	3742.70	3754.96	3758.74	3742.30	3710.02	3683.06	3671.24	3706.46	3728.60	
3744.96	3739.78	3732.86	3739.16	3723.78	3699.54	3656.96	3652.82	3630.04	3625.96	3645.84	3622.14	3599.22	3575.64	3557.26	3552.00	
3558.74	3555.92	3557.64	3540.02	3555.06	3573.08	3573.00	3571.88	3553.50	3574.02	3642.24	3698.52	3718.38	3747.24	3754.42	3773.04	
3789.10	3797.14	3800.26	3805.58	3805.60	3798.52	3788.66	3778.24	3781.82	3785.50	3793.10	3786.20	3774.80	3724.94	3703.98	3705.34	
3740.14	3736.36	3702.22	3628.04	3579.92	3568.88	3650.96	3721.04	3706.78	3670.50	3629.02	3666.84	3626.86	3616.94	3497.06	3573.44	
3583.90	3713.38	3730.08	3736.42	3745.18	3744.28	3760.66	3776.34	3796.94	3801.34	3781.88	3758.22	3734.84	3756.34	3784.72	3756.04	

*******************************************2024/08/20;18:29:22
Probe number 3
Concentration entered by User 2.28% at Temperature 31.03
1260.14	1277.48	1293.18	1312.34	1328.84	1347.54	1368.10	1388.92	1410.94	1431.08	1458.86	1480.30	1507.36	1526.24	1565.82	1599.60	
1641.14	1681.00	1711.32	1749.80	1794.08	1841.12	1895.56	1946.76	2002.22	2060.16	2140.90	2218.78	2349.52	2503.32	2688.50	2938.98	
3209.62	3437.70	3539.04	3606.44	3659.36	3671.44	3740.44	3753.08	3764.64	3768.10	3752.98	3723.00	3697.74	3685.92	3719.36	3740.22	
3756.02	3750.36	3744.66	3750.58	3735.32	3713.02	3672.74	3668.80	3647.00	3642.62	3661.78	3638.66	3617.12	3594.44	3575.42	3570.98	
3577.84	3573.88	3576.74	3559.28	3573.38	3591.16	3590.42	3590.26	3571.02	3591.20	3658.26	3711.86	3730.90	3757.98	3764.52	3781.30	
3795.90	3803.32	3806.20	3811.04	3810.94	3804.30	3795.68	3786.42	3789.80	3792.88	3799.64	3793.68	3783.54	3736.94	3717.10	3718.62	
3750.92	3747.54	3715.80	3645.06	3598.86	3587.92	3667.42	3733.78	3720.46	3686.02	3646.42	3681.88	3644.36	3634.66	3517.38	3592.20	
3602.58	3726.24	3742.38	3748.22	3756.74	3755.74	3770.70	3784.74	3803.46	3807.42	3790.10	3768.24	3746.66	3766.58	3792.24	3766.30	

*******************************************2024/08/20;18:29:42
Probe number 4
Concentration entered by User 2.38% at Temperature 31.02
1255.78	1274.22	1289.62	1308.80	1325.22	1345.02	1364.36	1384.62	1405.68	1427.02	1455.80	1474.76	1503.20	1521.80	1560.68	1593.04	
1635.34	1676.56	1704.78	1743.50	1786.88	1834.20	1881.58	1931.86	1989.30	2051.74	2127.24	2207.02	2334.78	2478.10	2654.70	2923.24	
3195.28	3414.82	3524.36	3590.58	3641.18	3655.60	3729.38	3742.64	3754.92	3759.02	3742.62	3710.06	3683.82	3671.06	3706.20	3728.10	
3745.18	3739.48	3733.30	3739.34	3723.50	3699.50	3656.96	3652.70	3630.60	3626.36	3646.08	3622.40	3599.00	3575.72	3557.02	3551.96	
3559.06	3555.66	3557.92	3539.44	3555.00	3573.00	3572.58	3572.40	3552.76	3573.94	3642.34	3697.96	3718.16	3747.36	3754.40	3773.00	
3788.84	3797.06	3800.38	3805.52	3805.72	3798.42	3788.64	3778.36	3781.96	3785.56	3792.94	3786.34	3774.84	3725.08	3704.08	3705.66	
3740.36	3736.22	3702.50	3627.72	3579.90	3568.56	3651.32	3721.02	3706.90	3670.68	3628.88	3666.42	3627.08	3617.58	3497.54	3573.44	
3584.38	3713.64	3730.22	3736.64	3745.30	3744.48	3760.72	3776.54	3797.26	3801.58	3782.24	3758.28	3734.70	3756.56	3784.68	3756.12	

*******************************************2024/08/20;18:30:02
Probe number 5
Concentration entered by User 2.30% at Temperature 31.03
1258.94	1277.00	1292.86	1312.48	1328.18	1347.98	1367.46	1387.60	1408.92	1429.98	1459.42	1479.66	1506.90	1525.86	1565.08	1600.32	
1641.80	1679.08	1710.94	1747.98	1788.36	1838.52	1891.14	1942.96	2004.66	2059.38	2137.46	2225.32	2344.94	2489.54	2673.48	2938.08	
3218.42	3432.92	3537.16	3602.86	3654.08	3666.98	3737.86	3750.58	3761.56	3765.06	3749.86	3718.78	3693.30	3681.10	3715.32	3736.68	
3752.54	3747.36	3741.30	3747.18	3731.68	3708.72	3667.74	3664.10	3642.02	3637.94	3657.18	3634.44	3611.06	3588.66	3569.72	3564.98	
3572.22	3568.04	3571.16	3553.38	3567.96	3585.56	3584.88	3584.54	3565.26	3585.86	3652.94	3708.00	3727.16	3754.68	3761.58	3778.94	
3793.76	3801.38	3804.58	3809.28	3809.54	3802.60	3793.72	3783.90	3786.88	3790.64	3797.72	3791.46	3780.92	3733.14	3713.22	3714.52	
3747.82	3744.34	3712.18	3639.74	3593.14	3581.42	3662.80	3729.72	3716.24	3681.44	3640.94	3676.82	3639.04	3629.48	3510.90	3586.30	
3597.38	3722.40	3738.94	3744.48	3753.24	3752.24	3767.70	3782.16	3801.74	3805.66	3787.64	3765.28	3743.28	3763.14	3790.00	3763.16	

*******************************************2024/08/20;18:31:18
Probe number 0
Concentration entered by User 2.35% at Temperature 0.00
1257.54	1275.18	1290.92	1310.44	1326.58	1345.32	1365.42	1385.84	1406.96	1427.44	1456.18	1477.18	1504.42	1522.66	1561.92	1596.08	
1638.26	1677.46	1709.94	1746.48	1789.22	1830.70	1887.10	1938.50	1994.10	2049.14	2126.36	2218.06	2338.42	2494.70	2670.92	2924.94	
3194.50	3427.22	3532.70	3597.04	3648.42	3661.58	3733.66	3746.92	3758.60	3762.20	3746.44	3714.86	3688.60	3676.08	3710.72	3732.64	
3749.46	3743.76	3737.44	3743.42	3727.96	3704.68	3663.38	3659.58	3637.16	3633.00	3652.50	3628.82	3606.26	3583.84	3564.14	3559.24	
3567.16	3562.58	3565.28	3547.68	3562.62	3579.58	3579.04	3578.68	3560.20	3579.92	3648.60	3703.52	3722.92	3751.32	3758.58	3776.22	
3791.52	3799.24	3802.64	3807.26	3807.64	3800.60	3791.26	3781.56	3784.90	3788.26	3795.42	3789.40	3778.70	3729.86	3708.92	3710.54	
3744.28	3740.60	3708.16	3635.52	3588.64	3577.22	3658.04	3726.20	3712.88	3677.86	3636.38	3673.16	3634.82	3624.74	3506.26	3581.68	
3592.62	3718.96	3735.50	3741.92	3750.38	3749.40	3765.18	3779.70	3799.70	3803.58	3785.44	3762.58	3739.76	3760.60	3787.70	3760.26	

*******************************************2024/08/20;18:36:17
Probe number 1
Concentration entered by User 2.33% at Temperature 31.02
1258.42	1276.26	1291.80	1311.26	1328.04	1347.58	1366.94	1387.12	1408.88	1429.34	1458.48	1478.04	1505.40	1524.74	1564.00	1597.00	
1641.64	1681.30	1711.30	1744.54	1787.80	1836.62	1887.16	1940.28	2000.64	2064.38	2140.24	2228.86	2344.82	2485.86	2653.34	2929.22	
3200.20	3424.68	3530.68	3601.44	3654.02	3667.22	3737.70	3750.88	3762.44	3766.12	3750.90	3720.60	3695.32	3682.90	3716.84	3738.04	
3753.82	3748.50	3742.64	3748.30	3733.64	3710.76	3670.32	3666.46	3644.64	3640.18	3659.56	3636.72	3614.18	3593.08	3572.82	3568.12	
3575.50	3571.08	3573.96	3556.30	3570.78	3588.02	3587.32	3587.36	3568.52	3588.26	3655.48	3709.42	3728.66	3756.40	3762.96	3780.10	
3794.80	3802.12	3805.08	3809.70	3810.02	3803.30	3794.62	3785.38	3788.28	3791.36	3798.30	3792.54	3782.30	3735.02	3715.18	3716.50	
3749.18	3746.16	3714.50	3643.60	3596.94	3585.16	3665.50	3732.34	3719.32	3684.68	3644.48	3680.60	3643.38	3633.42	3515.68	3590.40	
3601.10	3724.98	3741.04	3746.88	3755.28	3754.02	3769.32	3783.76	3802.24	3806.48	3788.88	3766.74	3745.00	3765.14	3791.06	3764.76	

*******************************************2024/08/20;18:41:17
Probe number 2
Concentration entered by User 2.31% at Temperature 30.99
1259.32	1276.86	1292.42	1311.74	1328.84	1347.96	1367.92	1389.00	1409.06	1429.30	1458.72	1478.98	1506.92	1525.08	1564.04	1598.56	
1636.68	1681.18	1710.84	1746.92	1789.22	1838.80	1891.68	1938.88	1998.32	2066.84	2136.36	2214.38	2333.42	2496.08	2678.36	2943.36	
3194.16	3426.10	3538.20	3603.64	3657.06	3669.86	3739.54	3752.28	3764.08	3767.70	3752.44	3722.48	3697.40	3685.42	3719.02	3739.50	
3755.12	3750.22	3744.08	3749.82	3735.14	3712.52	3672.38	3668.52	3646.44	3642.36	3662.04	3639.24	3616.96	3595.32	3575.48	3570.44	
3578.30	3573.78	3576.82	3559.76	3573.70	3590.88	3589.90	3590.04	3571.44	3591.18	3658.20	3712.12	3730.78	3758.10	3764.52	3781.48	
3795.60	3802.98	3806.20	3810.74	3810.76	3804.24	3795.56	3786.40	3789.26	3792.40	3799.40	3793.54	3783.40	3737.30	3717.06	3718.48	
3751.04	3747.78	3716.82	3646.36	3599.98	3588.40	3667.70	3734.22	3721.40	3687.40	3647.44	3683.44	3646.26	3636.12	3519.42	3593.86	
3604.22	3727.34	3742.96	3749.18	3756.94	3756.16	3770.98	3784.72	3803.38	3807.22	3790.00	3768.68	3746.68	3766.50	3792.16	3766.14	

*******************************************2024/08/20;18:46:17
Probe number 3
Concentration entered by User 2.33% at Temperature 30.97
1256.92	1275.10	1291.56	1310.40	1326.36	1346.12	1366.40	1386.82	1407.22	1429.14	1457.92	1478.16	1504.42	1523.10	1560.66	1595.90	
1638.30	1678.94	1709.34	1743.28	1788.16	1831.20	1889.58	1941.30	1996.60	2064.52	2141.88	2223.94	2337.16	2494.64	2671.38	2925.28	
3180.42	3419.48	3531.00	3599.20	3653.96	3666.84	3738.18	3751.08	3762.86	3766.74	3751.62	3721.60	3696.58	3683.94	3717.62	3738.18	
3754.54	3749.40	3743.52	3749.38	3734.50	3711.94	3671.50	3667.60	3645.74	3641.50	3661.26	3637.80	3615.66	3594.08	3574.00	3569.02	
3577.50	3572.86	3575.40	3557.62	3572.14	3588.78	3588.70	3588.54	3569.74	3590.14	3656.80	3710.76	3730.32	3757.64	3764.24	3780.94	
3795.40	3802.78	3805.78	3810.40	3810.66	3803.94	3795.38	3786.18	3788.78	3792.04	3799.02	3793.18	3783.28	3736.36	3716.52	3717.52	
3750.58	3747.18	3715.80	3645.54	3598.94	3587.40	3667.20	3733.46	3720.70	3686.86	3646.80	3682.66	3644.92	3635.28	3518.08	3592.68	
3603.36	3726.82	3742.02	3748.54	3756.44	3755.50	3770.46	3784.32	3802.98	3807.08	3789.80	3768.00	3746.06	3766.04	3791.86	3765.96	

*******************************************2024/08/20;18:51:17
Probe number 4
Concentration entered by User 2.43% at Temperature 30.96
1254.24	1271.96	1288.32	1306.80	1322.68	1342.16	1360.96	1382.42	1403.26	1424.64	1452.60	1472.16	1498.80	1518.36	1555.84	1588.56	
1629.32	1670.26	1703.88	1738.40	1778.90	1825.16	1879.00	1928.06	1985.90	2042.10	2120.76	2201.86	2320.30	2482.74	2658.84	2902.72	
3173.64	3396.68	3508.42	3575.36	3632.40	3647.00	3723.02	3737.00	3750.24	3753.58	3737.08	3703.90	3676.68	3663.88	3700.22	3723.10	
3740.30	3734.28	3727.46	3734.42	3718.14	3693.78	3650.40	3646.84	3623.48	3619.26	3639.34	3615.78	3592.48	3569.66	3549.48	3544.90	
3552.30	3547.52	3551.02	3532.08	3547.26	3564.60	3564.72	3565.32	3546.48	3566.08	3636.12	3692.76	3713.28	3743.06	3750.22	3769.50	
3785.94	3794.30	3797.62	3802.70	3803.10	3795.52	3785.78	3774.92	3778.58	3782.10	3790.14	3783.04	3771.56	3720.70	3698.64	3700.42	
3736.12	3732.46	3697.90	3622.62	3574.26	3562.04	3645.64	3716.86	3702.92	3666.40	3624.18	3662.84	3622.64	3613.20	3492.50	3568.72	
3579.52	3709.58	3726.62	3733.22	3742.04	3740.78	3757.24	3773.38	3794.68	3798.80	3778.82	3754.70	3730.40	3752.48	3781.54	3752.00	

*******************************************2024/08/20;18:56:18
Probe number 5
Concentration entered by User 2.34% at Temperature 30.96
1257.90	1275.62	1291.72	1311.12	1326.78	1346.90	1366.80	1386.56	1407.52	1428.30	1457.28	1477.34	1503.64	1522.72	1562.50	1595.14	
1637.26	1681.54	1711.92	1746.66	1790.36	1833.40	1884.22	1937.68	1997.70	2063.38	2129.88	2211.98	2331.40	2487.48	2670.52	2926.58	
3192.32	3432.16	3538.34	3602.62	3655.82	3667.84	3738.30	3751.08	3762.76	3767.02	3752.18	3722.22	3696.24	3684.16	3717.44	3738.24	
3753.98	3748.96	3743.22	3749.22	3734.42	3711.42	3671.16	3668.40	3645.68	3640.92	3661.16	3638.30	3616.58	3595.16	3574.54	3570.04	
3577.62	3572.70	3576.16	3558.70	3571.74	3588.80	3587.36	3588.18	3569.80	3589.34	3656.58	3710.88	3729.66	3757.10	3763.92	3780.70	
3795.14	3802.72	3805.74	3810.06	3810.60	3803.90	3795.34	3786.30	3788.80	3792.12	3799.16	3793.46	3783.44	3736.62	3716.10	3717.82	
3750.58	3747.64	3716.74	3646.28	3599.32	3588.54	3667.56	3733.92	3721.12	3688.20	3648.00	3684.16	3647.38	3637.20	3519.86	3594.68	
3605.60	3727.58	3742.66	3749.26	3757.12	3756.26	3770.78	3784.54	3803.16	3807.10	3790.12	3768.18	3746.50	3766.30	3791.92	3766.06	

*******************************************2024/08/20;19:01:17
Probe number 6
Concentration entered by User 2.37% at Temperature 30.92
1258.14	1276.26	1291.66	1310.30	1326.38	1346.58	1365.38	1386.62	1407.20	1428.24	1457.60	1476.88	1503.72	1523.10	1561.26	1594.56	
1635.24	1675.10	1705.64	1741.38	1784.76	1829.90	1886.30	1937.18	1992.64	2055.40	2132.30	2207.60	2329.78	2485.56	2663.34	2927.04	
3181.00	3420.32	3531.12	3593.52	3648.72	3660.84	3732.92	3746.38	3758.88	3762.76	3746.88	3716.08	3690.36	3677.72	3712.10	3733.88	
3750.06	3744.72	3738.36	3744.70	3729.44	3706.30	3665.10	3661.42	3638.90	3634.52	3654.34	3631.16	3609.32	3586.48	3566.94	3561.16	
3568.70	3565.10	3568.04	3550.28	3564.28	3581.70	3581.42	3581.04	3562.42	3582.20	3650.32	3705.56	3724.90	3752.80	3759.68	3777.24	
3792.38	3800.00	3803.20	3807.96	3808.34	3801.38	3792.30	3782.86	3785.64	3789.04	3796.42	3790.22	3779.72	3732.04	3711.16	3712.68	
3746.34	3742.78	3711.04	3638.34	3591.60	3580.32	3660.64	3728.32	3715.94	3681.50	3640.48	3677.44	3640.14	3629.72	3510.80	3586.78	
3597.18	3722.34	3737.98	3744.18	3752.02	3751.22	3766.54	3780.98	3800.54	3804.92	3786.62	3763.86	3741.56	3761.88	3788.82	3761.98	

*******************************************2024/08/20;19:06:17
Probe number 7
Concentration entered by User 2.44% at Temperature 30.91
1254.50	1271.94	1288.16	1307.70	1323.38	1342.26	1361.72	1381.86	1403.18	1424.36	1453.12	1471.94	1498.96	1518.00	1556.44	1587.86	
1630.54	1671.22	1702.32	1742.32	1779.90	1825.58	1879.58	1927.82	1986.44	2047.78	2117.50	2195.00	2310.10	2477.16	2653.22	2925.46	
3170.82	3394.08	3518.28	3583.80	3635.94	3648.84	3723.70	3736.94	3750.10	3754.28	3737.50	3704.88	3677.14	3664.42	3700.32	3723.62	
3740.62	3734.88	3728.26	3734.90	3718.46	3694.52	3650.78	3646.62	3623.98	3619.76	3639.82	3615.78	3593.24	3569.82	3549.86	3544.76	
3552.32	3548.74	3551.58	3532.42	3547.22	3565.82	3565.94	3566.06	3546.46	3566.64	3636.30	3693.44	3713.66	3743.20	3750.32	3769.74	
3786.24	3794.42	3797.92	3802.94	3803.30	3795.92	3786.06	3775.44	3778.94	3782.50	3790.64	3783.64	3771.96	3721.36	3699.20	3701.60	
3736.78	3733.24	3698.92	3623.14	3575.00	3563.70	3646.44	3717.70	3703.78	3668.16	3625.70	3663.96	3625.50	3615.00	3494.26	3570.04	
3580.72	3710.78	3727.10	3733.32	3742.40	3741.34	3757.86	3773.78	3795.02	3799.30	3779.34	3755.34	3731.06	3752.74	3782.08	3752.90	

*******************************************2024/08/20;19:11:18
Probe number 8
Concentration entered by User 2.35% at Temperature 30.89
1258.30	1275.94	1291.90	1312.34	1328.90	1347.30	1366.52	1387.58	1408.30	1428.68	1457.04	1477.82	1505.84	1524.98	1563.78	1597.58	
1639.74	1678.24	1709.78	1741.16	1788.54	1835.50	1890.46	1941.78	1993.78	2057.30	2135.00	2221.34	2342.14	2487.72	2672.84	2907.26	
3182.50	3414.70	3531.48	3597.52	3654.32	3667.72	3738.10	3750.98	3762.82	3766.94	3751.68	3722.12	3696.86	3684.04	3717.84	3739.12	
3754.78	3749.76	3743.96	3749.20	3735.20	3712.22	3672.14	3669.04	3646.38	3641.30	3662.06	3639.14	3616.92	3596.28	3575.86	3570.08	
3578.74	3573.68	3576.66	3559.72	3573.10	3590.22	3589.20	3589.20	3571.16	3590.68	3657.88	3711.98	3730.38	3758.36	3764.58	3781.44	
3795.70	3803.24	3806.08	3810.60	3810.98	3804.42	3795.88	3786.74	3789.44	3792.56	3799.64	3794.00	3784.20	3737.42	3717.14	3719.04	
3751.46	3748.64	3717.30	3647.58	3601.12	3589.54	3669.12	3734.72	3722.70	3689.64	3649.64	3685.72	3649.28	3639.26	3521.92	3596.66	
3607.02	3729.02	3743.86	3750.06	3758.28	3756.94	3771.86	3785.30	3803.54	3807.70	3790.58	3769.06	3747.44	3766.68	3792.66	3767.00	

*******************************************2024/08/20;19:16:17
Probe number 9
Concentration entered by User 2.36% at Temperature 30.87
1257.20	1275.74	1290.68	1310.56	1327.08	1346.22	1365.12	1385.18	1405.94	1427.70	1456.96	1475.16	1502.94	1523.08	1561.74	1593.98	
1637.00	1678.10	1708.36	1745.12	1785.86	1831.28	1883.26	1935.74	1990.64	2044.66	2131.32	2214.58	2328.66	2492.68	2676.98	2925.98	
3185.44	3415.14	3523.88	3593.84	3650.64	3663.90	3735.64	3748.74	3760.68	3764.44	3748.94	3717.82	3692.10	3679.56	3714.50	3735.64	
3752.16	3746.70	3740.80	3746.52	3731.76	3708.32	3667.82	3663.66	3641.26	3637.66	3656.76	3633.30	3611.72	3589.76	3569.84	3564.26	
3572.06	3567.80	3571.66	3553.84	3567.02	3584.14	3584.48	3584.72	3566.10	3585.62	3653.34	3707.42	3726.82	3754.88	3761.32	3778.92	
3793.62	3801.00	3804.44	3809.06	3809.22	3802.42	3793.86	3784.14	3787.26	3790.30	3797.54	3791.62	3781.40	3734.02	3713.68	3715.46	
3748.36	3745.18	3713.54	3641.34	3594.96	3583.24	3663.68	3731.40	3718.28	3684.20	3643.88	3680.78	3643.84	3633.90	3515.38	3590.56	
3601.30	3724.96	3740.32	3746.32	3754.52	3753.24	3768.38	3782.70	3801.72	3805.76	3787.96	3765.90	3743.84	3763.86	3790.12	3763.70	

*******************************************2024/08/20;19:21:17
Probe number 10
Concentration entered by User 2.46% at Temperature 30.86
1253.34	1271.00	1287.32	1306.18	1321.46	1340.02	1361.06	1380.08	1399.98	1422.06	1450.08	1470.72	1498.02	1514.72	1552.66	1586.04	
1627.36	1666.34	1697.08	1736.70	1776.70	1819.50	1874.92	1925.32	1981.28	2039.46	2115.12	2200.86	2316.18	2474.66	2650.22	2897.46	
3162.44	3393.34	3504.86	3571.90	3630.06	3644.12	3720.76	3735.08	3747.92	3752.30	3735.12	3702.12	3674.72	3661.90	3698.82	3721.78	
3738.92	3733.48	3726.52	3732.88	3716.44	3692.02	3649.02	3644.52	3621.18	3616.94	3637.04	3613.22	3590.46	3566.84	3547.16	3541.90	
3549.26	3545.36	3548.68	3529.10	3545.12	3562.80	3563.50	3563.24	3543.88	3563.90	3632.74	3691.16	3711.64	3741.24	3748.90	3768.22	
3785.10	3793.72	3797.00	3801.96	3802.50	3795.02	3784.96	3774.28	3777.70	3781.58	3789.34	3782.50	3770.68	3719.20	3697.86	3699.32	
3735.16	3731.78	3696.88	3621.20	3572.64	3561.16	3644.00	3716.14	3702.14	3665.72	3623.86	3662.40	3623.08	3613.08	3492.00	3568.40	
3578.88	3709.28	3726.10	3732.24	3740.78	3740.16	3756.80	3772.56	3794.20	3798.48	3778.10	3753.72	3729.40	3751.34	3780.94	3751.58	

*******************************************2024/08/20;19:26:17
Probe number 11
Concentration entered by User 2.36% at Temperature 30.84
1258.64	1276.50	1292.22	1311.84	1327.20	1346.16	1366.30	1385.74	1406.90	1429.22	1457.34	1478.12	1504.98	1523.76	1562.86	1596.82	
1636.34	1675.62	1706.04	1739.92	1785.54	1831.68	1884.88	1933.56	1989.08	2047.06	2123.90	2208.76	2327.00	2490.62	2684.68	2940.22	
3182.30	3405.98	3516.68	3592.54	3650.08	3664.52	3736.14	3748.74	3761.00	3764.96	3749.50	3719.52	3693.22	3680.94	3714.84	3736.32	
3752.60	3747.26	3741.50	3747.22	3732.42	3708.94	3668.58	3664.90	3642.36	3638.46	3657.70	3635.46	3613.24	3591.02	3571.04	3565.98	
3573.66	3569.48	3572.40	3554.38	3568.44	3586.32	3586.10	3585.34	3567.16	3586.70	3654.12	3708.84	3728.10	3755.44	3762.12	3779.36	
3794.26	3801.74	3804.74	3809.36	3809.56	3803.02	3794.14	3784.82	3787.66	3790.98	3798.00	3792.08	3781.96	3735.10	3714.66	3716.88	
3749.48	3746.28	3714.98	3643.32	3596.98	3585.54	3665.50	3732.54	3719.44	3685.88	3646.62	3682.86	3645.74	3635.96	3517.70	3592.76	
3603.10	3726.44	3741.60	3747.66	3755.24	3754.36	3769.14	3783.38	3802.16	3806.00	3788.58	3766.76	3744.54	3764.44	3790.82	3764.72	

*******************************************2024/08/20;19:31:17
Probe number 12
Concentration entered by User 2.45% at Temperature 30.83
1254.96	1272.60	1287.84	1308.10	1324.32	1343.60	1362.26	1380.96	1401.26	1422.56	1451.66	1471.62	1499.48	1518.08	1557.64	1589.86	
1632.34	1669.32	1699.98	1730.12	1778.50	1829.42	1881.66	1927.38	1983.28	2037.32	2116.56	2198.18	2326.34	2477.74	2662.32	2897.26	
3165.86	3396.76	3513.30	3582.20	3641.06	3654.72	3729.00	3742.52	3754.94	3759.24	3743.36	3711.86	3684.68	3672.18	3707.62	3729.88	
3746.48	3741.28	3734.50	3741.04	3725.60	3701.90	3659.26	3654.94	3632.58	3628.80	3648.58	3625.50	3603.30	3579.38	3559.70	3554.30	
3562.00	3558.22	3560.54	3542.54	3557.06	3575.26	3575.48	3575.10	3556.42	3576.56	3644.70	3700.90	3720.48	3749.50	3756.52	3774.50	
3790.12	3798.22	3801.42	3806.08	3806.32	3799.42	3790.12	3780.38	3783.50	3786.78	3794.54	3788.10	3776.68	3728.12	3706.90	3709.16	
3743.06	3740.02	3706.90	3633.20	3585.92	3573.90	3655.78	3724.74	3711.78	3677.10	3636.40	3673.60	3635.92	3625.52	3506.44	3581.28	
3592.52	3719.18	3734.78	3740.84	3749.24	3747.98	3763.58	3778.70	3798.48	3802.82	3783.88	3760.66	3737.54	3758.70	3786.48	3758.64	

*******************************************2024/08/20;19:36:18
Probe number 13
Concentration entered by User 2.40% at Temperature 30.81
1258.24	1276.30	1292.26	1311.66	1326.56	1346.58	1366.22	1386.42	1407.56	1428.46	1456.62	1476.88	1503.34	1523.24	1563.42	1596.60	
1634.68	1674.16	1704.38	1744.32	1786.60	1834.64	1885.50	1929.46	1987.44	2044.70	2121.36	2214.00	2330.04	2493.26	2667.56	2916.34	
3165.98	3403.90	3523.34	3597.54	3653.72	3668.44	3738.66	3751.84	3763.86	3767.70	3752.64	3723.14	3697.10	3685.62	3719.18	3739.90	
3755.72	3750.46	3744.52	3750.54	3736.02	3713.10	3673.18	3669.56	3647.16	3643.68	3662.74	3640.56	3619.06	3596.68	3576.66	3571.14	
3579.44	3574.82	3577.66	3560.46	3574.06	3591.50	3591.58	3591.84	3573.00	3592.08	3659.34	3712.62	3731.58	3758.66	3765.82	3782.00	
3796.24	3803.70	3806.64	3811.06	3811.38	3804.70	3796.28	3787.22	3789.80	3793.04	3800.00	3794.26	3784.64	3738.68	3718.92	3720.46	
3752.90	3749.48	3718.70	3648.60	3602.16	3591.20	3670.44	3736.12	3723.54	3690.58	3651.34	3687.46	3651.66	3641.34	3523.64	3599.20	
3609.60	3730.70	3745.38	3750.98	3758.76	3757.54	3772.10	3786.04	3804.02	3807.92	3790.80	3769.40	3748.16	3767.62	3792.84	3767.64	

*******************************************2024/08/20;19:41:18
Probe number 14
Concentration entered by User 2.35% at Temperature 30.79
1259.12	1276.64	1292.86	1311.80	1327.78	1346.62	1365.60	1385.98	1407.40	1427.84	1456.64	1476.10	1504.16	1521.18	1560.80	1595.36	
1636.22	1671.26	1703.04	1741.86	1787.30	1832.52	1883.24	1933.04	1988.22	2056.54	2127.62	2211.74	2340.20	2493.56	2672.04	2933.88	
3182.70	3416.62	3529.64	3602.52	3659.62	3672.98	3742.74	3755.50	3767.14	3770.98	3756.14	3726.94	3701.62	3689.90	3723.18	3743.74	
3759.26	3754.06	3748.70	3753.92	3739.96	3717.86	3678.64	3674.34	3652.64	3648.50	3667.88	3645.64	3624.38	3603.10	3582.60	3577.02	
3585.62	3580.50	3584.18	3566.60	3579.82	3597.10	3596.88	3596.62	3578.36	3597.70	3663.76	3717.40	3735.56	3762.16	3768.34	3784.70	
3798.68	3805.80	3808.62	3812.64	3812.96	3806.74	3798.58	3789.62	3792.26	3795.40	3802.06	3796.74	3787.30	3742.42	3722.90	3724.98	
3756.26	3753.32	3723.10	3654.34	3608.32	3596.98	3675.58	3740.30	3728.36	3695.56	3657.20	3692.46	3657.34	3647.24	3530.98	3604.88	
3615.98	3734.90	3749.32	3754.86	3762.52	3761.28	3775.30	3788.42	3806.02	3809.96	3793.22	3772.70	3751.90	3770.74	3795.32	3771.14	

*******************************************2024/08/20;19:46:18
Probe number 15
Concentration entered by User 2.41% at Temperature 30.77
1258.14	1275.84	1292.12	1310.94	1327.54	1346.42	1366.50	1386.90	1406.28	1427.82	1457.06	1475.42	1503.30	1522.06	1561.26	1593.16	
1635.08	1676.52	1704.62	1741.64	1788.00	1831.10	1883.08	1940.16	1990.14	2044.28	2121.40	2198.98	2321.94	2481.04	2672.20	2922.86	
3169.46	3404.82	3520.24	3588.12	3649.26	3665.02	3736.74	3750.60	3762.32	3766.70	3751.00	3721.02	3695.98	3683.82	3717.22	3738.60	
3754.58	3749.24	3743.44	3749.30	3734.86	3711.92	3671.44	3667.44	3645.16	3641.14	3661.06	3638.54	3616.72	3594.74	3574.70	3568.94	
3577.04	3573.06	3575.86	3558.06	3571.68	3589.68	3589.30	3589.32	3570.72	3590.40	3657.18	3711.40	3730.08	3757.28	3764.24	3781.08	
3795.92	3803.12	3806.08	3810.38	3810.82	3804.26	3795.78	3786.66	3789.36	3792.38	3799.62	3793.80	3783.90	3738.00	3717.48	3719.94	
3751.78	3748.78	3717.64	3647.08	3600.86	3589.70	3669.32	3735.12	3723.00	3689.12	3650.40	3686.98	3650.24	3640.00	3522.78	3597.28	
3608.26	3729.68	3744.38	3749.86	3757.96	3756.80	3771.44	3785.18	3803.58	3807.40	3790.08	3768.62	3747.02	3766.32	3792.18	3767.06	

*******************************************2024/08/20;19:51:17
Probe number 16
Concentration entered by User 2.41% at Temperature 30.77
1256.42	1273.96	1289.90	1309.50	1325.06	1343.54	1362.98	1383.76	1403.52	1425.84	1454.14	1473.56	1499.98	1520.06	1558.58	1589.10	
1631.64	1673.62	1701.62	1736.76	1784.78	1825.94	1880.08	1925.40	1981.14	2046.74	2102.40	2187.12	2323.18	2483.30	2670.02	2931.66	
3189.44	3407.44	3521.70	3591.48	3648.22	3662.26	3734.88	3748.38	3760.28	3764.42	3748.70	3717.90	3692.26	3679.80	3714.22	3735.80	
3752.72	3747.36	3740.92	3746.88	3732.08	3708.98	3668.54	3664.58	3641.72	3637.54	3657.98	3635.30	3612.92	3590.40	3570.10	3564.74	
3573.34	3568.92	3571.84	3554.72	3568.64	3585.86	3586.16	3585.94	3567.40	3586.88	3653.68	3708.82	3727.94	3755.70	3762.32	3779.58	
3794.58	3801.96	3804.94	3809.26	3809.62	3803.16	3794.52	3784.94	3788.06	3791.12	3798.46	3792.34	3782.26	3735.24	3714.94	3716.74	
3749.50	3746.38	3714.90	3643.78	3597.48	3585.40	3665.10	3732.72	3719.74	3686.44	3646.86	3683.46	3647.40	3637.02	3518.66	3593.18	
3604.08	3727.18	3742.26	3747.82	3755.78	3754.60	3769.44	3783.66	3802.38	3806.38	3788.92	3767.00	3744.56	3764.78	3790.82	3765.02	

*******************************************2024/08/20;19:56:17
Probe number 17
Concentration entered by User 2.54% at Temperature 30.75
1251.62	1268.50	1284.64	1304.14	1320.04	1338.52	1357.94	1376.70	1397.74	1417.54	1445.28	1465.68	1492.70	1512.52	1551.04	1583.22	
1622.60	1659.80	1689.08	1726.72	1768.34	1810.56	1865.20	1914.74	1966.06	2023.60	2104.82	2188.82	2300.64	2468.00	2652.24	2891.62	
3143.50	3364.30	3476.92	3556.84	3618.38	3634.06	3713.14	3729.12	3742.80	3747.10	3729.52	3695.34	3667.64	3654.24	3692.00	3715.58	
3734.06	3728.22	3721.08	3727.66	3711.44	3686.42	3641.74	3637.22	3613.48	3609.56	3629.90	3606.74	3583.20	3558.22	3538.26	3533.18	
3541.02	3537.02	3539.72	3520.68	3536.90	3555.56	3557.22	3555.72	3536.48	3556.32	3626.28	3685.24	3706.26	3736.88	3744.82	3764.68	
3782.14	3790.98	3794.68	3799.82	3800.06	3792.48	3782.20	3770.74	3774.68	3778.38	3786.64	3779.24	3767.12	3714.72	3692.58	3694.52	
3730.74	3727.34	3691.22	3614.30	3565.12	3554.20	3637.58	3711.08	3696.86	3660.10	3618.06	3657.48	3617.76	3607.52	3485.04	3561.60	
3572.24	3704.88	3721.78	3727.56	3736.48	3735.52	3752.20	3768.98	3791.26	3795.84	3774.54	3749.56	3724.46	3746.74	3777.36	3747.36	

*******************************************2024/08/20;20:01:18
Probe number 18
Concentration entered by User 2.35% at Temperature 30.73
1259.20	1276.56	1293.16	1312.16	1328.66	1348.12	1367.40	1387.04	1407.20	1429.82	1458.20	1477.60	1505.02	1523.34	1562.90	1596.48	
1636.52	1675.84	1707.06	1744.98	1789.12	1829.42	1878.34	1933.08	1991.42	2047.32	2134.62	2210.18	2338.24	2480.38	2662.78	2942.12	
3202.84	3423.64	3530.54	3601.82	3661.76	3676.30	3744.64	3757.48	3769.12	3772.56	3758.54	3729.78	3705.08	3693.36	3726.30	3746.62	
3761.92	3757.00	3751.24	3756.96	3743.24	3721.14	3682.74	3678.78	3657.10	3652.54	3672.16	3650.96	3629.06	3607.30	3587.32	3582.72	
3590.16	3585.20	3588.82	3571.04	3584.94	3601.50	3601.78	3602.00	3583.72	3602.58	3668.62	3720.88	3738.94	3765.10	3771.32	3786.90	
3800.44	3807.32	3810.20	3814.18	3814.56	3808.48	3800.38	3791.98	3794.66	3797.26	3803.98	3798.48	3789.48	3746.04	3726.96	3728.82	
3759.46	3756.40	3726.78	3659.10	3613.62	3602.46	3680.12	3743.80	3731.84	3700.40	3662.34	3697.78	3662.94	3652.92	3537.04	3610.24	
3621.18	3738.62	3752.52	3758.20	3765.18	3764.04	3777.70	3790.68	3807.76	3811.28	3795.40	3775.10	3754.80	3773.44	3797.18	3773.68	

*******************************************2024/08/20;20:06:17
Probe number 19
Concentration entered by User 2.45% at Temperature 30.72
1253.78	1271.80	1287.74	1307.30	1322.48	1340.86	1360.88	1380.16	1400.92	1422.56	1451.86	1470.04	1498.04	1514.72	1553.02	1584.78	
1627.06	1669.26	1695.14	1733.50	1776.40	1821.80	1871.50	1922.42	1975.50	2037.32	2112.14	2202.92	2320.10	2477.06	2653.48	2903.56	
3166.26	3400.50	3500.92	3574.98	3636.84	3651.44	3726.62	3740.74	3753.98	3758.28	3742.10	3709.88	3683.28	3670.88	3706.36	3728.80	
3746.00	3740.52	3733.98	3740.14	3725.16	3700.98	3658.64	3654.28	3631.32	3627.72	3647.68	3624.46	3602.24	3578.42	3558.96	3553.36	
3561.20	3556.86	3559.98	3541.18	3556.12	3574.32	3575.14	3574.90	3556.12	3575.58	3643.86	3700.46	3720.52	3749.16	3755.96	3774.46	
3790.26	3798.24	3801.54	3806.20	3806.50	3799.46	3790.16	3780.26	3783.48	3786.54	3794.46	3787.78	3776.82	3728.26	3707.68	3709.52	
3743.68	3740.02	3706.84	3633.50	3585.70	3573.96	3655.86	3725.34	3712.20	3677.32	3637.04	3674.68	3637.34	3626.32	3506.68	3582.06	
3593.10	3719.42	3735.14	3741.20	3749.10	3747.38	3763.10	3778.72	3798.50	3802.76	3783.68	3760.78	3737.66	3758.58	3786.28	3759.04	

*******************************************2024/08/20;20:11:17
Probe number 20
Concentration entered by User 2.40% at Temperature 30.70
1257.62	1274.68	1290.02	1309.30	1325.44	1345.40	1365.10	1384.66	1404.44	1425.44	1454.42	1473.58	1500.44	1519.50	1558.48	1588.50	
1630.28	1670.20	1703.20	1741.08	1782.84	1829.80	1875.98	1925.76	1975.88	2037.30	2117.46	2201.06	2326.02	2489.70	2682.86	2930.04	
3172.40	3403.86	3515.42	3587.56	3648.42	3662.96	3735.22	3748.76	3760.94	3765.20	3749.96	3719.24	3693.74	3681.66	3715.88	3737.50	
3753.52	3748.34	3742.20	3748.24	3733.48	3710.28	3670.08	3665.86	3643.84	3640.04	3659.46	3637.20	3615.20	3592.34	3572.82	3566.94	
3574.82	3570.20	3573.42	3555.76	3569.88	3587.06	3588.14	3587.54	3568.60	3588.24	3656.00	3710.16	3729.18	3756.68	3763.50	3780.46	
3795.24	3802.60	3805.66	3810.08	3810.36	3803.70	3795.22	3785.94	3788.88	3791.92	3799.02	3793.04	3783.00	3736.92	3716.84	3718.82	
3751.10	3748.34	3716.50	3645.66	3599.28	3587.78	3667.54	3733.96	3721.40	3688.12	3649.02	3685.80	3649.44	3638.74	3521.04	3595.52	
3606.02	3728.56	3743.50	3749.00	3757.06	3755.60	3770.46	3784.28	3802.98	3806.82	3789.36	3767.66	3745.74	3765.54	3791.54	3765.90	

*******************************************2024/08/20;20:16:17
Probe number 21
Concentration entered by User 2.45% at Temperature 30.68
1255.82	1273.34	1288.54	1308.26	1323.98	1342.62	1362.10	1382.74	1402.70	1423.42	1451.76	1472.14	1499.62	1516.64	1556.08	1589.38	
1629.42	1666.62	1699.30	1734.84	1775.74	1821.32	1872.28	1920.52	1978.16	2029.00	2107.22	2192.58	2325.46	2490.00	2667.66	2903.64	
3166.76	3395.18	3501.08	3577.26	3640.80	3656.22	3730.04	3744.66	3757.44	3762.20	3746.56	3715.18	3688.84	3676.64	3711.44	3733.44	
3750.04	3744.66	3738.90	3744.58	3729.90	3706.26	3665.30	3660.18	3638.20	3633.88	3654.04	3631.82	3609.60	3586.00	3566.18	3560.62	
3568.44	3563.66	3567.04	3548.70	3562.56	3581.32	3582.10	3581.68	3562.86	3582.34	3650.10	3705.64	3725.34	3753.30	3760.02	3777.72	
3793.06	3800.72	3803.80	3808.24	3808.54	3801.84	3793.04	3783.26	3786.48	3789.42	3796.96	3790.74	3780.32	3732.94	3712.60	3714.86	
3747.84	3744.46	3712.16	3640.18	3593.22	3581.50	3662.32	3729.80	3716.92	3683.28	3643.54	3680.70	3643.82	3633.28	3514.66	3589.46	
3600.84	3724.90	3739.72	3745.50	3753.32	3752.26	3767.12	3781.76	3800.94	3804.88	3787.12	3764.50	3742.14	3762.34	3789.14	3762.68	

*******************************************2024/08/20;20:21:17
Probe number 22
Concentration entered by User 2.40% at Temperature 30.66
1257.14	1274.36	1289.48	1309.42	1325.48	1344.38	1362.56	1383.22	1404.46	1424.68	1453.88	1475.14	1502.28	1520.30	1556.14	1588.84	
1631.72	1671.38	1700.42	1735.26	1776.88	1823.44	1875.90	1922.26	1981.60	2042.06	2116.64	2193.02	2330.44	2498.80	2664.30	2913.70	
3180.56	3413.44	3524.40	3588.50	3649.06	3663.40	3735.32	3748.88	3761.10	3765.50	3750.16	3719.76	3693.56	3681.26	3716.06	3737.30	
3753.46	3748.52	3742.22	3748.06	3733.76	3710.36	3670.18	3665.80	3643.88	3640.02	3659.50	3637.26	3615.50	3592.56	3572.20	3567.14	
3575.32	3570.98	3573.32	3555.10	3569.76	3587.42	3587.90	3587.52	3569.48	3588.26	3655.50	3710.22	3729.48	3756.86	3763.74	3780.70	
3795.70	3802.94	3805.96	3810.22	3810.50	3804.00	3795.20	3786.28	3788.84	3791.98	3799.24	3793.46	3783.48	3737.26	3717.44	3719.50	
3751.80	3748.50	3716.30	3645.86	3599.82	3587.86	3668.02	3734.32	3721.88	3688.42	3649.48	3686.04	3650.04	3639.80	3521.70	3595.90	
3607.42	3728.98	3743.52	3749.70	3757.28	3756.02	3770.78	3784.74	3803.28	3807.12	3789.54	3767.80	3746.04	3765.78	3791.66	3766.34	

*******************************************2024/08/20;20:26:18
Probe number 23
Concentration entered by User 2.38% at Temperature 30.66
1258.86	1276.78	1292.54	1311.68	1327.68	1346.98	1365.18	1385.38	1406.48	1428.14	1454.98	1475.22	1502.26	1522.28	1561.38	1592.58	
1633.04	1671.52	1703.36	1741.06	1784.74	1829.38	1875.54	1923.68	1983.20	2045.74	2128.50	2205.46	2323.50	2482.44	2678.04	2922.32	
3180.34	3423.86	3532.26	3597.60	3656.22	3670.84	3740.84	3754.34	3765.94	3770.18	3755.66	3726.46	3701.84	3689.24	3722.48	3743.06	
3758.66	3754.04	3748.34	3754.12	3740.46	3717.48	3678.44	3674.80	3652.52	3648.44	3668.10	3646.04	3624.74	3603.00	3582.58	3577.66	
3586.26	3580.92	3584.84	3566.26	3580.08	3596.96	3596.96	3596.52	3578.72	3597.46	3663.72	3717.36	3735.62	3762.54	3768.98	3785.10	
3799.04	3806.22	3809.10	3813.08	3813.52	3807.22	3799.14	3790.52	3793.16	3795.80	3802.76	3797.24	3787.84	3743.68	3723.90	3726.34	
3757.22	3754.38	3724.28	3655.50	3609.98	3598.98	3677.20	3741.04	3729.52	3697.02	3659.44	3694.76	3660.52	3649.66	3533.56	3607.16	
3617.86	3736.66	3750.30	3755.88	3763.54	3762.14	3775.86	3789.10	3806.34	3810.50	3793.80	3773.40	3752.46	3771.48	3795.78	3771.88	

*******************************************2024/08/20;20:31:17
Probe number 24
Concentration entered by User 2.48% at Temperature 30.63
1255.72	1273.82	1288.82	1308.28	1325.14	1343.32	1362.68	1381.74	1402.12	1422.16	1451.38	1470.38	1498.56	1516.68	1553.98	1588.74	
1626.68	1665.42	1695.56	1731.02	1775.42	1825.84	1876.84	1921.40	1969.78	2034.66	2113.48	2194.92	2310.80	2470.84	2657.10	2913.98	
3149.08	3389.50	3517.48	3583.64	3642.96	3657.50	3731.34	3745.66	3757.84	3762.44	3747.12	3715.76	3689.66	3677.58	3711.76	3733.64	
3751.02	3745.30	3739.46	3745.44	3730.78	3706.48	3666.02	3660.92	3639.18	3635.00	3654.92	3632.26	3610.16	3586.54	3566.66	3560.76	
3569.70	3564.92	3567.30	3549.62	3563.34	3581.64	3582.32	3582.22	3563.58	3583.56	3651.22	3706.34	3725.32	3753.96	3760.60	3778.60	
3793.40	3801.32	3804.44	3808.64	3808.92	3802.24	3793.30	3783.84	3786.82	3790.02	3797.32	3791.28	3780.84	3733.76	3713.54	3715.94	
3748.32	3745.40	3712.76	3640.92	3594.44	3583.18	3662.86	3730.56	3718.04	3684.32	3644.56	3682.30	3645.28	3634.58	3516.08	3590.46	
3601.68	3725.68	3740.62	3746.32	3754.00	3753.08	3767.60	3782.16	3801.40	3805.54	3787.46	3764.96	3742.90	3763.08	3789.70	3763.42	

*******************************************2024/08/20;20:36:18
Probe number 25
Concentration entered by User 2.39% at Temperature 30.62
1259.18	1276.72	1292.32	1311.98	1327.22	1347.22	1365.48	1385.84	1406.92	1427.70	1456.08	1475.76	1503.86	1522.86	1561.84	1594.24	
1634.32	1673.24	1703.52	1737.74	1787.54	1827.86	1883.56	1937.02	1990.44	2043.14	2119.12	2195.58	2319.76	2493.54	2667.54	2920.62	
3191.28	3422.64	3530.38	3600.16	3657.84	3672.08	3742.04	3755.40	3767.38	3771.20	3756.30	3727.26	3703.00	3690.88	3723.80	3744.06	
3760.08	3754.82	3749.12	3754.98	3741.18	3718.74	3680.20	3675.76	3654.62	3649.98	3669.54	3647.54	3625.98	3604.22	3584.18	3578.48	
3586.66	3582.68	3585.00	3566.98	3581.24	3598.34	3598.78	3598.42	3580.48	3599.96	3665.58	3718.48	3736.42	3762.92	3769.62	3785.94	
3799.54	3806.56	3809.48	3813.36	3813.94	3807.58	3799.58	3790.86	3793.28	3796.20	3803.04	3797.50	3788.30	3744.22	3725.34	3727.46	
3758.10	3755.04	3725.20	3656.60	3611.46	3600.12	3678.26	3742.00	3730.00	3698.30	3660.88	3695.66	3661.00	3650.70	3534.60	3607.90	
3618.78	3737.32	3751.34	3756.62	3764.12	3762.54	3776.50	3789.58	3806.88	3810.62	3794.16	3774.00	3753.34	3771.80	3796.14	3772.46	

*******************************************2024/08/20;20:41:17
Probe number 26
Concentration entered by User 2.44% at Temperature 30.60
1255.52	1273.56	1288.24	1307.14	1323.36	1341.86	1361.20	1381.40	1400.42	1422.10	1450.18	1470.12	1496.30	1516.28	1555.44	1586.88	
1628.28	1669.36	1701.26	1735.42	1778.64	1821.98	1870.20	1920.32	1977.44	2041.24	2112.54	2190.36	2321.30	2485.84	2661.30	2913.70	
3176.32	3394.20	3501.64	3579.00	3642.20	3657.08	3730.44	3745.68	3758.06	3762.38	3746.94	3715.74	3689.74	3677.40	3711.86	3733.18	
3750.36	3745.12	3739.10	3745.10	3730.28	3706.84	3665.48	3661.30	3639.44	3635.08	3654.86	3631.92	3610.48	3587.22	3566.72	3561.80	
3569.26	3564.84	3567.86	3549.60	3563.90	3581.88	3582.88	3582.16	3563.94	3583.48	3651.04	3706.62	3725.74	3753.58	3760.62	3778.52	
3793.76	3801.38	3804.54	3808.82	3809.04	3802.50	3793.46	3784.08	3787.04	3790.24	3797.54	3791.32	3781.20	3734.44	3713.56	3715.82	
3748.74	3745.40	3712.98	3641.66	3594.44	3583.32	3663.44	3731.04	3718.14	3684.78	3645.28	3682.42	3645.98	3635.22	3516.90	3591.42	
3602.56	3726.36	3740.86	3746.84	3754.66	3753.12	3768.00	3782.64	3801.56	3805.60	3787.54	3765.32	3743.02	3763.02	3789.88	3763.86	

*******************************************2024/08/20;20:46:17
Probe number 27
Concentration entered by User 2.42% at Temperature 30.59
1257.98	1275.96	1291.36	1310.02	1326.08	1344.92	1363.64	1382.92	1403.62	1426.72	1454.94	1474.08	1501.06	1521.12	1557.36	1592.46	
1634.70	1675.50	1702.36	1733.26	1779.16	1826.08	1878.82	1922.70	1982.86	2040.38	2112.54	2193.46	2316.68	2491.54	2676.10	2920.44	
3170.80	3400.78	3519.40	3590.80	3652.28	3666.50	3738.06	3752.24	3763.98	3767.80	3752.86	3722.98	3697.34	3685.32	3719.48	3740.22	
3756.52	3751.40	3745.42	3750.98	3737.52	3714.46	3674.66	3670.74	3648.66	3644.28	3664.14	3642.32	3620.48	3597.48	3577.46	3572.10	
3580.44	3576.36	3578.76	3561.28	3574.94	3592.56	3592.66	3592.60	3574.36	3593.84	3660.40	3714.20	3732.48	3759.40	3766.38	3783.26	
3797.62	3804.68	3807.62	3811.70	3812.04	3805.44	3797.32	3788.50	3791.04	3794.08	3801.04	3795.28	3785.94	3740.86	3721.32	3723.26	
3754.76	3751.94	3720.68	3651.28	3605.02	3593.66	3673.04	3737.82	3725.78	3693.26	3655.02	3691.16	3656.08	3645.18	3528.46	3602.10	
3613.42	3733.48	3747.62	3752.98	3760.58	3759.60	3773.24	3786.86	3804.76	3808.72	3791.74	3770.84	3749.42	3769.02	3793.90	3769.30	

*******************************************2024/08/20;20:51:17
Probe number 28
Concentration entered by User 2.52% at Temperature 30.57
1253.94	1271.34	1286.46	1305.46	1321.90	1339.92	1359.34	1378.68	1399.60	1420.32	1446.72	1466.24	1493.58	1512.52	1549.50	1581.48	
1625.94	1664.02	1694.64	1730.00	1770.48	1813.52	1869.84	1911.28	1963.46	2022.68	2096.84	2184.42	2309.30	2475.96	2657.74	2900.78	
3141.34	3385.52	3492.64	3562.26	3627.50	3644.22	3721.74	3737.36	3750.74	3754.56	3737.98	3704.36	3677.04	3664.08	3701.14	3724.02	
3742.00	3736.32	3729.76	3736.44	3721.16	3696.10	3653.88	3648.50	3625.44	3622.30	3642.10	3619.14	3596.40	3572.10	3551.72	3546.32	
3554.72	3551.34	3553.70	3534.50	3549.58	3567.12	3569.22	3569.28	3550.32	3569.98	3638.58	3695.84	3715.52	3745.18	3752.64	3771.78	
3788.14	3796.28	3799.82	3804.44	3804.52	3797.52	3787.90	3777.18	3780.64	3784.20	3792.28	3785.56	3774.36	3725.02	3703.16	3705.68	
3740.30	3736.28	3702.42	3628.20	3580.06	3568.72	3650.80	3720.98	3707.98	3672.48	3631.84	3670.74	3633.04	3621.96	3501.54	3576.36	
3588.06	3715.94	3731.34	3737.44	3745.76	3744.60	3760.04	3775.94	3796.58	3800.86	3780.82	3757.54	3733.68	3755.32	3783.80	3755.74	

*******************************************2024/08/20;20:56:17
Probe number 29
Concentration entered by User 2.40% at Temperature 30.55
1256.38	1274.56	1289.70	1308.54	1324.64	1343.94	1364.04	1383.34	1404.12	1425.26	1452.70	1473.30	1499.18	1518.22	1555.68	1591.18	
1633.00	1670.80	1704.70	1734.80	1780.60	1826.94	1877.56	1922.14	1982.22	2040.32	2114.96	2198.64	2329.76	2489.42	2675.22	2925.22	
3181.76	3415.30	3516.70	3587.98	3653.86	3669.84	3740.60	3754.74	3766.70	3770.40	3755.76	3726.18	3701.14	3688.52	3722.82	3743.38	
3759.74	3754.48	3748.80	3754.38	3740.96	3718.06	3679.12	3675.26	3653.02	3649.24	3669.04	3647.28	3625.48	3603.42	3583.04	3577.48	
3586.86	3581.50	3584.78	3566.54	3579.64	3597.18	3598.56	3597.98	3580.14	3599.24	3664.82	3718.24	3736.06	3762.64	3769.46	3785.96	
3799.80	3806.90	3809.42	3813.60	3813.66	3807.54	3799.58	3790.84	3793.36	3796.36	3803.08	3797.62	3788.38	3744.26	3725.32	3727.08	
3758.12	3755.22	3725.00	3656.76	3611.02	3599.58	3677.74	3741.94	3730.16	3697.90	3659.84	3695.58	3661.36	3650.58	3534.48	3607.36	
3618.46	3737.44	3751.08	3756.50	3764.00	3762.82	3776.30	3789.42	3806.86	3810.68	3793.94	3773.92	3753.00	3771.90	3796.16	3772.50	

*******************************************2024/08/20;21:01:17
Probe number 30
Concentration entered by User 2.46% at Temperature 30.54
1255.86	1273.02	1288.34	1307.40	1323.26	1342.14	1361.06	1380.22	1400.74	1422.02	1451.66	1470.70	1497.00	1516.74	1555.40	1588.34	
1627.02	1666.00	1697.56	1735.46	1774.80	1821.82	1871.42	1923.30	1976.00	2034.74	2107.44	2190.26	2322.76	2473.20	2665.20	2905.44	
3163.28	3402.28	3507.06	3578.80	3641.30	3657.60	3731.52	3746.72	3759.36	3763.44	3747.24	3716.40	3690.02	3677.48	3712.62	3734.48	
3751.30	3746.26	3740.26	3746.26	3731.96	3708.10	3667.44	3662.88	3640.50	3636.92	3656.66	3633.98	3612.24	3588.94	3568.66	3563.12	
3571.26	3567.26	3569.70	3551.12	3565.96	3583.50	3584.58	3584.10	3566.04	3585.06	3652.96	3707.90	3727.30	3754.94	3761.70	3779.38	
3794.46	3801.90	3805.14	3809.28	3809.58	3803.06	3794.24	3784.82	3787.78	3790.88	3798.08	3792.14	3781.94	3735.38	3715.10	3717.24	
3749.88	3746.80	3714.70	3642.76	3596.42	3584.82	3665.54	3732.64	3720.16	3686.20	3646.94	3684.32	3648.06	3637.40	3519.20	3593.46	
3605.16	3727.62	3742.22	3747.82	3756.10	3754.50	3768.78	3783.36	3802.10	3806.22	3788.18	3766.32	3744.52	3764.42	3790.60	3765.02	

*******************************************2024/08/20;21:06:17
Probe number 31
Concentration entered by User 2.49% at Temperature 30.52
1254.78	1272.34	1287.44	1306.88	1322.58	1342.22	1360.70	1380.60	1400.90	1420.52	1448.42	1468.64	1494.78	1513.60	1551.04	1584.98	
1625.88	1664.80	1695.82	1734.34	1775.56	1817.88	1866.96	1919.72	1980.04	2032.74	2112.62	2180.02	2317.58	2480.24	2646.92	2900.02	
3160.64	3386.98	3498.66	3573.80	3636.58	3653.06	3728.24	3743.88	3756.46	3759.92	3744.16	3711.92	3685.60	3672.34	3708.12	3730.46	
3747.78	3742.30	3736.02	3742.20	3727.36	3703.38	3661.58	3657.06	3635.16	3630.78	3650.40	3627.66	3605.68	3581.28	3561.50	3555.60	
3564.82	3560.22	3563.38	3543.86	3557.92	3576.82	3577.96	3578.08	3559.66	3578.42	3647.18	3702.94	3722.02	3750.98	3758.18	3776.34	
3792.02	3800.02	3803.06	3807.54	3807.54	3801.02	3791.84	3781.92	3784.96	3788.36	3795.90	3789.36	3779.00	3730.96	3710.70	3712.92	
3746.16	3742.76	3709.98	3637.18	3589.70	3578.08	3659.78	3727.82	3715.72	3681.28	3641.14	3679.16	3641.86	3631.30	3512.34	3587.00	
3598.02	3723.14	3737.90	3743.86	3752.06	3750.56	3765.82	3780.56	3799.80	3803.94	3785.30	3763.08	3740.12	3760.64	3787.84	3761.42	

*******************************************2024/08/20;21:11:17
Probe number 32
Concentration entered by User 2.46% at Temperature 30.51
1255.72	1272.90	1288.58	1307.58	1323.46	1342.82	1361.88	1381.66	1401.72	1422.82	1450.98	1471.30	1497.78	1517.24	1555.86	1586.74	
1628.86	1668.12	1695.42	1733.04	1779.16	1819.46	1874.16	1926.84	1974.94	2036.98	2110.36	2198.02	2314.36	2481.26	2655.70	2900.16	
3165.14	3399.26	3504.92	3580.24	3644.82	3661.74	3735.36	3749.86	3762.32	3766.16	3750.84	3720.42	3694.76	3682.14	3716.64	3738.16	
3754.38	3749.16	3743.50	3748.94	3735.44	3712.12	3671.92	3667.46	3645.50	3641.76	3661.32	3639.36	3617.20	3593.92	3574.24	3568.78	
3577.56	3572.48	3575.82	3557.50	3571.22	3589.20	3590.18	3589.74	3571.48	3590.46	3657.18	3712.06	3730.48	3758.04	3765.04	3782.08	
3796.58	3804.16	3806.92	3811.02	3811.16	3804.86	3796.26	3787.42	3790.22	3793.04	3800.00	3794.28	3784.44	3738.94	3719.16	3721.80	
3753.40	3750.08	3718.70	3648.48	3602.48	3591.28	3670.54	3736.26	3724.20	3691.24	3652.60	3689.24	3653.94	3643.08	3525.18	3599.42	
3610.40	3731.86	3745.74	3751.62	3759.16	3757.82	3772.14	3786.14	3803.94	3807.88	3790.42	3769.62	3748.02	3767.22	3792.82	3768.16	

*******************************************2024/08/20;21:16:17
Probe number 33
Concentration entered by User 2.55% at Temperature 30.50
1252.16	1269.70	1285.14	1304.02	1320.08	1338.06	1357.36	1376.60	1398.36	1418.38	1445.72	1465.88	1491.92	1510.16	1546.68	1580.40	
1620.92	1658.44	1688.34	1727.74	1766.60	1815.34	1867.42	1908.62	1962.30	2026.66	2101.48	2176.18	2313.52	2475.76	2626.52	2882.34	
3149.04	3374.76	3486.96	3561.14	3626.60	3643.38	3721.72	3737.70	3750.82	3754.64	3737.64	3705.52	3677.66	3664.56	3701.64	3724.54	
3742.68	3736.86	3730.34	3736.56	3721.50	3696.88	3654.06	3649.44	3626.06	3622.14	3642.02	3619.50	3597.16	3572.32	3552.10	3546.64	
3555.06	3551.22	3553.30	3534.62	3549.64	3568.10	3570.16	3568.82	3551.26	3570.20	3639.22	3696.80	3716.00	3745.80	3753.24	3772.36	
3788.84	3796.82	3800.18	3804.84	3804.84	3797.84	3788.40	3777.70	3781.32	3784.58	3792.74	3785.74	3774.78	3725.34	3703.90	3706.76	
3740.54	3737.36	3703.26	3628.62	3580.86	3568.98	3651.46	3721.78	3709.20	3673.60	3633.34	3671.84	3633.88	3623.12	3502.96	3577.78	
3589.28	3717.00	3732.52	3738.26	3746.30	3745.62	3760.52	3776.46	3796.90	3801.14	3781.48	3758.34	3734.40	3755.90	3784.20	3756.50	

*******************************************2024/08/20;21:21:17
Probe number 34
Concentration entered by User 2.48% at Temperature 30.49
1255.76	1272.84	1288.64	1308.00	1322.38	1341.46	1361.82	1379.80	1401.48	1422.48	1448.94	1469.92	1497.18	1513.78	1549.72	1585.30	
1626.36	1666.52	1695.56	1734.30	1775.62	1821.64	1869.76	1918.32	1978.66	2036.08	2104.90	2181.66	2319.20	2487.34	2661.06	2899.74	
3146.12	3400.00	3512.58	3581.14	3642.46	3658.22	3732.06	3747.60	3759.78	3762.94	3747.22	3716.32	3689.92	3678.08	3713.28	3735.18	
3752.14	3746.56	3740.48	3746.46	3732.02	3708.68	3667.96	3663.30	3640.80	3637.28	3657.00	3634.58	3612.28	3589.06	3569.82	3563.80	
3571.68	3567.84	3570.46	3552.50	3566.32	3584.12	3585.80	3585.24	3566.86	3585.80	3653.34	3708.40	3727.14	3755.34	3762.20	3779.70	
3795.04	3802.42	3805.66	3809.78	3809.92	3803.36	3794.58	3785.32	3788.22	3791.38	3798.38	3792.52	3782.42	3735.76	3715.74	3718.12	
3750.82	3747.52	3715.12	3643.56	3596.64	3585.86	3666.18	3732.96	3720.80	3687.42	3648.20	3685.14	3649.18	3638.74	3519.92	3594.84	
3605.44	3728.88	3742.90	3748.76	3756.28	3755.08	3769.82	3783.94	3802.46	3806.40	3788.74	3767.04	3745.24	3764.66	3791.04	3765.70	

*******************************************2024/08/20;21:26:18
Probe number 35
Concentration entered by User 2.40% at Temperature 30.46
1257.56	1274.92	1290.72	1309.96	1326.18	1344.58	1363.62	1382.66	1402.44	1423.24	1452.50	1473.24	1500.64	1519.54	1556.30	1585.86	
1629.24	1673.54	1702.30	1737.36	1778.86	1827.70	1876.62	1921.70	1986.44	2041.10	2120.62	2200.82	2328.46	2488.32	2664.40	2923.62	
3171.90	3411.40	3522.72	3599.14	3657.68	3672.60	3743.00	3757.02	3768.60	3772.62	3758.08	3729.48	3704.68	3692.76	3725.80	3746.16	
3761.96	3756.80	3751.34	3757.04	3743.88	3721.86	3683.00	3678.74	3657.16	3653.18	3673.10	3651.40	3630.02	3607.84	3587.42	3582.08	
3591.10	3586.22	3589.26	3571.82	3585.14	3602.54	3603.42	3602.64	3585.40	3604.20	3669.68	3721.76	3739.18	3765.44	3772.08	3787.82	
3801.42	3808.08	3811.16	3814.78	3815.04	3809.16	3801.22	3792.78	3795.24	3797.80	3804.70	3799.32	3790.42	3747.24	3728.46	3730.72	
3760.92	3758.32	3728.46	3660.66	3615.24	3604.58	3682.04	3744.80	3733.38	3702.30	3664.66	3699.64	3666.24	3655.78	3539.98	3613.02	
3623.96	3740.72	3754.38	3759.42	3766.54	3765.52	3778.74	3791.60	3808.24	3812.08	3796.00	3776.42	3756.28	3774.22	3797.94	3774.96	

*******************************************2024/08/20;21:31:17
Probe number 36
Concentration entered by User 2.46% at Temperature 30.45
1256.62	1273.76	1288.92	1307.88	1324.74	1342.88	1362.04	1381.50	1402.60	1422.86	1451.40	1470.88	1496.56	1515.88	1554.22	1587.36	
1630.32	1668.96	1697.70	1730.84	1775.64	1818.70	1874.20	1921.24	1979.02	2036.76	2104.48	2190.96	2319.98	2475.70	2663.74	2917.72	
3162.82	3391.72	3508.94	3585.18	3646.52	3662.08	3735.58	3750.38	3762.84	3766.56	3751.34	3721.12	3695.44	3683.24	3717.68	3738.78	
3755.24	3750.04	3744.54	3750.26	3736.66	3713.62	3673.60	3668.70	3646.76	3642.86	3662.86	3640.44	3618.54	3595.56	3575.06	3569.46	
3578.82	3575.08	3577.02	3559.62	3572.96	3590.68	3591.90	3591.84	3573.36	3592.14	3659.56	3713.56	3731.32	3759.04	3765.64	3782.70	
3797.26	3804.50	3807.48	3811.64	3811.70	3805.52	3797.16	3788.14	3790.74	3793.62	3800.78	3795.14	3785.20	3739.84	3720.32	3722.44	
3754.30	3751.50	3720.08	3650.14	3603.66	3592.40	3671.22	3737.20	3725.42	3692.60	3654.16	3690.42	3655.70	3644.78	3527.88	3601.74	
3612.44	3733.06	3747.38	3752.56	3759.86	3758.82	3772.96	3786.66	3804.66	3808.64	3791.30	3770.30	3748.96	3768.18	3793.52	3769.12	

*******************************************2024/08/20;21:36:17
Probe number 37
Concentration entered by User 2.50% at Temperature 30.43
1254.24	1271.52	1286.46	1306.84	1322.40	1340.96	1359.54	1378.86	1399.16	1419.84	1448.30	1468.06	1495.08	1513.38	1550.74	1583.28	
1623.54	1664.62	1692.66	1729.28	1769.84	1813.68	1865.60	1914.54	1969.56	2027.76	2109.70	2187.22	2311.52	2484.60	2646.60	2887.68	
3152.32	3386.28	3508.58	3576.92	3637.42	3653.50	3729.02	3745.06	3757.86	3761.78	3746.44	3714.20	3687.96	3675.56	3710.74	3732.58	
3749.98	3744.84	3738.40	3744.40	3730.36	3706.50	3665.36	3660.24	3638.42	3634.26	3654.14	3631.10	3608.84	3585.36	3566.04	3560.76	
3568.90	3565.02	3567.38	3549.02	3564.18	3581.58	3582.76	3582.50	3563.54	3582.92	3650.76	3706.60	3725.26	3753.44	3760.54	3778.46	
3793.74	3801.46	3804.64	3808.82	3808.98	3802.50	3793.48	3784.02	3787.18	3790.12	3797.36	3791.42	3781.06	3734.10	3713.34	3715.98	
3748.76	3745.38	3713.24	3641.10	3594.08	3582.52	3663.64	3730.98	3718.46	3684.68	3644.86	3682.22	3646.24	3635.20	3516.84	3591.40	
3602.48	3726.38	3741.24	3746.64	3754.80	3753.32	3768.16	3782.60	3801.26	3805.46	3787.24	3765.46	3743.36	3762.96	3789.72	3764.08	

*******************************************2024/08/20;21:41:18
Probe number 38
Concentration entered by User 2.46% at Temperature 30.43
1255.82	1273.38	1289.60	1307.76	1323.18	1341.62	1361.20	1380.92	1401.06	1420.44	1449.16	1469.40	1497.60	1517.12	1554.92	1585.84	
1623.82	1665.12	1697.16	1730.16	1768.22	1818.46	1870.58	1922.50	1980.84	2040.58	2113.58	2195.02	2314.92	2464.30	2651.74	2925.00	
3165.72	3383.96	3506.64	3578.10	3646.34	3663.20	3737.44	3752.52	3764.48	3768.22	3753.08	3723.62	3697.54	3685.88	3720.04	3740.78	
3757.30	3752.18	3746.08	3751.54	3738.12	3715.28	3675.82	3670.80	3649.34	3645.10	3664.84	3642.48	3620.44	3598.14	3578.46	3572.96	
3581.60	3577.58	3580.48	3562.92	3575.76	3593.60	3594.72	3594.02	3575.64	3594.26	3661.14	3715.26	3733.12	3760.52	3767.08	3784.02	
3798.30	3805.50	3808.38	3812.46	3812.56	3806.32	3798.10	3789.14	3792.10	3794.72	3801.82	3795.92	3786.54	3741.88	3722.10	3724.58	
3755.78	3752.54	3721.86	3652.32	3606.54	3594.76	3673.80	3739.30	3727.24	3694.50	3656.34	3692.54	3657.72	3647.18	3530.26	3603.20	
3615.12	3734.66	3749.00	3754.68	3761.62	3760.64	3774.48	3788.04	3805.46	3809.46	3792.56	3772.06	3750.74	3769.92	3794.56	3770.68	

*******************************************2024/08/20;21:46:17
Probe number 39
Concentration entered by User 2.55% at Temperature 30.41
1252.58	1269.82	1285.00	1303.38	1318.82	1337.80	1356.80	1377.38	1397.16	1418.24	1445.42	1463.44	1490.28	1508.18	1548.16	1580.06	
1620.88	1659.64	1688.24	1724.46	1764.56	1809.04	1862.48	1907.86	1963.30	2026.32	2103.88	2190.58	2299.78	2453.52	2633.00	2892.00	
3145.54	3369.12	3487.54	3564.10	3628.42	3644.18	3721.76	3737.54	3750.98	3755.58	3739.04	3706.50	3678.62	3665.38	3702.36	3724.80	
3742.86	3737.08	3730.68	3737.18	3722.18	3697.62	3654.48	3649.24	3626.68	3623.08	3642.98	3619.56	3596.48	3572.68	3553.38	3547.42	
3556.04	3553.00	3555.38	3536.82	3551.02	3569.76	3571.34	3570.70	3552.20	3571.14	3640.76	3697.30	3716.84	3746.46	3753.62	3772.76	
3789.12	3797.26	3800.70	3805.18	3805.46	3798.40	3788.84	3778.42	3781.98	3785.16	3793.16	3786.18	3775.40	3725.76	3704.74	3707.40	
3741.46	3738.14	3704.24	3630.00	3581.60	3570.54	3652.00	3722.58	3709.92	3674.72	3633.50	3672.60	3635.38	3624.16	3504.34	3579.40	
3590.40	3717.86	3733.66	3739.08	3747.10	3746.22	3761.72	3776.96	3797.16	3801.38	3781.84	3758.82	3735.38	3756.42	3784.72	3757.42	

*******************************************2024/08/20;21:51:17
Probe number 40
Concentration entered by User 2.52% at Temperature 30.40
1254.04	1271.96	1287.32	1306.56	1321.58	1339.68	1358.94	1378.82	1399.54	1420.44	1447.64	1466.86	1492.82	1513.52	1550.44	1581.90	
1623.72	1662.40	1691.44	1730.10	1769.62	1816.48	1861.42	1915.32	1969.28	2024.24	2107.04	2188.26	2296.30	2461.50	2646.26	2905.38	
3158.38	3384.90	3502.52	3576.12	3638.52	3654.68	3728.70	3744.02	3757.24	3760.52	3744.80	3712.98	3686.26	3673.70	3709.30	3731.46	
3748.56	3743.46	3737.16	3743.46	3728.42	3704.54	3662.92	3657.72	3635.64	3632.18	3651.64	3628.74	3606.40	3582.18	3563.70	3557.52	
3566.24	3562.68	3565.46	3548.24	3561.22	3579.62	3580.76	3580.02	3561.82	3580.70	3648.66	3704.76	3723.66	3752.10	3759.06	3777.34	
3793.12	3800.76	3804.04	3808.22	3808.26	3801.80	3792.66	3783.16	3786.32	3789.36	3796.60	3790.44	3779.78	3732.46	3712.12	3714.34	
3747.04	3744.30	3711.50	3639.22	3592.12	3579.88	3661.50	3729.62	3717.00	3682.78	3642.80	3680.86	3644.34	3633.84	3514.72	3589.72	
3599.98	3724.96	3740.28	3745.52	3753.40	3752.12	3766.70	3781.74	3800.60	3804.72	3786.52	3764.28	3741.82	3761.96	3788.74	3763.00	

*******************************************2024/08/20;21:56:17
Probe number 41
Concentration entered by User 2.52% at Temperature 30.39
1254.38	1272.60	1287.46	1305.96	1322.14	1339.92	1358.34	1377.54	1398.16	1418.60	1446.40	1465.76	1493.08	1512.86	1549.12	1581.14	
1621.06	1658.88	1689.98	1726.58	1768.36	1811.60	1861.08	1911.36	1971.56	2026.92	2101.56	2190.58	2307.08	2463.16	2649.90	2893.04	
3142.54	3383.60	3496.54	3568.72	3635.18	3652.12	3727.82	3743.50	3756.80	3761.08	3745.40	3713.44	3686.40	3674.04	3709.82	3731.54	
3749.16	3743.78	3737.60	3743.62	3729.06	3704.86	3663.58	3658.72	3635.98	3632.14	3651.54	3629.10	3607.04	3582.58	3563.92	3558.20	
3566.58	3562.92	3565.34	3547.40	3561.42	3578.76	3580.78	3579.86	3561.82	3580.84	3649.36	3704.84	3723.74	3752.38	3759.32	3777.56	
3793.32	3800.94	3804.14	3808.26	3808.54	3801.94	3793.14	3783.42	3786.34	3789.40	3796.96	3790.52	3780.16	3733.06	3711.88	3714.52	
3747.78	3744.80	3711.92	3639.46	3591.84	3580.34	3661.64	3729.92	3717.12	3683.08	3643.10	3680.70	3644.30	3633.46	3515.26	3589.52	
3600.58	3725.56	3740.06	3745.84	3753.90	3752.24	3766.96	3781.92	3800.76	3804.78	3786.62	3764.36	3742.36	3762.34	3789.12	3763.20	

*******************************************2024/08/20;22:01:17
Probe number 42
Concentration entered by User 2.55% at Temperature 30.37
1252.72	1270.18	1285.94	1305.02	1320.90	1338.78	1357.92	1375.94	1396.42	1417.16	1445.84	1465.80	1493.12	1509.50	1547.14	1580.96	
1622.24	1660.68	1688.42	1727.76	1767.76	1808.70	1862.40	1913.30	1964.16	2018.94	2093.38	2173.12	2296.06	2459.98	2646.24	2902.66	
3150.14	3377.16	3488.60	3562.14	3627.84	3644.92	3723.04	3738.68	3752.14	3756.26	3739.32	3706.90	3679.30	3666.56	3702.90	3725.66	
3743.36	3737.88	3731.42	3737.88	3723.28	3698.76	3656.20	3650.60	3627.50	3624.12	3643.58	3621.04	3597.74	3573.76	3554.82	3548.90	
3557.38	3553.10	3556.02	3537.82	3552.38	3570.46	3572.74	3571.62	3553.36	3572.44	3641.32	3698.22	3717.46	3747.06	3754.24	3773.34	
3789.80	3798.00	3801.22	3805.54	3805.90	3798.82	3789.48	3779.26	3782.56	3785.80	3793.56	3786.96	3775.74	3727.24	3705.68	3708.10	
3742.00	3738.94	3705.26	3631.06	3583.04	3571.30	3653.50	3723.44	3710.34	3675.44	3634.96	3673.72	3636.14	3625.40	3505.48	3580.08	
3591.48	3719.44	3734.48	3740.10	3748.30	3747.08	3762.22	3777.68	3797.56	3801.90	3782.60	3759.50	3736.16	3756.94	3785.24	3757.96	

*******************************************2024/08/20;22:06:17
Probe number 43
Concentration entered by User 2.56% at Temperature 30.35
1252.36	1269.66	1283.88	1302.12	1318.72	1337.78	1356.10	1375.28	1395.50	1415.68	1442.80	1462.78	1490.54	1509.30	1546.56	1578.66	
1618.04	1655.94	1685.62	1718.54	1766.06	1808.22	1860.80	1911.08	1961.40	2025.88	2103.10	2185.64	2309.12	2450.42	2629.84	2875.54	
3152.92	3374.24	3488.76	3562.74	3627.86	3643.14	3721.90	3738.00	3751.54	3755.40	3739.04	3706.24	3678.84	3666.42	3702.32	3724.84	
3743.06	3736.92	3730.86	3737.22	3722.18	3697.80	3654.90	3649.82	3626.84	3623.26	3642.92	3620.06	3597.28	3572.34	3553.60	3547.48	
3556.22	3552.66	3555.18	3536.66	3551.52	3569.70	3571.52	3570.66	3552.00	3571.56	3640.68	3697.62	3716.70	3746.54	3753.60	3772.98	
3789.58	3797.82	3801.02	3805.54	3805.68	3798.70	3789.30	3778.78	3782.38	3785.38	3793.28	3786.88	3775.78	3726.80	3705.10	3707.70	
3742.10	3738.88	3704.60	3629.98	3582.16	3570.18	3653.06	3723.38	3710.30	3675.02	3634.52	3673.10	3635.78	3625.26	3505.22	3579.70	
3591.22	3718.90	3733.92	3739.84	3747.66	3746.66	3761.88	3777.46	3797.60	3801.46	3782.30	3759.24	3735.76	3756.68	3784.96	3757.60	

*******************************************2024/08/20;22:11:18
Probe number 44
Concentration entered by User 2.43% at Temperature 30.35
1256.46	1273.84	1288.72	1307.54	1323.28	1341.64	1361.02	1379.68	1400.08	1421.46	1449.82	1469.88	1497.02	1513.96	1553.80	1584.60	
1623.68	1666.46	1697.12	1734.36	1777.56	1815.70	1865.80	1921.08	1970.82	2029.96	2110.00	2185.40	2320.62	2482.92	2671.46	2921.20	
3187.68	3409.52	3511.98	3583.78	3647.48	3664.42	3737.96	3752.48	3764.84	3768.84	3754.08	3724.38	3698.70	3686.80	3720.44	3741.32	
3757.74	3752.04	3746.42	3752.52	3738.62	3715.70	3676.46	3671.78	3650.10	3645.86	3665.74	3644.06	3621.86	3598.40	3579.50	3573.82	
3583.14	3578.74	3581.44	3564.16	3577.46	3594.64	3596.12	3595.30	3577.46	3596.06	3662.16	3716.30	3734.32	3761.48	3767.68	3784.52	
3798.96	3806.14	3808.96	3813.00	3813.10	3806.88	3798.54	3790.06	3792.56	3795.30	3802.16	3796.62	3787.16	3742.78	3723.16	3725.44	
3756.50	3753.98	3723.10	3654.10	3608.02	3596.18	3675.06	3740.38	3728.50	3696.28	3657.38	3694.00	3659.50	3648.76	3531.94	3605.64	
3616.18	3736.50	3750.38	3755.30	3762.60	3761.42	3775.22	3788.62	3805.86	3809.80	3793.04	3772.42	3751.78	3770.54	3795.04	3771.26	

*******************************************2024/08/20;22:16:17
Probe number 45
Concentration entered by User 2.51% at Temperature 30.34
1254.14	1272.10	1287.40	1305.56	1322.52	1339.72	1358.06	1378.28	1398.76	1419.64	1446.90	1467.20	1493.32	1514.52	1550.90	1582.08	
1621.54	1661.66	1689.72	1728.02	1769.92	1811.30	1865.16	1913.52	1969.92	2029.20	2107.94	2192.32	2313.88	2473.30	2635.34	2900.86	
3151.12	3382.40	3506.32	3577.34	3641.78	3657.04	3732.16	3746.98	3760.04	3764.02	3748.74	3717.26	3691.36	3679.06	3713.52	3734.68	
3751.94	3746.76	3740.82	3746.88	3732.82	3709.44	3668.66	3663.80	3641.68	3637.50	3657.42	3634.94	3612.80	3589.20	3570.42	3564.20	
3573.48	3569.22	3571.82	3554.14	3567.98	3586.14	3588.12	3585.94	3568.18	3586.64	3654.60	3709.44	3728.00	3755.78	3762.82	3780.98	
3795.74	3803.26	3806.22	3810.48	3810.58	3804.14	3795.48	3786.30	3789.22	3792.18	3799.32	3793.24	3783.40	3737.66	3716.96	3719.46	
3751.64	3748.68	3716.74	3646.30	3598.48	3587.06	3667.32	3734.40	3722.04	3688.70	3648.98	3686.26	3651.00	3640.56	3522.26	3596.62	
3607.20	3730.00	3744.80	3750.16	3757.88	3756.42	3770.72	3784.74	3803.18	3807.02	3789.26	3768.12	3746.24	3765.60	3791.62	3766.52	

*******************************************2024/08/20;22:21:17
Probe number 46
Concentration entered by User 2.61% at Temperature 30.31
1250.38	1267.84	1282.84	1300.80	1316.56	1334.44	1353.92	1373.70	1393.66	1413.96	1441.98	1461.62	1487.98	1506.02	1542.22	1573.46	
1616.32	1655.88	1684.38	1720.30	1763.32	1808.70	1857.38	1906.04	1965.44	2018.00	2084.90	2164.24	2291.80	2448.88	2630.78	2870.16	
3141.56	3369.56	3478.68	3549.30	3616.04	3632.82	3713.40	3729.82	3744.32	3748.58	3731.70	3697.30	3668.72	3655.48	3692.40	3715.94	
3734.94	3728.92	3722.34	3729.00	3713.52	3687.62	3644.10	3637.62	3615.00	3611.74	3631.50	3608.48	3585.32	3560.30	3540.74	3535.20	
3543.82	3540.70	3542.62	3523.82	3539.62	3558.34	3560.76	3559.48	3540.44	3560.26	3630.16	3688.42	3708.46	3739.10	3746.74	3767.18	
3784.54	3793.42	3796.78	3801.58	3801.76	3794.40	3784.24	3773.32	3777.00	3780.46	3788.68	3781.54	3769.80	3718.18	3696.30	3698.98	
3734.04	3731.26	3695.56	3618.98	3570.14	3557.82	3641.50	3714.22	3700.84	3664.64	3622.64	3662.86	3624.58	3613.26	3491.64	3567.60	
3578.82	3710.30	3726.66	3731.94	3740.08	3738.94	3754.96	3771.22	3793.00	3797.56	3776.42	3752.40	3728.12	3749.70	3779.56	3750.84	

*******************************************2024/08/20;22:26:17
Probe number 47
Concentration entered by User 2.53% at Temperature 30.30
1253.88	1270.96	1285.58	1304.98	1320.36	1339.20	1357.66	1377.48	1397.70	1418.66	1445.10	1464.88	1492.96	1512.12	1548.70	1584.76	
1622.08	1662.48	1689.04	1726.20	1769.60	1816.32	1865.84	1915.26	1970.94	2025.90	2096.60	2183.76	2311.08	2467.94	2633.58	2889.84	
3155.74	3379.46	3496.02	3572.30	3636.60	3654.00	3729.92	3745.26	3758.42	3762.28	3746.42	3715.12	3688.10	3675.46	3710.90	3732.42	
3749.94	3744.40	3738.68	3744.56	3730.30	3706.68	3665.86	3660.54	3638.54	3634.48	3654.22	3631.88	3609.60	3585.80	3566.72	3561.16	
3570.28	3566.20	3568.68	3550.96	3564.94	3582.56	3584.74	3583.66	3565.18	3584.82	3651.98	3707.64	3725.98	3753.98	3760.98	3779.28	
3794.48	3802.26	3805.38	3809.44	3809.58	3803.10	3794.62	3784.88	3788.10	3790.84	3798.28	3792.08	3781.84	3735.38	3714.48	3717.04	
3749.52	3747.12	3714.40	3642.32	3595.28	3583.66	3664.34	3731.94	3719.68	3686.00	3646.34	3683.68	3648.26	3637.58	3518.82	3593.24	
3604.66	3728.50	3742.66	3747.86	3755.60	3754.52	3769.16	3783.48	3802.12	3806.12	3788.14	3766.48	3744.50	3764.18	3790.52	3764.86	

*******************************************2024/08/20;22:31:17
Probe number 48
Concentration entered by User 2.58% at Temperature 30.29
1252.94	1270.48	1285.62	1304.44	1319.74	1337.70	1356.90	1376.14	1395.54	1416.24	1444.36	1465.02	1491.74	1510.46	1545.94	1579.14	
1620.58	1660.26	1688.88	1724.44	1762.82	1813.54	1863.16	1913.38	1962.10	2029.14	2098.86	2178.20	2295.46	2453.36	2628.54	2872.54	
3134.88	3386.04	3491.76	3562.76	3629.30	3645.80	3723.50	3740.34	3753.90	3758.02	3741.42	3708.88	3681.42	3668.72	3703.94	3727.08	
3744.98	3739.10	3733.18	3739.68	3724.56	3699.94	3657.94	3653.30	3630.90	3627.50	3646.76	3624.44	3602.06	3577.44	3558.18	3552.68	
3562.04	3557.68	3560.06	3541.40	3556.68	3575.20	3576.40	3576.02	3557.72	3576.46	3644.88	3701.62	3720.20	3749.08	3756.20	3775.46	
3791.52	3799.38	3802.56	3806.78	3806.94	3800.32	3791.18	3781.28	3784.50	3787.38	3795.14	3788.86	3777.96	3729.78	3708.74	3711.36	
3744.64	3741.92	3708.32	3634.94	3587.12	3575.18	3656.98	3726.40	3713.64	3679.28	3639.26	3677.44	3640.64	3629.76	3510.84	3584.92	
3596.04	3722.16	3737.40	3743.00	3751.06	3749.54	3764.50	3779.66	3799.30	3803.30	3784.48	3762.04	3739.22	3759.50	3787.12	3760.68	

*******************************************2024/08/20;22:36:18
Probe number 49
Concentration entered by User 2.49% at Temperature 30.27
1254.96	1273.02	1288.22	1305.80	1322.46	1341.12	1359.16	1377.82	1399.70	1419.86	1448.12	1468.04	1496.24	1514.92	1551.80	1583.82	
1619.44	1659.78	1689.52	1729.26	1774.54	1814.10	1864.50	1917.22	1972.34	2028.64	2107.60	2181.58	2307.28	2462.36	2651.26	2913.26	
3165.44	3401.58	3505.62	3574.06	3639.22	3658.12	3732.76	3747.92	3761.06	3765.60	3750.12	3720.26	3693.22	3680.46	3715.08	3736.52	
3753.66	3747.98	3742.70	3747.98	3733.94	3710.80	3670.62	3665.90	3643.82	3639.90	3660.04	3637.96	3616.44	3593.94	3573.30	3567.60	
3577.62	3573.22	3575.58	3557.98	3571.50	3589.28	3589.94	3588.94	3570.94	3590.06	3657.00	3712.18	3730.46	3758.04	3764.98	3782.40	
3797.14	3804.26	3807.36	3811.54	3811.54	3805.18	3796.94	3787.88	3790.48	3793.14	3800.52	3795.02	3785.10	3739.52	3719.08	3721.70	
3753.38	3750.96	3719.24	3649.42	3603.14	3591.52	3670.92	3736.98	3725.22	3692.30	3653.72	3690.08	3655.28	3644.76	3526.72	3600.64	
3611.72	3733.36	3747.32	3752.72	3760.42	3758.90	3772.78	3786.86	3804.20	3808.44	3791.22	3770.22	3749.10	3767.96	3793.30	3768.80	

*******************************************2024/08/20;22:41:17
Probe number 50
Concentration entered by User 2.56% at Temperature 30.26
1252.34	1268.88	1284.30	1302.30	1318.72	1337.54	1356.38	1375.70	1395.44	1414.44	1442.90	1463.56	1490.36	1508.94	1546.16	1577.88	
1618.54	1655.96	1689.24	1723.36	1766.46	1811.38	1865.84	1911.30	1966.92	2024.54	2091.56	2171.42	2294.48	2455.20	2639.32	2898.36	
3151.74	3372.40	3483.44	3563.60	3626.92	3645.14	3723.18	3739.46	3753.24	3757.86	3741.32	3708.88	3681.44	3667.98	3703.92	3726.48	
3744.72	3739.02	3732.38	3738.78	3724.08	3699.40	3657.14	3652.26	3629.60	3625.86	3646.04	3623.88	3600.50	3576.70	3557.64	3551.82	
3560.94	3557.34	3559.54	3540.80	3555.56	3574.56	3575.46	3575.34	3556.86	3576.12	3644.70	3700.92	3719.64	3748.86	3756.26	3775.06	
3791.60	3799.46	3802.62	3806.88	3806.90	3800.36	3791.20	3781.24	3784.56	3787.42	3794.98	3788.44	3777.58	3729.52	3708.36	3710.82	
3744.32	3741.64	3708.14	3633.98	3586.70	3574.80	3656.60	3726.12	3713.44	3679.02	3638.58	3677.56	3641.06	3629.86	3510.44	3584.94	
3595.84	3722.50	3737.56	3742.88	3750.62	3749.08	3764.32	3779.68	3799.24	3803.42	3784.44	3761.90	3738.68	3759.34	3786.86	3760.46	

*******************************************2024/08/20;22:46:18
Probe number 51
Concentration entered by User 2.40% at Temperature 30.24
1260.02	1277.34	1292.68	1311.04	1327.24	1345.18	1363.68	1384.42	1404.10	1426.10	1454.14	1473.72	1500.16	1521.22	1556.06	1588.04	
1632.16	1672.44	1701.08	1736.14	1777.26	1821.76	1871.84	1925.92	1982.96	2041.66	2110.50	2198.02	2331.30	2498.86	2665.14	2924.98	
3184.72	3399.74	3513.30	3594.62	3661.84	3679.22	3747.74	3761.16	3773.24	3777.24	3763.60	3735.98	3711.58	3699.02	3730.78	3750.96	
3766.28	3761.62	3755.98	3761.54	3748.52	3727.14	3690.04	3685.76	3665.20	3660.84	3680.08	3659.52	3638.96	3616.46	3597.28	3591.94	
3601.18	3597.22	3599.46	3582.72	3595.66	3612.00	3613.60	3612.00	3594.58	3613.18	3677.36	3728.90	3745.72	3770.28	3776.60	3792.02	
3804.80	3811.52	3814.24	3817.48	3817.84	3812.28	3804.80	3796.98	3799.34	3801.46	3808.14	3802.90	3794.46	3754.10	3735.32	3737.20	
3766.02	3764.06	3735.54	3669.96	3625.58	3614.94	3690.04	3751.40	3740.36	3710.02	3674.54	3708.86	3676.26	3666.00	3552.30	3623.50	
3634.60	3748.30	3761.00	3765.70	3772.26	3771.18	3783.90	3795.48	3811.58	3815.00	3799.80	3781.46	3762.12	3779.36	3801.50	3780.18	

*******************************************2024/08/20;22:51:17
Probe number 52
Concentration entered by User 2.52% at Temperature 30.23
1255.34	1272.36	1286.82	1305.60	1321.32	1339.92	1359.80	1379.46	1397.86	1419.18	1447.46	1467.68	1493.56	1512.02	1547.78	1578.58	
1619.44	1662.68	1691.14	1727.12	1772.56	1811.10	1863.72	1917.42	1967.72	2024.98	2102.06	2189.88	2312.96	2450.14	2647.44	2896.16	
3151.76	3386.74	3486.82	3566.88	3634.58	3651.82	3729.60	3745.38	3758.56	3763.38	3747.28	3715.84	3689.06	3676.14	3711.40	3733.34	
3750.68	3744.96	3739.36	3745.08	3730.86	3707.68	3666.64	3662.52	3639.44	3635.82	3655.34	3633.84	3611.64	3587.28	3568.14	3562.30	
3572.06	3567.90	3570.18	3552.32	3566.96	3584.76	3585.62	3585.14	3567.84	3586.26	3654.14	3709.32	3727.26	3755.12	3762.00	3780.20	
3795.32	3802.94	3805.92	3809.90	3810.18	3803.76	3795.34	3785.84	3788.80	3791.56	3798.64	3792.76	3782.68	3736.54	3716.02	3718.18	
3750.64	3747.96	3715.98	3644.52	3597.92	3585.84	3666.10	3733.62	3721.28	3688.38	3649.42	3687.04	3651.16	3640.16	3521.84	3596.14	
3607.44	3730.06	3744.54	3749.64	3757.08	3755.88	3769.94	3784.52	3802.90	3806.66	3789.02	3767.48	3745.52	3765.10	3791.08	3765.88	

*******************************************2024/08/20;22:56:17
Probe number 53
Concentration entered by User 2.53% at Temperature 30.22
1255.38	1272.86	1288.26	1307.02	1322.74	1341.28	1359.72	1379.12	1399.80	1420.94	1446.18	1466.44	1494.50	1512.54	1548.88	1581.74	
1621.44	1661.22	1692.74	1725.56	1767.36	1813.90	1866.30	1917.52	1966.76	2029.68	2106.28	2186.22	2298.16	2466.90	2645.34	2891.66	
3147.12	3378.42	3497.88	3571.84	3638.38	3655.24	3731.08	3746.46	3760.08	3764.72	3749.18	3718.22	3691.86	3679.00	3713.96	3735.58	
3752.52	3747.14	3741.48	3747.48	3733.24	3710.00	3670.20	3665.22	3643.08	3639.24	3658.68	3636.76	3615.02	3591.28	3572.18	3566.62	
3575.94	3571.80	3574.02	3556.16	3570.94	3588.30	3590.04	3588.80	3571.20	3589.26	3657.12	3712.00	3729.88	3757.40	3764.34	3781.88	
3796.64	3804.08	3807.06	3811.18	3811.34	3805.10	3796.50	3787.28	3790.06	3793.02	3800.30	3794.22	3784.32	3738.88	3718.34	3720.92	
3752.54	3750.18	3718.46	3647.40	3600.76	3589.42	3669.24	3735.76	3723.86	3690.88	3652.72	3689.42	3654.36	3643.60	3525.98	3599.94	
3610.68	3732.76	3746.92	3751.60	3758.90	3757.86	3772.06	3786.02	3803.82	3807.96	3790.38	3769.74	3748.16	3767.00	3792.76	3768.04	

*******************************************2024/08/20;23:01:17
Probe number 54
Concentration entered by User 2.48% at Temperature 30.21
1255.24	1273.24	1288.04	1307.34	1322.86	1341.34	1360.02	1378.76	1398.90	1419.70	1448.74	1469.12	1496.04	1514.50	1550.76	1582.22	
1624.60	1663.92	1695.00	1728.96	1770.80	1821.90	1871.56	1917.84	1972.18	2027.94	2114.18	2191.36	2316.04	2469.72	2650.06	2907.14	
3152.44	3393.82	3506.58	3578.56	3647.30	3664.32	3737.40	3752.30	3765.04	3769.36	3754.58	3724.46	3698.60	3685.96	3720.14	3741.04	
3757.64	3752.46	3747.02	3752.42	3739.32	3716.00	3677.10	3672.68	3650.90	3647.34	3665.84	3645.00	3622.88	3599.96	3581.02	3575.72	
3584.52	3580.80	3583.14	3565.98	3579.14	3597.04	3598.08	3597.00	3579.00	3597.66	3664.70	3718.04	3735.40	3762.16	3768.54	3785.96	
3799.98	3806.90	3809.72	3813.44	3813.72	3807.60	3799.80	3790.94	3793.58	3796.18	3802.98	3797.38	3788.10	3744.34	3724.48	3727.06	
3757.40	3755.20	3724.48	3655.60	3609.90	3598.44	3676.00	3741.36	3729.66	3697.96	3660.40	3696.54	3662.68	3651.18	3535.20	3608.16	
3619.00	3738.58	3751.76	3756.96	3764.08	3762.90	3776.26	3789.54	3806.82	3810.40	3793.86	3773.96	3752.90	3771.60	3795.98	3772.56	

*******************************************2024/08/20;23:06:17
Probe number 55
Concentration entered by User 2.57% at Temperature 30.19
1252.66	1269.94	1285.44	1305.14	1319.46	1337.82	1356.34	1375.26	1396.78	1416.86	1443.92	1463.44	1489.52	1509.62	1545.66	1579.36	
1619.64	1657.32	1688.78	1722.56	1765.80	1811.50	1858.18	1908.98	1967.22	2032.72	2096.50	2166.66	2291.26	2463.06	2633.78	2890.26	
3147.62	3368.50	3480.90	3557.52	3623.76	3641.28	3721.00	3737.76	3751.94	3756.74	3740.30	3707.88	3679.74	3666.86	3702.62	3725.46	
3743.84	3738.18	3732.04	3738.02	3723.20	3699.24	3657.04	3651.86	3629.10	3625.96	3645.28	3622.66	3600.26	3575.32	3556.68	3551.42	
3559.88	3556.02	3558.92	3540.44	3555.56	3573.72	3575.80	3574.10	3556.40	3574.98	3644.00	3700.62	3719.60	3748.38	3756.04	3774.80	
3791.28	3798.96	3802.34	3806.80	3806.72	3800.00	3790.92	3780.54	3784.14	3787.14	3794.74	3788.20	3777.34	3729.40	3707.42	3710.52	
3744.12	3741.10	3707.36	3633.52	3585.86	3574.20	3656.02	3725.90	3713.08	3679.04	3638.84	3677.46	3640.90	3630.00	3509.38	3584.58	
3595.32	3722.00	3737.12	3742.54	3750.28	3749.12	3764.02	3779.28	3798.94	3802.92	3784.26	3761.46	3738.30	3758.96	3786.80	3760.06	

*******************************************2024/08/20;23:11:17
Probe number 56
Concentration entered by User 2.56% at Temperature 30.19
1253.88	1270.58	1285.64	1304.14	1320.40	1338.36	1356.80	1376.64	1396.58	1416.50	1445.30	1465.62	1491.02	1507.06	1544.84	1576.72	
1616.28	1657.44	1688.38	1723.38	1765.14	1810.04	1859.82	1910.60	1964.16	2024.58	2096.20	2175.78	2299.66	2460.54	2638.68	2901.34	
3139.24	3370.06	3482.58	3562.58	3630.82	3647.82	3725.70	3741.66	3755.62	3759.92	3743.74	3712.00	3684.50	3671.26	3707.10	3729.80	
3747.60	3741.94	3735.58	3741.62	3727.14	3702.92	3661.78	3656.58	3634.30	3630.64	3650.00	3628.52	3605.72	3581.06	3561.98	3556.32	
3565.84	3562.46	3564.82	3546.38	3560.66	3579.24	3580.78	3579.96	3561.38	3580.84	3648.92	3704.72	3723.46	3751.96	3759.06	3777.68	
3793.26	3801.12	3804.08	3808.36	3808.44	3802.02	3793.06	3783.34	3786.66	3789.54	3796.56	3790.40	3779.86	3732.94	3711.70	3714.18	
3747.02	3744.30	3711.26	3638.94	3591.26	3579.72	3660.74	3729.50	3717.18	3683.26	3643.76	3681.64	3645.74	3634.82	3515.72	3590.00	
3601.56	3726.32	3740.98	3746.04	3753.66	3752.14	3766.94	3781.72	3800.70	3805.00	3786.80	3764.36	3742.20	3762.06	3788.84	3763.16	

*******************************************2024/08/20;23:16:17
Probe number 57
Concentration entered by User 2.53% at Temperature 30.17
1254.02	1271.62	1286.58	1305.92	1321.24	1339.76	1359.48	1376.88	1396.78	1419.04	1447.98	1468.18	1493.26	1511.12	1546.58	1579.02	
1620.56	1660.24	1694.62	1727.68	1765.04	1811.20	1860.34	1910.20	1973.02	2027.00	2106.40	2187.36	2301.88	2467.96	2643.22	2889.54	
3149.76	3373.86	3490.26	3569.46	3638.80	3656.30	3731.46	3747.06	3760.80	3764.96	3749.48	3718.64	3692.20	3679.34	3713.66	3735.88	
3753.08	3747.40	3741.66	3747.70	3733.82	3710.42	3669.56	3664.92	3643.10	3639.30	3658.90	3637.30	3615.44	3591.74	3572.28	3566.66	
3576.42	3571.78	3574.16	3556.26	3570.40	3588.44	3589.50	3588.54	3571.30	3589.98	3656.66	3711.72	3730.22	3757.62	3764.32	3782.40	
3797.14	3804.30	3807.26	3811.20	3811.42	3805.24	3796.86	3787.60	3790.66	3793.06	3800.22	3794.40	3784.34	3738.86	3718.48	3721.34	
3752.70	3750.32	3718.44	3647.74	3600.56	3589.16	3669.70	3736.06	3723.78	3691.22	3652.80	3690.10	3654.72	3643.74	3525.72	3599.94	
3611.34	3733.16	3747.26	3752.34	3759.66	3758.26	3772.34	3786.30	3804.26	3808.02	3790.74	3769.72	3748.34	3767.44	3792.94	3768.48	

*******************************************2024/08/20;23:21:17
Probe number 58
Concentration entered by User 2.51% at Temperature 30.15
1255.04	1273.02	1288.42	1306.60	1321.78	1340.88	1359.56	1378.60	1397.90	1418.16	1445.98	1465.54	1493.00	1511.04	1548.12	1581.56	
1620.56	1659.74	1690.50	1726.96	1769.72	1812.54	1862.52	1913.96	1961.80	2027.90	2108.44	2193.76	2310.44	2469.10	2639.78	2895.92	
3164.36	3385.56	3489.50	3568.08	3637.40	3654.52	3730.64	3746.34	3759.70	3763.94	3748.12	3717.40	3690.92	3677.96	3712.82	3734.16	
3751.98	3746.72	3740.46	3746.22	3732.58	3708.56	3668.12	3663.42	3641.18	3637.44	3656.74	3635.78	3613.32	3588.70	3570.38	3564.58	
3573.74	3569.74	3571.32	3553.38	3568.14	3586.00	3587.38	3586.46	3568.60	3588.00	3655.12	3710.02	3728.48	3755.94	3762.94	3781.18	
3796.08	3803.62	3806.70	3810.68	3810.92	3804.36	3796.02	3786.76	3789.66	3792.36	3799.38	3793.54	3783.38	3737.50	3717.00	3719.86	
3751.38	3749.02	3716.62	3645.52	3598.68	3587.04	3667.26	3734.32	3722.84	3689.40	3651.06	3688.06	3652.98	3642.24	3523.98	3598.40	
3608.94	3731.56	3745.62	3750.86	3758.36	3756.92	3770.86	3785.20	3803.46	3807.30	3789.70	3768.72	3747.00	3766.10	3791.98	3767.18	

*******************************************2024/08/20;23:26:17
Probe number 59
Concentration entered by User 2.60% at Temperature 30.15
1251.16	1269.00	1284.94	1302.78	1318.56	1337.12	1355.60	1374.78	1394.44	1414.22	1442.50	1462.70	1487.90	1506.54	1543.48	1575.50	
1616.26	1653.32	1683.60	1721.16	1762.20	1809.30	1856.60	1907.04	1961.18	2021.20	2096.28	2181.68	2291.88	2451.54	2615.96	2871.26	
3145.36	3364.06	3474.54	3558.16	3625.20	3642.80	3721.62	3737.74	3752.16	3756.60	3740.50	3707.46	3679.92	3666.72	3702.88	3726.00	
3744.22	3738.78	3732.22	3738.50	3723.68	3698.84	3657.16	3651.64	3629.62	3625.34	3645.16	3623.76	3600.40	3575.34	3556.46	3550.90	
3559.44	3556.42	3557.86	3539.12	3555.16	3573.34	3574.34	3573.74	3555.58	3575.18	3643.78	3700.30	3719.40	3748.26	3755.70	3774.90	
3791.10	3799.08	3802.42	3806.70	3806.88	3800.18	3791.10	3780.96	3784.56	3787.24	3794.72	3788.18	3777.14	3729.36	3707.78	3710.32	
3743.68	3741.00	3707.58	3633.14	3584.72	3572.96	3655.68	3725.46	3712.76	3678.24	3638.90	3676.94	3640.42	3629.74	3510.18	3584.26	
3595.62	3722.92	3737.28	3743.02	3750.24	3749.06	3764.02	3779.40	3799.14	3803.14	3784.12	3761.52	3739.04	3759.02	3786.76	3760.24	

*******************************************2024/08/20;23:31:17
Probe number 60
Concentration entered by User 2.53% at Temperature 30.14
1253.30	1270.26	1285.32	1305.22	1320.74	1339.06	1357.40	1376.50	1394.76	1415.48	1442.68	1464.34	1492.76	1510.92	1546.10	1578.58	
1619.58	1660.14	1689.46	1725.84	1764.54	1807.92	1859.38	1912.58	1969.10	2027.06	2100.44	2186.10	2297.34	2462.48	2651.82	2894.74	
3148.96	3377.16	3495.42	3572.52	3638.22	3655.22	3730.66	3745.94	3758.90	3763.46	3747.70	3716.54	3689.64	3676.92	3711.30	3733.70	
3750.88	3745.74	3739.80	3745.58	3731.54	3707.66	3667.38	3662.54	3639.92	3636.60	3656.62	3634.28	3612.30	3587.94	3568.64	3563.10	
3572.76	3568.10	3571.14	3552.08	3567.30	3585.22	3586.24	3585.38	3568.34	3586.62	3653.94	3709.32	3727.84	3755.56	3762.52	3780.70	
3795.74	3803.24	3806.40	3810.46	3810.50	3804.30	3795.74	3786.44	3789.34	3792.08	3799.10	3793.06	3783.32	3736.94	3716.06	3718.58	
3750.66	3748.24	3716.04	3644.48	3598.06	3585.98	3666.38	3733.84	3722.12	3688.50	3649.98	3686.98	3651.98	3641.50	3523.48	3596.98	
3608.70	3731.10	3744.98	3750.16	3757.60	3756.52	3770.50	3785.12	3803.26	3807.12	3789.40	3768.30	3746.30	3765.74	3791.64	3766.84	

*******************************************2024/08/20;23:36:17
Probe number 61
Concentration entered by User 2.57% at Temperature 30.12
1251.98	1269.74	1284.28	1302.56	1318.26	1337.54	1356.06	1375.36	1394.34	1413.96	1441.62	1461.36	1488.12	1506.64	1542.22	1576.46	
1617.02	1653.56	1683.92	1720.80	1763.62	1808.42	1857.40	1906.56	1961.04	2020.88	2092.74	2173.52	2295.60	2453.92	2635.06	2884.30	
3156.40	3377.70	3479.02	3559.06	3627.00	3643.76	3722.58	3738.70	3752.24	3757.30	3740.28	3707.46	3679.88	3667.06	3703.26	3725.88	
3744.04	3738.56	3732.28	3738.64	3723.32	3699.12	3657.24	3651.82	3629.62	3626.24	3645.26	3623.18	3600.38	3575.84	3556.12	3551.54	
3560.22	3556.26	3558.76	3540.44	3555.08	3573.16	3574.74	3573.72	3556.16	3575.70	3643.76	3700.96	3719.68	3748.44	3755.78	3775.16	
3791.44	3799.58	3802.48	3806.96	3806.84	3800.22	3791.28	3781.00	3784.70	3787.34	3795.00	3788.10	3777.60	3729.36	3708.02	3710.12	
3743.90	3741.28	3707.38	3633.88	3585.48	3573.14	3655.96	3725.68	3713.42	3678.78	3638.78	3677.28	3641.02	3630.50	3511.04	3585.18	
3596.70	3722.88	3737.76	3743.02	3750.34	3749.70	3764.34	3779.84	3799.14	3803.50	3784.40	3762.02	3739.04	3759.16	3786.70	3760.08	

*******************************************2024/08/20;23:41:18
Probe number 62
Concentration entered by User 2.56% at Temperature 30.10
1252.54	1269.96	1285.22	1304.62	1320.22	1338.08	1357.62	1375.04	1395.18	1415.40	1442.22	1462.86	1488.80	1506.28	1544.04	1575.62	
1618.32	1658.34	1685.46	1720.54	1764.34	1809.66	1857.62	1904.78	1962.74	2014.82	2091.90	2178.58	2300.02	2460.28	2644.96	2884.92	
3160.68	3375.56	3473.30	3563.18	3632.02	3649.54	3726.74	3742.36	3755.90	3761.06	3744.90	3713.86	3686.62	3673.46	3708.90	3731.38	
3748.70	3743.32	3737.42	3743.12	3729.36	3705.22	3664.36	3659.50	3636.98	3632.72	3652.98	3631.50	3608.80	3584.90	3565.36	3559.62	
3569.86	3565.06	3567.24	3550.10	3563.26	3580.74	3582.38	3580.96	3563.28	3582.48	3650.52	3706.74	3725.12	3753.84	3760.70	3779.36	
3794.68	3802.48	3805.28	3809.50	3809.72	3803.18	3794.58	3785.02	3788.00	3790.56	3798.02	3791.98	3781.88	3734.98	3713.84	3715.98	
3748.92	3746.30	3713.92	3641.88	3594.34	3582.46	3663.14	3731.64	3719.68	3686.44	3647.28	3684.34	3649.44	3638.66	3519.82	3593.72	
3605.62	3729.32	3743.42	3748.98	3756.08	3755.02	3769.34	3783.80	3802.32	3806.42	3788.30	3766.78	3744.88	3764.18	3790.64	3765.46	

*******************************************2024/08/20;23:46:18
Probe number 63
Concentration entered by User 2.51% at Temperature 30.10
1255.22	1271.60	1287.52	1306.00	1321.52	1340.24	1359.42	1377.10	1396.34	1417.62	1446.04	1466.30	1491.32	1511.06	1547.34	1580.26	
1620.32	1660.22	1691.24	1724.82	1767.66	1811.66	1859.86	1915.22	1975.32	2027.84	2112.74	2200.40	2307.50	2454.24	2644.28	2898.70	
3158.12	3377.90	3500.08	3578.64	3643.00	3659.30	3733.56	3748.72	3761.82	3766.76	3751.12	3721.20	3694.90	3681.56	3716.14	3737.40	
3754.32	3749.14	3743.64	3749.10	3735.80	3712.58	3673.34	3668.48	3646.66	3641.84	3662.00	3641.00	3619.04	3595.32	3575.86	3570.64	
3580.72	3575.80	3577.88	3560.76	3574.14	3591.14	3592.40	3591.14	3573.44	3592.40	3659.20	3713.90	3732.02	3759.30	3766.14	3783.58	
3798.32	3805.40	3808.46	3812.22	3812.56	3806.32	3798.06	3789.14	3792.02	3794.50	3801.60	3795.92	3786.36	3741.42	3720.76	3723.26	
3754.48	3752.26	3721.12	3651.44	3604.98	3592.74	3672.42	3738.30	3727.12	3695.00	3656.74	3693.04	3659.34	3648.26	3530.76	3604.54	
3615.76	3736.42	3749.82	3755.08	3762.28	3760.70	3774.36	3788.18	3805.42	3809.40	3792.50	3772.06	3751.20	3769.50	3794.40	3770.74	

*******************************************2024/08/20;23:51:17
Probe number 64
Concentration entered by User 2.55% at Temperature 30.09
1253.44	1271.22	1286.04	1305.04	1320.12	1337.84	1356.92	1376.24	1395.50	1417.04	1444.76	1463.66	1491.02	1509.14	1545.54	1579.22	
1620.32	1657.72	1685.52	1720.38	1762.04	1809.40	1861.62	1912.46	1966.08	2025.18	2105.18	2181.38	2296.24	2456.40	2639.68	2890.34	
3145.86	3371.44	3485.48	3568.22	3634.32	3650.88	3728.06	3743.62	3757.08	3761.70	3746.04	3714.94	3687.52	3675.30	3710.50	3732.10	
3749.94	3744.00	3738.62	3744.40	3729.98	3706.26	3665.98	3660.90	3638.18	3634.34	3653.56	3632.54	3610.02	3585.66	3566.66	3560.80	
3570.16	3565.92	3568.34	3550.08	3564.76	3581.92	3584.14	3582.98	3565.56	3584.50	3652.40	3707.82	3726.32	3754.24	3761.22	3779.76	
3795.16	3802.80	3805.58	3809.82	3809.76	3803.46	3794.96	3785.16	3788.86	3791.12	3798.32	3792.24	3781.84	3735.42	3714.48	3716.98	
3749.50	3747.04	3714.36	3643.04	3595.20	3583.16	3663.88	3732.14	3720.06	3686.48	3647.58	3685.16	3649.86	3639.70	3520.96	3594.48	
3605.68	3729.54	3743.84	3749.00	3756.54	3755.36	3769.42	3784.08	3802.40	3806.56	3788.62	3767.06	3745.32	3764.50	3790.86	3765.62	

*******************************************2024/08/20;23:56:17
Probe number 65
Concentration entered by User 2.65% at Temperature 30.08
1250.90	1268.06	1282.64	1300.66	1315.42	1333.98	1353.64	1371.64	1390.96	1410.62	1438.42	1458.62	1484.30	1503.78	1537.30	1571.18	
1610.02	1650.74	1680.56	1714.92	1758.20	1799.24	1852.66	1899.84	1955.20	2010.48	2088.02	2171.76	2282.72	2428.56	2628.42	2885.86	
3120.44	3338.96	3461.22	3542.98	3612.18	3629.56	3710.90	3728.78	3743.90	3748.22	3730.88	3696.50	3668.02	3654.62	3691.74	3715.56	
3735.20	3728.76	3721.90	3728.72	3713.38	3688.08	3644.70	3639.02	3615.96	3612.78	3632.00	3609.60	3585.98	3560.50	3541.60	3535.64	
3545.18	3541.68	3542.98	3524.70	3539.98	3559.64	3561.46	3560.20	3541.82	3561.68	3631.12	3689.54	3708.74	3739.32	3747.12	3768.28	
3785.52	3794.18	3797.74	3802.22	3802.26	3795.10	3784.78	3774.00	3778.16	3781.10	3789.06	3781.56	3770.08	3719.00	3696.94	3699.36	
3734.30	3731.92	3695.86	3618.92	3570.36	3557.66	3641.98	3714.78	3701.84	3666.24	3624.94	3665.10	3627.24	3616.32	3495.16	3569.76	
3581.56	3712.32	3727.76	3733.42	3741.32	3740.54	3755.96	3772.66	3793.78	3798.44	3777.48	3753.60	3729.80	3750.88	3780.36	3752.04	

*******************************************2024/08/21;00:01:17
Probe number 66
Concentration entered by User 2.66% at Temperature 30.07
1248.40	1265.18	1279.92	1298.36	1315.00	1332.88	1351.48	1371.42	1388.98	1408.10	1435.70	1455.58	1483.64	1500.46	1536.44	1568.58	
1609.94	1647.20	1679.38	1712.00	1753.14	1801.50	1848.66	1897.22	1948.24	2003.74	2079.90	2162.78	2293.30	2450.22	2627.86	2864.46	
3117.66	3343.86	3456.44	3541.20	3608.98	3626.90	3709.40	3725.80	3741.44	3745.92	3727.80	3693.60	3664.26	3651.54	3688.68	3712.54	
3732.56	3726.32	3719.42	3726.18	3710.60	3685.02	3640.78	3635.30	3612.00	3609.00	3628.04	3605.82	3581.52	3555.56	3536.78	3531.34	
3540.08	3537.24	3539.20	3519.82	3535.02	3555.04	3557.10	3556.00	3537.54	3557.30	3627.48	3685.96	3706.40	3736.90	3744.72	3766.00	
3783.84	3792.74	3796.38	3801.02	3800.98	3793.52	3783.52	3772.14	3776.24	3779.42	3787.50	3780.10	3768.10	3716.26	3693.56	3696.44	
3731.82	3729.36	3692.78	3615.46	3566.10	3553.72	3638.08	3711.98	3698.92	3662.66	3621.32	3661.48	3623.68	3612.54	3490.98	3565.78	
3577.22	3709.36	3725.36	3730.86	3739.20	3737.90	3754.08	3770.58	3792.34	3796.88	3775.60	3751.16	3726.44	3748.48	3778.48	3749.58	

*******************************************2024/08/21;00:06:17
Probe number 67
Concentration entered by User 2.58% at Temperature 30.07
1251.82	1269.70	1284.08	1302.18	1318.78	1336.60	1355.00	1374.10	1394.28	1413.30	1441.10	1460.28	1488.42	1507.68	1544.42	1578.92	
1617.16	1653.36	1683.00	1718.20	1763.44	1812.88	1863.68	1910.10	1958.92	2013.44	2082.14	2165.30	2303.08	2459.14	2648.08	2884.38	
3141.16	3372.54	3483.68	3564.80	3629.40	3646.36	3724.64	3740.44	3754.00	3758.78	3742.86	3710.38	3682.88	3670.40	3705.88	3728.36	
3746.56	3740.68	3734.54	3740.42	3726.30	3702.40	3660.34	3655.24	3632.42	3629.04	3649.18	3627.18	3604.24	3579.24	3560.30	3554.86	
3563.86	3560.26	3561.74	3543.70	3559.06	3577.14	3579.28	3577.92	3560.26	3579.40	3647.42	3703.40	3722.34	3750.94	3758.18	3777.18	
3793.06	3800.88	3804.02	3808.18	3808.02	3801.72	3792.64	3782.92	3786.34	3788.96	3796.34	3790.10	3779.04	3731.90	3710.14	3712.70	
3745.66	3743.76	3709.94	3637.12	3588.78	3576.54	3658.92	3728.36	3715.92	3682.04	3642.30	3680.68	3644.98	3634.00	3514.98	3588.78	
3600.02	3725.80	3740.50	3745.70	3753.46	3752.20	3766.56	3781.62	3800.54	3804.84	3786.16	3764.38	3741.80	3761.28	3788.70	3762.52	

*******************************************2024/08/21;00:11:17
Probe number 68
Concentration entered by User 2.70% at Temperature 30.05
1248.28	1264.98	1279.78	1298.18	1314.50	1331.72	1350.48	1369.92	1387.84	1406.46	1434.96	1454.72	1481.40	1501.88	1535.16	1565.64	
1605.92	1647.40	1678.86	1713.68	1754.22	1799.30	1847.16	1891.72	1948.86	1994.12	2071.12	2168.32	2297.66	2439.56	2593.22	2862.20	
3115.54	3329.32	3454.44	3535.66	3604.30	3621.26	3705.44	3722.46	3738.10	3742.88	3724.48	3689.52	3660.40	3646.70	3685.14	3709.04	
3729.42	3722.92	3715.72	3722.54	3706.98	3680.98	3636.28	3630.32	3606.90	3603.32	3623.32	3601.08	3576.70	3550.36	3531.02	3526.14	
3535.98	3531.90	3533.68	3514.56	3530.78	3550.02	3552.66	3551.62	3533.02	3552.94	3623.34	3681.90	3702.72	3733.76	3741.70	3763.52	
3781.68	3790.76	3794.40	3799.32	3799.18	3791.56	3781.00	3769.68	3774.02	3777.18	3785.56	3777.52	3765.20	3712.82	3689.42	3692.30	
3728.28	3726.02	3688.92	3610.52	3560.54	3547.52	3633.06	3708.34	3694.78	3657.66	3616.36	3656.78	3618.62	3608.10	3485.78	3560.56	
3572.04	3705.42	3721.78	3727.40	3735.82	3734.58	3750.72	3768.16	3790.26	3794.80	3772.82	3748.52	3723.46	3745.42	3776.04	3746.36	

*******************************************2024/08/21;00:13:03
Probe number 69
Concentration entered by User 2.68% at Temperature 30.05
1244.86	1262.22	1276.84	1296.64	1311.92	1331.48	1349.06	1367.62	1387.28	1407.00	1434.62	1451.78	1479.84	1498.16	1535.08	1565.46	
1605.68	1644.24	1670.58	1707.74	1748.88	1793.88	1844.22	1896.56	1950.46	2002.28	2077.20	2171.58	2278.52	2442.90	2613.28	2852.56	
3117.30	3343.56	3463.18	3537.44	3608.20	3625.38	3707.00	3724.28	3739.18	3744.14	3726.26	3691.26	3662.86	3649.42	3687.68	3710.94	
3730.70	3724.64	3718.02	3724.12	3709.06	3683.82	3638.86	3634.24	3610.20	3609.12	3626.92	3605.30	3580.10	3554.64	3536.96	3530.54	
3540.72	3536.02	3537.78	3518.52	3534.78	3553.88	3556.42	3555.06	3536.14	3557.48	3626.02	3685.28	3704.24	3735.34	3743.52	3764.54	
3782.80	3791.18	3794.84	3799.50	3799.76	3792.20	3781.86	3770.72	3774.90	3777.92	3786.60	3778.70	3766.28	3714.44	3692.46	3694.40	
3730.26	3727.16	3690.98	3613.24	3564.84	3553.02	3636.76	3711.20	3697.28	3662.06	3620.14	3659.64	3622.76	3611.54	3490.76	3564.50	
3576.98	3707.66	3724.08	3729.12	3738.12	3736.08	3752.44	3769.32	3790.80	3795.44	3773.90	3749.22	3725.18	3746.48	3776.84	3747.68	

*******************************************2024/08/21;00:14:03
Probe number 70
Concentration entered by User 2.56% at Temperature 30.05
1252.06	1269.18	1283.46	1303.22	1318.58	1336.82	1355.76	1373.82	1394.00	1414.90	1442.32	1461.90	1488.70	1506.78	1543.60	1578.00	
1617.48	1657.26	1687.56	1723.22	1768.04	1812.52	1862.74	1911.16	1967.50	2017.30	2090.94	2174.84	2292.84	2464.58	2647.42	2878.28	
3151.72	3383.00	3492.34	3570.08	3636.30	3654.52	3730.04	3745.22	3759.06	3763.46	3748.18	3716.82	3690.60	3677.70	3712.76	3734.76	
3751.86	3746.54	3740.46	3747.06	3732.40	3709.80	3668.44	3664.28	3641.40	3637.66	3657.90	3635.86	3614.10	3589.52	3570.50	3565.12	
3574.16	3570.66	3572.40	3554.68	3569.14	3586.26	3587.22	3587.08	3570.14	3588.96	3655.40	3710.56	3729.06	3756.42	3763.64	3781.56	
3796.82	3803.84	3807.04	3810.68	3810.96	3804.68	3796.20	3787.16	3790.22	3792.50	3799.86	3793.70	3784.06	3738.24	3717.56	3719.56	
3751.50	3749.76	3717.46	3646.82	3598.74	3587.58	3667.34	3734.44	3723.60	3689.86	3651.80	3688.36	3654.02	3643.30	3525.68	3598.76	
3609.84	3732.64	3746.38	3751.88	3758.80	3758.12	3771.66	3785.92	3803.70	3807.74	3790.42	3769.56	3747.68	3766.70	3792.22	3767.44	

*******************************************2024/08/21;00:16:18
Probe number 71
Concentration entered by User 2.53% at Temperature 30.03
1254.04	1270.96	1286.30	1304.92	1321.28	1338.86	1357.36	1376.88	1396.44	1416.92	1444.00	1463.20	1492.18	1508.86	1546.94	1579.22	
1618.20	1658.78	1691.12	1722.36	1766.04	1812.88	1861.02	1907.64	1962.04	2019.48	2101.92	2186.06	2316.82	2475.76	2648.58	2879.64	
3146.22	3370.98	3483.76	3566.50	3637.54	3655.34	3731.24	3747.14	3760.38	3764.76	3749.40	3718.84	3692.82	3680.20	3714.78	3736.30	
3753.36	3747.50	3742.38	3747.74	3734.46	3710.98	3671.04	3666.46	3644.42	3640.94	3659.98	3638.66	3616.34	3592.66	3573.42	3568.18	
3577.86	3573.64	3575.86	3557.56	3571.74	3589.10	3590.30	3589.58	3572.50	3591.54	3658.40	3712.76	3730.58	3758.34	3765.14	3782.96	
3797.82	3805.06	3807.80	3811.74	3811.90	3805.72	3797.64	3788.38	3791.12	3793.58	3800.70	3794.78	3784.92	3740.10	3719.24	3721.42	
3753.18	3751.00	3719.30	3648.64	3602.06	3589.00	3670.10	3736.58	3724.86	3692.76	3653.68	3691.12	3656.74	3646.42	3528.74	3601.80	
3612.86	3734.46	3748.32	3753.46	3760.58	3759.50	3773.22	3787.20	3804.78	3808.60	3791.24	3770.72	3749.34	3768.04	3793.40	3769.32	

*******************************************2024/08/21;00:21:17
Probe number 72
Concentration entered by User 2.55% at Temperature 30.05
1253.66	1271.44	1286.66	1304.42	1321.06	1339.78	1357.34	1377.32	1397.74	1415.48	1443.86	1463.56	1490.30	1509.32	1546.56	1576.34	
1615.88	1657.64	1687.46	1724.26	1766.74	1809.48	1859.50	1908.34	1962.18	2027.14	2102.86	2183.68	2292.52	2457.68	2643.70	2884.90	
3149.24	3388.38	3498.24	3571.16	3637.00	3653.28	3729.64	3745.10	3758.30	3762.90	3747.00	3715.84	3689.08	3676.52	3711.32	3732.76	
3750.34	3744.98	3738.76	3744.76	3730.76	3707.58	3667.06	3661.56	3639.44	3635.62	3655.68	3633.82	3611.48	3586.82	3568.26	3563.24	
3572.04	3567.76	3569.56	3552.40	3566.98	3584.82	3585.44	3584.90	3567.44	3586.46	3653.88	3709.16	3727.04	3755.12	3762.02	3780.50	
3795.68	3803.14	3806.14	3810.28	3810.26	3803.94	3795.46	3786.14	3789.26	3791.96	3798.82	3792.68	3782.48	3736.68	3715.84	3718.08	
3749.88	3747.62	3715.52	3643.88	3596.56	3584.00	3664.92	3732.80	3721.28	3688.26	3649.02	3686.74	3652.12	3641.66	3523.44	3596.54	
3607.58	3730.88	3745.42	3749.90	3757.42	3756.52	3770.52	3784.74	3802.86	3806.92	3789.18	3768.08	3746.32	3765.40	3791.36	3766.42	

*******************************************2024/08/21;00:26:17
Probe number 73
Concentration entered by User 2.69% at Temperature 30.04
1248.82	1266.34	1280.70	1298.58	1314.02	1332.16	1350.38	1370.42	1389.30	1407.48	1436.38	1454.54	1479.70	1500.66	1536.24	1567.76	
1605.70	1646.24	1675.52	1712.14	1754.90	1798.10	1848.82	1898.34	1943.38	2006.70	2067.10	2155.40	2287.98	2451.00	2613.34	2865.16	
3112.38	3343.70	3449.24	3533.56	3602.74	3621.52	3705.42	3722.90	3738.78	3743.16	3725.12	3689.90	3660.28	3647.10	3685.24	3709.72	
3730.04	3723.32	3716.84	3723.60	3707.80	3681.54	3636.56	3630.82	3607.34	3604.60	3624.38	3601.74	3578.14	3550.96	3532.80	3527.06	
3536.28	3532.54	3534.96	3515.50	3531.82	3550.32	3553.46	3552.48	3533.94	3553.70	3623.82	3682.72	3702.54	3734.10	3742.18	3764.12	
3782.22	3791.10	3794.74	3799.58	3799.58	3792.04	3781.32	3770.12	3774.30	3777.60	3785.80	3778.06	3765.76	3713.44	3690.14	3693.14	
3729.08	3726.34	3689.46	3611.42	3561.82	3549.28	3634.62	3708.94	3695.86	3658.86	3617.36	3657.70	3619.74	3609.08	3487.66	3561.94	
3573.86	3706.46	3722.82	3727.94	3736.62	3735.16	3751.46	3768.54	3790.68	3795.32	3773.26	3748.92	3723.88	3745.86	3776.52	3747.32	

*******************************************2024/08/21;00:31:18
Probe number 74
Concentration entered by User 2.52% at Temperature 30.03
1255.22	1271.74	1288.00	1306.44	1321.28	1340.08	1358.44	1377.78	1398.28	1417.82	1445.72	1465.28	1492.16	1510.56	1545.98	1579.40	
1619.66	1657.24	1687.86	1726.94	1765.28	1812.78	1865.98	1914.54	1970.24	2024.10	2101.68	2191.20	2315.12	2468.80	2659.22	2888.54	
3140.78	3380.94	3487.26	3570.70	3639.80	3657.24	3733.06	3748.42	3761.60	3765.78	3750.50	3720.30	3694.06	3681.20	3716.18	3737.00	
3754.56	3749.00	3743.10	3748.90	3735.70	3712.44	3672.90	3667.96	3646.00	3642.32	3661.66	3640.46	3618.08	3593.92	3574.78	3569.84	
3579.22	3574.94	3577.18	3559.88	3573.84	3591.22	3592.48	3591.94	3574.04	3593.52	3659.88	3714.04	3731.96	3759.28	3765.96	3783.84	
3798.36	3805.54	3808.66	3812.30	3812.48	3806.38	3798.08	3789.10	3792.12	3794.56	3801.42	3795.40	3785.82	3741.18	3720.70	3722.88	
3754.32	3751.98	3720.86	3650.40	3603.64	3591.40	3671.26	3737.76	3726.14	3693.98	3655.42	3692.44	3658.52	3648.02	3531.16	3603.70	
3614.50	3735.54	3749.54	3754.44	3761.64	3760.24	3774.18	3787.82	3805.38	3809.30	3792.16	3771.84	3750.94	3769.06	3794.04	3770.02	

*******************************************2024/08/21;00:36:17
Probe number 75
Concentration entered by User 2.57% at Temperature 30.02
1253.10	1270.42	1285.08	1304.74	1319.72	1337.46	1356.10	1374.34	1394.28	1414.40	1441.96	1461.96	1489.90	1508.94	1544.94	1578.14	
1616.58	1653.44	1682.80	1722.00	1765.00	1806.80	1860.58	1905.80	1958.08	2021.98	2101.46	2177.74	2296.18	2454.48	2633.24	2880.76	
3146.06	3386.94	3489.72	3567.82	3633.98	3652.08	3728.74	3744.34	3757.62	3762.10	3746.36	3714.90	3687.78	3675.10	3710.20	3732.38	
3750.16	3744.86	3739.06	3744.74	3730.96	3707.10	3666.12	3660.94	3639.36	3635.68	3655.00	3633.66	3610.84	3586.26	3567.00	3562.40	
3571.80	3567.70	3570.08	3551.18	3566.00	3583.42	3585.64	3584.00	3566.86	3587.10	3653.50	3709.44	3727.22	3755.38	3761.88	3780.48	
3795.68	3803.40	3806.18	3810.26	3810.28	3804.12	3795.62	3786.06	3789.22	3791.62	3799.12	3792.60	3782.56	3736.52	3715.28	3717.48	
3750.10	3747.52	3715.74	3643.64	3596.04	3583.98	3664.92	3732.98	3721.16	3687.78	3648.72	3686.24	3652.16	3641.38	3523.16	3595.92	
3607.36	3730.94	3745.06	3750.12	3757.40	3756.30	3770.20	3784.84	3802.92	3807.04	3789.22	3768.10	3746.44	3765.28	3791.44	3766.34	

*******************************************2024/08/21;00:41:17
Probe number 76
Concentration entered by User 2.54% at Temperature 30.02
1252.40	1269.88	1285.08	1303.20	1319.08	1336.82	1356.42	1375.60	1395.76	1414.86	1442.66	1461.30	1490.72	1507.06	1544.36	1577.68	
1615.54	1654.88	1683.40	1723.24	1763.70	1805.94	1859.00	1908.50	1963.44	2021.28	2096.56	2173.98	2310.20	2473.12	2651.74	2891.36	
3141.56	3370.86	3480.04	3564.30	3632.76	3649.52	3727.64	3743.46	3757.02	3761.36	3746.16	3714.70	3687.90	3675.22	3710.10	3732.18	
3749.86	3744.42	3738.56	3744.54	3730.74	3707.12	3666.68	3660.98	3639.32	3635.16	3655.06	3633.46	3610.52	3586.76	3567.06	3562.12	
3572.04	3567.38	3569.54	3551.48	3565.68	3583.72	3585.46	3584.20	3566.92	3586.30	3653.20	3708.86	3727.18	3754.88	3761.96	3780.30	
3795.76	3803.18	3806.34	3810.26	3810.22	3803.80	3795.62	3785.92	3789.16	3791.70	3798.96	3792.64	3782.44	3736.24	3714.86	3717.46	
3749.82	3747.52	3715.10	3643.28	3595.70	3583.90	3664.64	3732.48	3721.10	3687.76	3648.88	3686.48	3652.14	3641.38	3522.70	3596.06	
3606.76	3730.46	3744.70	3750.04	3757.26	3756.30	3770.56	3784.88	3802.78	3807.04	3789.14	3767.76	3746.04	3765.34	3791.38	3766.58	

*******************************************2024/08/21;00:46:17
Probe number 77
Concentration entered by User 2.59% at Temperature 30.01
1252.56	1269.26	1284.16	1303.88	1319.56	1336.30	1355.38	1375.28	1394.04	1413.52	1440.72	1461.78	1486.58	1504.88	1543.02	1574.46	
1614.80	1652.18	1685.46	1717.56	1764.04	1806.14	1854.68	1909.04	1962.74	2010.30	2088.94	2181.80	2300.80	2463.42	2635.52	2894.84	
3120.18	3352.20	3470.96	3555.56	3625.42	3643.28	3722.36	3738.66	3752.72	3757.26	3741.14	3708.54	3681.18	3668.40	3704.36	3727.08	
3745.48	3739.76	3733.20	3739.62	3725.04	3701.10	3659.22	3654.32	3631.64	3628.44	3647.90	3626.00	3602.98	3577.80	3559.10	3553.44	
3562.76	3559.26	3561.52	3542.78	3558.04	3575.94	3577.82	3576.50	3559.06	3578.42	3646.28	3702.32	3721.58	3749.90	3757.32	3776.76	
3792.64	3800.56	3803.60	3807.82	3807.64	3801.18	3792.20	3782.28	3785.96	3788.20	3795.72	3789.50	3778.62	3730.94	3709.28	3711.96	
3744.78	3742.50	3709.30	3635.22	3587.54	3575.24	3657.28	3726.96	3715.16	3680.98	3641.42	3679.80	3644.46	3633.96	3514.24	3587.80	
3599.16	3724.94	3739.46	3744.92	3752.20	3751.26	3765.82	3781.10	3800.14	3804.22	3785.42	3763.38	3740.68	3760.62	3787.76	3761.90	

*******************************************2024/08/21;00:51:18
Probe number 78
Concentration entered by User 2.55% at Temperature 30.00
1253.72	1270.80	1286.18	1305.02	1320.22	1339.28	1358.24	1377.22	1395.36	1415.62	1443.76	1462.50	1490.12	1507.90	1544.88	1577.90	
1617.90	1659.24	1692.20	1724.08	1760.74	1806.58	1858.42	1905.56	1965.46	2023.20	2100.54	2180.46	2300.42	2463.00	2641.14	2882.32	
3157.04	3377.60	3485.90	3567.64	3634.64	3651.80	3729.34	3745.30	3758.88	3763.60	3748.06	3716.82	3690.38	3677.64	3712.48	3734.58	
3752.32	3746.66	3740.74	3746.92	3732.94	3709.26	3669.54	3664.86	3643.30	3639.30	3658.12	3637.34	3614.68	3590.22	3572.08	3565.92	
3576.10	3571.24	3573.48	3556.36	3569.76	3587.52	3588.82	3588.26	3571.12	3590.02	3656.04	3711.60	3729.38	3757.12	3764.10	3782.16	
3797.10	3804.42	3807.48	3811.20	3811.30	3805.00	3796.68	3787.54	3790.72	3793.06	3800.06	3793.98	3784.22	3738.62	3717.84	3720.14	
3751.80	3749.76	3717.82	3647.02	3599.48	3587.00	3668.48	3735.06	3723.78	3691.30	3652.42	3689.58	3655.20	3644.80	3526.78	3599.70	
3610.90	3733.18	3747.52	3752.34	3759.28	3758.48	3772.22	3786.26	3804.24	3808.12	3790.52	3769.82	3748.42	3767.22	3792.66	3768.52	

*******************************************2024/08/21;00:56:17
Probe number 79
Concentration entered by User 2.53% at Temperature 30.01
1254.80	1272.34	1287.98	1307.16	1322.24	1339.72	1359.18	1378.12	1398.60	1417.08	1446.24	1466.30	1492.50	1512.22	1547.02	1578.80	
1619.64	1657.70	1688.20	1726.58	1768.44	1812.08	1858.56	1913.00	1966.50	2022.62	2092.12	2185.28	2312.20	2454.76	2647.48	2905.04	
3158.16	3379.68	3496.40	3572.94	3640.16	3656.52	3732.50	3748.32	3761.24	3765.84	3750.74	3720.20	3694.34	3681.74	3715.86	3737.20	
3754.84	3749.62	3743.80	3749.36	3735.80	3712.50	3673.20	3668.72	3647.10	3643.28	3662.96	3641.66	3618.74	3595.34	3576.06	3570.60	
3580.40	3576.02	3578.62	3560.32	3574.18	3592.18	3593.56	3592.84	3575.54	3594.46	3660.92	3715.08	3732.30	3759.50	3766.30	3784.00	
3798.64	3805.84	3808.72	3812.54	3812.56	3806.42	3798.14	3789.22	3792.40	3794.80	3801.56	3795.84	3786.08	3741.28	3720.64	3723.64	
3754.32	3752.26	3721.26	3651.08	3604.48	3592.36	3672.14	3738.22	3726.94	3694.82	3656.52	3693.56	3659.68	3649.34	3532.68	3604.56	
3615.62	3736.32	3750.12	3755.38	3762.12	3760.98	3774.50	3788.24	3805.66	3809.52	3792.46	3771.94	3750.98	3769.70	3794.48	3770.72	

*******************************************2024/08/21;01:01:17
Probe number 80
Concentration entered by User 2.65% at Temperature 30.00
1250.32	1267.86	1282.40	1300.88	1316.78	1335.28	1353.20	1371.12	1391.66	1411.84	1438.36	1456.50	1484.88	1504.28	1539.74	1571.48	
1610.82	1650.20	1684.46	1717.06	1756.26	1802.42	1853.68	1901.16	1951.08	2007.80	2082.16	2164.78	2288.60	2438.94	2622.78	2878.62	
3115.30	3351.44	3476.98	3549.12	3616.40	3634.46	3715.84	3731.96	3747.26	3751.40	3734.78	3701.12	3673.12	3659.68	3696.58	3720.16	
3739.20	3733.16	3727.02	3733.10	3718.40	3693.58	3651.50	3645.02	3622.60	3619.38	3638.56	3616.84	3593.28	3567.46	3548.60	3543.82	
3552.32	3548.84	3550.72	3532.30	3548.02	3565.66	3568.42	3567.70	3549.44	3569.72	3637.72	3695.60	3714.36	3744.20	3751.76	3772.00	
3788.90	3797.14	3800.40	3804.62	3804.64	3797.68	3788.24	3777.56	3781.46	3784.32	3792.18	3785.00	3773.78	3724.04	3702.20	3704.62	
3738.82	3736.46	3701.64	3626.16	3578.04	3564.80	3648.28	3720.04	3707.68	3672.38	3632.12	3671.58	3634.90	3624.16	3503.44	3578.28	
3588.96	3718.24	3733.18	3738.86	3746.42	3745.44	3760.52	3776.26	3796.44	3800.84	3781.10	3758.16	3734.24	3755.12	3783.62	3756.52	

*******************************************2024/08/21;01:06:17
Probe number 81
Concentration entered by User 2.69% at Temperature 30.00
1248.06	1265.16	1279.76	1299.20	1314.88	1332.34	1350.58	1368.82	1388.12	1407.08	1435.26	1455.62	1480.90	1499.18	1536.34	1566.90	
1605.98	1644.98	1676.72	1710.72	1757.34	1805.14	1851.36	1894.46	1944.64	1999.82	2081.86	2160.90	2277.78	2437.32	2611.84	2865.54	
3116.26	3337.44	3450.60	3534.10	3604.60	3623.34	3707.00	3724.98	3740.80	3745.70	3728.04	3693.44	3664.16	3649.84	3688.24	3712.86	
3732.76	3726.56	3719.92	3726.26	3710.92	3685.14	3641.26	3635.18	3612.74	3610.06	3629.46	3606.58	3582.16	3556.08	3537.42	3532.30	
3541.70	3538.72	3540.38	3521.34	3537.10	3555.40	3557.78	3557.16	3539.46	3558.62	3628.40	3687.16	3706.86	3737.52	3745.62	3766.84	
3784.66	3793.36	3796.72	3801.40	3801.30	3793.98	3784.00	3772.72	3777.06	3779.92	3788.20	3780.66	3768.40	3716.98	3694.18	3697.00	
3732.02	3729.86	3693.56	3616.36	3566.82	3554.42	3639.32	3712.86	3700.06	3663.62	3622.48	3662.58	3625.34	3614.46	3492.26	3567.26	
3578.66	3710.52	3726.42	3731.74	3739.88	3739.00	3754.68	3771.50	3793.00	3797.22	3776.02	3752.02	3727.52	3749.04	3779.04	3750.36	

*******************************************2024/08/21;01:11:17
Probe number 82
Concentration entered by User 2.55% at Temperature 30.00
1253.52	1270.58	1285.20	1304.08	1320.14	1337.60	1356.22	1375.60	1394.14	1415.02	1444.74	1463.56	1488.82	1506.08	1541.70	1577.72	
1616.50	1657.20	1686.82	1723.28	1763.52	1804.62	1861.28	1913.36	1964.30	2023.60	2102.50	2180.32	2299.32	2461.12	2635.46	2882.84	
3144.44	3380.12	3494.98	3572.40	3637.56	3653.86	3730.26	3745.42	3759.36	3763.80	3748.46	3716.86	3690.30	3677.74	3712.54	3734.54	
3751.92	3746.88	3740.74	3746.62	3732.76	3709.88	3669.80	3664.20	3643.18	3639.32	3658.38	3637.14	3614.52	3589.98	3571.14	3565.82	
3575.62	3571.60	3573.72	3556.06	3570.28	3587.32	3588.82	3588.28	3571.18	3590.08	3656.18	3711.44	3729.28	3756.88	3763.80	3782.28	
3797.08	3804.50	3807.38	3811.28	3811.30	3805.16	3796.86	3787.50	3790.66	3793.02	3800.20	3794.22	3784.24	3738.66	3717.42	3720.10	
3751.62	3749.94	3718.04	3646.08	3599.12	3587.50	3668.38	3735.28	3723.72	3690.98	3652.26	3689.18	3655.48	3645.06	3527.10	3599.88	
3610.84	3733.54	3747.38	3752.50	3759.60	3758.46	3772.00	3786.50	3804.08	3808.08	3790.54	3770.12	3748.38	3767.34	3792.68	3768.58	

*******************************************2024/08/21;01:16:18
Probe number 83
Concentration entered by User 2.56% at Temperature 30.00
1253.82	1272.12	1287.44	1306.30	1321.46	1339.44	1358.16	1376.94	1395.98	1417.26	1444.54	1464.08	1490.08	1507.90	1544.34	1577.96	
1618.36	1659.94	1690.42	1726.66	1765.78	1811.08	1860.70	1911.92	1965.52	2026.08	2100.88	2173.44	2300.94	2464.86	2649.16	2891.50	
3124.26	3367.04	3493.88	3575.50	3641.28	3659.42	3734.56	3749.88	3762.66	3767.08	3752.22	3721.68	3695.72	3683.04	3717.24	3738.40	
3756.00	3750.92	3745.02	3750.54	3737.22	3714.12	3675.32	3670.20	3648.44	3644.78	3664.58	3643.74	3620.94	3596.56	3577.72	3573.12	
3583.32	3578.48	3580.86	3562.84	3576.88	3594.74	3595.64	3595.02	3577.66	3596.70	3662.14	3716.72	3733.44	3761.28	3767.62	3785.32	
3799.66	3806.56	3809.50	3813.18	3813.32	3807.14	3798.90	3790.36	3793.66	3795.48	3802.34	3796.60	3786.96	3743.18	3722.28	3724.86	
3755.76	3753.90	3722.68	3652.64	3606.28	3594.28	3673.64	3739.64	3728.34	3696.40	3658.62	3695.10	3662.12	3651.34	3534.12	3607.16	
3617.48	3737.92	3751.56	3756.54	3763.32	3762.14	3775.74	3789.34	3806.48	3810.32	3793.40	3773.30	3752.40	3770.90	3795.22	3772.24	

*******************************************2024/08/21;01:21:17
Probe number 84
Concentration entered by User 2.64% at Temperature 29.98
1250.74	1268.16	1282.88	1301.02	1317.54	1335.62	1354.38	1373.10	1391.38	1411.50	1437.60	1457.82	1485.08	1502.44	1537.18	1568.04	
1606.96	1650.66	1681.24	1717.44	1759.28	1803.70	1853.08	1898.60	1956.66	2012.04	2085.22	2162.50	2295.12	2454.72	2625.22	2860.50	
3123.42	3356.60	3464.32	3554.66	3621.98	3639.70	3718.96	3735.44	3750.14	3754.96	3738.64	3704.98	3677.50	3664.50	3700.86	3724.12	
3743.00	3737.24	3730.64	3736.70	3722.10	3697.32	3656.08	3650.68	3627.96	3624.02	3643.98	3622.36	3598.70	3573.66	3554.74	3548.98	
3558.52	3554.94	3556.72	3538.54	3553.64	3571.84	3573.26	3572.28	3554.74	3574.46	3642.64	3699.52	3718.38	3747.48	3754.90	3774.68	
3791.00	3799.00	3802.30	3806.44	3806.30	3799.62	3790.72	3780.44	3784.10	3786.78	3794.30	3787.66	3776.66	3728.04	3706.12	3708.38	
3742.18	3739.62	3705.44	3631.40	3583.54	3571.28	3653.92	3723.90	3712.20	3677.42	3637.52	3676.14	3640.92	3629.94	3510.04	3583.56	
3595.06	3722.36	3737.24	3742.28	3750.00	3748.98	3763.72	3779.06	3798.72	3802.78	3783.80	3761.40	3738.16	3758.42	3786.12	3759.62	

*******************************************2024/08/21;01:26:17
Probe number 85
Concentration entered by User 2.60% at Temperature 29.98
1251.02	1268.34	1283.28	1302.52	1318.58	1336.60	1355.90	1374.38	1392.76	1413.60	1441.24	1460.34	1485.76	1504.98	1540.76	1574.60	
1613.84	1652.84	1682.42	1719.24	1760.28	1801.58	1852.58	1901.18	1946.92	2006.90	2092.64	2181.80	2306.66	2466.56	2629.54	2876.02	
3123.20	3359.04	3476.06	3553.70	3622.42	3641.52	3721.08	3737.40	3752.08	3756.52	3740.60	3708.60	3680.68	3667.36	3703.66	3726.58	
3745.08	3739.42	3733.40	3739.30	3724.94	3700.48	3659.18	3654.48	3631.48	3627.84	3647.46	3626.00	3603.14	3577.44	3558.42	3553.94	
3563.26	3559.32	3561.34	3542.98	3557.84	3575.54	3577.08	3575.98	3558.94	3578.46	3645.96	3702.40	3721.16	3749.82	3757.08	3776.74	
3792.44	3800.52	3803.72	3807.84	3807.56	3801.04	3792.46	3782.30	3785.86	3788.46	3795.88	3789.04	3778.12	3730.56	3708.82	3711.32	
3744.64	3742.56	3708.60	3635.28	3587.30	3575.24	3657.66	3727.14	3714.76	3680.74	3641.52	3680.04	3644.84	3633.74	3514.40	3587.86	
3599.30	3725.26	3739.82	3745.00	3752.44	3751.50	3765.68	3781.18	3800.16	3804.36	3785.50	3763.36	3740.64	3760.68	3788.00	3761.98	

*******************************************2024/08/21;01:31:17
Probe number 86
Concentration entered by User 2.59% at Temperature 29.98
1252.06	1269.06	1284.54	1303.42	1318.26	1336.30	1354.42	1373.70	1392.54	1413.54	1441.56	1460.54	1487.68	1506.00	1543.34	1572.88	
1614.82	1654.68	1684.56	1717.90	1760.22	1805.50	1853.12	1903.80	1954.24	2019.58	2093.92	2172.74	2307.32	2464.86	2652.52	2870.84	
3116.32	3354.88	3479.50	3564.74	3631.38	3647.24	3725.76	3741.52	3755.34	3759.68	3744.00	3712.44	3685.16	3672.46	3707.98	3730.36	
3748.48	3743.12	3736.84	3743.00	3728.82	3704.76	3664.12	3659.28	3637.28	3632.80	3652.84	3630.86	3608.00	3583.30	3564.82	3559.80	
3569.14	3565.54	3567.28	3548.66	3563.18	3581.00	3583.44	3582.28	3564.36	3583.70	3651.06	3706.96	3725.26	3753.38	3760.36	3779.36	
3794.88	3802.42	3805.64	3809.58	3809.50	3802.96	3794.40	3784.92	3788.32	3790.80	3798.02	3791.78	3781.20	3734.60	3713.12	3715.84	
3747.74	3745.94	3713.18	3640.40	3593.36	3581.18	3662.36	3730.86	3718.92	3685.70	3646.40	3684.58	3649.84	3638.78	3520.02	3593.58	
3604.82	3729.08	3743.36	3748.08	3755.72	3754.84	3769.14	3783.68	3802.02	3806.12	3788.04	3766.60	3744.44	3763.90	3790.38	3765.32	

*******************************************2024/08/21;01:36:17
Probe number 87
Concentration entered by User 2.56% at Temperature 29.98
1252.82	1270.44	1285.22	1303.74	1319.64	1337.96	1356.74	1376.24	1395.54	1414.34	1441.78	1461.64	1488.06	1506.26	1543.18	1573.10	
1615.92	1657.98	1685.38	1720.32	1764.86	1808.52	1857.82	1905.44	1965.88	2023.42	2097.18	2173.00	2303.48	2472.46	2646.74	2879.12	
3134.72	3363.02	3480.26	3570.98	3636.28	3652.80	3729.38	3745.26	3758.76	3763.12	3748.20	3716.66	3690.34	3677.50	3712.64	3734.24	
3752.24	3746.76	3740.86	3746.36	3733.02	3708.92	3668.88	3664.76	3643.02	3639.28	3658.68	3637.14	3615.08	3590.62	3570.94	3565.80	
3575.66	3571.58	3573.70	3555.56	3570.08	3586.82	3589.48	3588.10	3570.84	3589.78	3656.44	3711.56	3729.20	3757.30	3764.00	3782.38	
3797.16	3804.52	3807.70	3811.46	3811.38	3805.18	3796.80	3787.74	3790.88	3793.22	3800.30	3794.02	3784.02	3738.54	3717.30	3720.10	
3751.72	3749.42	3717.78	3646.82	3599.84	3587.88	3667.84	3735.26	3723.74	3690.78	3652.68	3689.56	3655.66	3645.38	3527.00	3599.98	
3611.10	3733.32	3747.08	3752.24	3759.72	3758.38	3772.30	3786.66	3804.28	3808.20	3790.64	3769.90	3748.38	3767.26	3792.84	3768.44	

*******************************************2024/08/21;01:41:18
Probe number 88
Concentration entered by User 2.56% at Temperature 29.98
1253.24	1271.14	1286.34	1304.76	1320.26	1339.32	1357.60	1375.88	1395.52	1415.32	1442.40	1462.74	1489.90	1507.48	1544.08	1575.72	
1616.08	1655.74	1686.78	1726.38	1763.78	1809.14	1859.10	1910.80	1959.82	2015.36	2092.82	2180.26	2299.52	2461.68	2636.86	2891.10	
3138.52	3380.86	3494.76	3567.28	3634.78	3653.50	3729.78	3745.26	3759.12	3763.42	3748.62	3717.42	3691.22	3678.72	3713.20	3735.08	
3752.34	3747.34	3741.52	3746.92	3733.10	3709.34	3669.76	3665.24	3643.18	3639.56	3659.02	3637.36	3614.38	3590.70	3572.26	3566.74	
3576.36	3571.84	3574.06	3556.14	3570.76	3587.88	3589.52	3588.56	3571.04	3590.66	3657.00	3711.80	3729.70	3757.44	3764.22	3782.26	
3797.26	3804.82	3807.68	3811.44	3811.36	3805.16	3796.96	3787.84	3791.02	3793.32	3800.38	3794.16	3784.32	3738.90	3718.06	3720.52	
3752.16	3749.98	3718.12	3647.04	3600.40	3588.20	3668.72	3735.72	3723.88	3691.04	3652.56	3690.24	3656.50	3645.44	3527.60	3600.96	
3611.70	3733.50	3747.58	3752.44	3759.62	3758.82	3772.76	3786.86	3804.40	3808.28	3790.82	3770.06	3748.80	3767.74	3793.02	3768.68	

*******************************************2024/08/21;01:46:17
Probe number 89
Concentration entered by User 2.57% at Temperature 29.96
1251.90	1269.38	1284.00	1302.42	1317.64	1336.28	1354.62	1373.46	1392.94	1413.22	1441.50	1460.12	1488.96	1505.76	1540.94	1573.58	
1613.58	1651.72	1681.04	1719.16	1762.84	1804.04	1856.00	1905.90	1958.16	2016.16	2091.14	2174.32	2304.36	2456.70	2635.32	2887.68	
3147.94	3365.96	3476.94	3560.24	3629.88	3646.56	3724.80	3741.16	3754.94	3759.78	3744.08	3712.68	3685.94	3673.20	3708.04	3730.62	
3748.58	3743.04	3737.44	3742.86	3728.90	3704.74	3664.18	3659.06	3636.72	3632.90	3652.62	3631.04	3608.46	3583.42	3564.86	3559.54	
3569.04	3565.48	3567.02	3548.60	3563.38	3580.82	3582.44	3581.46	3564.48	3583.90	3650.90	3706.88	3725.16	3753.60	3760.46	3779.46	
3794.86	3802.64	3805.58	3809.42	3809.30	3803.06	3794.58	3784.78	3788.32	3790.74	3798.00	3791.72	3781.26	3734.50	3713.04	3715.74	
3748.02	3745.98	3713.28	3641.02	3593.14	3581.02	3662.74	3730.90	3719.00	3685.50	3646.66	3684.76	3650.00	3639.66	3519.98	3593.86	
3605.38	3729.16	3743.30	3748.50	3756.02	3754.72	3768.96	3783.80	3802.08	3806.00	3787.98	3766.88	3744.68	3764.16	3790.16	3765.16	

*******************************************2024/08/21;01:51:18
Probe number 90
Concentration entered by User 2.56% at Temperature 29.96
1253.14	1270.12	1285.56	1304.34	1320.18	1338.22	1356.72	1375.88	1395.40	1414.64	1442.84	1462.60	1489.44	1506.82	1542.40	1575.18	
1616.24	1655.52	1685.64	1721.14	1761.72	1805.66	1864.28	1909.76	1958.26	2022.04	2100.44	2185.30	2299.46	2464.26	2633.02	2883.92	
3143.80	3371.14	3486.40	3569.42	3636.38	3654.54	3731.44	3747.16	3760.36	3764.96	3749.90	3719.32	3693.00	3680.26	3714.76	3736.22	
3754.18	3748.54	3743.10	3748.66	3735.04	3712.04	3672.34	3667.64	3645.88	3642.28	3661.60	3639.90	3617.60	3593.68	3573.92	3569.18	
3579.10	3574.80	3577.14	3559.54	3573.36	3590.24	3591.68	3591.36	3573.74	3593.30	3658.88	3713.70	3731.66	3759.16	3765.56	3783.72	
3798.38	3805.64	3808.52	3812.48	3812.24	3806.18	3798.14	3789.16	3792.38	3794.44	3801.32	3795.60	3785.62	3740.72	3720.34	3722.88	
3753.88	3751.62	3720.22	3649.86	3603.36	3590.66	3671.00	3737.46	3726.36	3693.72	3655.82	3692.62	3659.14	3648.86	3530.18	3603.58	
3614.86	3735.60	3749.42	3754.24	3761.64	3760.42	3774.12	3787.84	3805.30	3809.06	3792.02	3771.78	3750.26	3769.24	3794.10	3770.20	

*******************************************2024/08/21;01:56:17
Probe number 91
Concentration entered by User 2.57% at Temperature 29.97
1253.28	1270.16	1285.64	1304.50	1320.10	1338.18	1357.16	1375.24	1395.68	1415.30	1442.18	1461.40	1487.36	1505.80	1544.94	1574.40	
1612.28	1653.20	1684.14	1722.26	1767.78	1810.82	1860.62	1907.32	1961.42	2024.18	2090.90	2175.00	2306.18	2463.40	2633.42	2875.74	
3144.12	3365.14	3486.26	3568.28	3635.74	3652.52	3729.38	3745.36	3758.68	3763.52	3748.14	3717.02	3690.58	3677.52	3712.58	3734.44	
3751.88	3746.60	3741.02	3746.80	3732.98	3709.60	3669.32	3664.48	3642.86	3639.34	3658.28	3637.22	3614.58	3590.08	3570.68	3565.48	
3575.96	3571.82	3573.76	3555.36	3569.68	3587.04	3588.62	3587.62	3571.02	3590.18	3656.28	3711.54	3729.32	3756.86	3764.04	3782.14	
3797.06	3804.40	3807.38	3811.16	3811.16	3804.86	3796.58	3787.58	3790.74	3793.06	3799.98	3794.10	3784.04	3738.44	3717.62	3719.82	
3751.44	3749.72	3717.60	3646.80	3599.52	3587.74	3668.20	3735.44	3723.90	3690.58	3652.66	3690.26	3656.02	3645.14	3527.48	3600.02	
3611.04	3733.52	3747.24	3751.98	3759.42	3758.26	3772.08	3786.28	3804.02	3807.98	3790.80	3769.72	3748.40	3767.26	3792.86	3768.40	

*******************************************2024/08/21;02:01:17
Probe number 92
Concentration entered by User 2.60% at Temperature 29.96
1251.42	1268.30	1284.02	1303.46	1319.24	1335.96	1354.78	1374.82	1392.72	1412.50	1439.08	1460.84	1487.72	1505.14	1542.56	1571.84	
1609.16	1650.74	1681.16	1718.92	1759.08	1808.56	1859.26	1909.74	1957.96	2009.64	2085.10	2167.64	2287.68	2452.88	2640.82	2889.92	
3138.00	3367.78	3485.36	3564.52	3629.80	3647.00	3725.64	3741.74	3755.34	3759.96	3744.04	3712.56	3685.98	3672.82	3707.74	3730.28	
3748.28	3742.82	3736.90	3742.90	3728.78	3704.90	3664.24	3658.66	3636.70	3632.88	3652.80	3631.34	3608.40	3582.98	3564.28	3559.28	
3569.06	3564.86	3566.98	3548.12	3563.28	3580.56	3582.42	3581.30	3564.42	3583.92	3651.26	3706.44	3725.36	3753.48	3760.54	3779.14	
3794.94	3802.56	3805.62	3809.50	3809.54	3802.96	3794.46	3785.08	3788.44	3790.82	3797.86	3791.58	3781.20	3734.46	3713.32	3715.48	
3748.18	3745.86	3713.30	3641.14	3593.50	3580.82	3662.94	3730.80	3719.20	3686.02	3646.88	3684.88	3650.16	3639.84	3520.72	3593.58	
3605.28	3729.50	3743.28	3748.64	3755.80	3755.00	3769.12	3783.70	3801.92	3806.16	3788.12	3766.52	3744.46	3764.08	3790.38	3765.12	

*******************************************2024/08/21;02:06:18
Probe number 93
Concentration entered by User 2.53% at Temperature 29.95
1254.90	1272.74	1288.16	1305.76	1321.44	1339.58	1358.98	1377.56	1396.82	1417.24	1444.94	1464.00	1490.82	1507.92	1545.64	1578.70	
1619.14	1658.00	1686.10	1721.16	1761.70	1811.64	1864.30	1912.08	1963.14	2023.44	2099.74	2184.92	2314.04	2466.06	2633.48	2890.76	
3160.92	3383.08	3492.30	3574.70	3642.34	3660.72	3735.98	3750.82	3764.04	3768.20	3753.70	3723.98	3698.30	3685.86	3719.34	3740.50	
3758.16	3752.74	3747.28	3752.58	3739.40	3716.94	3678.28	3673.64	3652.18	3648.08	3667.26	3646.12	3623.84	3600.22	3581.58	3576.30	
3586.32	3581.82	3583.66	3565.66	3579.68	3596.58	3598.16	3597.02	3580.44	3599.06	3664.80	3718.38	3735.82	3762.28	3769.00	3786.44	
3800.78	3807.76	3810.66	3814.22	3814.28	3808.34	3800.40	3791.96	3794.78	3796.80	3803.54	3797.80	3788.38	3745.16	3724.96	3727.20	
3757.36	3755.82	3724.84	3656.46	3610.16	3598.36	3677.12	3742.16	3731.02	3699.52	3661.68	3698.24	3665.56	3654.92	3538.22	3610.94	
3621.22	3740.44	3753.70	3758.26	3765.22	3764.12	3777.30	3790.74	3807.42	3811.34	3794.86	3775.32	3754.70	3772.72	3796.50	3773.72	

*******************************************2024/08/21;02:11:17
Probe number 94
Concentration entered by User 2.72% at Temperature 29.96
1246.84	1264.00	1279.02	1297.68	1313.10	1331.34	1348.84	1366.38	1385.82	1406.20	1433.86	1454.02	1477.52	1495.00	1533.84	1564.58	
1605.70	1640.92	1673.64	1710.36	1751.44	1789.50	1842.06	1896.22	1948.18	1996.32	2071.98	2154.30	2278.76	2426.92	2606.42	2861.88	
3112.80	3332.36	3443.86	3529.44	3603.22	3621.02	3705.04	3722.86	3738.48	3743.40	3725.76	3690.74	3661.30	3648.26	3686.36	3710.68	
3731.24	3724.94	3718.24	3724.46	3709.24	3683.06	3639.00	3633.18	3610.34	3606.86	3626.28	3604.00	3579.72	3553.20	3534.62	3529.64	
3539.24	3536.30	3537.56	3518.30	3533.86	3552.86	3554.36	3553.40	3535.46	3555.70	3625.04	3684.48	3704.28	3735.52	3743.24	3765.38	
3783.72	3792.56	3796.14	3800.60	3800.50	3793.02	3782.84	3771.52	3775.82	3778.58	3786.94	3779.28	3766.82	3715.00	3691.84	3694.86	
3730.20	3727.62	3691.38	3614.12	3563.90	3552.00	3637.34	3711.16	3697.88	3661.24	3620.00	3660.52	3624.04	3612.96	3489.96	3564.28	
3576.00	3708.88	3724.58	3729.58	3738.02	3736.86	3753.00	3769.94	3791.44	3796.38	3774.84	3750.76	3725.66	3747.66	3777.94	3748.94	

*******************************************2024/08/21;02:16:18
Probe number 95
Concentration entered by User 2.52% at Temperature 29.95
1255.64	1272.90	1288.48	1307.00	1322.34	1340.24	1359.24	1377.86	1396.70	1417.52	1444.12	1463.46	1490.36	1509.08	1547.20	1579.22	
1616.00	1657.20	1688.16	1726.08	1767.76	1808.50	1863.36	1909.42	1967.30	2028.02	2103.48	2188.88	2300.52	2475.16	2645.02	2890.20	
3154.04	3378.16	3491.28	3577.28	3641.94	3660.58	3735.52	3750.78	3763.88	3768.84	3754.30	3724.44	3698.74	3686.30	3719.82	3741.02	
3757.94	3752.90	3747.32	3753.00	3739.52	3716.74	3678.16	3673.56	3652.22	3647.82	3667.02	3646.36	3624.82	3600.50	3581.52	3577.02	
3586.78	3581.92	3584.36	3566.28	3580.74	3597.58	3598.20	3597.68	3580.60	3600.20	3665.20	3718.18	3735.86	3762.64	3769.40	3786.74	
3800.96	3807.94	3810.62	3814.26	3814.16	3808.28	3800.72	3792.06	3794.96	3797.04	3803.50	3798.00	3788.92	3745.16	3725.12	3727.40	
3757.62	3755.60	3725.06	3656.50	3610.86	3598.76	3677.22	3742.30	3731.08	3699.64	3662.02	3698.66	3666.34	3655.42	3539.52	3611.06	
3621.48	3740.24	3753.66	3758.76	3765.22	3764.36	3777.58	3790.84	3807.56	3811.28	3795.06	3775.34	3754.86	3773.12	3796.96	3773.72	

*******************************************2024/08/21;02:21:18
Probe number 96
Concentration entered by User 2.57% at Temperature 29.95
1252.80	1269.62	1285.18	1303.30	1318.96	1337.68	1357.06	1374.82	1393.68	1413.90	1441.10	1460.58	1486.02	1505.44	1543.18	1576.98	
1613.88	1651.22	1683.68	1718.86	1760.48	1809.42	1859.12	1910.04	1961.74	2018.80	2095.16	2168.02	2301.36	2457.52	2643.12	2898.88	
3141.48	3366.70	3478.82	3561.90	3632.32	3650.38	3728.40	3744.20	3757.98	3762.86	3747.32	3716.86	3689.70	3677.18	3712.20	3734.16	
3751.66	3746.14	3740.70	3746.12	3732.84	3709.10	3669.04	3664.56	3642.62	3638.88	3657.82	3636.60	3613.32	3589.28	3570.68	3565.18	
3575.18	3571.26	3573.58	3555.48	3568.90	3585.92	3587.18	3586.04	3569.82	3589.26	3655.58	3710.78	3728.86	3756.46	3763.30	3782.06	
3797.00	3804.48	3807.36	3811.44	3810.98	3804.88	3796.92	3787.68	3790.88	3793.06	3800.10	3793.94	3783.84	3738.50	3717.18	3719.50	
3751.28	3749.56	3717.32	3646.42	3599.42	3587.18	3668.14	3735.16	3723.66	3690.66	3652.28	3689.84	3656.18	3645.58	3527.42	3599.78	
3611.06	3733.12	3747.14	3752.12	3759.22	3758.30	3771.96	3786.22	3804.14	3808.12	3790.64	3769.84	3748.10	3767.06	3792.68	3768.32	

*******************************************2024/08/21;02:26:17
Probe number 97
Concentration entered by User 2.62% at Temperature 29.94
1250.60	1267.32	1281.94	1301.16	1316.72	1334.26	1352.60	1371.94	1390.86	1412.54	1439.86	1457.94	1483.28	1500.76	1538.46	1570.04	
1609.76	1648.14	1677.68	1713.54	1755.48	1800.66	1851.90	1898.98	1955.22	2013.72	2087.10	2172.38	2283.76	2455.08	2637.70	2880.26	
3118.48	3349.16	3468.82	3549.66	3618.88	3638.20	3718.62	3735.58	3750.12	3754.80	3738.34	3706.00	3677.94	3665.08	3700.92	3724.00	
3742.76	3737.20	3731.14	3736.64	3722.38	3697.72	3655.66	3650.58	3628.18	3624.62	3643.98	3621.92	3598.72	3573.74	3554.58	3549.24	
3559.12	3555.92	3557.40	3538.96	3553.48	3570.70	3572.68	3572.00	3554.60	3574.80	3642.44	3699.40	3718.78	3747.54	3754.68	3774.94	
3791.60	3799.50	3802.66	3806.82	3806.34	3800.02	3790.86	3780.82	3784.64	3787.00	3794.72	3787.96	3776.84	3728.06	3706.34	3709.08	
3742.36	3740.16	3705.92	3632.02	3583.72	3571.16	3654.18	3724.50	3712.58	3678.14	3637.92	3677.28	3642.38	3631.18	3510.48	3584.60	
3595.42	3722.56	3737.34	3742.32	3750.12	3749.20	3763.80	3779.42	3798.84	3803.12	3784.00	3761.56	3738.78	3758.80	3786.36	3760.10	

*******************************************2024/08/21;02:31:18
Probe number 98
Concentration entered by User 2.56% at Temperature 29.94
1254.82	1271.76	1286.62	1305.54	1320.86	1339.04	1357.10	1376.12	1396.74	1415.02	1442.92	1462.72	1489.66	1509.04	1545.26	1576.28	
1615.72	1655.00	1684.52	1721.58	1761.26	1811.96	1862.42	1909.30	1958.44	2019.28	2096.98	2184.64	2298.12	2452.32	2637.08	2901.60	
3140.92	3369.88	3479.16	3563.76	3634.86	3653.78	3731.12	3746.82	3760.12	3764.94	3749.90	3719.90	3693.56	3681.14	3715.30	3736.94	
3753.96	3749.22	3743.52	3748.94	3735.72	3712.34	3672.66	3668.22	3646.42	3642.72	3661.68	3641.24	3618.40	3594.84	3575.32	3569.74	
3580.32	3576.02	3578.04	3560.10	3573.86	3590.58	3591.88	3591.48	3574.18	3594.08	3659.50	3714.26	3731.82	3759.04	3765.74	3783.86	
3798.70	3805.98	3808.86	3812.62	3812.54	3806.56	3798.34	3789.42	3792.58	3794.72	3801.70	3795.58	3785.86	3741.14	3720.70	3722.84	
3754.00	3752.36	3721.06	3650.66	3604.34	3592.16	3672.28	3738.24	3726.96	3694.70	3656.58	3693.04	3660.50	3649.88	3532.66	3605.18	
3615.84	3736.26	3749.78	3754.86	3761.84	3761.06	3774.28	3788.08	3805.50	3809.44	3792.56	3772.18	3751.42	3769.74	3794.34	3770.62	

*******************************************2024/08/21;02:36:17
Probe number 99
Concentration entered by User 2.59% at Temperature 29.95
1251.98	1269.78	1285.34	1303.74	1319.16	1337.12	1356.34	1375.56	1394.94	1413.44	1440.56	1459.88	1486.62	1504.50	1541.78	1574.44	
1615.40	1653.62	1682.32	1719.30	1759.96	1807.20	1859.72	1898.64	1959.30	2018.66	2086.18	2174.90	2302.82	2468.82	2639.62	2879.08	
3126.62	3363.98	3481.92	3566.98	3631.58	3650.90	3728.84	3744.26	3758.00	3762.48	3747.18	3716.54	3690.10	3677.80	3712.26	3734.12	
3751.66	3746.28	3740.70	3746.26	3732.42	3709.30	3669.42	3664.66	3641.84	3638.34	3657.72	3636.64	3614.30	3589.64	3570.46	3565.66	
3575.68	3571.16	3573.46	3554.82	3569.16	3586.06	3586.92	3586.40	3569.84	3589.74	3656.18	3710.90	3728.72	3756.68	3763.60	3782.14	
3797.18	3804.66	3807.62	3811.42	3811.26	3805.12	3797.04	3787.52	3790.92	3793.00	3799.94	3794.04	3784.00	3738.34	3717.34	3719.66	
3751.34	3749.48	3717.50	3646.16	3599.36	3587.50	3667.86	3735.28	3723.72	3691.24	3652.70	3689.66	3656.08	3645.82	3527.90	3599.84	
3610.08	3732.80	3746.26	3751.44	3758.72	3757.84	3771.60	3785.90	3804.02	3807.98	3790.44	3769.78	3748.54	3767.36	3792.70	3768.30	

*******************************************2024/08/21;02:41:17
Probe number 100
Concentration entered by User 2.61% at Temperature 29.93
1250.18	1268.00	1282.88	1301.62	1317.54	1335.10	1353.60	1372.20	1391.00	1410.24	1438.18	1458.06	1485.42	1504.86	1539.30	1572.22	
1610.26	1648.80	1678.26	1714.16	1756.80	1801.66	1853.12	1904.30	1953.62	2016.70	2089.32	2170.06	2290.48	2468.46	2632.06	2870.40	
3135.32	3347.74	3464.88	3550.12	3620.62	3639.34	3720.30	3737.20	3751.16	3756.18	3740.36	3707.98	3680.64	3667.60	3703.32	3726.04	
3744.76	3739.20	3733.44	3739.10	3724.90	3700.26	3658.86	3653.30	3631.26	3627.62	3647.36	3625.20	3602.20	3577.58	3558.18	3553.16	
3563.24	3559.34	3561.30	3542.40	3557.00	3573.68	3575.68	3574.84	3557.60	3577.36	3644.88	3701.90	3720.18	3749.64	3756.72	3776.42	
3792.64	3800.58	3803.76	3807.72	3807.68	3801.10	3792.36	3782.46	3786.08	3788.42	3795.88	3789.18	3778.34	3730.78	3708.64	3711.42	
3744.38	3742.20	3708.56	3635.52	3587.14	3574.86	3657.40	3727.06	3715.20	3680.66	3641.14	3679.98	3645.08	3634.48	3514.70	3587.36	
3598.12	3724.58	3738.96	3744.18	3751.68	3750.76	3765.34	3780.54	3799.82	3804.12	3785.34	3763.54	3741.00	3760.72	3787.90	3761.80	

*******************************************2024/08/21;02:46:18
Probe number 101
Concentration entered by User 2.57% at Temperature 29.92
1253.38	1270.94	1285.66	1304.30	1320.08	1337.94	1356.56	1375.50	1394.40	1414.26	1441.72	1461.04	1488.44	1507.16	1544.76	1576.22	
1616.28	1653.40	1685.86	1719.18	1761.94	1804.88	1847.64	1901.10	1954.40	2012.84	2094.36	2178.76	2298.56	2460.50	2649.28	2880.90	
3135.82	3367.78	3483.86	3565.40	3632.84	3651.70	3728.92	3744.50	3757.52	3762.76	3747.68	3716.96	3690.80	3677.36	3712.18	3733.96	
3751.68	3746.06	3740.80	3746.64	3732.88	3709.28	3669.66	3664.70	3642.40	3638.38	3657.92	3637.24	3614.86	3591.06	3570.50	3566.52	
3577.08	3571.92	3574.08	3556.24	3570.06	3586.46	3587.06	3586.02	3569.14	3588.38	3655.42	3710.50	3728.90	3756.72	3763.68	3782.14	
3797.36	3804.78	3807.64	3811.46	3811.40	3805.26	3797.22	3788.10	3791.22	3793.38	3800.44	3794.36	3784.28	3738.80	3717.28	3720.02	
3751.96	3749.98	3718.36	3647.80	3600.78	3588.32	3668.96	3735.76	3724.58	3691.90	3653.48	3691.08	3657.50	3646.80	3528.54	3600.60	
3611.52	3733.86	3747.12	3752.46	3759.32	3758.70	3772.48	3786.54	3804.36	3808.10	3791.30	3770.38	3749.48	3767.90	3793.12	3768.92	

*******************************************2024/08/21;02:51:18
Probe number 102
Concentration entered by User 2.53% at Temperature 29.94
1254.90	1272.26	1287.62	1306.98	1322.64	1339.58	1357.94	1376.88	1396.96	1417.34	1443.74	1463.48	1491.36	1510.42	1543.64	1576.54	
1618.72	1656.16	1689.62	1726.90	1766.30	1812.68	1859.74	1905.98	1963.36	2023.28	2100.16	2190.72	2321.36	2470.44	2632.46	2884.28	
3149.74	3377.94	3496.76	3577.54	3643.34	3661.82	3736.08	3751.08	3763.62	3768.20	3753.70	3723.98	3698.10	3685.86	3719.58	3740.52	
3757.38	3752.10	3747.12	3752.50	3739.04	3716.44	3677.94	3673.02	3651.68	3647.78	3667.26	3646.46	3624.20	3600.22	3581.28	3576.08	
3585.78	3581.72	3583.66	3565.78	3579.50	3595.60	3596.64	3596.24	3579.18	3598.34	3664.08	3717.76	3735.18	3762.22	3768.80	3786.32	
3800.60	3807.78	3810.72	3814.36	3814.08	3808.46	3800.48	3791.94	3795.06	3796.96	3803.34	3797.80	3788.34	3744.96	3724.44	3727.00	
3757.16	3755.38	3724.62	3656.04	3610.02	3597.88	3677.06	3741.76	3731.32	3699.26	3662.42	3698.24	3665.78	3655.40	3538.62	3610.32	
3620.64	3740.00	3752.78	3757.58	3764.26	3763.66	3776.78	3790.26	3807.30	3810.98	3794.74	3775.40	3754.82	3772.66	3796.58	3773.52	

*******************************************2024/08/21;02:56:18
Probe number 103
Concentration entered by User 2.57% at Temperature 29.93
1253.78	1271.68	1286.84	1304.94	1320.06	1338.34	1356.90	1375.60	1394.92	1415.52	1441.58	1459.90	1487.16	1506.42	1544.62	1574.82	
1613.98	1654.10	1686.36	1725.12	1762.04	1799.06	1855.64	1906.74	1964.20	2017.30	2097.06	2177.72	2294.52	2461.36	2641.40	2873.50	
3153.68	3377.10	3490.04	3570.72	3636.72	3653.40	3729.78	3744.92	3758.48	3763.30	3748.28	3717.68	3691.04	3678.26	3713.04	3734.56	
3751.96	3746.78	3741.16	3747.24	3733.44	3709.90	3669.98	3665.12	3642.98	3639.28	3658.58	3637.80	3615.20	3590.54	3571.34	3566.94	
3576.40	3572.32	3574.46	3555.82	3570.00	3586.76	3587.74	3587.20	3570.28	3589.50	3656.28	3711.22	3729.34	3756.80	3764.20	3782.18	
3797.32	3804.88	3807.92	3811.52	3811.58	3805.38	3797.16	3788.02	3791.42	3793.66	3800.42	3794.28	3784.58	3738.96	3717.92	3720.34	
3751.98	3749.80	3717.76	3647.60	3600.50	3588.34	3669.18	3735.74	3724.56	3691.86	3653.54	3691.22	3657.86	3646.98	3529.06	3600.98	
3611.52	3733.82	3747.04	3751.92	3759.38	3758.42	3772.16	3786.28	3804.32	3808.30	3790.94	3770.26	3749.32	3767.96	3793.20	3769.10	

*******************************************2024/08/21;03:01:18
Probe number 104
Concentration entered by User 2.50% at Temperature 29.93
1256.34	1274.64	1289.62	1307.94	1324.20	1343.44	1361.00	1379.70	1398.98	1418.20	1447.82	1466.22	1492.60	1511.58	1547.64	1579.16	
1620.74	1661.06	1690.34	1724.82	1769.90	1812.58	1864.86	1914.32	1962.46	2026.52	2107.56	2186.90	2316.16	2470.16	2658.10	2899.18	
3143.94	3387.94	3513.48	3589.78	3651.80	3668.84	3741.40	3755.96	3768.16	3772.82	3758.52	3730.88	3706.00	3692.94	3725.90	3746.08	
3762.42	3757.56	3752.66	3757.96	3745.22	3723.46	3685.82	3681.74	3660.94	3656.22	3675.22	3655.06	3632.94	3610.84	3591.48	3586.68	
3596.98	3592.26	3594.16	3577.70	3590.06	3605.26	3605.96	3605.32	3589.14	3607.26	3671.92	3724.76	3741.42	3767.40	3774.18	3790.46	
3804.06	3810.62	3813.38	3816.84	3816.86	3811.36	3804.12	3795.94	3798.38	3800.30	3806.88	3801.58	3792.86	3750.62	3731.10	3733.44	
3762.76	3761.30	3731.92	3665.32	3620.62	3608.88	3686.06	3748.52	3738.24	3707.88	3671.20	3706.66	3675.24	3665.06	3550.24	3621.48	
3631.54	3746.52	3759.16	3763.86	3770.46	3769.74	3782.24	3794.46	3810.48	3814.12	3798.82	3780.26	3760.84	3777.88	3800.54	3779.00	

*******************************************2024/08/21;03:06:17
Probe number 105
Concentration entered by User 2.65% at Temperature 29.93
1250.50	1268.02	1283.00	1301.06	1316.94	1334.46	1351.16	1370.54	1390.22	1410.78	1436.22	1455.02	1482.64	1501.74	1536.56	1571.06	
1609.90	1647.22	1678.36	1715.56	1755.56	1799.24	1843.68	1896.46	1948.16	2006.52	2090.76	2178.96	2284.50	2441.72	2606.54	2870.14	
3132.36	3351.34	3457.66	3547.60	3617.54	3634.68	3716.10	3732.76	3747.38	3752.58	3736.38	3702.94	3675.30	3661.54	3698.00	3721.30	
3740.62	3734.66	3728.50	3734.66	3720.48	3695.46	3653.46	3647.90	3625.34	3622.20	3641.26	3619.60	3595.76	3570.16	3551.36	3545.76	
3556.12	3552.42	3554.28	3535.16	3550.56	3567.60	3569.10	3568.40	3550.94	3570.62	3639.28	3696.54	3715.78	3745.56	3752.98	3773.14	
3790.24	3798.24	3801.64	3806.00	3805.72	3798.84	3789.78	3779.40	3783.28	3785.78	3793.46	3786.52	3774.76	3726.00	3704.00	3706.40	
3740.22	3738.06	3703.66	3629.36	3580.72	3568.24	3651.28	3722.46	3710.36	3675.46	3635.84	3675.38	3639.42	3628.88	3507.90	3581.32	
3591.42	3720.08	3734.56	3740.10	3747.50	3746.94	3761.74	3777.78	3797.62	3801.94	3782.38	3760.14	3736.84	3757.24	3785.04	3758.36	

*******************************************2024/08/21;03:11:18
Probe number 106
Concentration entered by User 2.55% at Temperature 29.92
1255.32	1272.62	1286.94	1305.20	1320.74	1339.34	1359.52	1377.98	1396.32	1416.36	1444.56	1462.92	1490.48	1509.54	1545.26	1577.12	
1615.56	1655.78	1685.50	1720.60	1763.70	1809.14	1856.92	1906.96	1967.06	2026.86	2096.04	2179.84	2304.68	2467.28	2625.10	2878.54	
3163.06	3382.80	3485.94	3571.96	3641.08	3658.32	3733.98	3748.96	3762.10	3766.82	3752.04	3722.54	3696.40	3683.38	3716.92	3738.68	
3755.60	3750.58	3745.22	3750.92	3737.68	3715.00	3676.06	3671.66	3649.54	3645.62	3664.68	3643.46	3621.98	3597.16	3577.94	3573.36	
3583.16	3578.98	3580.76	3563.04	3577.04	3593.50	3594.28	3593.78	3577.02	3595.98	3661.84	3715.94	3733.86	3760.62	3767.32	3785.16	
3799.82	3806.86	3809.78	3813.52	3813.26	3807.34	3799.40	3790.86	3794.06	3795.82	3802.78	3796.84	3787.42	3743.08	3722.78	3725.50	
3755.70	3754.06	3722.90	3653.66	3607.72	3595.40	3675.06	3740.24	3729.40	3697.38	3660.04	3696.16	3663.70	3653.70	3536.36	3607.76	
3618.62	3738.24	3751.12	3756.30	3763.18	3762.50	3775.72	3789.28	3806.40	3810.32	3793.60	3773.80	3753.30	3771.56	3795.76	3772.18	

*******************************************2024/08/21;03:16:18
Probe number 107
Concentration entered by User 2.57% at Temperature 29.91
1253.58	1270.40	1285.30	1304.36	1320.12	1338.36	1358.02	1377.20	1394.98	1414.46	1441.52	1461.20	1489.20	1508.14	1543.04	1577.80	
1616.38	1655.26	1683.88	1720.40	1762.10	1804.14	1861.14	1906.66	1966.14	2027.96	2093.86	2182.60	2291.04	2465.34	2650.14	2872.78	
3131.46	3375.36	3491.32	3573.34	3639.84	3657.42	3732.94	3748.04	3761.02	3765.80	3750.90	3721.18	3695.52	3682.42	3716.96	3737.90	
3755.04	3750.02	3744.98	3750.48	3737.34	3714.24	3675.14	3670.66	3648.42	3644.38	3663.62	3642.58	3620.40	3596.16	3577.36	3572.46	
3582.18	3578.16	3579.40	3561.00	3575.26	3591.38	3592.72	3592.46	3575.36	3595.16	3660.50	3715.04	3732.62	3760.14	3766.76	3784.70	
3799.60	3806.74	3809.62	3813.40	3813.26	3807.28	3799.32	3790.48	3793.50	3795.56	3802.34	3796.46	3786.94	3742.46	3722.06	3724.04	
3755.12	3753.44	3722.46	3652.16	3606.94	3594.74	3674.16	3739.70	3728.64	3696.50	3659.16	3695.56	3662.74	3652.04	3534.92	3606.68	
3617.56	3737.40	3750.28	3755.66	3762.82	3761.80	3775.28	3788.82	3806.30	3809.98	3793.44	3773.38	3752.52	3770.84	3795.54	3771.98	

*******************************************2024/08/21;03:21:17
Probe number 108
Concentration entered by User 2.59% at Temperature 29.92
1253.20	1270.36	1285.74	1304.34	1318.86	1337.98	1356.80	1375.62	1394.94	1414.78	1442.08	1459.14	1486.80	1505.30	1543.06	1575.04	
1615.18	1653.78	1684.54	1717.30	1757.80	1808.12	1855.84	1905.44	1965.42	2014.86	2093.84	2157.34	2303.82	2467.56	2640.72	2872.34	
3137.54	3360.74	3480.46	3566.50	3632.26	3649.44	3727.50	3742.96	3756.90	3761.16	3746.02	3714.90	3688.46	3675.12	3710.30	3732.56	
3750.36	3745.02	3739.32	3745.14	3731.44	3708.02	3668.04	3662.60	3640.46	3636.72	3655.74	3634.66	3611.84	3586.82	3568.34	3563.08	
3573.50	3569.28	3570.46	3552.02	3566.50	3583.18	3584.22	3583.64	3566.84	3586.10	3652.90	3709.00	3726.78	3755.22	3762.32	3780.90	
3796.42	3803.84	3806.96	3810.80	3810.44	3804.46	3796.28	3786.80	3790.10	3792.46	3799.32	3792.96	3783.20	3736.92	3716.08	3718.48	
3750.16	3748.12	3716.04	3644.84	3597.56	3585.60	3666.06	3733.86	3722.34	3689.64	3651.10	3688.70	3654.74	3644.36	3525.66	3597.94	
3608.26	3731.42	3745.02	3750.32	3757.74	3756.64	3770.74	3785.12	3803.36	3807.32	3789.64	3768.76	3747.20	3766.20	3791.98	3767.40	

*******************************************2024/08/21;03:26:18
Probe number 109
Concentration entered by User 2.54% at Temperature 29.91
1253.82	1271.38	1286.88	1305.66	1321.04	1338.90	1359.34	1376.10	1395.22	1414.76	1442.54	1461.62	1488.52	1507.46	1542.74	1574.98	
1616.06	1655.18	1688.10	1720.90	1760.58	1808.80	1856.40	1907.14	1963.88	2022.70	2103.70	2186.80	2311.50	2462.96	2644.48	2896.42	
3136.52	3362.12	3495.38	3576.32	3641.30	3657.88	3733.48	3748.16	3761.40	3766.12	3751.50	3721.58	3695.76	3682.92	3716.82	3738.30	
3755.26	3750.32	3745.04	3750.78	3737.66	3714.42	3675.52	3671.00	3649.42	3645.48	3664.26	3643.76	3621.04	3596.70	3578.02	3573.22	
3582.80	3578.62	3580.28	3562.14	3576.16	3592.38	3594.12	3593.12	3576.04	3595.00	3661.04	3715.66	3733.00	3760.08	3767.14	3784.88	
3799.68	3806.80	3809.76	3813.52	3813.32	3807.28	3799.60	3790.58	3793.76	3795.74	3802.50	3796.64	3787.14	3742.98	3722.64	3724.78	
3755.46	3753.92	3722.62	3652.98	3606.94	3594.64	3674.08	3739.80	3729.02	3697.26	3659.30	3696.48	3663.04	3652.54	3536.00	3607.08	
3617.26	3737.66	3750.96	3755.72	3762.76	3762.20	3775.48	3788.94	3806.36	3810.16	3793.52	3773.58	3752.80	3771.34	3795.46	3772.24	

*******************************************2024/08/21;03:31:18
Probe number 110
Concentration entered by User 2.50% at Temperature 29.91
1256.00	1273.24	1288.20	1307.62	1323.28	1342.00	1358.78	1378.60	1397.62	1416.40	1446.24	1465.36	1490.90	1509.24	1545.50	1580.44	
1621.82	1659.64	1690.46	1729.20	1771.80	1816.50	1865.44	1917.58	1967.62	2024.52	2108.62	2189.52	2314.68	2468.32	2652.92	2900.98	
3157.84	3377.88	3496.74	3582.20	3650.92	3668.22	3740.86	3755.34	3767.80	3772.06	3758.58	3729.86	3705.10	3692.50	3725.42	3746.12	
3762.28	3757.46	3752.22	3757.86	3745.12	3723.22	3686.24	3681.48	3660.20	3655.62	3674.56	3654.34	3632.64	3609.58	3590.22	3585.54	
3596.08	3590.68	3592.60	3575.14	3588.28	3604.54	3605.28	3604.48	3588.04	3607.52	3671.60	3724.20	3741.22	3767.00	3773.62	3790.14	
3803.94	3810.66	3813.38	3816.76	3816.64	3810.92	3803.76	3795.46	3798.26	3800.16	3806.52	3800.80	3792.18	3750.24	3731.18	3732.82	
3762.22	3760.62	3731.10	3664.58	3619.52	3607.38	3684.90	3747.78	3737.42	3707.00	3670.40	3706.06	3673.78	3663.88	3548.74	3619.72	
3629.38	3745.76	3758.22	3762.96	3769.68	3768.84	3781.50	3794.00	3810.16	3813.86	3798.40	3779.74	3760.20	3777.26	3800.04	3778.16	

*******************************************2024/08/21;03:36:18
Probe number 111
Concentration entered by User 2.55% at Temperature 29.92
1254.78	1272.06	1287.30	1305.82	1321.70	1339.54	1357.38	1377.34	1396.86	1416.82	1443.90	1462.50	1489.62	1508.48	1545.22	1575.78	
1614.38	1655.96	1686.22	1723.46	1765.38	1810.10	1858.08	1908.20	1965.68	2026.88	2101.74	2186.34	2307.62	2457.80	2642.80	2891.56	
3127.84	3369.14	3496.86	3575.38	3640.74	3659.40	3734.50	3750.20	3762.54	3767.40	3753.02	3723.84	3697.76	3685.24	3718.56	3740.10	
3756.82	3751.70	3746.86	3752.18	3739.38	3716.70	3677.78	3673.44	3652.22	3647.22	3666.92	3646.12	3624.10	3600.62	3581.32	3576.28	
3586.52	3581.82	3583.44	3566.14	3579.24	3595.14	3595.50	3595.10	3578.10	3597.20	3662.88	3717.18	3735.20	3762.26	3768.82	3786.36	
3800.78	3807.86	3810.68	3814.46	3814.08	3808.36	3800.58	3792.00	3794.88	3796.82	3803.54	3797.92	3788.56	3744.42	3724.02	3726.64	
3756.80	3755.32	3725.00	3656.74	3610.54	3598.32	3677.54	3742.10	3731.50	3700.24	3662.54	3698.90	3666.54	3655.76	3539.54	3610.82	
3621.06	3740.16	3753.10	3757.90	3765.24	3763.84	3777.00	3790.48	3807.36	3811.04	3794.98	3775.42	3755.48	3773.00	3797.08	3773.76	

*******************************************2024/08/21;03:41:17
Probe number 112
Concentration entered by User 2.66% at Temperature 29.91
1249.66	1266.50	1282.40	1301.56	1317.18	1334.46	1351.84	1371.52	1389.84	1409.52	1436.64	1455.48	1482.12	1501.20	1535.26	1568.60	
1606.78	1646.56	1674.52	1711.74	1751.26	1801.00	1847.52	1896.58	1952.68	1999.28	2079.26	2157.62	2281.24	2441.08	2630.16	2879.78	
3121.38	3347.58	3450.28	3538.56	3610.86	3629.04	3711.60	3729.18	3743.70	3748.82	3732.60	3698.96	3670.54	3656.62	3694.16	3717.78	
3737.08	3731.38	3725.00	3731.54	3716.78	3691.72	3649.24	3643.74	3620.84	3616.90	3636.44	3614.24	3590.98	3564.92	3545.94	3541.38	
3550.58	3547.06	3548.40	3529.80	3544.80	3562.58	3563.96	3563.42	3545.62	3565.88	3633.90	3692.46	3711.58	3741.98	3749.96	3770.94	
3788.18	3796.52	3800.02	3804.36	3804.06	3797.36	3787.74	3777.18	3781.18	3783.54	3791.38	3784.16	3772.18	3722.74	3700.20	3702.52	
3737.08	3734.62	3699.68	3624.22	3575.72	3562.58	3646.68	3719.16	3706.40	3671.12	3631.02	3670.96	3634.32	3623.84	3502.50	3576.14	
3586.30	3716.42	3731.52	3736.48	3744.54	3743.72	3758.78	3774.96	3795.72	3799.88	3779.86	3757.34	3733.38	3754.04	3782.72	3755.24	

*******************************************2024/08/21;03:46:18
Probe number 113
Concentration entered by User 2.58% at Temperature 29.91
1252.66	1270.76	1285.02	1304.54	1319.66	1337.32	1355.62	1374.76	1393.56	1413.78	1438.78	1461.68	1488.64	1505.78	1542.32	1573.16	
1614.12	1652.22	1683.70	1717.72	1760.38	1809.24	1861.24	1909.90	1955.36	2010.10	2085.78	2176.92	2293.20	2448.48	2633.12	2895.88	
3146.78	3376.10	3490.00	3565.20	3635.18	3654.38	3731.22	3746.78	3759.76	3764.94	3750.30	3720.54	3694.64	3681.32	3715.42	3737.52	
3754.68	3749.74	3743.92	3750.16	3736.62	3713.50	3674.48	3669.62	3647.68	3643.84	3663.50	3641.84	3620.06	3596.54	3576.16	3571.44	
3582.22	3577.28	3578.84	3560.72	3574.24	3590.78	3591.20	3589.82	3573.48	3592.98	3659.08	3714.36	3732.34	3759.40	3766.98	3784.70	
3799.34	3806.76	3809.50	3813.36	3813.14	3807.00	3799.02	3790.28	3793.32	3795.28	3802.24	3796.42	3786.82	3741.70	3721.10	3723.52	
3754.44	3753.00	3721.84	3652.56	3605.88	3594.30	3673.56	3739.28	3728.06	3696.52	3659.06	3695.58	3662.70	3651.80	3534.66	3605.98	
3616.90	3737.36	3750.52	3755.68	3762.56	3761.78	3775.16	3788.88	3806.04	3810.08	3793.46	3773.54	3752.70	3771.04	3795.30	3771.82	

*******************************************2024/08/21;03:51:18
Probe number 114
Concentration entered by User 2.58% at Temperature 29.91
1253.36	1270.86	1286.10	1305.16	1319.54	1338.02	1357.22	1375.24	1392.56	1413.66	1439.82	1460.58	1487.92	1506.08	1539.80	1572.96	
1613.94	1653.30	1680.46	1717.26	1759.80	1805.64	1852.60	1902.24	1959.00	2021.78	2093.94	2170.06	2300.98	2469.44	2646.54	2875.08	
3119.20	3376.92	3485.96	3561.00	3630.84	3650.10	3727.90	3743.66	3757.78	3762.48	3747.60	3717.00	3690.56	3677.54	3711.88	3734.30	
3751.66	3746.46	3741.40	3747.04	3733.46	3709.98	3670.24	3665.46	3643.28	3639.32	3658.74	3637.50	3615.00	3589.90	3570.98	3565.94	
3576.36	3571.78	3573.80	3555.40	3569.36	3585.78	3586.76	3585.94	3569.76	3589.26	3655.52	3710.62	3728.90	3757.06	3763.96	3782.38	
3797.50	3804.98	3807.90	3811.70	3811.40	3805.56	3797.32	3788.08	3791.26	3793.56	3800.28	3794.26	3784.32	3738.52	3717.32	3720.16	
3751.46	3749.76	3717.58	3647.30	3600.46	3588.32	3668.64	3735.50	3724.40	3691.86	3653.82	3691.32	3657.20	3646.86	3528.46	3600.18	
3611.22	3733.60	3746.88	3752.10	3759.16	3758.28	3772.40	3786.38	3804.38	3808.04	3791.04	3770.48	3749.18	3767.94	3792.94	3768.88	

*******************************************2024/08/21;03:56:18
Probe number 115
Concentration entered by User 2.53% at Temperature 29.90
1256.10	1273.42	1287.22	1306.60	1322.52	1340.54	1358.68	1377.86	1396.06	1416.42	1443.20	1464.20	1491.38	1510.56	1547.02	1577.24	
1614.92	1654.44	1686.66	1723.34	1764.76	1810.24	1861.72	1909.82	1964.24	2020.38	2104.92	2184.72	2301.80	2463.16	2649.54	2895.96	
3145.02	3382.90	3499.32	3578.18	3646.68	3664.46	3738.30	3753.20	3765.76	3770.64	3756.18	3727.26	3702.50	3689.80	3723.26	3743.96	
3760.60	3755.54	3750.50	3755.86	3743.24	3720.70	3683.54	3678.38	3657.12	3652.94	3672.22	3651.80	3629.94	3605.98	3587.52	3582.34	
3591.86	3587.00	3589.26	3571.90	3584.94	3600.74	3601.74	3601.32	3585.18	3603.86	3668.62	3722.08	3739.18	3765.30	3771.90	3788.90	
3802.92	3809.68	3812.56	3815.96	3815.86	3810.32	3802.68	3794.44	3797.06	3798.94	3805.40	3799.94	3790.82	3748.20	3728.18	3730.68	
3760.34	3758.76	3729.32	3661.18	3615.74	3603.88	3681.82	3745.78	3735.20	3704.82	3667.96	3703.30	3671.34	3660.86	3545.94	3616.30	
3626.26	3743.72	3756.44	3761.24	3768.00	3767.00	3779.90	3792.84	3809.30	3812.84	3797.18	3778.44	3758.58	3775.86	3798.86	3776.92	

*******************************************2024/08/21;04:01:18
Probe number 116
Concentration entered by User 2.60% at Temperature 29.91
1251.86	1268.54	1284.40	1303.54	1318.88	1336.76	1355.24	1373.96	1393.48	1412.44	1438.54	1458.18	1485.86	1504.16	1540.36	1572.44	
1612.94	1648.38	1676.62	1715.20	1759.96	1806.56	1855.74	1902.44	1957.22	2017.06	2096.50	2178.54	2290.86	2450.92	2634.64	2876.06	
3129.16	3368.48	3485.50	3563.96	3632.74	3652.60	3729.28	3745.26	3758.52	3763.32	3748.34	3718.06	3691.60	3678.22	3713.40	3735.12	
3752.70	3747.44	3741.98	3748.02	3734.22	3710.64	3671.84	3666.92	3644.68	3640.22	3659.92	3639.14	3616.74	3592.48	3572.64	3568.22	
3578.24	3573.68	3575.78	3557.80	3571.18	3586.76	3587.56	3587.22	3570.46	3589.90	3656.40	3711.88	3729.94	3757.96	3765.12	3783.08	
3798.24	3805.52	3808.68	3812.18	3812.02	3805.88	3798.00	3788.92	3791.96	3794.02	3800.94	3794.98	3785.32	3739.64	3718.76	3720.78	
3752.30	3750.92	3719.68	3649.54	3602.84	3589.98	3670.38	3737.10	3726.10	3693.70	3655.84	3692.56	3659.96	3649.12	3531.06	3603.30	
3613.28	3735.18	3748.30	3753.76	3760.88	3759.92	3773.62	3787.48	3805.00	3808.94	3792.10	3771.88	3750.92	3769.28	3793.90	3770.12	

*******************************************2024/08/21;04:06:18
Probe number 117
Concentration entered by User 2.56% at Temperature 29.90
1254.36	1271.70	1287.00	1305.20	1320.30	1339.06	1357.92	1376.66	1394.48	1413.98	1440.74	1459.76	1485.86	1505.30	1542.16	1576.28	
1617.88	1655.40	1683.28	1718.52	1758.14	1804.62	1857.22	1904.22	1961.56	2024.92	2102.58	2171.30	2291.78	2455.24	2640.62	2892.90	
3152.56	3377.92	3474.24	3566.48	3636.26	3654.38	3730.92	3746.20	3759.82	3764.56	3749.76	3718.96	3693.02	3681.14	3715.20	3736.68	
3754.02	3748.70	3743.32	3749.22	3735.98	3712.86	3673.80	3668.74	3646.98	3643.10	3662.54	3641.12	3618.84	3594.54	3575.14	3570.28	
3580.48	3576.24	3578.00	3559.60	3573.40	3589.26	3590.84	3589.84	3573.08	3592.76	3659.32	3713.56	3731.66	3758.90	3765.96	3783.98	
3798.76	3806.16	3809.20	3812.82	3812.60	3806.66	3798.50	3789.74	3792.78	3794.82	3801.64	3795.68	3785.92	3741.04	3720.62	3722.84	
3753.94	3751.92	3720.84	3651.00	3604.52	3592.18	3672.02	3738.16	3727.22	3694.74	3657.48	3694.22	3660.88	3650.86	3532.94	3604.52	
3614.80	3736.44	3749.24	3754.50	3761.48	3760.52	3774.12	3788.14	3805.44	3809.38	3792.56	3772.64	3751.54	3770.30	3794.68	3771.06	

*******************************************2024/08/21;04:11:18
Probe number 118
Concentration entered by User 2.50% at Temperature 29.89
1256.20	1273.24	1287.94	1307.90	1323.26	1341.40	1359.82	1378.26	1396.68	1416.22	1445.42	1465.08	1491.32	1509.70	1545.12	1577.02	
1618.54	1659.48	1686.92	1722.34	1766.10	1813.78	1862.42	1909.12	1961.34	2023.90	2105.14	2185.62	2319.24	2483.58	2663.96	2886.44	
3147.44	3382.42	3493.64	3579.54	3647.30	3665.48	3740.04	3754.92	3767.46	3772.40	3758.36	3729.78	3705.06	3692.58	3725.40	3746.04	
3761.96	3757.34	3752.64	3757.88	3744.96	3723.08	3686.00	3682.02	3660.78	3655.80	3675.56	3655.16	3633.10	3610.50	3590.80	3585.88	
3596.66	3591.54	3593.30	3576.14	3588.48	3604.24	3604.50	3604.04	3587.82	3606.58	3670.62	3724.08	3741.06	3767.10	3773.86	3790.24	
3804.16	3811.06	3813.70	3816.92	3816.90	3811.40	3804.26	3795.86	3798.40	3800.32	3806.78	3801.44	3792.56	3750.32	3730.38	3732.92	
3762.32	3760.42	3731.22	3665.02	3620.14	3608.44	3685.68	3748.26	3737.84	3707.50	3671.22	3706.38	3675.24	3665.38	3550.16	3620.42	
3630.40	3746.30	3758.74	3763.76	3770.34	3769.14	3781.88	3794.46	3810.56	3814.34	3798.90	3780.26	3760.96	3777.76	3800.44	3778.78	

*******************************************2024/08/21;04:16:17
Probe number 119
Concentration entered by User 2.54% at Temperature 29.89
1255.68	1272.70	1287.72	1306.04	1321.70	1340.38	1358.12	1377.44	1397.10	1417.28	1443.48	1462.14	1487.88	1508.00	1545.62	1577.28	
1616.50	1654.70	1684.32	1719.58	1765.24	1810.66	1857.60	1900.08	1961.54	2018.44	2094.44	2189.46	2317.82	2466.16	2640.86	2893.88	
3145.94	3367.48	3482.62	3570.18	3640.00	3658.66	3734.14	3749.14	3762.34	3767.04	3752.50	3722.42	3696.40	3683.42	3717.84	3739.34	
3756.70	3751.38	3745.94	3751.56	3738.24	3715.32	3676.78	3672.10	3650.20	3646.42	3665.64	3644.48	3622.90	3597.92	3579.24	3574.26	
3583.98	3580.00	3581.50	3562.44	3576.82	3593.44	3594.58	3593.64	3577.04	3596.66	3662.06	3716.24	3733.78	3760.72	3767.78	3785.56	
3800.12	3807.14	3810.16	3813.76	3813.64	3807.68	3800.02	3791.10	3794.24	3795.84	3802.88	3797.08	3787.56	3743.18	3722.90	3725.12	
3755.88	3754.26	3722.94	3653.84	3607.90	3596.06	3675.34	3740.70	3730.08	3698.04	3660.86	3697.08	3664.46	3654.24	3537.32	3608.34	
3618.72	3738.78	3751.86	3756.54	3763.78	3762.84	3776.12	3789.60	3806.92	3810.56	3794.18	3774.68	3754.22	3771.86	3795.96	3772.74	

*******************************************2024/08/21;04:21:18
Probe number 120
Concentration entered by User 2.53% at Temperature 29.89
1256.16	1273.38	1288.14	1307.44	1322.72	1339.88	1359.22	1378.16	1396.94	1417.28	1443.98	1463.48	1488.98	1509.70	1545.76	1577.94	
1617.80	1655.78	1686.64	1724.08	1765.28	1808.14	1856.28	1905.66	1961.80	2021.96	2096.20	2180.36	2306.24	2466.86	2645.26	2894.04	
3156.72	3390.40	3494.26	3574.52	3644.52	3662.02	3736.54	3751.36	3764.08	3769.32	3754.76	3725.84	3700.18	3688.10	3721.48	3742.88	
3759.30	3754.32	3749.40	3754.84	3741.80	3719.18	3681.86	3677.28	3655.74	3651.58	3670.36	3649.62	3628.12	3604.68	3585.38	3580.32	
3590.38	3585.56	3587.66	3568.92	3582.28	3599.18	3599.66	3599.12	3582.42	3601.80	3666.68	3720.58	3737.54	3764.04	3770.98	3787.92	
3802.12	3809.08	3811.98	3815.48	3815.24	3809.76	3802.02	3793.52	3796.36	3798.22	3804.66	3798.96	3789.86	3746.90	3726.72	3729.26	
3759.36	3757.52	3727.42	3659.80	3613.64	3601.92	3679.84	3744.42	3733.66	3702.70	3665.58	3701.98	3669.58	3659.42	3543.48	3614.14	
3624.46	3742.54	3755.20	3760.12	3766.98	3766.26	3778.74	3792.18	3808.74	3812.30	3796.44	3777.26	3757.28	3774.76	3798.04	3775.70	

*******************************************2024/08/21;04:26:18
Probe number 121
Concentration entered by User 2.56% at Temperature 29.89
1255.42	1272.68	1287.88	1307.10	1321.88	1339.38	1358.18	1376.14	1396.38	1415.24	1441.16	1461.22	1488.42	1506.34	1541.70	1575.28	
1615.14	1653.92	1688.58	1722.30	1761.84	1808.22	1860.42	1915.88	1968.92	2024.88	2097.08	2185.50	2307.70	2458.96	2638.44	2889.34	
3131.02	3365.90	3475.54	3569.00	3637.14	3656.86	3733.24	3748.56	3761.48	3766.44	3751.98	3722.14	3696.02	3683.26	3717.70	3739.26	
3756.32	3751.16	3745.84	3751.42	3738.18	3715.70	3676.78	3672.06	3650.74	3646.66	3665.66	3644.74	3622.60	3598.60	3579.40	3574.38	
3584.46	3579.64	3581.30	3562.48	3576.76	3593.32	3594.80	3593.60	3577.28	3596.84	3661.82	3715.94	3733.94	3760.92	3768.02	3785.76	
3800.18	3807.18	3810.44	3813.96	3813.76	3807.86	3800.16	3791.14	3794.46	3796.22	3802.84	3796.98	3787.40	3743.54	3723.08	3725.68	
3755.94	3754.38	3722.96	3654.24	3608.38	3596.40	3674.98	3740.50	3729.80	3698.24	3660.70	3697.24	3664.48	3654.04	3537.80	3608.62	
3619.06	3738.70	3751.60	3757.02	3763.70	3762.90	3775.96	3789.62	3806.86	3810.44	3794.16	3774.32	3753.84	3771.94	3796.18	3773.12	

*******************************************2024/08/21;04:31:18
Probe number 122
Concentration entered by User 2.60% at Temperature 29.89
1252.64	1269.96	1285.02	1305.32	1319.06	1337.98	1356.68	1374.82	1393.18	1413.50	1440.78	1459.48	1485.78	1505.42	1540.82	1575.08	
1616.74	1651.20	1682.22	1714.50	1758.22	1806.60	1857.60	1902.74	1957.12	2012.30	2084.96	2177.42	2293.78	2462.64	2634.52	2870.28	
3143.66	3369.88	3481.50	3570.72	3636.04	3652.62	3730.52	3746.22	3759.46	3764.34	3749.18	3718.82	3692.44	3680.34	3714.52	3736.70	
3754.04	3748.86	3743.56	3748.74	3735.76	3712.46	3672.80	3668.50	3646.58	3642.84	3662.26	3641.00	3619.04	3594.14	3575.02	3569.46	
3580.04	3575.90	3576.64	3558.72	3572.32	3589.40	3590.06	3589.70	3573.16	3592.28	3658.14	3713.16	3731.00	3758.46	3765.62	3783.94	
3798.78	3805.92	3809.22	3812.84	3812.56	3806.50	3798.40	3789.66	3792.64	3794.66	3801.52	3795.44	3785.60	3740.48	3719.84	3722.58	
3753.76	3751.82	3720.44	3649.78	3603.74	3591.94	3671.76	3738.16	3726.92	3694.46	3656.94	3694.20	3660.88	3650.78	3532.40	3604.30	
3614.40	3735.84	3749.42	3754.26	3761.48	3760.64	3774.10	3788.10	3805.60	3809.38	3792.70	3772.66	3751.30	3769.96	3794.46	3770.88	

*******************************************2024/08/21;04:36:18
Probe number 123
Concentration entered by User 2.59% at Temperature 29.89
1252.90	1270.58	1286.06	1304.24	1319.38	1337.90	1356.16	1375.10	1393.14	1413.46	1440.40	1460.02	1487.56	1506.00	1541.70	1572.26	
1612.26	1655.54	1683.14	1718.22	1759.30	1809.60	1862.26	1904.42	1955.02	2016.70	2094.76	2167.80	2295.96	2460.04	2637.20	2878.08	
3129.00	3367.42	3483.96	3567.76	3636.60	3653.76	3730.38	3746.16	3759.44	3764.34	3749.64	3718.78	3693.00	3680.32	3714.42	3736.82	
3753.92	3748.76	3742.80	3748.92	3735.76	3712.64	3673.30	3668.68	3646.70	3643.32	3661.96	3640.94	3618.76	3594.52	3575.64	3570.36	
3580.16	3575.54	3577.56	3559.00	3573.44	3589.56	3591.08	3590.08	3573.02	3592.66	3658.54	3713.28	3731.48	3758.56	3765.88	3783.98	
3799.02	3806.26	3809.16	3812.88	3812.52	3806.84	3798.52	3789.84	3793.02	3794.88	3801.52	3795.44	3785.74	3740.86	3719.94	3722.70	
3753.52	3752.08	3720.44	3650.50	3603.90	3591.90	3671.98	3738.40	3727.12	3695.30	3657.28	3694.36	3661.00	3650.54	3533.52	3605.02	
3615.24	3736.22	3749.40	3754.42	3761.52	3760.60	3774.22	3788.16	3805.68	3809.44	3792.76	3772.64	3751.80	3770.06	3794.72	3770.86	

*******************************************2024/08/21;04:41:18
Probe number 124
Concentration entered by User 2.60% at Temperature 29.88
1252.88	1270.66	1285.08	1303.92	1320.30	1337.28	1354.78	1375.04	1393.16	1413.20	1441.24	1460.74	1488.26	1504.76	1541.14	1571.94	
1613.36	1651.12	1680.88	1718.32	1759.00	1807.08	1853.60	1906.12	1959.72	2013.92	2096.42	2172.42	2295.06	2447.40	2632.10	2881.76	
3138.66	3362.72	3481.38	3564.78	3633.36	3652.44	3730.16	3745.52	3759.12	3764.14	3749.02	3719.20	3693.32	3680.54	3714.76	3736.92	
3753.90	3748.58	3743.26	3748.76	3735.54	3712.56	3673.46	3668.42	3646.40	3642.80	3661.84	3641.38	3618.68	3594.18	3575.16	3569.90	
3580.20	3576.00	3577.10	3558.78	3572.86	3589.90	3590.28	3589.78	3573.02	3592.44	3658.40	3713.22	3731.22	3758.54	3765.92	3783.90	
3798.72	3806.00	3808.92	3812.76	3812.58	3806.56	3798.48	3789.40	3792.56	3794.60	3801.48	3795.46	3785.70	3740.64	3720.12	3722.36	
3753.70	3751.80	3720.24	3650.50	3603.30	3591.74	3671.66	3737.90	3726.98	3694.60	3656.80	3694.34	3660.78	3650.48	3533.00	3604.10	
3614.60	3736.18	3749.36	3754.54	3761.46	3760.56	3774.10	3788.18	3805.58	3809.42	3792.62	3772.66	3751.40	3770.00	3794.36	3770.62	

*******************************************2024/08/21;04:46:18
Probe number 125
Concentration entered by User 2.56% at Temperature 29.88
1253.34	1270.72	1286.88	1305.22	1320.42	1338.36	1356.64	1374.40	1394.10	1413.40	1440.60	1459.70	1486.02	1506.04	1541.98	1573.00	
1615.04	1654.70	1682.50	1717.60	1761.66	1801.46	1858.16	1903.14	1956.48	2011.32	2089.80	2174.40	2303.78	2477.08	2647.88	2884.32	
3129.36	3384.10	3495.46	3573.50	3636.86	3654.18	3731.36	3747.02	3759.82	3764.92	3749.94	3720.16	3694.58	3681.22	3715.62	3737.16	
3754.28	3749.12	3743.76	3749.54	3736.40	3713.08	3674.14	3669.48	3646.98	3643.00	3662.96	3642.16	3619.64	3595.08	3576.20	3570.14	
3581.12	3575.96	3578.08	3559.38	3573.34	3590.08	3590.98	3590.54	3573.60	3593.14	3659.38	3713.56	3731.54	3759.20	3766.02	3784.28	
3799.00	3806.38	3809.38	3812.88	3812.70	3806.98	3798.84	3789.86	3792.96	3794.96	3801.72	3795.86	3786.02	3740.92	3720.66	3723.16	
3753.94	3752.42	3720.86	3651.14	3604.22	3592.90	3672.42	3738.44	3727.32	3695.40	3657.72	3694.32	3661.36	3651.08	3533.34	3605.06	
3614.70	3736.26	3749.60	3754.84	3761.96	3760.98	3774.44	3788.54	3805.74	3809.58	3792.84	3773.08	3752.00	3770.30	3794.92	3771.30	

*******************************************2024/08/21;04:51:17
Probe number 126
Concentration entered by User 2.59% at Temperature 29.87
1252.70	1269.78	1283.98	1302.96	1319.36	1336.68	1354.56	1373.02	1393.14	1412.34	1438.92	1458.44	1484.26	1502.56	1539.80	1571.92	
1609.62	1650.86	1679.84	1716.26	1752.68	1798.68	1849.54	1908.42	1960.94	2019.66	2087.36	2165.54	2291.90	2469.82	2633.94	2883.08	
3138.30	3357.90	3481.22	3561.70	3630.94	3647.72	3726.20	3742.32	3756.04	3760.86	3745.12	3714.44	3687.88	3674.90	3710.04	3732.40	
3750.40	3744.84	3739.44	3745.24	3731.54	3707.72	3667.90	3663.24	3640.40	3636.60	3656.00	3634.88	3612.50	3587.36	3568.26	3563.28	
3573.04	3569.28	3570.24	3551.38	3565.88	3582.78	3584.18	3583.02	3566.84	3586.40	3652.52	3708.48	3727.10	3754.88	3762.38	3781.02	
3796.56	3803.98	3807.34	3810.88	3810.66	3804.58	3796.24	3786.80	3790.22	3792.30	3799.36	3792.98	3782.88	3736.68	3715.48	3718.38	
3750.00	3747.88	3715.92	3644.20	3597.20	3584.90	3665.96	3733.98	3722.16	3689.44	3651.28	3688.64	3655.22	3644.06	3525.86	3597.90	
3607.98	3732.06	3745.18	3750.80	3757.88	3757.06	3770.68	3785.32	3803.32	3807.36	3790.14	3769.10	3747.86	3766.60	3792.16	3767.46	

*******************************************2024/08/21;04:56:18
Probe number 127
Concentration entered by User 2.57% at Temperature 29.87
1255.12	1272.14	1286.58	1306.56	1322.76	1340.36	1357.86	1376.62	1395.96	1415.46	1442.46	1463.40	1489.84	1508.56	1544.84	1576.58	
1616.00	1655.26	1681.78	1718.58	1763.02	1804.44	1862.92	1908.98	1953.90	2019.00	2095.22	2176.42	2298.34	2466.88	2648.78	2883.04	
3139.34	3370.40	3478.52	3570.76	3639.66	3659.10	3734.46	3749.66	3762.82	3767.84	3753.26	3724.14	3698.46	3685.28	3719.24	3741.12	
3758.00	3752.86	3747.76	3752.86	3740.36	3717.24	3679.44	3674.58	3653.04	3649.58	3668.28	3647.36	3625.42	3601.54	3582.54	3577.08	
3587.46	3583.12	3584.88	3566.60	3580.28	3595.96	3596.72	3596.24	3580.40	3599.38	3664.10	3718.20	3735.84	3762.56	3769.56	3786.86	
3801.20	3808.20	3811.24	3814.66	3814.42	3808.96	3801.20	3792.52	3795.32	3797.24	3803.84	3798.04	3788.64	3745.28	3725.02	3727.30	
3757.62	3755.94	3725.40	3657.14	3611.22	3599.38	3677.84	3743.08	3731.78	3700.50	3663.50	3699.62	3667.56	3657.14	3540.54	3611.04	
3621.24	3741.04	3753.42	3758.74	3765.38	3764.46	3777.52	3790.86	3807.68	3811.54	3795.40	3776.20	3756.08	3773.60	3797.26	3774.52	

*******************************************2024/08/21;05:01:18
Probe number 128
Concentration entered by User 2.58% at Temperature 29.86
1253.56	1270.86	1286.86	1305.14	1320.20	1338.08	1356.90	1375.34	1394.62	1415.34	1441.62	1460.32	1486.98	1506.04	1541.34	1572.04	
1613.44	1653.70	1685.86	1719.78	1758.58	1804.94	1857.08	1902.44	1961.48	2024.10	2094.04	2175.36	2303.12	2460.80	2638.60	2884.50	
3129.84	3360.00	3474.16	3565.34	3634.66	3652.92	3729.90	3746.18	3759.74	3764.46	3749.72	3719.86	3693.50	3680.42	3714.82	3737.22	
3754.38	3749.34	3744.02	3749.08	3736.26	3713.32	3674.64	3669.38	3647.48	3644.06	3663.52	3642.12	3619.36	3595.10	3576.58	3571.16	
3581.04	3576.38	3578.10	3559.68	3573.84	3590.36	3591.18	3590.76	3574.44	3593.04	3659.14	3714.02	3731.80	3759.14	3766.04	3784.40	
3799.22	3806.56	3809.50	3812.94	3812.96	3806.86	3799.00	3790.10	3793.22	3794.90	3801.82	3795.88	3785.90	3740.94	3720.48	3723.24	
3753.86	3752.22	3720.82	3650.90	3604.60	3592.94	3672.50	3738.62	3727.50	3695.70	3657.92	3694.96	3661.62	3651.88	3534.06	3605.84	
3615.84	3737.16	3749.88	3755.08	3762.16	3761.46	3774.68	3788.46	3805.86	3809.66	3792.96	3773.04	3752.22	3770.36	3794.84	3771.34	

*******************************************2024/08/21;05:06:18
Probe number 129
Concentration entered by User 2.51% at Temperature 29.86
1256.80	1274.32	1289.14	1307.46	1322.50	1341.22	1359.96	1378.44	1397.80	1417.14	1445.52	1464.92	1491.46	1510.08	1547.20	1580.48	
1618.42	1653.76	1686.96	1727.28	1768.22	1814.44	1863.62	1915.48	1963.54	2024.90	2106.42	2189.66	2316.54	2460.34	2646.90	2895.84	
3161.18	3394.20	3495.84	3581.40	3649.44	3667.60	3740.40	3755.28	3767.98	3772.74	3758.92	3730.56	3706.16	3693.48	3726.50	3747.26	
3763.50	3758.44	3753.62	3758.94	3746.28	3724.64	3687.48	3682.84	3661.68	3657.58	3677.02	3656.82	3634.92	3611.42	3592.98	3587.70	
3597.74	3593.18	3594.80	3576.56	3590.16	3606.08	3607.02	3606.26	3589.82	3609.04	3672.92	3724.70	3741.98	3767.90	3774.46	3791.18	
3804.48	3811.30	3814.08	3817.18	3817.02	3811.62	3804.56	3796.22	3799.08	3800.48	3806.84	3801.52	3792.52	3750.98	3731.32	3733.64	
3762.80	3761.22	3731.80	3665.44	3620.38	3609.30	3686.30	3748.92	3738.10	3708.32	3672.42	3707.58	3676.48	3666.00	3551.08	3621.40	
3631.72	3747.40	3759.26	3764.22	3771.16	3770.06	3782.34	3794.96	3810.86	3814.32	3799.00	3781.00	3761.70	3778.54	3800.78	3779.36	

*******************************************2024/08/21;05:11:18
Probe number 130
Concentration entered by User 2.60% at Temperature 29.86
1251.72	1268.50	1283.86	1303.36	1317.92	1335.56	1354.38	1373.56	1391.40	1411.50	1438.72	1456.06	1483.84	1501.88	1538.12	1570.30	
1609.04	1650.06	1678.60	1714.00	1755.54	1801.84	1850.18	1896.80	1951.26	2014.12	2095.76	2182.76	2293.12	2444.78	2636.92	2880.58	
3132.54	3362.20	3470.28	3557.20	3630.80	3649.50	3727.38	3744.08	3757.34	3762.62	3747.50	3716.36	3690.14	3677.16	3711.96	3734.44	
3751.90	3746.88	3741.02	3746.56	3733.66	3709.92	3670.34	3665.52	3643.44	3639.32	3658.38	3637.98	3614.60	3590.40	3570.98	3565.74	
3575.96	3571.80	3572.64	3554.80	3568.50	3585.68	3586.52	3585.60	3568.92	3588.78	3655.22	3710.14	3729.04	3756.64	3763.42	3782.52	
3797.66	3804.96	3808.08	3811.82	3811.52	3805.36	3797.38	3788.20	3791.58	3793.40	3800.24	3794.02	3783.90	3738.26	3717.10	3719.88	
3751.08	3749.38	3717.56	3646.36	3599.54	3587.58	3668.24	3735.82	3724.42	3691.66	3653.48	3691.24	3657.72	3647.28	3529.12	3600.82	
3610.82	3733.78	3746.90	3752.30	3759.62	3758.48	3772.06	3786.60	3804.40	3808.28	3791.24	3770.68	3749.74	3768.04	3793.04	3769.10	

*******************************************2024/08/21;05:16:18
Probe number 131
Concentration entered by User 2.59% at Temperature 29.86
1253.50	1270.76	1285.98	1304.78	1320.18	1337.94	1355.76	1373.54	1392.58	1413.32	1440.44	1458.52	1485.76	1505.72	1540.68	1573.62	
1614.10	1653.42	1684.96	1719.96	1759.08	1798.90	1851.52	1902.90	1962.48	2025.52	2096.38	2166.82	2291.38	2465.46	2647.46	2873.20	
3123.48	3362.60	3474.80	3561.92	3634.04	3652.54	3730.38	3745.98	3759.68	3764.52	3749.60	3719.06	3693.16	3680.14	3714.24	3736.80	
3753.74	3748.76	3743.62	3749.34	3736.00	3712.82	3673.70	3668.48	3647.18	3643.52	3662.72	3642.06	3619.18	3594.44	3575.12	3570.64	
3581.04	3576.18	3577.92	3559.18	3573.12	3589.56	3590.72	3590.44	3573.68	3592.98	3658.68	3712.82	3731.56	3758.88	3766.18	3784.00	
3798.98	3806.18	3809.30	3813.06	3812.56	3806.66	3798.84	3790.10	3793.02	3794.96	3801.50	3795.38	3785.60	3740.46	3720.02	3722.36	
3753.64	3751.62	3720.42	3650.34	3603.66	3591.70	3671.84	3738.34	3727.42	3695.22	3657.68	3694.92	3661.26	3651.24	3533.34	3604.98	
3615.20	3736.44	3749.72	3755.02	3761.76	3760.94	3774.24	3788.52	3805.74	3809.70	3792.86	3772.96	3752.18	3770.22	3794.70	3770.94	

*******************************************2024/08/21;05:21:17
Probe number 132
Concentration entered by User 2.68% at Temperature 29.85
1250.28	1267.36	1282.18	1300.66	1315.60	1334.06	1351.84	1370.04	1388.50	1407.88	1434.92	1454.10	1481.02	1499.98	1533.86	1563.60	
1603.84	1644.06	1677.56	1710.54	1751.32	1793.88	1845.10	1894.58	1950.14	2001.94	2088.50	2155.86	2286.30	2440.38	2609.72	2856.38	
3120.32	3343.04	3467.88	3546.14	3617.20	3635.44	3717.22	3733.72	3748.50	3753.78	3737.90	3705.30	3677.36	3664.06	3700.66	3723.82	
3742.68	3737.22	3731.24	3737.62	3723.76	3698.70	3657.14	3651.64	3629.10	3625.82	3645.38	3624.12	3601.00	3574.40	3555.72	3550.22	
3560.52	3556.32	3557.98	3538.80	3553.70	3570.70	3572.20	3571.06	3553.96	3574.20	3642.26	3699.28	3718.34	3747.86	3755.36	3775.58	
3792.18	3800.02	3803.32	3807.40	3807.16	3800.46	3791.70	3781.62	3785.26	3787.50	3794.74	3787.82	3776.62	3728.06	3706.00	3708.44	
3741.72	3740.40	3705.96	3631.98	3583.84	3571.82	3654.76	3725.12	3713.44	3679.12	3640.08	3678.76	3643.58	3633.04	3512.76	3585.26	
3595.40	3723.44	3737.70	3742.98	3750.50	3749.38	3764.24	3779.88	3799.30	3803.34	3784.74	3762.82	3740.36	3759.88	3787.08	3760.76	

*******************************************2024/08/21;05:26:17
Probe number 133
Concentration entered by User 2.63% at Temperature 29.84
1251.84	1268.12	1282.88	1302.14	1318.38	1335.24	1352.60	1371.10	1390.28	1410.92	1438.32	1456.66	1482.32	1500.90	1535.02	1567.12	
1608.28	1645.12	1674.66	1714.60	1756.48	1796.80	1844.98	1895.60	1950.82	2017.94	2094.00	2160.28	2284.92	2451.20	2631.22	2877.12	
3121.66	3346.24	3460.80	3549.74	3623.24	3640.90	3721.84	3738.40	3752.02	3757.36	3741.74	3709.38	3682.64	3669.54	3705.34	3728.66	
3746.76	3741.26	3735.68	3741.62	3727.66	3703.76	3663.20	3658.06	3635.58	3631.66	3651.44	3629.78	3607.40	3582.06	3563.24	3557.54	
3567.44	3563.40	3564.40	3545.78	3560.62	3577.24	3579.00	3577.42	3560.90	3580.88	3647.98	3704.64	3723.12	3751.84	3759.06	3778.54	
3794.66	3802.32	3805.56	3809.44	3809.02	3802.74	3794.32	3784.64	3788.14	3790.20	3797.10	3790.58	3779.68	3732.26	3711.12	3713.70	
3746.04	3744.26	3710.58	3638.18	3590.62	3578.82	3661.20	3730.02	3718.10	3684.92	3646.04	3684.30	3650.46	3639.62	3519.92	3592.44	
3603.20	3728.40	3742.28	3747.38	3754.62	3753.76	3768.14	3783.16	3801.58	3805.54	3787.60	3766.40	3744.32	3763.72	3789.76	3764.60	

*******************************************2024/08/21;05:31:18
Probe number 134
Concentration entered by User 2.59% at Temperature 29.85
1253.42	1270.58	1285.28	1304.00	1320.32	1337.08	1355.16	1374.30	1394.12	1414.36	1438.86	1459.26	1484.98	1504.08	1538.48	1571.92	
1612.66	1650.38	1679.50	1713.26	1758.42	1805.04	1856.58	1910.58	1953.08	2017.40	2091.52	2167.22	2299.88	2458.42	2629.62	2882.60	
3134.66	3369.66	3487.20	3572.88	3639.08	3656.86	3732.80	3747.94	3760.76	3765.66	3750.78	3720.90	3694.84	3682.02	3716.60	3738.10	
3755.20	3750.02	3745.12	3750.58	3737.40	3714.38	3675.86	3670.82	3649.14	3644.68	3664.30	3643.82	3621.12	3598.24	3578.14	3573.16	
3583.42	3578.56	3580.40	3562.56	3575.50	3591.56	3591.92	3591.32	3574.34	3594.04	3659.42	3714.92	3732.94	3760.16	3767.50	3785.40	
3800.08	3807.38	3810.18	3813.70	3813.40	3807.46	3799.88	3791.00	3793.82	3795.70	3802.28	3796.56	3786.78	3741.90	3721.04	3723.68	
3754.72	3752.86	3721.98	3652.66	3606.26	3594.30	3674.06	3740.06	3729.32	3697.56	3660.02	3696.74	3664.70	3653.64	3536.34	3607.34	
3617.82	3738.34	3751.34	3756.54	3764.02	3762.48	3775.92	3789.38	3806.56	3810.50	3794.22	3774.52	3753.60	3771.82	3795.78	3772.78	

*******************************************2024/08/21;05:36:18
Probe number 135
Concentration entered by User 2.56% at Temperature 29.84
1255.00	1272.86	1287.26	1305.32	1321.00	1339.90	1357.30	1376.18	1396.20	1415.98	1442.56	1461.20	1487.84	1505.72	1542.50	1575.06	
1611.82	1651.88	1686.84	1720.56	1762.48	1807.62	1857.14	1905.76	1961.40	2020.78	2100.56	2183.36	2305.38	2471.74	2631.96	2880.46	
3146.50	3365.86	3482.02	3572.22	3642.90	3660.36	3735.76	3751.00	3764.26	3769.20	3754.88	3725.48	3700.22	3687.94	3721.44	3742.70	
3759.46	3754.46	3749.50	3754.90	3742.52	3719.84	3681.74	3677.72	3656.22	3651.44	3671.24	3650.46	3628.12	3604.62	3585.86	3580.50	
3590.42	3585.82	3587.52	3569.06	3583.06	3599.58	3600.84	3600.12	3583.44	3602.76	3666.74	3719.88	3737.88	3764.52	3771.80	3788.62	
3802.54	3809.40	3812.08	3815.60	3815.50	3809.72	3802.30	3793.66	3796.58	3798.34	3804.92	3799.16	3789.76	3746.46	3726.48	3728.82	
3758.82	3757.04	3726.68	3658.98	3613.24	3601.74	3680.20	3744.70	3733.90	3703.04	3666.22	3702.06	3670.38	3659.92	3543.72	3614.44	
3624.30	3742.94	3755.48	3760.50	3767.36	3766.36	3779.32	3792.30	3808.80	3812.50	3796.58	3777.78	3757.84	3775.12	3798.26	3776.20	

*******************************************2024/08/21;05:41:18
Probe number 136
Concentration entered by User 2.58% at Temperature 29.84
1253.16	1270.58	1284.66	1304.38	1319.82	1337.22	1355.16	1374.20	1394.10	1414.60	1440.34	1459.14	1485.60	1503.20	1539.42	1572.46	
1612.30	1653.46	1679.48	1714.42	1759.56	1804.16	1855.28	1904.04	1961.94	2024.56	2103.12	2172.72	2310.32	2469.96	2633.96	2851.04	
3130.00	3371.04	3481.02	3561.70	3632.84	3652.44	3730.02	3745.88	3759.80	3764.48	3749.46	3719.04	3693.68	3680.80	3715.58	3736.98	
3754.38	3749.12	3743.98	3749.34	3736.12	3713.12	3674.38	3669.74	3648.06	3643.82	3662.78	3642.04	3619.74	3595.26	3576.42	3570.98	
3580.74	3576.54	3578.24	3559.32	3573.64	3589.86	3592.12	3590.82	3575.02	3593.42	3658.52	3713.18	3732.24	3759.58	3766.52	3784.82	
3799.42	3806.34	3809.38	3813.10	3812.86	3806.90	3799.06	3790.12	3793.20	3794.96	3801.60	3795.50	3785.72	3740.56	3720.12	3722.66	
3753.62	3752.02	3720.06	3650.50	3603.40	3591.76	3672.44	3738.26	3727.66	3695.44	3658.16	3695.06	3661.90	3651.46	3533.26	3604.94	
3615.70	3736.56	3749.76	3755.02	3762.08	3761.14	3774.40	3788.68	3805.84	3809.74	3792.98	3772.94	3752.46	3770.16	3794.96	3771.28	

*******************************************2024/08/21;05:46:18
Probe number 137
Concentration entered by User 2.66% at Temperature 29.84
1250.34	1267.88	1282.94	1301.78	1317.56	1334.40	1352.54	1371.34	1388.80	1408.66	1435.74	1454.84	1480.56	1498.60	1535.36	1568.76	
1607.24	1647.60	1677.82	1708.36	1755.00	1797.00	1850.52	1894.30	1948.18	2006.40	2081.08	2164.54	2291.54	2451.34	2626.22	2864.28	
3118.90	3338.42	3452.88	3546.04	3619.82	3639.46	3720.80	3736.98	3751.32	3757.02	3740.86	3709.80	3681.96	3668.46	3704.62	3727.46	
3746.16	3740.66	3734.82	3740.74	3726.80	3702.38	3662.06	3657.04	3634.32	3630.52	3650.46	3629.16	3605.62	3581.62	3561.66	3556.46	
3566.92	3562.70	3563.86	3544.68	3559.60	3575.68	3576.96	3576.54	3559.68	3578.68	3645.86	3702.74	3722.30	3751.80	3759.14	3778.52	
3794.58	3802.08	3805.38	3809.08	3808.82	3802.54	3794.06	3784.24	3787.56	3789.58	3796.92	3790.20	3779.84	3731.30	3709.60	3712.18	
3744.92	3743.86	3710.50	3637.62	3590.14	3578.50	3659.92	3729.66	3717.92	3684.64	3646.34	3683.52	3650.10	3638.72	3518.94	3591.48	
3602.48	3727.72	3741.54	3747.10	3754.70	3753.50	3767.72	3782.76	3801.40	3805.58	3787.62	3766.08	3744.10	3763.58	3789.74	3764.16	

*******************************************2024/08/21;05:51:17
Probe number 138
Concentration entered by User 2.66% at Temperature 29.83
1252.42	1269.56	1284.12	1303.24	1318.32	1335.98	1353.30	1372.36	1390.46	1410.36	1437.46	1456.26	1481.68	1501.06	1536.68	1568.76	
1609.82	1647.46	1676.76	1712.78	1753.44	1798.90	1847.20	1901.32	1955.64	2006.90	2079.34	2152.96	2283.64	2447.64	2636.26	2870.80	
3120.60	3339.18	3456.24	3546.94	3620.04	3639.66	3720.72	3736.86	3751.76	3756.40	3740.70	3708.68	3681.24	3668.44	3704.46	3727.52	
3746.04	3740.86	3734.68	3740.66	3726.70	3702.48	3661.62	3657.10	3634.22	3630.12	3649.56	3628.80	3605.70	3580.18	3560.80	3555.56	
3565.12	3561.50	3562.84	3543.48	3558.34	3575.88	3577.70	3577.46	3560.24	3579.76	3646.54	3702.88	3721.90	3750.86	3758.76	3778.22	
3794.38	3801.86	3805.04	3808.76	3808.52	3802.30	3793.82	3783.90	3787.40	3789.64	3796.52	3789.82	3779.10	3731.02	3709.66	3712.50	
3744.82	3742.96	3709.60	3636.84	3589.04	3577.20	3659.34	3728.88	3717.04	3683.54	3644.66	3683.32	3648.68	3638.12	3517.86	3589.76	
3600.66	3727.10	3740.78	3746.46	3753.64	3752.58	3766.84	3782.26	3801.30	3805.16	3786.94	3765.54	3743.26	3762.62	3789.10	3763.72	

*******************************************2024/08/21;05:56:17
Probe number 139
Concentration entered by User 2.64% at Temperature 29.83
1251.86	1268.78	1283.36	1301.80	1316.90	1334.96	1354.70	1372.88	1389.94	1410.56	1437.80	1457.42	1484.80	1502.08	1536.04	1568.04	
1608.94	1647.46	1675.88	1714.70	1755.04	1800.66	1851.48	1901.40	1945.32	2005.40	2088.44	2169.78	2294.38	2456.06	2624.94	2862.36	
3122.96	3341.04	3456.48	3545.88	3620.48	3640.88	3721.46	3737.92	3752.68	3757.96	3741.78	3710.00	3683.54	3670.38	3706.30	3729.26	
3747.44	3741.72	3736.02	3741.88	3728.36	3704.52	3663.88	3658.86	3636.68	3632.68	3652.08	3630.54	3607.70	3582.62	3563.86	3558.56	
3568.56	3564.30	3565.50	3546.84	3561.26	3578.32	3579.96	3580.02	3562.34	3582.18	3648.08	3704.68	3723.76	3752.56	3760.10	3779.42	
3795.22	3802.76	3805.92	3809.62	3809.30	3803.04	3794.66	3785.18	3788.52	3790.48	3797.50	3790.76	3780.32	3732.76	3711.88	3714.10	
3746.06	3744.80	3711.52	3639.46	3591.36	3579.86	3661.72	3730.66	3719.02	3685.22	3647.04	3685.38	3651.22	3640.54	3520.74	3592.52	
3603.70	3728.52	3742.40	3747.62	3755.26	3754.12	3768.30	3783.36	3801.96	3805.86	3788.20	3766.82	3745.06	3764.00	3789.96	3765.00	

*******************************************2024/08/21;06:01:18
Probe number 140
Concentration entered by User 2.60% at Temperature 29.82
1251.82	1269.10	1284.80	1302.90	1318.30	1335.96	1354.94	1373.68	1391.84	1410.98	1438.26	1457.78	1482.58	1499.02	1535.60	1573.10	
1611.74	1651.54	1680.96	1712.12	1752.10	1799.84	1852.20	1898.20	1954.50	2013.50	2091.72	2172.74	2299.86	2462.42	2635.56	2870.88	
3134.36	3351.62	3471.52	3557.48	3629.70	3648.44	3727.50	3743.74	3757.16	3762.54	3747.14	3716.42	3690.00	3677.12	3712.20	3734.88	
3752.50	3747.38	3741.56	3747.40	3734.14	3710.98	3671.42	3666.46	3644.44	3640.76	3659.40	3639.12	3616.34	3591.46	3572.26	3567.22	
3577.02	3573.10	3574.34	3555.36	3569.48	3585.98	3588.08	3587.86	3570.44	3589.84	3655.96	3710.84	3729.60	3757.50	3764.82	3783.32	
3798.38	3805.54	3808.58	3812.10	3811.66	3805.84	3797.84	3788.80	3791.92	3793.80	3800.48	3794.10	3784.18	3738.66	3717.28	3720.18	
3751.48	3749.68	3717.72	3646.84	3600.26	3588.16	3668.82	3736.18	3724.82	3692.54	3654.66	3692.02	3659.02	3648.06	3530.04	3601.10	
3611.72	3734.52	3747.86	3752.60	3759.94	3759.12	3772.58	3787.16	3804.64	3808.56	3791.52	3771.48	3750.18	3768.58	3793.48	3769.62	

*******************************************2024/08/21;06:06:17
Probe number 141
Concentration entered by User 2.72% at Temperature 29.82
1248.06	1264.80	1279.08	1297.94	1313.42	1331.46	1349.40	1367.98	1387.62	1406.12	1432.62	1450.74	1478.00	1494.84	1530.32	1562.40	
1601.70	1643.28	1672.68	1703.22	1746.54	1791.22	1844.28	1892.16	1934.80	1995.52	2076.98	2159.02	2280.46	2437.72	2618.10	2853.44	
3084.82	3328.16	3445.52	3531.82	3606.04	3624.42	3708.76	3726.56	3741.76	3747.02	3730.12	3695.98	3667.18	3654.54	3691.16	3716.10	
3735.82	3729.92	3723.50	3730.00	3715.62	3690.32	3647.22	3641.92	3619.06	3615.86	3635.48	3613.50	3589.22	3562.62	3543.98	3538.80	
3548.10	3544.94	3546.48	3526.28	3541.86	3559.60	3562.58	3561.72	3544.10	3564.06	3631.64	3689.84	3710.44	3741.22	3749.04	3770.46	
3787.74	3796.20	3799.60	3803.82	3803.48	3796.58	3787.26	3776.32	3780.50	3782.62	3790.46	3782.76	3770.98	3720.12	3697.26	3699.96	
3734.58	3732.42	3696.66	3621.02	3572.40	3559.78	3644.20	3717.40	3704.70	3669.20	3629.52	3669.28	3633.14	3622.32	3500.62	3573.18	
3584.72	3714.88	3730.52	3735.54	3743.40	3742.62	3757.80	3774.36	3795.16	3799.68	3779.52	3756.64	3732.78	3753.32	3782.10	3754.52	

*******************************************2024/08/21;06:11:18
Probe number 142
Concentration entered by User 2.62% at Temperature 29.81
1252.42	1269.70	1284.62	1303.14	1318.64	1336.74	1355.04	1373.30	1392.06	1412.44	1438.42	1458.48	1485.48	1505.14	1540.14	1570.34	
1609.28	1650.24	1679.08	1713.18	1757.18	1803.00	1849.68	1899.40	1952.40	2014.38	2092.72	2170.98	2293.20	2452.00	2633.28	2889.82	
3108.60	3349.66	3466.86	3556.30	3628.98	3648.62	3727.82	3744.44	3757.86	3762.78	3748.08	3717.46	3691.86	3678.14	3712.76	3734.96	
3752.72	3747.70	3742.16	3747.68	3734.32	3711.26	3671.90	3667.16	3644.98	3640.84	3659.96	3639.24	3617.08	3591.80	3572.94	3567.88	
3578.06	3574.26	3575.40	3556.40	3570.50	3587.24	3589.04	3588.36	3571.90	3590.58	3656.08	3711.14	3729.90	3757.74	3765.12	3783.66	
3798.74	3805.66	3808.78	3812.36	3812.00	3806.12	3798.18	3789.20	3792.22	3794.28	3800.74	3794.54	3784.56	3738.88	3718.08	3720.68	
3751.84	3750.14	3718.04	3647.92	3600.68	3589.16	3669.74	3736.58	3725.12	3693.18	3655.10	3692.86	3659.44	3648.70	3530.68	3601.76	
3612.68	3735.12	3748.26	3753.38	3760.30	3759.70	3772.90	3787.44	3804.92	3808.84	3792.08	3771.98	3750.58	3769.02	3793.82	3770.02	

*******************************************2024/08/21;06:16:18
Probe number 143
Concentration entered by User 2.55% at Temperature 29.80
1254.90	1271.94	1287.04	1305.68	1320.90	1339.52	1356.52	1375.16	1395.56	1415.18	1440.76	1460.48	1488.20	1506.86	1543.18	1574.66	
1612.70	1652.60	1683.28	1715.96	1759.48	1807.74	1857.22	1901.94	1956.30	2014.32	2092.36	2183.50	2305.36	2467.98	2643.02	2887.60	
3152.38	3377.34	3491.76	3574.96	3642.26	3660.76	3735.98	3751.28	3764.04	3769.56	3755.34	3726.32	3701.02	3688.10	3721.42	3742.80	
3759.48	3754.60	3749.96	3755.18	3742.34	3719.68	3682.64	3678.00	3657.10	3652.54	3671.74	3651.16	3629.00	3605.68	3586.80	3581.20	
3592.28	3586.98	3588.42	3570.82	3583.64	3599.60	3600.82	3600.50	3583.58	3602.24	3666.52	3720.08	3738.10	3764.92	3771.90	3788.90	
3802.98	3809.84	3812.74	3815.72	3815.80	3809.98	3802.88	3794.12	3797.08	3798.36	3805.14	3799.50	3790.28	3747.00	3726.74	3729.02	
3759.06	3757.46	3727.56	3660.20	3614.06	3602.40	3681.12	3745.06	3735.12	3703.88	3667.14	3703.16	3672.06	3661.30	3544.96	3615.66	
3625.82	3743.44	3756.10	3760.88	3768.02	3766.88	3779.86	3792.86	3809.18	3813.02	3797.24	3778.60	3758.78	3775.80	3798.76	3776.80	

*******************************************2024/08/21;06:21:18
Probe number 144
Concentration entered by User 2.55% at Temperature 29.80
1254.28	1271.26	1287.70	1306.00	1321.00	1339.24	1358.92	1376.66	1395.70	1415.28	1441.48	1461.32	1490.08	1507.60	1544.02	1576.22	
1616.54	1655.28	1682.48	1719.96	1761.16	1813.52	1861.28	1906.98	1960.04	2016.04	2095.08	2170.60	2302.50	2468.76	2653.58	2892.20	
3144.22	3386.42	3495.18	3576.98	3648.74	3667.00	3740.06	3754.82	3768.02	3772.84	3758.90	3730.56	3706.14	3693.06	3726.14	3746.64	
3763.34	3758.24	3753.64	3758.78	3746.38	3724.12	3687.48	3683.32	3662.24	3657.72	3676.28	3656.68	3634.06	3611.42	3591.84	3586.56	
3597.34	3592.70	3594.08	3576.12	3589.72	3605.24	3606.82	3606.04	3589.92	3609.08	3671.62	3724.52	3742.12	3768.12	3774.82	3791.30	
3804.92	3811.62	3814.24	3817.36	3817.08	3811.68	3804.66	3796.32	3799.14	3800.70	3806.92	3801.40	3792.40	3750.16	3730.58	3733.32	
3762.14	3760.52	3731.38	3664.60	3619.42	3607.88	3685.78	3748.64	3738.28	3707.96	3672.28	3707.70	3676.02	3666.22	3550.62	3620.68	
3631.22	3747.08	3759.24	3764.24	3770.74	3769.82	3782.24	3794.92	3810.80	3814.48	3799.06	3780.92	3761.78	3778.20	3800.70	3779.38	

*******************************************2024/08/21;06:26:17
Probe number 145
Concentration entered by User 2.62% at Temperature 29.80
1252.30	1269.10	1283.60	1302.48	1317.38	1335.82	1352.92	1371.90	1391.94	1410.92	1438.44	1456.52	1482.18	1500.92	1537.62	1570.56	
1609.30	1648.00	1675.34	1711.72	1753.22	1794.50	1846.10	1896.36	1949.80	2015.04	2091.42	2167.16	2288.98	2453.04	2632.20	2864.34	
3126.78	3360.74	3470.02	3552.86	3626.60	3645.52	3724.94	3740.94	3754.90	3760.12	3744.72	3713.20	3686.42	3673.60	3709.08	3731.84	
3749.76	3744.34	3738.34	3744.08	3730.86	3707.42	3667.06	3662.28	3639.90	3635.64	3655.16	3633.92	3611.08	3586.50	3567.62	3562.04	
3571.88	3567.88	3568.66	3549.78	3564.36	3581.62	3583.46	3582.66	3565.64	3585.18	3651.22	3706.94	3725.88	3754.42	3762.00	3781.18	
3796.40	3803.76	3806.84	3810.74	3810.36	3804.28	3796.02	3786.62	3789.92	3791.96	3798.66	3792.32	3781.90	3735.14	3713.80	3716.38	
3748.22	3746.66	3713.94	3642.32	3595.06	3582.98	3664.80	3732.80	3721.22	3688.68	3650.22	3688.22	3654.48	3643.78	3524.42	3596.22	
3606.82	3731.12	3744.64	3749.84	3757.06	3756.30	3770.18	3784.98	3803.14	3806.88	3789.52	3768.70	3747.20	3765.74	3791.54	3767.02	

*******************************************2024/08/21;06:31:18
Probe number 146
Concentration entered by User 2.58% at Temperature 29.80
1254.70	1270.92	1285.30	1304.04	1319.76	1337.42	1356.48	1375.42	1394.12	1413.14	1440.44	1459.96	1486.34	1503.60	1539.52	1572.38	
1612.36	1649.88	1680.32	1716.02	1759.22	1801.06	1853.42	1904.10	1957.08	2017.82	2098.24	2185.32	2299.06	2452.32	2641.12	2882.06	
3136.84	3358.28	3470.92	3562.80	3635.58	3655.14	3731.94	3747.62	3761.32	3766.42	3751.86	3722.66	3696.24	3683.58	3717.84	3739.52	
3756.86	3752.04	3746.50	3752.04	3739.12	3716.56	3677.76	3673.12	3651.46	3647.24	3666.52	3645.94	3623.46	3599.02	3580.18	3574.68	
3585.06	3580.76	3582.00	3563.24	3577.48	3594.12	3595.68	3595.08	3577.92	3597.56	3662.32	3716.46	3734.42	3761.76	3768.92	3786.68	
3800.96	3807.94	3810.96	3814.32	3814.02	3808.12	3800.64	3791.90	3794.84	3796.54	3803.14	3797.14	3787.66	3742.92	3722.56	3725.26	
3755.70	3754.14	3723.42	3654.38	3607.58	3595.36	3675.48	3740.90	3730.24	3698.66	3661.34	3698.52	3665.88	3655.50	3538.38	3609.04	
3619.52	3739.74	3752.18	3757.46	3764.40	3763.68	3776.52	3790.20	3807.30	3810.86	3794.62	3775.52	3755.00	3772.60	3796.26	3773.46	

*******************************************2024/08/21;06:36:17
Probe number 147
Concentration entered by User 2.53% at Temperature 29.80
1241.90	1259.14	1273.72	1292.62	1307.98	1325.20	1342.42	1360.44	1378.50	1398.34	1425.16	1444.02	1469.46	1488.16	1523.32	1554.78	
1593.70	1632.44	1662.18	1697.50	1738.32	1781.88	1830.82	1882.16	1934.62	1992.20	2073.24	2162.18	2297.16	2472.00	2665.24	2924.18	
3181.80	3407.14	3506.04	3567.78	3628.46	3643.74	3721.92	3737.78	3751.94	3756.82	3741.10	3708.70	3680.74	3667.68	3703.90	3726.72	
3745.18	3739.88	3733.80	3740.36	3726.66	3702.44	3660.66	3656.20	3633.48	3630.54	3650.04	3629.08	3605.40	3579.92	3560.48	3554.60	
3563.70	3560.10	3561.56	3542.42	3557.92	3575.06	3577.08	3576.94	3558.88	3578.26	3644.62	3701.80	3721.42	3750.16	3757.74	3777.48	
3793.60	3801.20	3804.24	3808.14	3807.74	3801.36	3792.56	3782.92	3786.52	3788.56	3795.88	3788.86	3777.74	3729.88	3707.76	3710.62	
3743.26	3741.68	3707.94	3634.46	3586.68	3575.34	3657.04	3727.72	3715.06	3682.22	3643.70	3680.96	3644.18	3632.14	3512.50	3582.80	
3594.22	3722.12	3736.14	3741.70	3750.06	3749.30	3763.78	3780.74	3799.88	3803.98	3785.72	3764.30	3741.48	3760.50	3787.64	3761.90	

*******************************************2024/08/21;06:41:17
Probe number 148
Concentration entered by User 2.54% at Temperature 29.85
1243.90	1260.36	1275.36	1293.68	1309.08	1326.80	1343.80	1361.78	1380.12	1399.66	1425.58	1445.34	1470.66	1489.00	1524.06	1556.00	
1594.60	1631.90	1661.56	1695.40	1735.68	1778.78	1828.62	1876.26	1929.88	1984.84	2062.48	2147.64	2279.76	2457.30	2661.20	2936.50	
3204.04	3431.86	3526.84	3579.40	3633.96	3648.82	3724.58	3739.82	3753.66	3758.52	3742.92	3710.52	3682.44	3668.92	3705.46	3728.30	
3746.10	3741.24	3735.48	3741.62	3727.50	3703.72	3662.86	3658.16	3635.88	3632.82	3651.48	3631.32	3608.08	3582.48	3562.98	3557.46	
3566.10	3563.02	3564.14	3543.90	3560.00	3577.58	3578.70	3578.28	3561.82	3581.12	3646.92	3703.48	3722.76	3751.32	3758.66	3778.30	
3794.10	3801.72	3804.78	3808.74	3808.50	3801.74	3793.26	3783.76	3787.28	3789.26	3796.44	3789.58	3778.84	3730.90	3709.32	3712.06	
3745.24	3742.96	3709.20	3636.82	3589.04	3576.96	3659.68	3729.30	3717.00	3683.88	3645.96	3682.68	3646.54	3634.96	3515.46	3585.60	
3597.40	3724.00	3737.94	3743.30	3751.38	3750.98	3764.98	3781.34	3800.44	3804.54	3786.52	3765.26	3742.80	3762.24	3788.74	3763.32	

*******************************************2024/08/21;06:46:17
Probe number 149
Concentration entered by User 2.68% at Temperature 29.95
1246.02	1262.62	1277.20	1296.88	1311.96	1329.54	1346.58	1365.38	1382.80	1401.94	1428.76	1447.90	1476.36	1493.58	1529.26	1560.92	
1599.74	1636.26	1665.82	1705.02	1746.40	1789.04	1840.60	1891.66	1936.10	1982.94	2071.24	2159.22	2282.46	2443.36	2632.88	2864.54	
3106.58	3363.76	3469.96	3546.38	3613.72	3633.30	3715.16	3732.22	3747.00	3752.60	3736.68	3704.26	3675.60	3662.88	3700.12	3723.68	
3742.40	3737.02	3731.34	3737.62	3723.06	3698.90	3657.32	3652.34	3630.24	3627.28	3645.98	3625.12	3601.84	3576.06	3556.72	3550.34	
3559.36	3555.90	3557.62	3538.42	3553.94	3571.38	3573.28	3572.38	3554.74	3575.34	3642.06	3699.00	3718.52	3748.02	3755.58	3775.86	
3792.12	3799.88	3803.10	3806.78	3806.62	3799.90	3791.20	3781.02	3785.20	3787.08	3794.54	3787.40	3776.22	3727.54	3705.34	3708.34	
3742.16	3739.94	3705.80	3631.24	3583.50	3571.42	3654.54	3725.12	3713.06	3679.92	3641.26	3678.86	3641.58	3630.10	3509.14	3581.10	
3592.78	3721.04	3734.82	3740.12	3748.56	3748.12	3762.34	3779.02	3798.88	3802.80	3784.10	3762.38	3739.22	3759.14	3786.48	3760.38	

*******************************************2024/08/21;06:51:18
Probe number 150
Concentration entered by User 2.38% at Temperature 30.04
1250.36	1267.38	1281.92	1300.84	1316.14	1334.06	1351.46	1369.86	1388.54	1408.02	1434.66	1453.90	1480.16	1498.32	1534.38	1566.06	
1606.06	1644.40	1673.72	1708.30	1749.40	1792.94	1843.90	1893.08	1946.08	2004.10	2083.14	2173.84	2311.76	2494.58	2703.74	2976.48	
3242.16	3463.34	3553.78	3606.08	3660.48	3674.32	3743.68	3757.08	3768.86	3773.50	3759.84	3731.60	3706.18	3693.50	3726.58	3747.06	
3763.02	3758.86	3753.68	3759.10	3746.88	3725.08	3688.40	3684.50	3663.24	3658.60	3677.70	3658.82	3636.62	3613.94	3594.12	3587.82	
3597.34	3592.62	3594.96	3577.72	3590.96	3606.36	3607.44	3606.38	3589.40	3607.94	3671.42	3724.42	3742.10	3767.86	3774.36	3791.00	
3804.50	3811.14	3813.64	3816.74	3816.58	3810.92	3803.76	3795.74	3798.30	3800.02	3806.30	3800.86	3792.08	3749.58	3730.00	3732.26	
3762.16	3760.52	3730.94	3664.16	3619.72	3608.44	3685.88	3749.00	3739.52	3710.82	3676.62	3710.12	3677.82	3666.70	3553.02	3621.10	
3631.44	3746.66	3757.82	3762.42	3769.64	3768.68	3780.64	3794.20	3810.32	3813.98	3798.66	3780.46	3761.12	3778.04	3800.08	3779.16	

*******************************************2024/08/21;06:56:17
Probe number 151
Concentration entered by User 2.66% at Temperature 30.03
1247.44	1264.12	1278.26	1297.32	1313.12	1330.54	1347.62	1365.68	1384.72	1403.54	1429.30	1449.76	1476.30	1493.10	1530.32	1563.30	
1600.36	1639.18	1668.76	1700.84	1741.82	1788.04	1840.26	1892.04	1936.38	1995.64	2069.46	2157.06	2281.04	2438.76	2609.64	2880.34	
3145.44	3378.02	3479.74	3553.88	3619.20	3636.50	3715.74	3731.94	3746.80	3752.00	3736.18	3703.34	3675.16	3662.36	3699.60	3722.80	
3741.72	3736.16	3729.98	3736.66	3722.16	3698.24	3656.26	3651.90	3628.42	3625.42	3644.92	3624.26	3600.58	3574.62	3555.64	3549.58	
3557.80	3554.64	3556.66	3537.56	3553.22	3570.82	3572.12	3571.68	3553.86	3573.64	3640.48	3697.92	3717.80	3746.98	3754.66	3775.12	
3791.54	3799.38	3802.36	3806.22	3806.00	3799.38	3790.38	3780.46	3784.14	3786.12	3793.58	3786.46	3775.54	3726.24	3704.38	3707.22	
3741.08	3738.74	3704.50	3629.84	3582.18	3569.40	3653.80	3724.84	3712.78	3679.68	3641.70	3679.32	3642.50	3631.96	3511.94	3583.04	
3593.74	3721.46	3734.96	3740.10	3748.14	3747.78	3762.10	3778.46	3798.22	3802.64	3783.58	3761.90	3738.54	3758.76	3786.12	3759.88	

*******************************************2024/08/21;07:01:18
Probe number 152
Concentration entered by User 2.44% at Temperature 30.08
1247.64	1265.16	1279.40	1298.26	1313.10	1330.96	1348.62	1366.46	1384.88	1404.28	1430.92	1450.22	1476.36	1494.40	1530.38	1561.76	
1600.80	1639.52	1669.14	1703.56	1742.94	1787.30	1837.68	1887.02	1938.64	1997.14	2075.78	2164.74	2298.58	2476.58	2685.04	2960.46	
3228.36	3452.60	3543.96	3593.16	3647.58	3661.62	3733.62	3747.78	3761.10	3765.28	3750.50	3720.18	3693.72	3680.16	3715.08	3736.90	
3754.06	3748.84	3743.60	3749.34	3735.50	3713.18	3673.46	3669.18	3647.08	3643.04	3662.66	3642.38	3620.12	3595.44	3576.04	3569.86	
3578.02	3574.16	3576.96	3558.04	3573.02	3589.52	3591.20	3590.52	3573.80	3592.60	3657.34	3712.30	3730.90	3758.66	3765.52	3783.76	
3798.50	3805.84	3808.54	3812.04	3811.68	3805.64	3797.62	3789.04	3792.00	3793.68	3800.50	3794.50	3784.46	3738.82	3718.06	3721.08	
3752.60	3750.60	3718.60	3648.04	3602.10	3590.00	3670.22	3737.96	3726.34	3695.60	3658.86	3694.84	3660.10	3650.06	3533.02	3603.42	
3613.18	3734.32	3746.90	3752.30	3759.90	3759.44	3772.22	3786.66	3804.60	3808.70	3791.74	3772.08	3750.96	3768.94	3793.86	3770.24	

*******************************************2024/08/21;07:06:18
Probe number 153
Concentration entered by User 2.55% at Temperature 30.07
1251.50	1268.84	1284.24	1302.16	1316.46	1335.40	1354.14	1371.60	1390.00	1409.92	1437.28	1456.14	1481.86	1498.66	1534.64	1567.50	
1609.34	1647.80	1680.42	1714.70	1755.96	1799.82	1851.82	1898.54	1957.26	2011.78	2089.48	2169.74	2299.68	2470.04	2637.08	2897.86	
3159.34	3391.90	3502.10	3572.46	3638.58	3655.96	3731.76	3747.30	3760.90	3766.04	3751.66	3721.78	3695.94	3683.68	3717.88	3739.88	
3756.92	3751.68	3746.72	3752.32	3739.30	3717.20	3678.24	3673.86	3652.00	3648.24	3667.68	3648.10	3625.84	3601.48	3581.56	3575.42	
3584.30	3580.92	3583.18	3564.08	3579.24	3595.80	3596.92	3596.86	3580.22	3599.06	3663.12	3717.22	3735.66	3762.22	3768.82	3786.78	
3800.98	3807.86	3810.44	3813.96	3813.58	3807.72	3800.04	3791.60	3794.42	3796.20	3802.64	3796.82	3787.46	3742.78	3722.58	3725.08	
3756.52	3754.72	3723.42	3654.34	3609.12	3596.98	3676.62	3742.22	3731.18	3700.98	3664.94	3700.54	3667.30	3656.52	3540.18	3611.26	
3620.68	3739.88	3751.76	3756.72	3763.68	3763.02	3776.02	3789.72	3806.72	3810.90	3794.56	3775.30	3754.88	3772.42	3796.44	3773.74	

*******************************************2024/08/21;07:11:18
Probe number 154
Concentration entered by User 2.46% at Temperature 30.07
1247.22	1264.32	1279.12	1297.50	1312.82	1330.24	1347.86	1365.74	1384.04	1403.58	1429.88	1448.58	1474.26	1492.90	1527.72	1559.50	
1598.60	1637.28	1666.86	1701.22	1740.50	1784.28	1835.30	1884.86	1937.54	1995.46	2074.38	2164.04	2300.00	2476.08	2680.00	2953.24	
3219.76	3443.14	3533.82	3585.74	3640.64	3654.26	3728.70	3743.18	3756.90	3761.36	3746.04	3714.38	3687.10	3673.90	3709.38	3731.84	
3749.84	3744.00	3738.46	3744.16	3730.48	3708.16	3666.92	3662.08	3639.30	3635.82	3654.80	3635.56	3612.36	3586.72	3567.66	3561.46	
3569.68	3566.30	3568.38	3549.22	3564.66	3581.12	3582.94	3582.76	3565.12	3584.84	3650.48	3706.20	3725.48	3753.86	3760.84	3780.00	
3795.72	3802.90	3806.02	3809.72	3809.16	3803.08	3794.90	3785.60	3788.72	3790.64	3797.68	3791.30	3781.02	3733.44	3712.14	3715.10	
3747.66	3745.64	3712.90	3640.68	3593.80	3582.06	3663.32	3732.40	3721.04	3688.50	3651.26	3688.50	3653.54	3642.92	3524.56	3595.38	
3605.46	3729.90	3742.92	3747.64	3754.86	3754.70	3768.22	3783.24	3801.88	3806.22	3788.40	3767.66	3745.44	3764.60	3790.74	3765.66	

*******************************************2024/08/21;07:16:18
Probe number 155
Concentration entered by User 2.53% at Temperature 30.03
1252.94	1269.64	1284.92	1303.52	1318.36	1336.18	1353.70	1371.52	1390.46	1409.92	1436.92	1455.88	1481.62	1499.62	1535.18	1566.30	
1606.30	1645.38	1674.66	1709.12	1750.28	1795.26	1845.10	1894.44	1946.26	2002.94	2082.08	2167.86	2299.48	2465.74	2653.02	2911.00	
3179.52	3411.42	3516.54	3582.16	3644.70	3660.94	3734.08	3749.20	3761.84	3767.00	3752.80	3722.98	3696.66	3683.90	3718.08	3739.80	
3756.48	3752.10	3746.74	3752.50	3739.12	3716.94	3678.92	3673.96	3652.12	3648.36	3667.22	3647.84	3625.88	3601.40	3581.92	3575.72	
3584.78	3581.30	3582.76	3564.46	3579.42	3595.48	3596.84	3596.58	3579.52	3598.78	3662.18	3716.40	3734.86	3761.66	3768.50	3785.96	
3800.48	3807.40	3810.08	3813.70	3813.36	3807.44	3799.88	3791.24	3794.20	3795.84	3802.50	3796.50	3787.02	3742.16	3722.14	3725.16	
3755.70	3754.18	3722.92	3653.88	3608.06	3596.24	3675.74	3741.66	3730.56	3699.90	3663.90	3699.72	3666.04	3655.52	3539.26	3609.42	
3619.46	3739.30	3751.54	3756.10	3763.02	3762.46	3775.36	3789.50	3806.58	3810.66	3794.08	3774.88	3754.12	3772.10	3796.10	3773.38	

*******************************************2024/08/21;07:21:17
Probe number 156
Concentration entered by User 2.54% at Temperature 29.99
1246.06	1262.90	1277.88	1296.22	1311.36	1328.56	1346.08	1363.68	1381.70	1400.62	1427.16	1446.54	1472.50	1490.34	1525.14	1556.86	
1596.12	1634.10	1662.72	1697.18	1736.42	1778.18	1829.08	1879.24	1931.32	1988.24	2066.28	2153.30	2285.94	2462.42	2662.84	2931.08	
3191.94	3415.80	3512.22	3568.48	3626.30	3639.72	3717.54	3733.86	3748.14	3753.00	3737.06	3703.78	3675.66	3661.30	3698.12	3721.44	
3740.54	3735.18	3728.72	3735.26	3720.74	3696.80	3654.38	3649.30	3625.42	3622.46	3641.92	3621.30	3597.72	3571.30	3552.04	3546.14	
3553.94	3551.12	3552.94	3533.04	3548.96	3567.18	3568.96	3568.38	3550.64	3569.94	3637.22	3694.88	3714.56	3744.78	3752.00	3772.94	
3789.86	3797.84	3801.00	3805.18	3804.60	3797.96	3789.18	3778.78	3782.48	3784.76	3792.20	3785.30	3773.48	3723.14	3701.10	3704.30	
3738.48	3736.42	3701.94	3626.62	3578.84	3566.26	3649.94	3722.20	3709.20	3676.12	3637.22	3675.78	3638.94	3628.50	3507.58	3579.58	
3590.34	3719.24	3733.10	3738.06	3746.16	3745.48	3759.86	3776.32	3796.70	3801.48	3781.74	3759.54	3735.96	3756.24	3784.26	3757.70	

*******************************************2024/08/21;07:26:18
Probe number 157
Concentration entered by User 2.53% at Temperature 29.98
1253.74	1271.14	1286.16	1304.52	1319.88	1337.38	1356.74	1374.08	1391.54	1411.56	1439.20	1457.94	1483.62	1503.44	1539.30	1572.52	
1611.04	1650.84	1681.80	1714.64	1755.02	1800.48	1845.68	1901.16	1958.50	2011.92	2093.28	2173.26	2298.54	2466.02	2644.60	2906.40	
3164.22	3395.26	3512.76	3581.48	3644.76	3661.74	3734.90	3750.00	3763.04	3767.86	3754.08	3724.92	3699.38	3686.30	3720.42	3741.74	
3758.68	3753.88	3748.34	3753.98	3741.12	3719.38	3681.22	3676.92	3654.60	3650.82	3669.42	3650.54	3628.58	3604.42	3584.86	3578.38	
3587.36	3584.08	3585.98	3567.80	3582.24	3599.00	3599.74	3599.62	3582.76	3601.46	3665.40	3719.08	3736.78	3763.02	3769.92	3787.60	
3801.60	3808.44	3811.16	3814.60	3814.10	3808.58	3801.08	3792.90	3795.48	3797.34	3803.72	3797.92	3788.56	3744.56	3724.28	3727.12	
3757.94	3755.86	3725.58	3656.54	3611.72	3599.46	3678.04	3743.60	3733.04	3702.46	3667.04	3702.56	3669.22	3658.90	3542.66	3613.00	
3623.14	3742.06	3753.40	3758.18	3765.02	3764.28	3776.88	3790.90	3807.58	3811.84	3795.60	3776.60	3756.46	3773.80	3797.52	3775.00	

*******************************************2024/08/21;07:31:18
Probe number 158
Concentration entered by User 2.57% at Temperature 29.97
1253.42	1270.76	1284.94	1304.08	1319.10	1337.68	1354.38	1372.00	1390.86	1411.66	1437.48	1457.80	1485.32	1504.76	1538.68	1568.18	
1607.04	1646.48	1681.68	1713.94	1750.60	1794.64	1845.24	1895.66	1945.96	2010.94	2078.76	2168.90	2291.14	2465.32	2652.84	2899.86	
3148.78	3383.50	3491.00	3569.82	3635.36	3652.38	3729.26	3744.78	3758.32	3763.66	3749.40	3718.84	3692.82	3679.28	3714.62	3736.52	
3754.22	3749.26	3743.82	3749.42	3736.22	3714.18	3675.06	3669.84	3647.74	3643.94	3662.76	3642.10	3621.12	3596.12	3576.80	3570.44	
3579.02	3576.16	3578.60	3559.14	3574.72	3591.32	3592.96	3592.18	3574.50	3593.74	3658.58	3712.58	3731.32	3758.88	3765.82	3784.08	
3798.86	3806.04	3808.70	3812.40	3811.88	3806.10	3798.14	3789.46	3792.62	3794.62	3801.18	3794.84	3785.30	3739.32	3718.62	3722.04	
3753.34	3751.42	3719.88	3649.28	3603.58	3591.44	3671.60	3738.82	3727.28	3696.74	3660.04	3696.58	3662.84	3652.22	3534.54	3606.12	
3615.80	3736.72	3749.06	3753.58	3760.58	3759.94	3772.92	3787.52	3805.08	3809.20	3792.36	3772.68	3751.56	3769.88	3794.54	3771.08	

*******************************************2024/08/21;07:36:18
Probe number 159
Concentration entered by User 2.46% at Temperature 29.92
1249.28	1266.66	1281.40	1299.68	1315.48	1332.66	1350.56	1368.48	1386.04	1405.60	1432.32	1451.12	1476.56	1494.76	1530.74	1562.42	
1601.74	1640.18	1668.44	1702.60	1742.30	1785.52	1836.96	1886.22	1938.52	1995.88	2074.26	2163.76	2296.82	2473.06	2679.42	2955.32	
3217.18	3441.84	3536.24	3588.34	3641.68	3654.72	3729.40	3744.02	3757.42	3761.96	3746.80	3715.38	3687.70	3674.20	3709.52	3731.70	
3749.78	3744.04	3738.66	3744.52	3730.44	3707.52	3667.16	3662.06	3639.24	3635.70	3654.68	3634.60	3611.98	3586.80	3566.84	3561.24	
3569.56	3565.78	3568.14	3548.12	3564.40	3581.38	3583.66	3582.48	3565.62	3584.12	3650.14	3705.58	3724.92	3753.34	3760.84	3780.10	
3795.52	3802.96	3806.08	3809.72	3809.18	3803.06	3794.90	3785.72	3788.88	3790.86	3797.80	3791.18	3780.96	3733.52	3712.02	3715.56	
3747.86	3745.80	3713.14	3640.76	3593.42	3581.78	3663.04	3732.18	3720.10	3688.14	3651.10	3688.64	3653.54	3643.18	3523.50	3595.06	
3605.72	3730.56	3743.32	3747.98	3755.00	3754.50	3767.98	3783.26	3802.02	3806.32	3788.32	3767.60	3745.26	3764.78	3790.62	3765.90	

*******************************************2024/08/21;07:41:17
Probe number 160
Concentration entered by User 2.72% at Temperature 29.89
1246.40	1264.10	1278.34	1297.08	1312.26	1331.06	1347.34	1366.38	1384.08	1403.22	1428.74	1448.32	1473.10	1489.98	1526.58	1558.86	
1597.08	1638.38	1664.90	1698.46	1739.92	1783.00	1834.04	1890.68	1940.30	1991.64	2069.52	2144.04	2262.08	2419.22	2604.92	2871.84	
3133.56	3347.98	3465.52	3537.20	3603.06	3620.76	3705.26	3721.98	3737.38	3742.34	3725.78	3691.10	3662.64	3648.40	3686.30	3711.06	
3731.54	3725.50	3718.80	3725.50	3710.70	3685.88	3641.86	3636.24	3612.74	3609.54	3628.16	3607.50	3583.58	3556.66	3538.14	3531.36	
3539.70	3537.10	3539.00	3518.48	3535.54	3554.56	3557.02	3556.04	3537.60	3557.24	3625.34	3684.20	3704.76	3736.28	3744.38	3766.64	
3784.54	3793.08	3796.52	3800.98	3800.54	3793.30	3783.58	3772.60	3776.76	3779.10	3787.06	3778.82	3766.64	3713.90	3691.24	3694.74	
3730.34	3728.00	3691.26	3613.86	3565.42	3552.36	3637.30	3712.66	3699.74	3664.34	3625.18	3665.52	3627.84	3616.88	3493.80	3566.66	
3577.90	3710.94	3724.98	3729.50	3737.86	3737.08	3752.16	3770.20	3791.88	3796.92	3775.76	3752.04	3727.14	3748.68	3778.68	3750.58	

*******************************************2024/08/21;07:46:17
Probe number 161
Concentration entered by User 2.50% at Temperature 29.90
1249.66	1266.44	1281.08	1300.04	1315.34	1332.82	1350.06	1367.78	1386.26	1405.36	1431.80	1450.34	1475.70	1494.28	1529.94	1561.98	
1601.16	1638.52	1667.86	1700.82	1740.90	1785.00	1835.06	1885.10	1939.24	1994.08	2072.08	2161.14	2293.80	2468.30	2670.04	2937.84	
3200.58	3428.58	3525.96	3581.14	3637.90	3651.50	3727.28	3742.32	3755.56	3760.06	3744.22	3712.68	3685.94	3672.30	3707.72	3730.32	
3748.26	3743.04	3737.26	3743.38	3729.22	3706.24	3665.70	3660.74	3637.96	3634.54	3653.28	3633.04	3610.66	3585.42	3566.04	3559.66	
3567.86	3564.44	3566.00	3546.74	3562.18	3580.46	3582.26	3581.46	3563.78	3583.62	3648.56	3704.72	3723.98	3752.50	3759.96	3779.36	
3795.08	3802.28	3805.28	3809.24	3808.60	3802.60	3794.38	3784.86	3788.32	3789.98	3797.18	3790.60	3779.96	3732.60	3711.02	3713.76	
3746.84	3744.98	3711.52	3639.02	3592.52	3579.92	3661.46	3731.08	3719.28	3686.88	3650.04	3688.04	3652.34	3641.80	3522.24	3593.46	
3604.70	3729.42	3742.54	3747.12	3753.74	3753.28	3766.98	3782.72	3801.42	3805.82	3787.74	3766.60	3744.44	3763.64	3789.88	3765.18	

*******************************************2024/08/21;07:51:18
Probe number 162
Concentration entered by User 2.40% at Temperature 29.85
1253.14	1271.02	1285.66	1304.54	1320.06	1337.58	1355.38	1373.24	1391.90	1411.22	1437.66	1456.82	1482.92	1500.60	1536.30	1568.64	
1608.76	1647.42	1676.56	1711.22	1752.18	1795.48	1845.28	1896.12	1951.54	2009.80	2088.08	2177.18	2313.08	2491.54	2688.16	2958.56	
3222.90	3453.06	3550.72	3604.22	3658.68	3672.76	3742.46	3756.14	3767.88	3772.06	3758.06	3729.64	3704.40	3691.24	3724.54	3745.06	
3761.40	3756.90	3751.22	3756.70	3744.22	3722.74	3685.62	3681.32	3659.38	3654.66	3674.10	3654.76	3633.22	3610.06	3590.02	3584.20	
3593.32	3588.26	3590.66	3572.84	3587.14	3603.06	3604.14	3603.62	3586.30	3604.68	3668.16	3721.52	3738.74	3765.76	3772.24	3789.48	
3803.18	3809.94	3812.46	3815.70	3815.52	3809.86	3802.66	3794.50	3797.00	3798.48	3805.04	3799.38	3790.68	3747.58	3727.48	3730.12	
3760.24	3758.84	3728.56	3661.38	3616.94	3604.22	3682.16	3746.34	3735.82	3706.30	3671.10	3705.76	3674.00	3663.06	3548.22	3617.48	
3627.56	3745.00	3756.94	3761.10	3767.60	3766.80	3779.24	3792.86	3809.08	3813.12	3797.34	3779.02	3758.86	3775.88	3799.00	3777.38	

*******************************************2024/08/21;07:56:17
Probe number 163
Concentration entered by User 2.52% at Temperature 29.85
1247.40	1264.66	1279.08	1298.00	1313.04	1330.36	1347.86	1366.06	1384.24	1402.84	1428.80	1448.26	1473.42	1491.66	1527.24	1558.90	
1597.70	1635.86	1664.00	1698.74	1738.24	1781.28	1832.32	1883.08	1936.40	1994.46	2073.02	2159.08	2290.78	2465.68	2665.50	2933.64	
3198.16	3422.88	3517.46	3571.82	3628.10	3642.64	3719.76	3735.30	3749.18	3753.72	3737.26	3704.30	3676.38	3662.48	3698.92	3722.28	
3741.26	3735.74	3728.98	3735.76	3720.84	3696.92	3655.52	3649.84	3626.42	3622.98	3642.10	3621.48	3598.42	3572.36	3553.02	3546.20	
3553.94	3551.64	3553.32	3533.00	3549.94	3568.14	3570.32	3569.20	3551.30	3571.24	3637.30	3694.86	3714.80	3744.74	3752.58	3773.78	
3790.30	3798.46	3801.28	3805.40	3804.76	3798.28	3789.62	3779.48	3782.86	3785.28	3792.62	3785.30	3774.14	3724.00	3701.94	3705.46	
3739.46	3737.84	3702.50	3627.16	3579.44	3567.44	3650.28	3722.32	3709.90	3677.42	3637.68	3676.76	3639.68	3629.08	3508.34	3580.54	
3591.62	3720.12	3735.56	3739.22	3746.64	3746.40	3760.20	3776.92	3796.94	3801.64	3781.96	3760.18	3736.16	3756.62	3784.68	3758.44	

*******************************************2024/08/21;08:01:18
Probe number 164
Concentration entered by User 2.55% at Temperature 29.83
1254.02	1271.08	1286.34	1305.04	1320.00	1337.68	1354.88	1373.56	1391.88	1412.00	1439.00	1458.78	1484.80	1501.76	1537.08	1571.04	
1610.96	1647.20	1677.26	1712.24	1752.98	1796.98	1847.68	1899.52	1951.30	2007.04	2094.18	2173.06	2298.68	2446.62	2642.74	2899.18	
3165.34	3401.10	3513.68	3576.12	3639.70	3656.12	3731.26	3746.48	3759.32	3764.10	3749.36	3719.42	3693.46	3680.36	3714.90	3736.46	
3753.60	3748.84	3743.40	3749.42	3736.20	3714.34	3675.18	3670.38	3647.42	3643.14	3661.80	3642.08	3621.00	3596.70	3576.56	3570.32	
3579.24	3574.20	3576.60	3557.56	3573.86	3590.78	3592.34	3591.32	3574.08	3593.32	3657.78	3712.42	3730.76	3758.54	3765.20	3784.06	
3798.86	3805.78	3808.78	3812.30	3811.72	3806.10	3798.12	3789.24	3792.24	3793.82	3800.74	3794.56	3784.96	3739.24	3718.40	3721.62	
3752.94	3751.32	3719.22	3648.94	3602.64	3589.90	3670.02	3737.52	3726.22	3695.10	3658.44	3695.06	3661.16	3650.58	3533.08	3604.60	
3615.52	3736.66	3749.12	3753.40	3760.26	3759.50	3772.76	3787.34	3804.80	3808.92	3792.12	3772.38	3750.98	3769.14	3794.02	3770.78	

*******************************************2024/08/21;08:06:17
Probe number 165
Concentration entered by User 2.55% at Temperature 29.84
1246.46	1263.80	1278.54	1296.80	1311.76	1329.22	1346.42	1364.30	1382.32	1401.50	1427.68	1446.44	1472.44	1489.76	1525.04	1556.10	
1595.64	1632.80	1661.30	1695.36	1735.16	1776.94	1828.34	1878.56	1929.84	1987.08	2066.62	2154.44	2284.16	2458.60	2658.24	2923.70	
3190.82	3415.28	3510.10	3563.26	3619.98	3633.84	3713.42	3729.88	3743.40	3747.74	3731.08	3697.28	3668.64	3654.70	3691.26	3715.52	
3734.90	3728.98	3722.36	3729.42	3714.28	3689.56	3647.00	3641.46	3616.64	3613.48	3632.32	3611.86	3588.64	3562.18	3542.32	3536.06	
3543.48	3539.68	3542.10	3522.10	3539.56	3558.08	3561.06	3559.08	3540.78	3560.50	3627.82	3686.72	3706.86	3737.94	3745.88	3768.12	
3785.94	3794.34	3797.64	3801.82	3801.26	3794.34	3784.76	3774.02	3778.12	3780.08	3787.86	3780.22	3768.10	3717.10	3693.78	3697.28	
3732.40	3730.30	3693.98	3617.10	3569.08	3555.22	3639.72	3714.16	3701.48	3666.50	3627.26	3667.06	3629.52	3618.94	3496.46	3568.88	
3580.88	3712.80	3727.36	3731.56	3739.68	3739.06	3753.76	3771.60	3792.82	3797.58	3776.86	3753.94	3729.36	3750.28	3779.78	3752.14	

*******************************************2024/08/21;08:11:17
Probe number 166
Concentration entered by User 2.68% at Temperature 29.81
1248.96	1266.18	1282.38	1300.36	1315.44	1332.00	1349.64	1367.64	1385.72	1406.10	1432.42	1451.50	1475.74	1495.22	1530.34	1561.34	
1599.36	1639.16	1666.18	1701.50	1741.58	1783.66	1835.68	1880.60	1938.36	1995.74	2071.76	2154.18	2272.76	2443.34	2624.96	2862.52	
3114.28	3363.16	3476.30	3550.46	3613.62	3629.76	3711.14	3727.80	3742.20	3746.96	3730.36	3697.04	3669.42	3655.36	3692.90	3716.20	
3736.40	3730.74	3723.90	3730.46	3715.90	3691.82	3649.06	3644.08	3619.52	3616.08	3634.78	3613.80	3591.60	3565.76	3545.86	3539.22	
3547.42	3543.04	3545.54	3526.80	3543.28	3562.02	3564.74	3562.88	3544.56	3564.34	3630.54	3689.22	3709.24	3739.94	3747.82	3769.96	
3787.52	3795.62	3798.96	3803.24	3802.42	3795.78	3786.32	3775.76	3779.76	3781.80	3789.50	3781.80	3770.16	3719.36	3696.34	3699.84	
3734.42	3732.62	3696.32	3620.62	3571.88	3559.16	3642.54	3717.06	3704.06	3669.52	3630.30	3670.12	3633.18	3622.00	3500.02	3573.48	
3585.26	3715.82	3729.82	3734.40	3741.80	3741.72	3755.96	3773.52	3794.12	3799.00	3778.62	3756.10	3731.84	3752.42	3781.16	3754.22	

*******************************************2024/08/21;08:16:17
Probe number 167
Concentration entered by User 2.47% at Temperature 29.81
1251.38	1268.38	1283.00	1302.04	1317.00	1334.18	1351.96	1369.58	1387.86	1407.02	1433.06	1452.20	1478.06	1496.34	1531.66	1563.76	
1602.50	1640.98	1670.02	1704.36	1744.10	1787.70	1838.46	1889.42	1942.52	2002.88	2082.98	2169.22	2300.86	2473.54	2670.44	2936.68	
3202.82	3433.74	3530.08	3585.74	3641.98	3656.06	3730.38	3745.62	3757.98	3762.02	3746.74	3716.34	3689.40	3676.06	3710.74	3732.58	
3750.26	3745.00	3739.26	3745.34	3731.98	3708.80	3669.18	3664.40	3640.66	3637.00	3654.76	3635.32	3613.72	3589.02	3569.10	3562.40	
3570.56	3566.14	3568.16	3549.30	3565.48	3583.16	3585.20	3583.64	3565.46	3585.16	3650.30	3705.74	3725.16	3753.48	3760.44	3780.32	
3795.94	3803.22	3806.20	3809.86	3809.20	3803.16	3795.20	3785.76	3789.04	3790.94	3797.88	3791.22	3780.94	3733.96	3712.50	3716.06	
3747.96	3746.14	3713.24	3641.28	3594.64	3581.46	3662.52	3731.88	3720.40	3687.78	3650.42	3688.22	3653.12	3642.22	3523.70	3595.08	
3606.86	3730.64	3744.06	3748.58	3755.76	3754.84	3768.08	3783.60	3801.94	3806.26	3788.52	3768.00	3745.60	3764.54	3790.52	3766.28	

*******************************************2024/08/21;08:21:17
Probe number 168
Concentration entered by User 2.69% at Temperature 29.79
1250.30	1267.04	1282.00	1300.44	1315.66	1332.64	1349.82	1368.32	1386.68	1405.56	1431.26	1451.80	1477.00	1494.42	1529.30	1561.46	
1603.64	1641.12	1671.78	1703.00	1742.22	1785.12	1842.98	1887.60	1935.66	1993.58	2077.78	2156.24	2285.84	2433.56	2604.98	2860.22	
3125.08	3353.68	3465.52	3538.24	3609.90	3628.80	3711.34	3728.70	3742.92	3747.74	3731.88	3699.10	3671.12	3657.38	3693.94	3718.64	
3737.84	3731.88	3725.80	3732.18	3718.12	3694.04	3651.70	3645.98	3621.72	3618.74	3636.84	3617.04	3594.52	3567.96	3548.86	3542.78	
3550.38	3546.22	3548.18	3527.90	3545.40	3564.16	3566.52	3564.96	3546.84	3566.72	3633.18	3691.18	3711.42	3741.64	3749.40	3771.38	
3788.64	3796.50	3799.98	3803.88	3803.18	3796.62	3787.24	3776.92	3780.86	3782.68	3790.46	3783.04	3771.38	3720.90	3698.48	3701.68	
3736.10	3734.08	3698.64	3622.88	3575.00	3561.46	3645.02	3718.92	3706.18	3672.02	3632.86	3672.56	3635.62	3624.60	3503.36	3575.78	
3587.70	3717.72	3731.98	3736.34	3743.72	3743.18	3757.46	3774.50	3795.08	3800.04	3779.72	3757.58	3733.08	3753.92	3782.66	3755.88	

*******************************************2024/08/21;08:26:18
Probe number 169
Concentration entered by User 2.53% at Temperature 29.79
1249.06	1266.06	1280.72	1298.92	1314.14	1331.78	1348.72	1366.50	1385.08	1404.12	1430.14	1448.98	1474.76	1492.74	1528.44	1559.90	
1598.96	1637.02	1665.98	1699.60	1739.34	1782.50	1832.94	1883.80	1936.10	1995.72	2074.00	2159.64	2288.58	2462.90	2661.02	2926.88	
3189.06	3416.82	3515.38	3572.12	3629.86	3645.52	3721.78	3737.70	3750.66	3755.30	3739.14	3707.70	3679.80	3665.62	3701.20	3724.40	
3743.16	3737.76	3731.68	3738.00	3724.18	3700.12	3659.32	3654.06	3630.16	3625.74	3645.40	3624.82	3602.76	3577.62	3557.38	3551.22	
3558.92	3554.36	3556.54	3536.92	3553.50	3571.32	3572.70	3571.80	3553.40	3572.64	3639.50	3697.22	3716.98	3746.84	3754.14	3775.16	
3791.62	3799.30	3802.44	3806.26	3805.80	3799.40	3790.68	3780.92	3784.36	3786.06	3793.58	3786.84	3775.84	3726.36	3704.00	3707.42	
3740.94	3739.32	3704.90	3630.78	3583.82	3569.46	3652.58	3724.48	3712.38	3679.16	3640.66	3678.96	3643.36	3632.02	3511.54	3583.72	
3595.54	3723.38	3737.08	3741.82	3749.32	3748.46	3762.52	3778.56	3798.02	3802.82	3783.86	3762.26	3738.44	3758.32	3786.02	3760.26	

*******************************************2024/08/21;08:31:17
Probe number 170
Concentration entered by User 2.62% at Temperature 29.77
1252.64	1269.94	1285.50	1305.12	1320.02	1337.78	1355.28	1372.02	1391.16	1410.38	1437.58	1456.04	1481.32	1500.52	1534.20	1567.14	
1607.86	1645.64	1674.54	1706.34	1746.14	1795.52	1850.88	1897.34	1944.08	1999.92	2075.40	2156.56	2291.44	2451.64	2631.98	2887.66	
3147.30	3380.56	3496.52	3568.04	3631.78	3648.64	3726.02	3741.92	3754.50	3759.52	3744.46	3714.12	3687.36	3673.74	3708.82	3731.36	
3749.54	3744.08	3738.30	3744.40	3731.26	3708.28	3668.50	3663.22	3639.58	3635.38	3654.88	3635.44	3613.22	3588.76	3568.36	3562.42	
3570.50	3565.52	3567.64	3548.20	3565.40	3583.32	3585.26	3584.44	3565.84	3585.52	3650.14	3706.24	3725.02	3753.70	3760.84	3780.28	
3795.84	3803.16	3806.24	3809.64	3809.32	3803.34	3795.00	3785.70	3789.20	3790.92	3797.46	3791.28	3780.94	3733.64	3712.50	3715.94	
3748.18	3746.24	3713.14	3640.78	3594.12	3581.20	3662.32	3731.94	3720.24	3688.14	3650.34	3687.90	3653.06	3642.60	3523.56	3595.02	
3606.56	3731.22	3744.48	3748.76	3755.34	3754.68	3768.16	3783.86	3801.96	3806.34	3788.62	3768.06	3745.58	3764.72	3790.80	3766.26	

*******************************************2024/08/21;08:36:18
Probe number 171
Concentration entered by User 2.46% at Temperature 29.78
1253.24	1270.50	1285.20	1303.74	1319.68	1337.44	1355.04	1372.76	1391.14	1410.58	1436.82	1456.26	1482.30	1500.92	1537.02	1569.84	
1608.78	1646.90	1675.74	1710.18	1751.20	1794.92	1847.00	1898.68	1952.98	2012.36	2092.50	2179.12	2310.38	2478.54	2671.32	2928.62	
3190.76	3423.76	3528.02	3591.74	3652.50	3668.16	3739.84	3753.84	3765.72	3770.24	3756.20	3728.08	3702.48	3688.78	3722.12	3743.06	
3759.60	3755.18	3749.94	3755.34	3742.64	3720.60	3683.60	3678.68	3655.72	3650.92	3670.04	3651.00	3630.22	3607.62	3586.96	3580.94	
3589.50	3583.40	3585.20	3567.26	3582.18	3598.94	3600.68	3599.86	3582.20	3601.52	3664.42	3718.68	3736.14	3763.22	3769.94	3787.84	
3802.04	3808.74	3811.34	3814.66	3814.16	3808.60	3801.36	3792.76	3795.50	3797.16	3803.56	3798.00	3788.64	3744.68	3724.04	3727.22	
3757.98	3756.56	3725.58	3657.58	3611.76	3599.02	3678.28	3743.64	3732.72	3702.28	3666.36	3701.78	3669.42	3658.52	3542.32	3612.70	
3623.44	3742.42	3754.56	3758.80	3765.64	3764.58	3777.10	3791.24	3807.66	3811.94	3796.06	3777.02	3756.16	3773.62	3797.68	3775.34	

*******************************************2024/08/21;08:41:17
Probe number 172
Concentration entered by User 2.55% at Temperature 29.79
1247.32	1264.16	1278.84	1297.20	1312.68	1329.98	1347.60	1364.80	1382.98	1402.28	1428.00	1446.70	1471.98	1490.16	1525.34	1557.26	
1595.56	1633.30	1661.30	1695.12	1735.44	1777.24	1828.48	1877.54	1929.84	1987.50	2065.08	2151.34	2280.46	2453.02	2659.66	2927.48	
3192.54	3420.32	3516.56	3568.68	3624.92	3638.14	3716.84	3732.84	3745.88	3749.96	3733.74	3700.30	3671.24	3656.90	3693.34	3717.26	
3736.84	3731.06	3724.56	3730.74	3716.66	3692.02	3648.88	3643.20	3618.36	3614.76	3634.16	3613.68	3590.68	3564.88	3545.46	3538.36	
3546.26	3541.92	3543.02	3523.58	3541.34	3560.18	3563.10	3561.12	3542.80	3563.32	3629.94	3688.64	3708.34	3739.22	3747.12	3769.42	
3786.80	3794.90	3798.44	3802.44	3801.82	3795.16	3785.54	3774.80	3778.92	3780.82	3788.54	3781.18	3769.14	3718.18	3695.32	3698.38	
3733.36	3731.68	3695.16	3618.56	3570.52	3556.92	3641.86	3715.80	3703.14	3668.32	3628.72	3668.32	3630.62	3619.88	3497.74	3569.94	
3581.90	3713.44	3728.14	3732.56	3740.94	3740.22	3755.04	3772.36	3793.60	3798.64	3778.02	3754.98	3730.16	3751.22	3780.40	3752.98	

*******************************************2024/08/21;08:46:18
Probe number 173
Concentration entered by User 2.57% at Temperature 29.82
1253.92	1271.36	1286.24	1304.70	1320.24	1338.40	1356.46	1374.26	1392.30	1410.96	1438.70	1456.02	1481.88	1502.66	1536.58	1566.54	
1609.28	1648.58	1679.72	1712.64	1751.66	1796.34	1848.90	1898.36	1959.92	2013.52	2084.98	2163.10	2287.90	2450.58	2637.82	2901.04	
3153.68	3397.52	3514.02	3574.24	3640.10	3656.58	3732.16	3747.94	3760.04	3764.38	3749.78	3719.56	3693.70	3680.10	3714.22	3736.56	
3753.44	3748.42	3743.10	3748.94	3735.98	3713.34	3674.24	3669.40	3645.48	3641.86	3660.88	3641.48	3619.96	3596.20	3576.70	3570.26	
3578.36	3573.52	3574.60	3555.86	3572.04	3590.32	3591.78	3590.86	3573.00	3593.16	3656.94	3711.48	3730.28	3757.98	3764.62	3783.80	
3798.66	3805.60	3808.40	3812.08	3811.24	3805.56	3797.50	3788.86	3791.80	3793.32	3800.16	3793.98	3784.12	3738.20	3717.14	3720.74	
3751.88	3750.58	3718.60	3647.42	3600.82	3588.30	3668.90	3736.70	3725.10	3693.40	3656.34	3693.18	3659.22	3648.60	3531.18	3602.86	
3613.78	3735.72	3748.38	3753.10	3760.02	3759.12	3772.10	3786.84	3804.46	3808.80	3791.72	3771.90	3750.02	3768.34	3793.50	3770.06	

*******************************************2024/08/21;08:51:18
Probe number 174
Concentration entered by User 2.48% at Temperature 29.88
1251.90	1269.00	1283.98	1302.22	1317.90	1334.98	1352.34	1370.04	1388.30	1407.26	1434.02	1452.58	1478.70	1496.78	1532.40	1563.76	
1603.02	1641.80	1669.52	1703.72	1744.04	1786.74	1837.62	1889.26	1941.78	1998.84	2077.84	2165.00	2296.12	2468.36	2672.04	2943.64	
3207.32	3437.74	3535.18	3587.50	3643.38	3657.18	3731.30	3745.64	3757.96	3762.10	3746.92	3715.88	3688.90	3674.90	3709.76	3732.20	
3749.76	3744.62	3738.72	3744.34	3731.00	3707.92	3667.68	3662.60	3639.06	3635.34	3653.92	3634.26	3612.88	3588.40	3568.20	3561.22	
3569.58	3564.52	3566.10	3547.38	3564.04	3581.82	3583.86	3582.18	3564.32	3584.56	3649.60	3705.26	3724.18	3752.80	3759.88	3779.64	
3795.36	3802.60	3805.54	3809.22	3808.48	3802.56	3794.46	3785.00	3788.10	3789.98	3797.04	3790.44	3780.12	3732.66	3711.48	3714.48	
3747.02	3745.52	3712.20	3639.62	3593.06	3579.80	3661.44	3731.36	3719.44	3686.68	3649.70	3686.76	3651.86	3640.50	3521.92	3593.96	
3604.98	3729.74	3743.22	3747.50	3755.04	3753.92	3767.50	3782.98	3801.42	3805.90	3788.18	3767.26	3744.70	3763.56	3789.80	3765.26	

*******************************************2024/08/21;08:56:18
Probe number 175
Concentration entered by User 2.51% at Temperature 29.87
1257.18	1274.14	1289.42	1308.16	1324.00	1340.68	1359.12	1377.92	1396.02	1415.60	1442.20	1460.64	1488.44	1505.52	1544.06	1576.90	
1614.72	1654.48	1682.68	1720.20	1759.08	1805.44	1856.84	1905.24	1956.40	2017.64	2096.94	2174.94	2298.38	2458.24	2656.94	2918.78	
3172.88	3409.94	3521.98	3588.76	3652.14	3669.50	3741.62	3755.78	3767.14	3771.78	3758.14	3730.10	3705.74	3692.28	3724.60	3745.42	
3761.78	3757.16	3751.96	3757.36	3745.18	3723.88	3687.34	3682.42	3659.64	3655.46	3674.50	3655.78	3635.02	3612.52	3592.36	3586.34	
3594.44	3588.76	3590.74	3573.26	3588.34	3605.46	3605.86	3604.98	3587.66	3606.62	3669.60	3722.28	3739.72	3766.32	3772.82	3789.96	
3803.64	3810.30	3812.84	3815.90	3815.56	3810.08	3802.92	3794.98	3797.26	3798.72	3805.16	3799.78	3790.74	3747.72	3727.48	3730.66	
3760.78	3759.58	3729.22	3662.12	3617.10	3604.48	3682.68	3747.30	3736.20	3706.24	3671.34	3705.96	3673.72	3663.68	3548.16	3618.88	
3629.82	3745.80	3758.06	3762.54	3769.22	3768.00	3780.14	3793.58	3809.40	3813.48	3797.86	3779.68	3759.40	3776.34	3799.42	3777.88	

*******************************************2024/08/21;09:01:17
Probe number 176
Concentration entered by User 2.49% at Temperature 29.93
1251.68	1268.64	1283.78	1302.76	1317.52	1334.92	1351.90	1369.80	1388.14	1407.34	1432.82	1451.68	1477.84	1496.08	1531.64	1563.00	
1603.36	1640.78	1669.04	1703.96	1744.50	1786.54	1837.98	1887.76	1939.26	1997.40	2076.88	2163.20	2295.20	2470.06	2670.14	2938.56	
3204.26	3433.54	3531.04	3583.96	3640.08	3654.04	3728.74	3743.18	3755.60	3759.30	3744.08	3712.54	3685.34	3671.34	3706.32	3728.90	
3746.78	3741.88	3735.58	3741.68	3727.54	3705.08	3664.08	3658.48	3634.84	3631.44	3650.06	3630.36	3608.30	3583.92	3563.52	3556.90	
3564.54	3559.30	3560.98	3542.10	3559.14	3577.46	3578.82	3577.78	3559.70	3579.62	3645.16	3701.44	3720.78	3749.98	3757.40	3777.24	
3793.60	3800.98	3804.00	3807.76	3807.24	3800.90	3792.44	3783.02	3786.10	3788.20	3795.28	3788.48	3777.66	3729.28	3707.90	3711.02	
3744.14	3742.42	3708.08	3634.50	3587.86	3574.94	3657.52	3727.88	3715.72	3682.74	3644.86	3682.72	3647.32	3636.34	3516.62	3588.20	
3600.02	3726.02	3740.06	3744.74	3752.04	3751.26	3764.94	3781.00	3799.74	3804.20	3785.78	3764.52	3741.58	3760.76	3788.14	3762.74	

*******************************************2024/08/21;09:06:18
Probe number 177
Concentration entered by User 2.62% at Temperature 29.95
1251.16	1268.74	1283.68	1302.30	1317.74	1335.04	1352.76	1370.26	1389.32	1408.36	1434.28	1453.78	1479.48	1497.68	1533.02	1563.72	
1603.48	1640.62	1672.08	1707.40	1750.46	1794.66	1842.02	1890.78	1947.48	2010.68	2079.66	2154.08	2283.94	2448.88	2635.30	2878.38	
3147.46	3384.94	3494.54	3564.34	3628.36	3646.76	3724.34	3740.04	3753.24	3758.02	3742.60	3710.88	3683.88	3670.00	3705.42	3728.46	
3746.66	3741.20	3735.56	3741.42	3727.58	3704.80	3664.08	3658.62	3634.78	3631.76	3650.12	3630.60	3608.70	3583.68	3563.82	3557.30	
3565.34	3560.48	3561.86	3542.96	3560.02	3578.06	3579.58	3578.40	3560.72	3580.54	3646.14	3702.20	3721.58	3750.36	3757.86	3778.06	
3794.24	3801.50	3804.34	3808.22	3807.74	3801.50	3793.08	3783.44	3786.60	3788.16	3795.70	3789.00	3778.36	3730.00	3708.44	3711.96	
3744.76	3743.06	3709.14	3635.20	3589.16	3575.74	3658.38	3728.90	3716.68	3683.32	3645.28	3683.76	3647.74	3637.76	3518.14	3591.04	
3601.82	3727.36	3740.98	3745.70	3753.06	3752.22	3765.74	3781.70	3800.12	3804.60	3786.32	3765.16	3742.26	3761.80	3788.70	3763.42	

*******************************************2024/08/21;09:11:18
Probe number 178
Concentration entered by User 2.51% at Temperature 30.00
1249.08	1266.24	1281.06	1299.48	1315.04	1332.20	1350.06	1367.20	1385.32	1403.92	1430.28	1448.90	1474.54	1492.18	1527.36	1559.54	
1599.72	1637.20	1665.50	1700.00	1739.72	1780.80	1832.02	1883.18	1935.78	1993.44	2071.18	2158.98	2287.06	2461.98	2668.30	2940.36	
3204.12	3431.50	3527.26	3579.18	3634.42	3648.74	3723.76	3738.72	3751.36	3755.60	3740.08	3707.76	3679.56	3665.42	3700.74	3724.00	
3742.28	3736.96	3730.90	3737.02	3722.92	3699.18	3657.64	3652.40	3628.92	3624.28	3643.96	3624.34	3601.34	3576.82	3556.72	3550.14	
3557.18	3552.56	3554.00	3534.84	3551.42	3569.24	3570.40	3569.80	3551.68	3571.72	3638.16	3695.86	3716.16	3745.78	3753.30	3774.38	
3791.06	3798.92	3801.88	3805.86	3805.10	3798.64	3789.92	3779.94	3783.50	3785.08	3792.68	3785.88	3775.00	3725.00	3702.28	3706.00	
3739.94	3738.02	3703.32	3629.18	3582.26	3569.04	3652.00	3723.68	3711.10	3677.54	3638.86	3677.04	3641.26	3630.44	3509.42	3582.88	
3593.88	3722.02	3736.04	3741.22	3748.82	3747.14	3761.40	3777.84	3797.52	3802.32	3783.24	3761.16	3737.16	3757.62	3785.60	3758.90	

*******************************************2024/08/21;09:16:17
Probe number 179
Concentration entered by User 2.69% at Temperature 30.02
1247.48	1265.14	1279.94	1298.56	1315.10	1331.80	1348.04	1365.72	1384.36	1403.40	1429.10	1447.38	1474.10	1492.44	1525.08	1555.92	
1595.98	1635.86	1666.30	1700.16	1739.54	1783.68	1836.14	1884.22	1933.78	1996.16	2071.38	2144.52	2278.20	2443.34	2613.72	2867.44	
3127.12	3362.48	3469.18	3540.56	3606.64	3623.88	3706.10	3723.24	3737.18	3742.24	3725.50	3690.78	3661.94	3647.94	3685.72	3710.70	
3730.12	3724.78	3717.86	3724.76	3709.96	3684.94	3641.28	3635.18	3611.14	3607.86	3627.00	3606.78	3583.30	3557.38	3537.90	3531.18	
3537.82	3534.86	3535.48	3515.84	3533.90	3553.00	3555.22	3553.18	3535.22	3555.68	3622.72	3682.24	3702.74	3734.78	3742.82	3765.28	
3783.60	3792.26	3795.62	3799.96	3799.08	3792.08	3782.16	3771.24	3774.90	3776.98	3785.56	3777.22	3765.34	3712.46	3689.02	3692.62	
3728.32	3726.48	3689.10	3611.16	3562.40	3549.96	3634.58	3710.70	3696.82	3660.98	3621.42	3661.54	3623.80	3613.36	3490.76	3564.58	
3576.14	3709.26	3724.00	3728.76	3736.80	3736.16	3751.10	3769.12	3790.66	3795.58	3774.06	3750.66	3725.28	3746.88	3777.16	3748.76	


