*******************************************2024/09/11;00:03:17
Probe number 95
Concentration entered by User 1.56% at Temperature 29.18
1459.66	1484.72	1502.20	1529.92	1554.36	1583.70	1612.70	1644.62	1676.60	1708.30	1750.42	1781.68	1823.74	1851.00	1913.94	1971.06	
2039.58	2107.56	2167.60	2237.10	2313.80	2401.32	2513.50	2627.58	2745.82	2879.68	3040.46	3211.94	3457.70	3751.26	3835.26	3841.42	
3841.98	3842.02	3841.96	3841.98	3841.98	3841.98	3841.98	3841.94	3841.96	3841.98	3841.94	3841.94	3841.96	3842.00	3841.96	3841.98	
3841.96	3841.96	3842.00	3841.98	3841.98	3841.96	3842.00	3842.00	3841.98	3841.96	3841.98	3841.94	3841.96	3842.00	3841.96	3841.96	
3841.96	3841.98	3842.00	3841.98	3841.98	3841.96	3841.98	3841.92	3841.98	3842.00	3841.96	3842.00	3842.00	3841.98	3841.96	3841.98	
3842.00	3841.98	3841.96	3841.96	3841.98	3842.00	3841.96	3841.98	3841.98	3842.00	3841.96	3841.94	3841.92	3841.98	3841.96	3841.98	
3841.98	3841.96	3841.98	3841.98	3841.98	3841.96	3841.96	3842.00	3842.00	3842.02	3841.98	3841.96	3841.96	3842.00	3841.98	3841.92	
3841.96	3841.98	3841.98	3841.98	3841.92	3841.98	3841.98	3841.98	3841.94	3841.98	3841.94	3842.00	3841.96	3842.00	3841.98	3841.94	

*******************************************2024/09/11;00:06:37
Probe number 96
Concentration entered by User 1.56% at Temperature 29.20
1459.60	1485.24	1502.48	1530.32	1555.34	1584.08	1613.38	1644.42	1676.96	1708.86	1750.28	1782.36	1824.30	1851.06	1913.32	1970.88	
2040.72	2109.94	2167.90	2237.56	2315.78	2402.58	2513.78	2628.24	2748.06	2884.22	3044.44	3212.48	3454.56	3751.66	3835.16	3841.44	
3842.00	3841.94	3842.00	3842.00	3841.96	3841.94	3841.98	3841.96	3841.96	3842.00	3841.94	3841.96	3842.00	3842.00	3841.92	3841.98	
3841.98	3842.00	3842.02	3841.98	3842.00	3841.98	3841.98	3841.98	3841.96	3841.90	3841.96	3842.00	3841.98	3841.98	3842.00	3841.96	
3841.98	3842.00	3842.00	3841.98	3842.00	3842.00	3841.98	3841.96	3841.96	3842.00	3842.00	3841.96	3842.00	3841.96	3841.96	3841.98	
3841.98	3842.00	3841.98	3841.96	3841.98	3842.00	3841.98	3841.96	3841.98	3841.96	3842.02	3841.98	3841.98	3841.94	3841.96	3842.00	
3841.96	3841.92	3841.96	3841.98	3842.00	3841.96	3842.00	3842.00	3841.98	3841.98	3842.02	3841.96	3842.00	3842.00	3842.00	3841.96	
3841.98	3841.98	3841.98	3842.00	3842.00	3841.96	3841.98	3842.00	3842.04	3842.00	3841.96	3841.96	3841.96	3841.98	3841.98	3841.98	

*******************************************2024/09/11;00:09:57
Probe number 97
Concentration entered by User 1.57% at Temperature 29.16
1457.94	1483.00	1500.50	1528.74	1553.30	1581.84	1611.28	1643.06	1675.64	1706.96	1748.38	1779.98	1821.28	1848.32	1910.62	1969.38	
2038.36	2107.42	2166.40	2235.94	2313.14	2398.78	2512.22	2626.44	2743.42	2875.36	3042.04	3207.56	3454.38	3750.00	3835.22	3841.40	
3841.98	3841.94	3841.98	3841.98	3841.98	3842.00	3841.96	3842.00	3841.96	3841.98	3842.00	3841.96	3841.96	3842.00	3842.00	3841.94	
3841.96	3841.94	3842.00	3842.00	3841.98	3841.96	3842.00	3842.00	3841.92	3842.00	3841.98	3841.98	3841.98	3841.94	3841.90	3841.96	
3842.00	3842.00	3842.00	3841.96	3842.00	3842.00	3842.00	3841.96	3841.98	3842.00	3841.98	3842.00	3841.98	3841.96	3842.00	3841.96	
3842.02	3841.96	3842.00	3841.96	3841.98	3842.00	3842.00	3841.98	3841.96	3841.96	3842.00	3841.98	3841.96	3841.96	3842.00	3842.00	
3841.98	3842.00	3841.98	3841.94	3841.98	3841.98	3841.96	3841.98	3841.98	3841.98	3841.98	3841.96	3841.96	3841.98	3842.00	3841.98	
3841.94	3841.98	3841.98	3841.98	3842.02	3842.00	3841.98	3841.98	3841.98	3841.98	3841.94	3841.96	3841.98	3842.00	3842.00	3842.00	

*******************************************2024/09/11;00:13:02
Probe number 98
Concentration entered by User 1.57% at Temperature 29.15
1459.26	1485.02	1501.64	1529.94	1554.16	1583.48	1613.82	1645.18	1678.02	1708.46	1749.78	1781.86	1823.84	1850.84	1912.94	1970.84	
2041.42	2108.86	2166.94	2237.24	2312.88	2400.96	2513.22	2627.92	2747.50	2879.10	3043.98	3214.18	3454.10	3748.78	3835.28	3841.44	
3842.00	3842.00	3841.94	3841.98	3842.02	3842.02	3842.00	3842.00	3842.02	3841.98	3841.98	3842.00	3842.00	3842.00	3842.00	3842.00	
3842.00	3842.00	3842.00	3842.02	3842.00	3841.98	3842.00	3842.00	3842.02	3842.02	3842.00	3842.00	3842.04	3841.98	3842.00	3841.96	
3842.00	3842.00	3842.02	3841.96	3842.00	3842.00	3841.98	3842.00	3842.00	3841.96	3841.98	3842.00	3842.02	3842.00	3841.98	3842.02	
3841.98	3842.00	3842.00	3842.02	3842.00	3841.98	3842.02	3841.98	3842.00	3842.00	3842.00	3842.00	3842.00	3842.00	3842.02	3842.00	
3842.00	3842.00	3841.96	3842.00	3842.02	3841.98	3842.00	3842.00	3841.98	3842.00	3842.00	3841.96	3841.94	3842.00	3842.02	3842.00	
3842.00	3842.00	3842.02	3841.98	3842.02	3842.00	3842.00	3842.02	3841.98	3841.98	3841.98	3842.00	3842.00	3842.00	3842.04	3841.96	

*******************************************2024/09/11;00:13:17
Probe number 99
Concentration entered by User 1.59% at Temperature 29.14
1457.16	1482.26	1499.96	1527.34	1552.10	1581.30	1610.88	1642.16	1674.10	1706.12	1747.02	1778.84	1820.58	1846.90	1909.72	1967.12	
2035.36	2104.52	2162.94	2232.96	2309.10	2395.58	2507.04	2623.26	2741.80	2874.58	3037.48	3208.68	3449.50	3743.54	3834.98	3841.36	
3842.00	3841.96	3841.98	3842.00	3842.00	3841.98	3842.00	3841.96	3841.98	3841.98	3842.00	3841.96	3842.00	3842.00	3841.94	3841.98	
3841.98	3841.92	3842.02	3842.00	3841.96	3841.98	3841.98	3842.00	3842.02	3842.00	3841.96	3842.00	3842.00	3841.98	3841.98	3841.98	
3842.00	3841.96	3842.00	3841.96	3842.02	3842.00	3841.98	3841.96	3842.00	3842.00	3841.96	3842.00	3842.00	3842.00	3842.00	3841.98	
3841.96	3841.96	3842.00	3841.98	3841.98	3842.00	3842.00	3841.96	3841.94	3842.00	3842.04	3842.00	3841.96	3841.98	3841.98	3841.98	
3841.96	3842.00	3841.94	3842.00	3842.00	3841.98	3842.00	3842.00	3841.98	3842.00	3842.00	3841.98	3841.98	3842.00	3842.02	3842.02	
3842.00	3842.00	3841.96	3841.96	3841.96	3841.98	3842.00	3841.96	3842.02	3841.98	3842.00	3841.98	3842.00	3842.00	3842.02	3841.90	

*******************************************2024/09/11;00:14:02
Probe number 100
Concentration entered by User 1.58% at Temperature 29.12
1458.86	1484.10	1501.70	1529.52	1554.02	1582.50	1611.92	1642.90	1675.96	1707.38	1749.28	1780.60	1822.58	1850.24	1912.28	1969.70	
2038.06	2106.38	2163.08	2235.02	2312.48	2397.04	2510.92	2625.08	2743.96	2879.04	3038.18	3205.48	3452.52	3745.46	3834.96	3841.30	
3841.96	3841.98	3841.98	3842.00	3841.98	3841.98	3841.98	3842.00	3841.92	3841.98	3841.98	3841.96	3841.98	3842.00	3842.00	3841.94	
3842.00	3841.92	3842.00	3842.00	3841.98	3841.94	3841.96	3842.00	3841.98	3842.00	3841.96	3842.00	3841.98	3842.00	3841.96	3842.00	
3841.98	3842.00	3842.00	3841.98	3841.98	3841.98	3842.00	3841.92	3841.98	3841.96	3841.98	3842.00	3842.00	3841.96	3841.98	3842.00	
3841.92	3842.00	3842.00	3841.98	3842.00	3842.00	3841.98	3841.94	3841.92	3841.96	3842.00	3842.00	3842.00	3841.96	3842.00	3842.00	
3841.98	3842.00	3841.92	3842.00	3842.00	3841.98	3841.96	3841.98	3841.98	3842.00	3842.00	3841.94	3841.96	3842.00	3841.96	3842.00	
3841.96	3842.00	3842.00	3842.00	3842.00	3841.98	3842.00	3841.96	3841.96	3842.00	3842.00	3841.98	3842.00	3842.02	3842.00	3842.00	

*******************************************2024/09/11;00:16:37
Probe number 101
Concentration entered by User 1.56% at Temperature 29.13
1458.00	1483.82	1501.10	1529.02	1553.70	1582.34	1611.96	1643.94	1676.14	1707.32	1748.80	1781.70	1822.66	1848.94	1910.74	1968.50	
2038.40	2106.24	2163.72	2235.78	2314.18	2400.08	2509.92	2626.20	2745.98	2875.58	3044.82	3212.98	3454.20	3749.70	3835.20	3841.48	
3842.02	3841.96	3842.00	3842.00	3841.98	3842.00	3841.98	3841.94	3841.98	3842.00	3842.00	3842.00	3842.00	3842.00	3841.98	3841.98	
3841.98	3842.02	3842.00	3842.02	3841.98	3841.98	3841.98	3842.00	3842.02	3841.98	3841.94	3842.02	3842.00	3842.00	3842.00	3841.98	
3842.02	3841.98	3842.02	3842.00	3841.98	3842.04	3842.00	3842.00	3842.00	3842.00	3842.00	3842.00	3841.96	3842.00	3841.96	3842.00	
3842.04	3841.98	3841.98	3842.02	3842.00	3842.00	3842.02	3842.00	3842.02	3841.98	3842.02	3841.96	3841.96	3842.00	3842.00	3842.00	
3842.04	3841.98	3842.02	3842.02	3842.00	3842.00	3842.00	3842.00	3841.98	3841.98	3842.00	3841.98	3842.00	3842.00	3841.96	3841.98	
3842.00	3842.02	3842.00	3841.98	3842.02	3841.98	3842.00	3842.00	3842.00	3841.98	3842.00	3842.04	3842.00	3842.00	3842.02	3841.98	

*******************************************2024/09/11;00:19:57
Probe number 102
Concentration entered by User 1.58% at Temperature 29.13
1459.40	1484.90	1502.18	1529.20	1554.04	1583.44	1612.64	1644.82	1676.88	1707.88	1749.66	1781.74	1821.84	1849.14	1912.14	1968.78	
2039.00	2107.12	2163.92	2236.06	2313.50	2399.42	2509.98	2622.36	2748.76	2883.88	3039.86	3204.04	3450.82	3746.80	3835.26	3841.50	
3842.00	3841.98	3842.00	3842.00	3842.02	3841.96	3842.02	3841.96	3841.98	3842.00	3842.00	3841.98	3841.98	3841.98	3842.02	3841.98	
3842.00	3841.96	3842.00	3842.02	3841.98	3841.98	3842.00	3842.00	3842.02	3842.00	3842.00	3841.98	3842.02	3842.00	3841.98	3842.02	
3842.00	3842.02	3842.00	3842.00	3841.98	3842.02	3841.98	3842.02	3842.00	3842.00	3842.00	3842.00	3842.00	3842.00	3841.98	3842.00	
3842.00	3842.00	3842.02	3842.00	3842.00	3841.98	3841.98	3841.96	3841.96	3841.98	3842.00	3842.00	3842.00	3842.02	3842.00	3842.00	
3842.02	3841.98	3842.00	3842.02	3842.00	3842.02	3842.00	3842.00	3842.00	3842.00	3842.00	3842.00	3842.00	3842.00	3842.00	3842.00	
3842.00	3842.00	3841.94	3842.00	3842.00	3841.96	3842.00	3841.98	3841.98	3841.98	3842.02	3842.00	3842.00	3842.00	3842.00	3842.00	

*******************************************2024/09/11;00:23:17
Probe number 103
Concentration entered by User 1.58% at Temperature 29.11
1458.34	1483.94	1501.00	1527.68	1552.98	1581.50	1610.46	1642.64	1674.80	1706.40	1747.76	1779.60	1820.68	1847.44	1910.20	1968.20	
2035.68	2104.32	2162.68	2234.42	2310.66	2394.22	2509.08	2621.62	2743.94	2879.00	3035.70	3204.62	3451.68	3748.98	3835.10	3841.48	
3842.04	3842.02	3842.00	3842.00	3842.04	3842.00	3842.04	3841.98	3841.96	3842.00	3842.00	3842.02	3842.00	3842.02	3842.02	3842.00	
3841.98	3842.00	3841.98	3842.00	3842.02	3841.98	3842.02	3842.02	3842.00	3842.00	3842.02	3842.02	3842.00	3842.00	3842.00	3842.02	
3842.00	3841.98	3842.02	3841.98	3842.02	3842.00	3842.02	3841.98	3842.04	3842.02	3842.00	3842.00	3842.00	3842.04	3841.98	3842.02	
3841.98	3842.02	3842.02	3841.98	3841.98	3842.00	3841.98	3842.00	3841.98	3841.98	3842.00	3842.02	3841.98	3841.98	3842.02	3842.00	
3841.96	3842.00	3842.00	3842.02	3842.02	3842.02	3841.98	3842.02	3842.02	3842.00	3842.02	3842.00	3842.00	3842.00	3842.02	3841.96	
3842.00	3842.00	3842.00	3842.00	3842.02	3842.00	3842.02	3842.00	3842.02	3842.00	3842.02	3842.02	3842.00	3842.02	3842.00	3841.98	

*******************************************2024/09/11;00:26:37
Probe number 104
Concentration entered by User 1.60% at Temperature 29.06
1458.52	1484.38	1501.78	1529.72	1554.10	1582.50	1612.44	1644.18	1676.46	1708.02	1749.36	1780.66	1822.82	1849.50	1911.92	1969.78	
2038.86	2107.30	2162.80	2234.66	2313.56	2400.10	2510.88	2625.84	2747.42	2879.28	3044.18	3204.10	3442.86	3745.16	3834.96	3841.44	
3842.02	3842.02	3842.00	3842.00	3841.96	3842.00	3842.02	3841.96	3842.02	3841.98	3842.00	3842.00	3842.02	3842.00	3842.00	3842.02	
3841.98	3842.00	3842.02	3842.00	3842.00	3841.96	3842.02	3842.00	3842.02	3841.98	3842.00	3842.00	3841.98	3842.02	3842.00	3841.98	
3842.00	3842.00	3842.00	3841.96	3842.02	3842.00	3842.02	3842.00	3842.02	3842.02	3842.00	3842.02	3842.00	3842.00	3842.02	3841.98	
3842.00	3842.00	3842.02	3842.02	3842.00	3842.00	3842.02	3842.00	3842.00	3842.00	3842.00	3842.00	3842.02	3841.96	3841.96	3842.00	
3842.02	3842.00	3842.02	3842.00	3842.02	3842.00	3842.04	3842.02	3841.98	3842.00	3842.02	3842.00	3842.02	3841.98	3842.00	3841.98	
3842.04	3842.00	3842.00	3842.02	3842.00	3842.00	3841.98	3842.00	3841.98	3841.98	3842.04	3842.00	3842.00	3842.00	3842.02	3841.96	

*******************************************2024/09/11;00:29:57
Probe number 105
Concentration entered by User 1.59% at Temperature 29.06
1456.76	1482.80	1499.44	1527.22	1551.60	1580.76	1609.72	1641.58	1673.66	1704.80	1746.74	1778.42	1820.54	1846.92	1909.24	1965.86	
2034.46	2103.42	2163.24	2232.56	2308.46	2396.36	2505.64	2620.26	2742.08	2876.56	3031.50	3199.50	3444.64	3747.32	3835.24	3841.50	
3842.00	3842.06	3841.96	3842.02	3842.04	3842.04	3842.00	3842.00	3842.00	3841.98	3842.02	3841.98	3842.00	3842.00	3842.02	3842.00	
3842.02	3842.00	3842.02	3842.02	3842.02	3842.02	3842.02	3842.00	3842.04	3841.98	3842.02	3842.00	3842.00	3842.00	3842.00	3842.04	
3842.00	3842.00	3842.00	3842.02	3842.00	3842.00	3842.04	3842.04	3842.02	3842.00	3842.00	3842.00	3842.00	3842.00	3842.06	3842.02	
3842.02	3842.00	3842.00	3842.02	3842.04	3842.04	3842.08	3842.02	3842.02	3842.00	3842.00	3842.00	3842.00	3842.00	3842.00	3842.00	
3842.02	3842.00	3841.98	3842.00	3842.02	3842.02	3842.02	3842.00	3842.00	3842.00	3842.02	3842.00	3842.02	3842.00	3842.04	3842.00	
3842.02	3842.02	3842.00	3842.00	3842.04	3842.00	3842.02	3842.00	3842.00	3842.02	3842.06	3841.98	3842.00	3842.00	3842.02	3842.02	

*******************************************2024/09/11;00:33:17
Probe number 106
Concentration entered by User 1.60% at Temperature 29.05
1457.26	1482.52	1499.38	1527.06	1551.92	1580.40	1609.62	1640.48	1673.18	1704.58	1746.56	1778.50	1819.28	1846.90	1908.56	1966.02	
2035.70	2102.64	2160.96	2232.14	2310.06	2394.58	2505.74	2618.36	2739.68	2872.58	3027.90	3198.44	3441.04	3746.84	3835.02	3841.48	
3842.02	3842.04	3842.06	3841.98	3842.04	3842.04	3842.02	3841.98	3842.00	3842.00	3842.04	3842.02	3842.00	3842.00	3842.04	3842.02	
3842.02	3842.00	3842.02	3842.00	3842.00	3842.02	3842.02	3842.00	3842.06	3842.00	3842.02	3842.04	3842.06	3842.04	3842.04	3842.02	
3842.00	3842.00	3842.06	3842.02	3841.96	3842.00	3842.06	3842.02	3842.02	3842.04	3842.00	3842.02	3842.04	3842.00	3842.02	3842.04	
3842.04	3842.02	3842.04	3842.06	3842.00	3842.00	3842.02	3842.02	3842.02	3842.02	3842.02	3842.02	3842.00	3842.04	3842.02	3842.00	
3842.02	3841.98	3842.04	3842.04	3842.02	3842.00	3842.06	3842.04	3842.02	3842.00	3842.04	3842.00	3842.02	3842.02	3842.04	3842.00	
3842.02	3842.04	3842.00	3842.00	3842.02	3842.04	3842.02	3842.04	3842.06	3842.02	3842.02	3842.04	3842.02	3841.98	3842.02	3842.00	

*******************************************2024/09/11;00:36:37
Probe number 107
Concentration entered by User 1.60% at Temperature 29.01
1457.60	1483.22	1500.12	1528.10	1552.52	1581.28	1610.24	1642.00	1673.62	1705.36	1745.74	1778.44	1819.04	1845.84	1907.68	1965.10	
2034.16	2103.92	2163.74	2234.74	2309.94	2394.42	2506.14	2617.06	2741.80	2875.26	3033.24	3200.56	3444.24	3743.76	3835.14	3841.40	
3842.00	3842.02	3842.00	3842.02	3842.02	3841.98	3842.02	3842.00	3842.02	3841.98	3842.00	3842.00	3842.00	3842.00	3842.02	3842.00	
3842.04	3842.00	3842.06	3842.00	3842.02	3842.00	3842.00	3842.00	3842.00	3842.00	3842.00	3842.00	3842.10	3842.00	3842.00	3842.00	
3842.02	3842.00	3842.02	3842.02	3842.02	3842.02	3842.06	3842.00	3842.00	3842.00	3842.00	3842.02	3842.08	3842.00	3842.02	3842.00	
3842.06	3841.98	3842.02	3842.02	3842.02	3842.00	3842.12	3842.00	3842.00	3842.00	3842.02	3842.00	3842.00	3842.00	3842.00	3842.00	
3842.02	3842.00	3842.00	3842.00	3842.04	3842.00	3842.02	3842.00	3842.00	3842.00	3842.14	3842.00	3842.00	3842.00	3842.06	3842.00	
3842.00	3842.00	3842.00	3842.00	3842.00	3842.00	3842.02	3842.02	3842.12	3841.98	3842.00	3842.00	3842.00	3842.00	3842.06	3841.96	

*******************************************2024/09/11;00:39:57
Probe number 108
Concentration entered by User 1.60% at Temperature 28.98
1458.90	1483.70	1501.38	1529.32	1553.80	1582.34	1611.78	1643.20	1675.00	1706.92	1748.28	1780.04	1821.60	1848.58	1911.42	1968.04	
2036.08	2104.42	2164.62	2232.38	2309.16	2396.50	2505.82	2620.46	2743.20	2874.86	3033.14	3198.02	3444.26	3743.28	3835.10	3841.38	
3842.00	3842.00	3841.98	3842.00	3842.02	3841.96	3842.04	3842.00	3842.04	3842.00	3842.00	3842.00	3842.02	3842.00	3842.02	3841.98	
3842.00	3842.00	3842.04	3842.00	3842.00	3842.00	3842.02	3842.00	3842.02	3841.98	3842.00	3842.00	3842.10	3842.00	3842.00	3842.00	
3842.02	3842.00	3842.06	3841.98	3842.00	3842.00	3842.06	3842.00	3842.00	3842.00	3842.04	3842.00	3842.04	3842.00	3842.02	3842.00	
3842.04	3842.00	3842.00	3842.00	3842.02	3842.00	3842.04	3842.02	3842.02	3842.00	3842.06	3841.98	3842.00	3842.00	3842.04	3842.00	
3842.06	3842.00	3842.00	3842.00	3842.06	3842.00	3842.08	3842.00	3842.00	3842.00	3842.08	3842.00	3842.00	3842.00	3842.08	3842.00	
3842.00	3842.00	3842.00	3841.98	3842.06	3841.98	3842.00	3842.00	3842.04	3841.98	3842.00	3842.00	3842.00	3842.00	3842.04	3841.98	

*******************************************2024/09/11;00:43:17
Probe number 109
Concentration entered by User 1.61% at Temperature 28.98
1456.40	1482.16	1499.72	1527.00	1551.40	1579.92	1608.90	1640.54	1672.50	1704.00	1745.06	1776.74	1818.00	1844.86	1906.86	1965.74	
2033.08	2102.30	2160.12	2230.06	2307.34	2392.24	2507.38	2620.60	2741.82	2872.08	3031.22	3200.44	3436.34	3742.46	3835.00	3841.34	
3842.04	3842.02	3842.04	3842.00	3842.08	3842.00	3842.00	3842.00	3842.04	3841.96	3842.00	3842.00	3842.00	3842.00	3842.04	3841.98	
3842.04	3842.00	3842.04	3842.00	3842.04	3842.00	3842.04	3842.00	3842.12	3842.02	3842.02	3842.00	3842.06	3842.00	3842.00	3842.00	
3842.02	3842.00	3842.08	3841.98	3842.06	3842.00	3842.12	3842.00	3841.98	3842.00	3842.04	3842.00	3842.04	3842.00	3842.00	3842.00	
3842.04	3842.00	3842.02	3842.02	3842.04	3842.00	3842.06	3842.02	3842.00	3842.00	3842.08	3841.98	3842.02	3842.00	3842.02	3842.00	
3842.04	3842.00	3842.00	3842.02	3842.00	3841.98	3842.00	3842.00	3842.00	3842.02	3842.12	3842.02	3842.00	3842.00	3842.08	3842.00	
3842.04	3842.00	3842.02	3842.02	3842.08	3842.00	3842.00	3842.00	3842.08	3842.00	3842.00	3842.00	3842.00	3842.00	3842.04	3842.00	

*******************************************2024/09/11;00:46:37
Probe number 110
Concentration entered by User 1.61% at Temperature 28.96
1457.06	1482.86	1499.80	1527.76	1552.68	1580.86	1609.48	1640.80	1673.02	1704.18	1745.86	1777.82	1818.78	1845.84	1907.54	1964.76	
2032.78	2101.72	2159.84	2231.58	2309.36	2394.00	2504.04	2619.52	2742.66	2869.22	3033.72	3198.96	3437.66	3742.62	3835.26	3841.38	
3842.02	3842.00	3842.00	3842.00	3842.16	3842.00	3842.02	3842.00	3842.10	3842.02	3842.00	3842.00	3842.02	3842.00	3842.06	3842.00	
3842.02	3842.04	3842.06	3842.04	3842.02	3842.02	3842.08	3842.00	3842.18	3842.00	3842.02	3842.02	3842.08	3842.00	3842.02	3842.02	
3842.04	3842.00	3842.00	3842.00	3842.02	3842.02	3842.06	3842.00	3842.02	3842.00	3842.04	3842.02	3842.10	3842.02	3842.04	3842.00	
3842.08	3842.00	3842.04	3842.00	3842.02	3842.00	3842.12	3841.98	3842.02	3842.00	3842.06	3842.00	3842.00	3842.00	3842.02	3842.00	
3842.14	3842.00	3842.02	3842.00	3842.08	3842.00	3842.02	3842.00	3842.00	3842.02	3842.06	3842.02	3842.06	3842.02	3842.10	3842.02	
3842.02	3842.00	3842.02	3842.00	3842.06	3842.00	3842.02	3842.00	3842.04	3842.00	3842.02	3842.00	3842.04	3842.00	3842.08	3842.00	

*******************************************2024/09/11;00:49:57
Probe number 111
Concentration entered by User 1.62% at Temperature 28.95
1458.20	1483.60	1501.26	1528.32	1552.84	1581.42	1610.76	1642.24	1673.96	1705.84	1746.82	1779.60	1820.82	1847.02	1908.86	1967.18	
2036.08	2104.90	2163.12	2232.40	2308.60	2394.44	2504.78	2623.80	2743.40	2875.18	3034.20	3194.78	3436.28	3739.60	3834.84	3841.42	
3842.04	3842.00	3842.06	3842.00	3842.10	3842.00	3842.00	3842.00	3842.06	3842.02	3842.02	3842.00	3842.04	3842.00	3842.12	3842.00	
3842.00	3842.00	3842.06	3842.00	3842.04	3842.00	3842.04	3842.00	3842.10	3842.00	3842.00	3842.00	3842.10	3842.02	3842.06	3842.00	
3842.04	3842.02	3842.08	3842.00	3842.06	3842.00	3842.04	3842.00	3842.02	3842.00	3842.00	3842.02	3842.06	3842.02	3842.00	3842.02	
3842.14	3842.00	3842.02	3842.00	3842.02	3842.00	3842.06	3841.98	3842.00	3842.00	3842.04	3842.00	3842.00	3842.00	3842.00	3842.00	
3842.06	3841.98	3842.02	3842.02	3842.06	3841.98	3842.00	3842.02	3842.04	3842.02	3842.06	3842.00	3842.00	3842.02	3842.08	3842.00	
3842.00	3842.00	3842.00	3842.00	3842.06	3841.98	3842.04	3842.00	3842.08	3842.00	3842.00	3842.04	3842.04	3842.00	3842.10	3842.00	

*******************************************2024/09/11;00:53:17
Probe number 112
Concentration entered by User 1.62% at Temperature 28.94
1457.98	1483.84	1500.52	1527.84	1552.82	1582.04	1611.04	1641.44	1673.70	1705.34	1746.16	1778.72	1820.82	1846.72	1908.64	1967.00	
2034.86	2103.54	2162.62	2232.14	2307.96	2394.84	2503.54	2619.82	2739.36	2871.74	3029.90	3193.70	3435.78	3738.06	3835.00	3841.42	
3842.02	3842.00	3842.00	3842.02	3842.02	3842.00	3842.02	3841.98	3842.00	3842.00	3842.02	3842.00	3842.02	3842.00	3842.04	3841.98	
3842.02	3841.98	3842.02	3842.02	3842.04	3842.04	3842.02	3842.00	3842.02	3841.98	3842.02	3842.00	3842.06	3842.00	3842.02	3842.02	
3841.98	3842.00	3842.04	3842.00	3842.00	3842.02	3842.04	3842.02	3842.02	3842.06	3842.04	3842.02	3842.02	3841.98	3842.02	3842.00	
3842.04	3842.00	3842.04	3842.02	3842.00	3842.02	3842.02	3842.02	3841.98	3842.02	3841.98	3842.02	3842.02	3842.04	3842.00	3842.00	
3842.04	3842.00	3842.00	3842.00	3842.02	3842.04	3842.00	3842.02	3842.00	3842.02	3842.06	3842.02	3842.02	3842.02	3842.06	3842.08	
3842.02	3842.06	3842.02	3842.02	3842.04	3841.98	3842.04	3842.02	3842.04	3842.00	3842.02	3842.02	3842.00	3842.00	3842.02	3841.98	

*******************************************2024/09/11;00:56:37
Probe number 113
Concentration entered by User 1.63% at Temperature 28.92
1456.36	1481.64	1498.58	1526.30	1550.98	1579.42	1608.54	1639.32	1672.08	1703.20	1744.18	1776.10	1816.02	1842.96	1905.30	1963.00	
2031.18	2100.78	2159.78	2227.76	2302.88	2389.10	2502.60	2616.44	2736.66	2872.08	3027.70	3188.76	3434.32	3737.38	3834.86	3841.42	
3842.02	3842.02	3842.02	3842.04	3842.02	3842.02	3842.02	3842.00	3842.02	3842.02	3842.02	3842.06	3842.00	3842.00	3842.02	3842.00	
3841.98	3842.02	3842.02	3842.04	3842.04	3842.04	3842.00	3842.04	3841.98	3842.02	3842.02	3842.06	3842.06	3842.04	3842.00	3842.02	
3842.02	3841.98	3842.04	3842.00	3842.02	3842.06	3842.08	3842.02	3842.04	3842.04	3842.02	3842.02	3842.06	3842.04	3842.00	3842.00	
3842.00	3842.02	3842.04	3842.06	3842.00	3842.00	3842.00	3842.02	3842.00	3842.04	3842.00	3842.04	3842.08	3842.04	3842.00	3842.00	
3842.02	3842.02	3842.04	3842.02	3842.02	3842.00	3842.00	3842.06	3842.00	3842.04	3842.06	3842.00	3841.98	3842.04	3842.06	3842.06	
3842.00	3842.00	3842.00	3842.00	3842.04	3842.04	3842.02	3842.04	3842.02	3842.00	3842.00	3842.04	3842.00	3842.00	3842.04	3842.00	

*******************************************2024/09/11;00:59:57
Probe number 114
Concentration entered by User 1.64% at Temperature 28.88
1455.60	1481.06	1497.52	1526.00	1550.26	1579.38	1608.18	1639.52	1671.68	1702.20	1743.80	1775.78	1817.20	1844.04	1904.94	1962.38	
2030.72	2097.78	2156.66	2226.18	2302.82	2388.16	2501.22	2613.32	2732.58	2867.24	3024.92	3186.26	3433.22	3736.50	3834.84	3841.48	
3842.04	3842.14	3842.04	3842.00	3842.04	3842.04	3842.04	3842.02	3842.06	3842.00	3842.04	3842.04	3842.00	3842.00	3842.06	3842.00	
3842.02	3842.04	3842.12	3842.06	3842.08	3842.02	3842.00	3842.00	3842.10	3842.02	3842.02	3842.02	3842.08	3842.04	3842.00	3842.04	
3842.02	3842.04	3842.10	3842.00	3842.02	3842.02	3842.16	3842.04	3842.02	3842.02	3842.00	3842.02	3842.08	3842.00	3842.02	3842.04	
3842.10	3842.04	3842.08	3842.04	3842.02	3842.02	3842.14	3842.00	3842.06	3842.02	3842.06	3842.02	3842.02	3842.04	3842.02	3842.02	
3842.02	3842.02	3842.04	3842.02	3842.06	3842.04	3842.02	3842.04	3842.02	3842.04	3842.10	3842.06	3842.06	3842.04	3842.12	3842.00	
3842.06	3842.00	3842.02	3842.00	3842.08	3841.98	3842.00	3842.02	3842.08	3842.02	3842.04	3842.04	3842.04	3842.04	3842.06	3842.00	

*******************************************2024/09/11;01:03:17
Probe number 115
Concentration entered by User 1.63% at Temperature 28.86
1457.44	1482.80	1499.74	1527.50	1551.68	1580.74	1609.86	1641.08	1673.10	1704.48	1745.60	1777.38	1817.96	1844.60	1906.30	1964.66	
2033.16	2101.80	2160.88	2230.32	2306.98	2391.16	2504.34	2617.28	2738.44	2871.00	3032.56	3185.46	3435.26	3737.92	3835.00	3841.46	
3842.04	3842.06	3842.00	3842.02	3842.04	3842.04	3842.10	3842.08	3842.08	3842.06	3842.04	3842.04	3842.04	3842.00	3842.08	3842.06	
3842.06	3842.06	3842.10	3842.04	3842.12	3842.08	3842.02	3842.00	3842.12	3842.04	3842.04	3842.06	3842.10	3842.02	3842.04	3842.04	
3842.06	3842.04	3842.12	3842.02	3842.04	3842.04	3842.12	3842.04	3842.14	3842.08	3842.02	3842.06	3842.04	3842.10	3842.06	3842.02	
3842.06	3842.08	3842.06	3842.08	3842.06	3842.00	3842.08	3842.06	3842.06	3842.02	3842.08	3842.04	3842.04	3842.10	3842.08	3842.00	
3842.12	3842.02	3842.02	3842.02	3842.06	3842.10	3842.12	3842.08	3842.04	3842.06	3842.12	3842.00	3842.06	3842.06	3842.16	3842.04	
3842.10	3842.08	3842.08	3842.06	3842.08	3842.08	3842.04	3842.06	3842.10	3842.02	3842.06	3842.08	3842.06	3842.04	3842.04	3842.04	

*******************************************2024/09/11;01:06:37
Probe number 116
Concentration entered by User 1.63% at Temperature 28.86
1457.18	1482.54	1499.66	1526.90	1551.38	1580.14	1609.34	1640.74	1672.92	1704.14	1744.16	1777.26	1818.70	1844.84	1906.64	1964.24	
2033.12	2101.88	2160.06	2229.02	2304.94	2389.70	2499.98	2615.46	2735.54	2872.74	3027.72	3187.66	3432.14	3737.98	3834.96	3841.52	
3842.08	3842.08	3842.00	3842.00	3842.02	3842.00	3842.08	3842.00	3842.02	3842.06	3842.06	3842.04	3842.00	3842.04	3842.08	3842.02	
3842.08	3842.02	3842.04	3842.12	3842.04	3842.00	3842.08	3842.06	3842.04	3842.04	3842.04	3842.06	3842.06	3842.02	3842.02	3842.00	
3842.02	3842.04	3842.08	3842.06	3842.04	3842.02	3842.00	3842.06	3842.04	3842.10	3842.06	3842.08	3842.06	3842.02	3842.06	3842.04	
3842.04	3842.06	3842.06	3842.08	3842.02	3842.04	3842.08	3842.04	3842.00	3842.06	3842.04	3842.04	3842.04	3842.06	3842.08	3842.04	
3842.08	3842.04	3842.04	3842.04	3842.04	3842.08	3842.06	3842.02	3842.08	3842.04	3842.10	3842.02	3842.04	3842.08	3842.08	3842.02	
3842.00	3842.06	3842.04	3842.04	3842.02	3842.04	3842.06	3842.02	3842.04	3842.06	3842.12	3842.02	3842.02	3842.04	3842.02	3842.02	

*******************************************2024/09/11;01:09:57
Probe number 117
Concentration entered by User 1.64% at Temperature 28.85
1456.84	1482.08	1499.10	1526.10	1550.74	1579.38	1608.30	1639.34	1670.76	1702.18	1743.88	1775.80	1816.06	1842.42	1905.28	1962.36	
2029.70	2100.90	2157.36	2227.36	2304.90	2390.22	2498.20	2612.82	2735.40	2870.48	3023.30	3186.86	3428.84	3737.14	3834.90	3841.42	
3842.06	3842.02	3842.02	3842.00	3842.04	3842.02	3842.06	3842.04	3842.04	3842.06	3842.00	3842.04	3842.02	3842.04	3842.04	3842.02	
3842.06	3842.04	3842.06	3842.04	3842.08	3842.02	3842.08	3842.02	3842.06	3842.02	3842.04	3842.02	3842.04	3842.08	3842.08	3842.04	
3842.04	3842.04	3842.02	3842.10	3842.02	3842.04	3842.08	3842.02	3842.04	3842.08	3842.00	3842.04	3842.02	3842.00	3842.04	3842.10	
3842.10	3842.02	3842.06	3842.04	3842.02	3842.02	3842.04	3842.02	3842.06	3842.00	3842.04	3842.14	3842.08	3842.04	3842.08	3842.02	
3842.08	3842.06	3842.04	3842.04	3842.04	3842.06	3842.00	3842.02	3842.04	3842.02	3842.12	3842.08	3842.06	3842.00	3842.06	3842.06	
3842.00	3842.04	3842.02	3842.04	3842.04	3842.04	3842.04	3842.04	3842.08	3842.04	3842.02	3842.04	3842.08	3842.02	3842.08	3842.02	

*******************************************2024/09/11;01:13:17
Probe number 118
Concentration entered by User 1.65% at Temperature 28.82
1457.68	1483.04	1499.82	1527.70	1552.14	1581.16	1609.60	1640.52	1672.38	1704.02	1744.90	1777.06	1816.82	1844.28	1906.50	1962.54	
2032.06	2101.14	2159.14	2228.16	2305.82	2391.18	2502.94	2615.68	2733.36	2870.08	3030.20	3191.54	3429.12	3732.28	3834.56	3841.52	
3842.00	3842.06	3842.04	3842.02	3842.04	3842.02	3842.06	3842.06	3842.02	3842.00	3842.02	3842.02	3842.00	3842.04	3842.04	3842.02	
3842.08	3842.12	3842.00	3842.08	3842.08	3842.00	3842.08	3842.04	3842.08	3842.06	3842.02	3842.06	3842.04	3842.06	3842.02	3842.00	
3842.04	3842.06	3842.06	3842.04	3842.02	3842.02	3842.06	3842.02	3842.08	3842.04	3842.02	3842.04	3842.04	3842.06	3842.00	3842.00	
3842.04	3842.02	3842.10	3842.02	3842.04	3842.04	3842.08	3842.02	3842.02	3842.02	3842.02	3842.04	3842.04	3842.02	3842.00	3842.02	
3842.00	3842.04	3842.02	3842.00	3842.02	3842.06	3842.06	3842.06	3842.02	3842.02	3842.06	3842.00	3842.04	3842.08	3842.08	3842.04	
3842.04	3842.08	3842.00	3842.04	3842.04	3842.04	3842.00	3842.06	3842.06	3842.02	3842.14	3842.06	3842.04	3842.00	3842.06	3842.02	

*******************************************2024/09/11;01:16:37
Probe number 119
Concentration entered by User 1.63% at Temperature 28.81
1456.94	1482.36	1499.38	1526.72	1551.60	1579.86	1608.48	1640.06	1671.84	1703.20	1744.40	1776.50	1816.34	1843.34	1905.22	1962.82	
2033.02	2100.52	2159.10	2227.54	2305.56	2388.88	2499.34	2612.10	2733.92	2864.38	3025.14	3190.92	3431.08	3737.12	3834.72	3841.44	
3842.08	3842.00	3842.02	3842.04	3842.02	3842.02	3842.00	3842.06	3842.04	3842.04	3842.04	3842.06	3842.02	3842.06	3842.08	3842.02	
3842.04	3842.06	3842.00	3842.10	3842.10	3842.14	3842.04	3842.06	3842.12	3842.10	3842.04	3842.00	3842.04	3842.06	3842.04	3842.02	
3842.02	3842.08	3842.06	3842.04	3842.02	3842.10	3842.08	3842.06	3842.06	3842.04	3842.04	3842.04	3842.10	3842.10	3842.08	3842.04	
3842.02	3842.00	3842.10	3842.02	3842.06	3842.02	3842.04	3842.04	3842.06	3842.06	3842.10	3842.02	3842.02	3842.02	3842.06	3842.06	
3842.06	3842.02	3842.06	3842.06	3842.12	3842.06	3842.08	3842.08	3842.06	3842.06	3842.10	3842.02	3842.02	3842.04	3842.14	3842.06	
3842.06	3842.08	3842.06	3842.06	3842.04	3842.04	3842.08	3842.02	3842.08	3842.06	3842.12	3842.02	3842.02	3842.00	3842.06	3842.02	

*******************************************2024/09/11;01:19:57
Probe number 120
Concentration entered by User 1.65% at Temperature 28.80
1456.32	1481.68	1498.66	1525.94	1550.02	1578.76	1608.24	1639.46	1671.64	1702.74	1744.20	1776.20	1816.82	1843.08	1905.12	1960.86	
2029.06	2098.84	2156.66	2225.82	2302.94	2386.08	2497.56	2610.68	2730.22	2864.96	3021.42	3191.72	3421.80	3734.20	3834.44	3841.54	
3842.06	3842.14	3842.00	3842.02	3842.08	3842.06	3842.06	3842.04	3842.04	3842.08	3842.12	3842.04	3842.08	3842.00	3842.08	3842.04	
3842.08	3842.08	3842.00	3842.08	3842.20	3842.10	3842.12	3842.04	3842.10	3842.04	3842.08	3842.08	3842.10	3842.08	3842.10	3842.02	
3842.06	3842.08	3842.10	3842.08	3842.04	3842.06	3842.06	3842.02	3842.08	3842.10	3842.02	3842.02	3842.04	3842.02	3842.08	3842.06	
3842.08	3842.04	3842.06	3842.08	3842.06	3842.04	3842.04	3842.08	3842.08	3842.10	3842.08	3842.08	3842.02	3842.06	3842.12	3842.04	
3842.08	3842.08	3842.08	3842.02	3842.10	3842.10	3842.08	3842.12	3842.00	3842.04	3842.10	3842.04	3842.10	3842.10	3842.04	3842.06	
3842.00	3842.06	3842.08	3842.02	3842.06	3842.06	3842.04	3842.10	3842.08	3842.04	3842.10	3842.06	3842.08	3842.06	3842.10	3842.04	

*******************************************2024/09/11;01:23:17
Probe number 121
Concentration entered by User 1.66% at Temperature 28.77
1457.00	1482.22	1499.10	1526.52	1550.76	1579.88	1608.86	1640.18	1671.74	1703.76	1744.50	1776.32	1816.80	1843.88	1906.44	1962.92	
2029.90	2098.80	2155.42	2226.48	2304.96	2389.06	2498.02	2609.80	2728.06	2864.94	3023.56	3184.50	3422.88	3730.72	3834.52	3841.50	
3842.10	3842.08	3842.02	3842.02	3842.04	3842.04	3842.06	3842.04	3842.04	3842.02	3842.06	3842.10	3842.08	3842.04	3842.06	3842.02	
3842.04	3842.02	3842.06	3842.18	3842.16	3842.14	3842.10	3842.04	3842.10	3842.14	3842.04	3842.08	3842.10	3842.16	3842.06	3842.04	
3842.06	3842.08	3842.06	3842.06	3842.02	3842.00	3842.06	3842.10	3842.04	3842.20	3842.06	3842.00	3842.02	3842.10	3842.08	3842.10	
3842.10	3842.04	3842.12	3842.08	3842.12	3842.02	3842.14	3842.02	3842.12	3842.14	3842.06	3842.06	3842.08	3842.12	3842.02	3842.04	
3842.04	3842.10	3842.02	3842.08	3842.06	3842.10	3842.10	3842.10	3842.04	3842.06	3842.08	3842.06	3842.02	3842.12	3842.24	3842.08	
3842.06	3842.08	3842.08	3842.02	3842.08	3842.06	3842.08	3842.04	3842.06	3842.12	3842.04	3842.06	3842.10	3842.02	3842.12	3842.04	

*******************************************2024/09/11;01:26:37
Probe number 122
Concentration entered by User 1.65% at Temperature 28.75
1456.76	1482.48	1499.02	1526.46	1550.78	1579.42	1608.64	1639.64	1671.58	1702.94	1744.04	1776.36	1816.80	1842.76	1904.00	1962.46	
2030.36	2099.76	2158.04	2226.06	2304.08	2391.30	2499.22	2613.22	2731.12	2861.94	3021.34	3186.04	3429.70	3730.08	3834.50	3841.60	
3842.16	3842.16	3842.12	3842.06	3842.04	3842.14	3842.06	3842.08	3842.08	3842.10	3842.10	3842.18	3842.04	3842.08	3842.14	3842.08	
3842.08	3842.06	3842.20	3842.10	3842.14	3842.16	3842.04	3842.04	3842.20	3842.18	3842.04	3842.14	3842.14	3842.16	3842.08	3842.04	
3842.10	3842.06	3842.20	3842.08	3842.08	3842.08	3842.22	3842.08	3842.14	3842.20	3842.08	3842.00	3842.08	3842.14	3842.06	3842.06	
3842.10	3842.12	3842.12	3842.26	3842.14	3842.08	3842.12	3842.08	3842.16	3842.12	3842.12	3842.14	3842.10	3842.08	3842.14	3842.02	
3842.24	3842.06	3842.04	3842.16	3842.16	3842.28	3842.12	3842.12	3842.06	3842.06	3842.14	3842.14	3842.08	3842.08	3842.20	3842.10	
3842.12	3842.10	3842.06	3842.10	3842.10	3842.10	3842.18	3842.14	3842.18	3842.12	3842.12	3842.22	3842.20	3842.08	3842.18	3842.14	

*******************************************2024/09/11;01:29:57
Probe number 123
Concentration entered by User 1.66% at Temperature 28.75
1456.22	1481.56	1498.30	1526.10	1550.38	1578.80	1607.64	1638.92	1669.92	1702.10	1743.08	1774.22	1814.40	1840.56	1903.12	1960.10	
2026.66	2095.72	2153.98	2224.10	2301.56	2387.56	2494.40	2606.88	2732.72	2864.02	3018.66	3186.14	3424.50	3733.16	3834.66	3841.52	
3842.14	3842.14	3842.10	3842.06	3842.06	3842.20	3842.12	3842.12	3842.10	3842.12	3842.12	3842.18	3842.12	3842.02	3842.20	3842.04	
3842.06	3842.08	3842.22	3842.22	3842.24	3842.16	3842.16	3842.12	3842.18	3842.10	3842.20	3842.14	3842.22	3842.16	3842.12	3842.12	
3842.10	3842.04	3842.24	3842.12	3842.12	3842.08	3842.22	3842.12	3842.12	3842.18	3842.06	3842.14	3842.22	3842.12	3842.16	3842.20	
3842.08	3842.12	3842.18	3842.20	3842.10	3842.06	3842.16	3842.10	3842.14	3842.04	3842.26	3842.16	3842.26	3842.06	3842.08	3842.14	
3842.20	3842.16	3842.20	3842.14	3842.18	3842.12	3842.08	3842.16	3842.14	3842.12	3842.10	3842.12	3842.14	3842.14	3842.18	3842.16	
3842.08	3842.24	3842.14	3842.16	3842.18	3842.14	3842.20	3842.12	3842.16	3842.10	3842.12	3842.18	3842.12	3842.12	3842.14	3842.12	

*******************************************2024/09/11;01:33:17
Probe number 124
Concentration entered by User 1.66% at Temperature 28.73
1456.60	1481.98	1498.30	1525.24	1550.14	1578.76	1608.24	1639.26	1671.14	1702.84	1743.64	1776.10	1815.62	1841.58	1903.28	1960.38	
2028.92	2097.60	2154.46	2224.12	2300.62	2385.88	2495.12	2608.40	2724.78	2863.10	3023.34	3180.04	3425.48	3732.48	3834.46	3841.54	
3842.08	3842.18	3842.06	3842.06	3842.10	3842.06	3842.08	3842.10	3842.04	3842.22	3842.10	3842.20	3842.12	3842.08	3842.18	3842.10	
3842.16	3842.06	3842.06	3842.10	3842.26	3842.10	3842.12	3842.14	3842.14	3842.08	3842.12	3842.08	3842.08	3842.22	3842.06	3842.24	
3842.12	3842.06	3842.20	3842.12	3842.20	3842.06	3842.24	3842.12	3842.10	3842.10	3842.10	3842.16	3842.04	3842.18	3842.10	3842.22	
3842.10	3842.20	3842.12	3842.24	3842.10	3842.08	3842.12	3842.04	3842.14	3842.04	3842.12	3842.06	3842.12	3842.06	3842.12	3842.10	
3842.12	3842.12	3842.02	3842.14	3842.10	3842.18	3842.06	3842.16	3842.10	3842.06	3842.28	3842.04	3842.10	3842.16	3842.20	3842.18	
3842.08	3842.14	3842.10	3842.06	3842.04	3842.10	3842.14	3842.20	3842.12	3842.20	3842.14	3842.18	3842.06	3842.08	3842.16	3842.06	

*******************************************2024/09/11;01:36:37
Probe number 125
Concentration entered by User 1.66% at Temperature 28.70
1457.42	1483.10	1499.68	1527.24	1551.70	1580.72	1609.38	1641.10	1672.94	1703.48	1743.40	1774.90	1815.48	1842.72	1905.04	1961.32	
2029.76	2098.82	2155.46	2225.20	2300.96	2384.20	2495.68	2609.10	2733.08	2864.72	3018.40	3180.98	3422.26	3733.20	3834.66	3841.48	
3842.12	3842.18	3842.18	3842.04	3842.10	3842.10	3842.16	3842.16	3842.08	3842.16	3842.20	3842.20	3842.14	3842.04	3842.24	3842.10	
3842.08	3842.04	3842.14	3842.10	3842.12	3842.08	3842.18	3842.16	3842.12	3842.24	3842.10	3842.06	3842.10	3842.18	3842.12	3842.04	
3842.12	3842.12	3842.22	3842.12	3842.10	3842.14	3842.20	3842.12	3842.18	3842.12	3842.10	3842.14	3842.08	3842.16	3842.08	3842.16	
3842.06	3842.14	3842.14	3842.24	3842.12	3842.10	3842.20	3842.14	3842.12	3842.10	3842.16	3842.10	3842.16	3842.06	3842.08	3842.16	
3842.18	3842.26	3842.12	3842.10	3842.16	3842.26	3842.08	3842.32	3842.18	3842.08	3842.20	3842.10	3842.12	3842.18	3842.18	3842.10	
3842.12	3842.04	3842.12	3842.14	3842.08	3842.12	3842.28	3842.08	3842.08	3842.10	3842.14	3842.18	3842.16	3842.04	3842.10	3842.06	

*******************************************2024/09/11;01:39:57
Probe number 126
Concentration entered by User 1.66% at Temperature 28.71
1455.86	1481.54	1498.10	1525.50	1550.30	1578.24	1606.72	1638.68	1670.34	1701.32	1740.88	1773.16	1812.42	1839.42	1901.04	1959.16	
2027.02	2095.24	2153.10	2222.56	2298.46	2383.22	2493.74	2606.46	2731.94	2864.26	3017.38	3177.48	3425.94	3731.88	3834.46	3841.48	
3842.18	3842.06	3842.16	3842.10	3842.34	3842.14	3842.10	3842.06	3842.34	3842.08	3842.28	3842.08	3842.16	3842.04	3842.28	3842.04	
3842.24	3842.16	3842.36	3842.12	3842.24	3842.12	3842.16	3842.14	3842.32	3842.08	3842.20	3842.12	3842.34	3842.08	3842.16	3842.08	
3842.20	3842.08	3842.40	3842.08	3842.16	3842.04	3842.34	3842.14	3842.28	3842.06	3842.16	3842.08	3842.38	3842.06	3842.16	3842.12	
3842.32	3842.18	3842.20	3842.18	3842.16	3842.06	3842.22	3842.02	3842.24	3842.08	3842.26	3842.00	3842.22	3842.12	3842.20	3842.08	
3842.32	3842.06	3842.22	3842.12	3842.42	3842.10	3842.20	3842.12	3842.14	3842.14	3842.48	3842.14	3842.16	3842.10	3842.42	3842.04	
3842.20	3842.10	3842.18	3842.10	3842.42	3842.04	3842.24	3842.06	3842.34	3842.04	3842.22	3842.08	3842.24	3842.10	3842.38	3842.12	

*******************************************2024/09/11;01:43:17
Probe number 127
Concentration entered by User 1.68% at Temperature 28.71
1455.68	1480.74	1497.86	1524.78	1549.42	1578.00	1606.88	1638.20	1669.46	1701.52	1742.42	1773.48	1813.34	1839.32	1901.08	1958.88	
2026.82	2094.24	2152.78	2222.98	2299.10	2381.68	2493.20	2606.26	2728.22	2860.70	3014.90	3176.50	3413.26	3730.26	3834.58	3841.40	
3842.16	3842.08	3842.24	3842.04	3842.42	3842.04	3842.20	3842.08	3842.30	3842.04	3842.08	3842.08	3842.16	3842.12	3842.52	3842.06	
3842.20	3842.14	3842.42	3842.16	3842.24	3842.08	3842.26	3842.14	3842.42	3842.10	3842.28	3842.06	3842.48	3842.08	3842.22	3842.02	
3842.32	3842.20	3842.44	3842.10	3842.18	3842.16	3842.46	3842.16	3842.16	3842.10	3842.32	3842.10	3842.48	3842.08	3842.22	3842.06	
3842.54	3842.08	3842.22	3842.08	3842.20	3842.12	3842.44	3842.08	3842.12	3842.08	3842.44	3842.04	3842.18	3842.02	3842.14	3842.04	
3842.46	3842.04	3842.26	3842.10	3842.42	3842.16	3842.28	3842.04	3842.18	3842.06	3842.50	3842.04	3842.22	3842.10	3842.30	3842.08	
3842.16	3842.10	3842.22	3842.06	3842.44	3842.12	3842.20	3842.08	3842.40	3842.08	3842.14	3842.04	3842.18	3842.10	3842.36	3842.02	

*******************************************2024/09/11;01:46:37
Probe number 128
Concentration entered by User 1.68% at Temperature 28.68
1456.40	1481.30	1498.02	1524.92	1549.16	1577.38	1606.94	1638.32	1669.92	1701.56	1741.64	1773.96	1814.42	1839.64	1900.92	1958.82	
2026.64	2096.28	2153.34	2223.12	2297.76	2381.12	2494.18	2608.10	2729.54	2861.84	3016.30	3175.82	3417.82	3728.48	3834.52	3841.52	
3842.26	3842.08	3842.20	3842.08	3842.40	3842.10	3842.24	3842.14	3842.52	3842.08	3842.16	3842.10	3842.34	3842.08	3842.48	3842.10	
3842.24	3842.12	3842.50	3842.14	3842.22	3842.12	3842.38	3842.14	3842.32	3842.14	3842.24	3842.12	3842.30	3842.10	3842.18	3842.08	
3842.26	3842.16	3842.48	3842.16	3842.24	3842.10	3842.46	3842.10	3842.24	3842.14	3842.28	3842.14	3842.50	3842.18	3842.20	3842.16	
3842.50	3842.14	3842.28	3842.04	3842.22	3842.14	3842.46	3842.04	3842.22	3842.16	3842.44	3842.04	3842.22	3842.08	3842.28	3842.08	
3842.56	3842.14	3842.22	3842.08	3842.44	3842.10	3842.38	3842.14	3842.30	3842.08	3842.44	3842.08	3842.24	3842.12	3842.34	3842.18	
3842.26	3842.10	3842.30	3842.08	3842.38	3842.12	3842.22	3842.16	3842.44	3842.14	3842.18	3842.18	3842.26	3842.06	3842.38	3842.08	

*******************************************2024/09/11;01:49:57
Probe number 129
Concentration entered by User 1.69% at Temperature 28.65
1456.54	1481.86	1498.60	1526.30	1551.28	1578.90	1608.26	1639.60	1670.30	1701.66	1742.40	1773.78	1814.00	1840.46	1902.02	1960.28	
2028.78	2098.72	2154.66	2224.96	2299.36	2382.38	2491.16	2605.14	2726.88	2859.52	3015.58	3175.42	3412.02	3728.54	3834.48	3841.48	
3842.24	3842.02	3842.18	3842.08	3842.36	3842.06	3842.18	3842.06	3842.30	3842.04	3842.12	3842.10	3842.22	3842.04	3842.38	3842.00	
3842.22	3842.10	3842.42	3842.08	3842.14	3842.14	3842.22	3842.04	3842.32	3842.06	3842.18	3842.06	3842.38	3842.08	3842.18	3842.10	
3842.22	3842.06	3842.36	3842.04	3842.22	3842.12	3842.46	3842.06	3842.30	3842.14	3842.24	3842.06	3842.50	3842.08	3842.22	3842.16	
3842.44	3842.04	3842.16	3842.10	3842.20	3842.10	3842.34	3842.04	3842.16	3842.06	3842.34	3842.04	3842.20	3842.02	3842.22	3842.12	
3842.50	3842.12	3842.24	3842.06	3842.42	3842.06	3842.10	3842.08	3842.20	3842.06	3842.46	3842.10	3842.22	3842.08	3842.44	3842.12	
3842.18	3842.06	3842.22	3842.08	3842.28	3842.02	3842.16	3842.08	3842.50	3842.14	3842.26	3842.22	3842.38	3842.08	3842.42	3842.04	

*******************************************2024/09/11;01:53:17
Probe number 130
Concentration entered by User 1.69% at Temperature 28.63
1455.16	1480.32	1496.90	1524.30	1549.14	1577.50	1605.50	1636.72	1668.90	1700.10	1741.58	1772.82	1812.44	1838.92	1900.96	1957.78	
2025.88	2094.54	2152.32	2221.64	2295.80	2380.16	2488.98	2600.44	2720.60	2856.92	3015.26	3173.52	3413.20	3729.58	3834.64	3841.46	
3842.24	3842.18	3842.30	3842.12	3842.40	3842.18	3842.26	3842.10	3842.44	3842.04	3842.22	3842.08	3842.30	3842.10	3842.42	3842.16	
3842.28	3842.14	3842.54	3842.18	3842.36	3842.20	3842.44	3842.22	3842.52	3842.22	3842.24	3842.06	3842.42	3842.24	3842.28	3842.10	
3842.32	3842.22	3842.46	3842.20	3842.24	3842.14	3842.50	3842.16	3842.38	3842.06	3842.30	3842.18	3842.58	3842.08	3842.26	3842.20	
3842.52	3842.04	3842.28	3842.10	3842.32	3842.06	3842.36	3842.12	3842.26	3842.20	3842.40	3842.18	3842.22	3842.12	3842.28	3842.18	
3842.36	3842.16	3842.24	3842.10	3842.52	3842.20	3842.28	3842.16	3842.28	3842.22	3842.50	3842.12	3842.30	3842.16	3842.54	3842.16	
3842.20	3842.18	3842.40	3842.12	3842.56	3842.16	3842.32	3842.20	3842.48	3842.14	3842.40	3842.12	3842.30	3842.12	3842.48	3842.10	

*******************************************2024/09/11;01:56:37
Probe number 131
Concentration entered by User 1.69% at Temperature 28.62
1455.52	1480.64	1497.58	1524.72	1548.94	1577.14	1606.20	1637.62	1669.30	1700.24	1740.98	1772.42	1812.24	1839.62	1900.86	1956.80	
2025.14	2094.76	2152.30	2221.40	2297.38	2383.48	2491.06	2603.30	2726.74	2856.78	3015.62	3177.98	3413.58	3725.82	3834.40	3841.66	
3842.08	3842.16	3842.16	3842.08	3842.08	3842.14	3842.16	3842.06	3842.08	3842.10	3842.16	3842.22	3842.20	3842.04	3842.24	3842.12	
3842.12	3842.08	3842.12	3842.18	3842.20	3842.12	3842.14	3842.24	3842.18	3842.20	3842.16	3842.20	3842.18	3842.24	3842.10	3842.12	
3842.22	3842.12	3842.24	3842.14	3842.20	3842.28	3842.14	3842.24	3842.16	3842.24	3842.08	3842.10	3842.14	3842.10	3842.10	3842.18	
3842.08	3842.20	3842.16	3842.24	3842.12	3842.16	3842.08	3842.12	3842.18	3842.16	3842.18	3842.18	3842.30	3842.14	3842.12	3842.14	
3842.22	3842.16	3842.18	3842.08	3842.18	3842.30	3842.16	3842.16	3842.08	3842.14	3842.30	3842.12	3842.16	3842.16	3842.28	3842.14	
3842.20	3842.16	3842.10	3842.06	3842.16	3842.16	3842.32	3842.14	3842.24	3842.26	3842.22	3842.16	3842.14	3842.08	3842.16	3842.14	

*******************************************2024/09/11;01:59:57
Probe number 132
Concentration entered by User 1.69% at Temperature 28.59
1456.34	1481.60	1498.34	1526.10	1549.96	1578.24	1607.12	1638.56	1670.02	1701.42	1741.98	1773.06	1813.02	1839.32	1900.92	1957.34	
2025.90	2093.02	2151.72	2221.90	2298.12	2382.22	2490.92	2603.52	2727.48	2856.12	3012.36	3173.80	3415.00	3724.62	3834.38	3841.54	
3842.18	3842.22	3842.06	3842.14	3842.10	3842.16	3842.14	3842.28	3842.18	3842.26	3842.12	3842.22	3842.28	3842.08	3842.24	3842.22	
3842.20	3842.32	3842.14	3842.26	3842.24	3842.24	3842.20	3842.30	3842.14	3842.22	3842.10	3842.22	3842.16	3842.24	3842.08	3842.16	
3842.24	3842.18	3842.28	3842.22	3842.20	3842.22	3842.26	3842.18	3842.18	3842.24	3842.16	3842.16	3842.24	3842.18	3842.10	3842.20	
3842.22	3842.22	3842.20	3842.22	3842.24	3842.14	3842.26	3842.08	3842.20	3842.18	3842.26	3842.24	3842.20	3842.12	3842.14	3842.20	
3842.20	3842.26	3842.12	3842.26	3842.28	3842.24	3842.18	3842.18	3842.22	3842.22	3842.28	3842.20	3842.34	3842.14	3842.18	3842.20	
3842.16	3842.20	3842.10	3842.08	3842.18	3842.22	3842.26	3842.14	3842.14	3842.22	3842.20	3842.20	3842.30	3842.08	3842.24	3842.14	

*******************************************2024/09/11;02:03:17
Probe number 133
Concentration entered by User 1.70% at Temperature 28.58
1455.70	1481.06	1497.38	1524.84	1548.90	1577.60	1605.80	1636.94	1668.62	1700.72	1740.60	1772.38	1812.06	1838.30	1900.46	1956.68	
2024.26	2093.48	2149.30	2219.18	2293.72	2380.00	2491.52	2605.92	2721.94	2854.52	3012.20	3173.48	3416.18	3722.22	3834.26	3841.56	
3842.38	3842.18	3842.14	3842.14	3842.12	3842.28	3842.20	3842.30	3842.20	3842.22	3842.26	3842.26	3842.28	3842.12	3842.36	3842.10	
3842.36	3842.22	3842.34	3842.20	3842.36	3842.22	3842.42	3842.18	3842.22	3842.26	3842.32	3842.22	3842.30	3842.38	3842.24	3842.28	
3842.30	3842.22	3842.36	3842.22	3842.26	3842.24	3842.34	3842.14	3842.32	3842.16	3842.30	3842.20	3842.16	3842.22	3842.18	3842.26	
3842.20	3842.32	3842.20	3842.34	3842.36	3842.18	3842.36	3842.18	3842.28	3842.22	3842.32	3842.12	3842.38	3842.16	3842.22	3842.22	
3842.32	3842.32	3842.28	3842.16	3842.18	3842.20	3842.28	3842.28	3842.32	3842.18	3842.36	3842.22	3842.26	3842.20	3842.42	3842.24	
3842.32	3842.32	3842.14	3842.18	3842.24	3842.16	3842.22	3842.28	3842.24	3842.16	3842.20	3842.26	3842.18	3842.14	3842.38	3842.20	

*******************************************2024/09/11;02:06:37
Probe number 134
Concentration entered by User 1.70% at Temperature 28.54
1454.68	1480.08	1496.98	1523.90	1548.16	1576.90	1605.48	1636.22	1668.06	1699.10	1739.28	1771.32	1811.48	1838.54	1899.42	1955.74	
2024.66	2092.24	2150.44	2218.88	2293.44	2379.00	2488.72	2602.72	2721.30	2851.64	3009.26	3169.20	3411.26	3727.10	3834.12	3841.66	
3842.18	3842.30	3842.22	3842.16	3842.14	3842.32	3842.22	3842.26	3842.20	3842.26	3842.30	3842.22	3842.12	3842.10	3842.32	3842.30	
3842.22	3842.22	3842.22	3842.30	3842.30	3842.32	3842.38	3842.24	3842.32	3842.36	3842.22	3842.16	3842.18	3842.34	3842.22	3842.18	
3842.22	3842.16	3842.20	3842.24	3842.30	3842.20	3842.32	3842.22	3842.38	3842.28	3842.22	3842.26	3842.22	3842.30	3842.18	3842.18	
3842.32	3842.16	3842.28	3842.42	3842.14	3842.20	3842.26	3842.18	3842.26	3842.24	3842.38	3842.36	3842.30	3842.22	3842.22	3842.16	
3842.24	3842.20	3842.24	3842.24	3842.28	3842.38	3842.22	3842.26	3842.38	3842.22	3842.26	3842.22	3842.22	3842.22	3842.28	3842.34	
3842.28	3842.30	3842.18	3842.24	3842.24	3842.20	3842.24	3842.24	3842.28	3842.28	3842.30	3842.22	3842.24	3842.12	3842.26	3842.12	

*******************************************2024/09/11;02:09:57
Probe number 135
Concentration entered by User 1.70% at Temperature 28.55
1455.08	1480.16	1497.24	1524.32	1548.38	1576.36	1605.16	1637.04	1668.10	1699.46	1739.88	1771.24	1811.36	1837.22	1898.60	1955.54	
2023.22	2091.96	2150.50	2219.38	2293.78	2377.94	2487.48	2600.74	2722.54	2850.84	3010.12	3176.18	3409.52	3724.38	3834.22	3841.58	
3842.24	3842.32	3842.12	3842.26	3842.14	3842.28	3842.20	3842.28	3842.14	3842.26	3842.24	3842.32	3842.28	3842.08	3842.34	3842.24	
3842.30	3842.08	3842.32	3842.18	3842.40	3842.24	3842.26	3842.22	3842.20	3842.32	3842.18	3842.28	3842.24	3842.32	3842.18	3842.30	
3842.24	3842.12	3842.36	3842.20	3842.32	3842.24	3842.40	3842.36	3842.32	3842.24	3842.30	3842.20	3842.22	3842.28	3842.16	3842.32	
3842.30	3842.22	3842.30	3842.46	3842.40	3842.20	3842.32	3842.14	3842.32	3842.28	3842.30	3842.20	3842.28	3842.18	3842.24	3842.26	
3842.22	3842.20	3842.18	3842.32	3842.20	3842.32	3842.30	3842.34	3842.30	3842.12	3842.30	3842.36	3842.22	3842.34	3842.34	3842.24	
3842.30	3842.18	3842.40	3842.20	3842.22	3842.28	3842.36	3842.32	3842.38	3842.28	3842.16	3842.36	3842.28	3842.16	3842.26	3842.20	

*******************************************2024/09/11;02:13:17
Probe number 136
Concentration entered by User 1.71% at Temperature 28.53
1455.90	1480.94	1497.62	1524.70	1549.00	1576.98	1605.74	1636.52	1668.72	1700.28	1740.42	1772.44	1813.04	1839.54	1899.98	1957.52	
2025.10	2093.04	2150.22	2219.70	2294.56	2379.66	2486.58	2604.06	2723.42	2856.98	3011.96	3171.40	3407.12	3724.14	3834.44	3841.68	
3842.30	3842.34	3842.28	3842.24	3842.22	3842.38	3842.34	3842.30	3842.30	3842.38	3842.42	3842.32	3842.34	3842.34	3842.34	3842.34	
3842.32	3842.34	3842.54	3842.46	3842.40	3842.30	3842.38	3842.28	3842.42	3842.38	3842.46	3842.40	3842.38	3842.46	3842.36	3842.42	
3842.40	3842.22	3842.44	3842.26	3842.46	3842.32	3842.48	3842.28	3842.58	3842.42	3842.42	3842.28	3842.36	3842.48	3842.46	3842.44	
3842.44	3842.26	3842.46	3842.38	3842.38	3842.20	3842.36	3842.26	3842.38	3842.34	3842.46	3842.32	3842.50	3842.40	3842.32	3842.30	
3842.42	3842.40	3842.36	3842.30	3842.52	3842.54	3842.36	3842.34	3842.42	3842.28	3842.46	3842.34	3842.30	3842.42	3842.48	3842.36	
3842.38	3842.38	3842.36	3842.28	3842.34	3842.32	3842.40	3842.40	3842.24	3842.46	3842.34	3842.56	3842.46	3842.22	3842.40	3842.24	

*******************************************2024/09/11;02:16:37
Probe number 137
Concentration entered by User 1.71% at Temperature 28.53
1454.76	1480.14	1496.84	1524.24	1548.36	1576.64	1605.22	1636.26	1667.52	1698.80	1739.02	1770.38	1810.72	1836.70	1899.10	1956.30	
2022.78	2091.42	2149.84	2219.86	2292.78	2375.58	2486.50	2599.82	2722.32	2854.46	3005.74	3170.90	3408.84	3720.94	3834.60	3841.54	
3842.32	3842.22	3842.32	3842.22	3842.20	3842.28	3842.26	3842.26	3842.16	3842.26	3842.20	3842.28	3842.38	3842.10	3842.38	3842.24	
3842.32	3842.30	3842.44	3842.32	3842.44	3842.34	3842.38	3842.28	3842.34	3842.42	3842.22	3842.20	3842.38	3842.34	3842.40	3842.34	
3842.46	3842.24	3842.38	3842.36	3842.42	3842.32	3842.34	3842.34	3842.34	3842.30	3842.30	3842.28	3842.30	3842.30	3842.30	3842.28	
3842.38	3842.34	3842.24	3842.42	3842.32	3842.16	3842.32	3842.24	3842.34	3842.42	3842.34	3842.26	3842.32	3842.18	3842.36	3842.24	
3842.36	3842.36	3842.30	3842.22	3842.38	3842.30	3842.32	3842.34	3842.44	3842.24	3842.44	3842.22	3842.40	3842.34	3842.46	3842.22	
3842.26	3842.36	3842.20	3842.30	3842.28	3842.40	3842.38	3842.32	3842.30	3842.32	3842.30	3842.40	3842.40	3842.20	3842.28	3842.22	

*******************************************2024/09/11;02:19:57
Probe number 138
Concentration entered by User 1.70% at Temperature 28.52
1455.10	1480.58	1496.92	1524.30	1548.24	1576.82	1605.44	1636.82	1668.38	1699.58	1740.16	1770.92	1811.18	1837.10	1899.26	1955.54	
2022.46	2093.34	2150.80	2220.50	2292.92	2379.60	2488.06	2598.66	2720.68	2849.18	3008.48	3170.74	3411.74	3722.16	3834.18	3841.54	
3842.38	3842.46	3842.32	3842.28	3842.18	3842.48	3842.36	3842.42	3842.32	3842.38	3842.36	3842.48	3842.36	3842.18	3842.50	3842.38	
3842.46	3842.28	3842.34	3842.32	3842.42	3842.48	3842.38	3842.46	3842.40	3842.48	3842.26	3842.32	3842.38	3842.44	3842.32	3842.50	
3842.30	3842.40	3842.30	3842.32	3842.36	3842.42	3842.44	3842.44	3842.36	3842.40	3842.32	3842.34	3842.40	3842.42	3842.36	3842.58	
3842.34	3842.48	3842.34	3842.54	3842.38	3842.36	3842.36	3842.34	3842.34	3842.44	3842.30	3842.28	3842.44	3842.48	3842.36	3842.38	
3842.22	3842.34	3842.36	3842.50	3842.32	3842.40	3842.36	3842.42	3842.22	3842.42	3842.50	3842.52	3842.40	3842.36	3842.46	3842.40	
3842.24	3842.50	3842.36	3842.26	3842.24	3842.50	3842.40	3842.42	3842.32	3842.30	3842.34	3842.46	3842.44	3842.36	3842.44	3842.32	

*******************************************2024/09/11;02:23:17
Probe number 139
Concentration entered by User 1.72% at Temperature 28.49
1455.56	1480.62	1497.00	1524.14	1548.54	1577.02	1605.74	1636.62	1668.56	1699.12	1738.98	1770.90	1811.10	1837.48	1899.16	1955.26	
2024.20	2091.74	2150.04	2220.06	2292.74	2376.22	2484.86	2602.92	2722.52	2850.80	3006.08	3173.84	3401.76	3718.52	3834.36	3841.64	
3842.50	3842.46	3842.30	3842.30	3842.22	3842.54	3842.38	3842.38	3842.28	3842.42	3842.42	3842.40	3842.32	3842.30	3842.42	3842.26	
3842.42	3842.44	3842.48	3842.28	3842.42	3842.42	3842.48	3842.42	3842.30	3842.48	3842.34	3842.32	3842.40	3842.46	3842.48	3842.44	
3842.42	3842.22	3842.38	3842.22	3842.44	3842.40	3842.48	3842.50	3842.50	3842.34	3842.36	3842.30	3842.34	3842.44	3842.40	3842.40	
3842.46	3842.40	3842.48	3842.30	3842.48	3842.22	3842.48	3842.40	3842.54	3842.44	3842.42	3842.34	3842.38	3842.22	3842.40	3842.36	
3842.44	3842.40	3842.28	3842.30	3842.36	3842.32	3842.28	3842.40	3842.28	3842.20	3842.42	3842.34	3842.54	3842.38	3842.48	3842.40	
3842.32	3842.46	3842.38	3842.38	3842.26	3842.46	3842.36	3842.48	3842.44	3842.48	3842.28	3842.40	3842.46	3842.30	3842.46	3842.24	

*******************************************2024/09/11;02:26:37
Probe number 140
Concentration entered by User 1.72% at Temperature 28.48
1455.32	1480.46	1496.76	1524.08	1548.26	1575.66	1605.22	1635.54	1667.36	1698.94	1738.96	1770.98	1811.22	1837.42	1898.74	1956.36	
2023.32	2094.02	2150.28	2219.98	2295.20	2378.06	2485.02	2595.42	2720.46	2852.70	3004.24	3161.90	3408.78	3719.44	3834.44	3841.60	
3842.34	3842.44	3842.28	3842.22	3842.28	3842.48	3842.32	3842.34	3842.26	3842.44	3842.30	3842.50	3842.50	3842.26	3842.32	3842.32	
3842.54	3842.24	3842.36	3842.44	3842.54	3842.34	3842.46	3842.40	3842.40	3842.56	3842.32	3842.48	3842.40	3842.42	3842.36	3842.46	
3842.46	3842.22	3842.48	3842.42	3842.58	3842.40	3842.46	3842.48	3842.44	3842.50	3842.30	3842.36	3842.38	3842.48	3842.38	3842.40	
3842.38	3842.46	3842.36	3842.52	3842.44	3842.30	3842.40	3842.30	3842.56	3842.36	3842.38	3842.36	3842.38	3842.34	3842.36	3842.34	
3842.46	3842.34	3842.34	3842.44	3842.36	3842.44	3842.36	3842.36	3842.44	3842.36	3842.38	3842.32	3842.36	3842.40	3842.38	3842.36	
3842.42	3842.46	3842.50	3842.32	3842.32	3842.36	3842.38	3842.44	3842.50	3842.40	3842.40	3842.44	3842.50	3842.34	3842.44	3842.36	

*******************************************2024/09/11;02:29:57
Probe number 141
Concentration entered by User 1.71% at Temperature 28.48
1454.58	1479.68	1496.82	1523.86	1548.02	1576.48	1604.92	1635.84	1667.62	1699.10	1739.56	1770.96	1811.62	1837.06	1897.40	1953.54	
2021.62	2091.30	2147.52	2217.72	2292.46	2376.22	2483.54	2597.24	2718.52	2852.42	3009.22	3168.36	3410.72	3718.80	3834.14	3841.56	
3842.32	3842.32	3842.38	3842.30	3842.32	3842.32	3842.34	3842.44	3842.36	3842.38	3842.48	3842.50	3842.40	3842.18	3842.46	3842.44	
3842.56	3842.40	3842.46	3842.50	3842.50	3842.50	3842.46	3842.42	3842.40	3842.36	3842.34	3842.38	3842.38	3842.48	3842.42	3842.46	
3842.42	3842.30	3842.42	3842.38	3842.42	3842.42	3842.50	3842.34	3842.40	3842.48	3842.40	3842.28	3842.46	3842.40	3842.46	3842.48	
3842.46	3842.44	3842.34	3842.52	3842.44	3842.30	3842.44	3842.34	3842.32	3842.46	3842.40	3842.34	3842.64	3842.32	3842.46	3842.48	
3842.36	3842.36	3842.46	3842.42	3842.44	3842.54	3842.40	3842.40	3842.44	3842.34	3842.60	3842.36	3842.50	3842.50	3842.54	3842.42	
3842.46	3842.38	3842.30	3842.40	3842.22	3842.40	3842.46	3842.60	3842.48	3842.32	3842.44	3842.30	3842.52	3842.20	3842.36	3842.32	

*******************************************2024/09/11;02:33:17
Probe number 142
Concentration entered by User 1.74% at Temperature 28.45
1454.78	1480.02	1496.38	1523.66	1547.90	1576.22	1605.36	1635.50	1666.76	1699.20	1738.86	1771.04	1810.56	1837.22	1897.82	1954.50	
2021.90	2090.12	2147.42	2216.58	2291.90	2375.34	2486.48	2598.00	2717.84	2849.28	3007.70	3167.18	3397.44	3715.04	3833.86	3841.50	
3842.38	3842.34	3842.34	3842.24	3842.24	3842.22	3842.32	3842.32	3842.38	3842.36	3842.34	3842.34	3842.40	3842.20	3842.46	3842.16	
3842.48	3842.36	3842.48	3842.46	3842.44	3842.38	3842.52	3842.36	3842.30	3842.54	3842.44	3842.34	3842.46	3842.38	3842.30	3842.40	
3842.42	3842.36	3842.42	3842.26	3842.36	3842.36	3842.38	3842.34	3842.54	3842.40	3842.40	3842.28	3842.44	3842.46	3842.34	3842.56	
3842.54	3842.42	3842.42	3842.36	3842.58	3842.28	3842.44	3842.36	3842.34	3842.38	3842.40	3842.34	3842.42	3842.32	3842.48	3842.30	
3842.40	3842.40	3842.50	3842.42	3842.44	3842.34	3842.42	3842.46	3842.40	3842.32	3842.48	3842.38	3842.38	3842.42	3842.50	3842.44	
3842.36	3842.26	3842.30	3842.30	3842.44	3842.54	3842.36	3842.30	3842.44	3842.36	3842.48	3842.40	3842.42	3842.34	3842.34	3842.26	

*******************************************2024/09/11;02:36:37
Probe number 143
Concentration entered by User 1.73% at Temperature 28.41
1454.92	1479.76	1496.30	1523.64	1547.80	1576.02	1604.74	1636.22	1667.58	1698.12	1738.22	1769.74	1809.60	1835.78	1896.66	1954.00	
2022.50	2089.88	2147.20	2217.16	2291.28	2375.28	2484.06	2600.56	2719.22	2855.24	3009.44	3170.20	3402.10	3716.48	3834.22	3841.70	
3842.50	3842.50	3842.46	3842.26	3842.34	3842.46	3842.42	3842.36	3842.48	3842.52	3842.48	3842.50	3842.50	3842.38	3842.32	3842.42	
3842.54	3842.30	3842.54	3842.58	3842.50	3842.50	3842.56	3842.44	3842.42	3842.52	3842.40	3842.44	3842.56	3842.46	3842.30	3842.50	
3842.36	3842.46	3842.34	3842.52	3842.40	3842.52	3842.58	3842.44	3842.56	3842.46	3842.48	3842.34	3842.62	3842.54	3842.40	3842.48	
3842.42	3842.54	3842.54	3842.50	3842.56	3842.44	3842.48	3842.52	3842.50	3842.38	3842.52	3842.46	3842.54	3842.54	3842.46	3842.38	
3842.38	3842.32	3842.50	3842.44	3842.68	3842.54	3842.60	3842.50	3842.50	3842.50	3842.40	3842.38	3842.32	3842.56	3842.46	3842.44	
3842.38	3842.48	3842.36	3842.50	3842.44	3842.40	3842.46	3842.40	3842.52	3842.40	3842.56	3842.60	3842.40	3842.32	3842.42	3842.42	

*******************************************2024/09/11;02:39:57
Probe number 144
Concentration entered by User 1.73% at Temperature 28.42
1454.52	1480.08	1495.96	1523.52	1547.94	1576.70	1605.12	1636.42	1667.68	1698.04	1737.48	1769.18	1809.70	1836.68	1898.18	1955.52	
2022.26	2088.08	2145.84	2214.90	2288.92	2373.60	2483.36	2598.06	2719.60	2851.46	3006.24	3163.90	3398.90	3718.26	3834.24	3841.62	
3842.54	3842.52	3842.58	3842.38	3842.40	3842.54	3842.54	3842.44	3842.54	3842.46	3842.50	3842.52	3842.50	3842.46	3842.48	3842.46	
3842.52	3842.50	3842.54	3842.60	3842.64	3842.66	3842.62	3842.42	3842.52	3842.62	3842.52	3842.52	3842.60	3842.48	3842.62	3842.40	
3842.58	3842.40	3842.48	3842.52	3842.46	3842.52	3842.62	3842.54	3842.58	3842.60	3842.44	3842.34	3842.54	3842.60	3842.64	3842.40	
3842.52	3842.54	3842.58	3842.40	3842.58	3842.40	3842.46	3842.56	3842.50	3842.36	3842.50	3842.44	3842.40	3842.48	3842.56	3842.38	
3842.62	3842.38	3842.58	3842.38	3842.60	3842.58	3842.50	3842.52	3842.60	3842.44	3842.54	3842.56	3842.52	3842.58	3842.52	3842.60	
3842.40	3842.54	3842.48	3842.38	3842.66	3842.48	3842.54	3842.52	3842.58	3842.54	3842.56	3842.40	3842.44	3842.40	3842.52	3842.48	

*******************************************2024/09/11;02:43:17
Probe number 145
Concentration entered by User 1.74% at Temperature 28.42
1454.58	1479.62	1496.48	1523.50	1548.06	1576.46	1605.52	1635.86	1667.88	1698.82	1738.46	1770.10	1810.28	1836.18	1897.10	1953.88	
2021.66	2089.60	2147.30	2215.78	2291.66	2376.44	2484.70	2600.42	2719.36	2848.66	3004.56	3165.76	3401.18	3713.54	3834.22	3841.58	
3842.42	3842.42	3842.54	3842.30	3842.62	3842.32	3842.38	3842.30	3842.72	3842.36	3842.48	3842.42	3842.52	3842.42	3842.54	3842.26	
3842.48	3842.40	3842.74	3842.44	3842.60	3842.42	3842.48	3842.36	3842.76	3842.44	3842.48	3842.30	3842.78	3842.42	3842.56	3842.40	
3842.72	3842.38	3842.64	3842.36	3842.56	3842.44	3842.60	3842.46	3842.58	3842.46	3842.32	3842.30	3842.62	3842.32	3842.50	3842.32	
3842.66	3842.34	3842.58	3842.36	3842.72	3842.40	3842.74	3842.36	3842.60	3842.42	3842.70	3842.30	3842.42	3842.26	3842.52	3842.38	
3842.62	3842.28	3842.32	3842.38	3842.60	3842.20	3842.50	3842.32	3842.64	3842.44	3842.72	3842.42	3842.50	3842.38	3842.70	3842.30	
3842.42	3842.32	3842.64	3842.38	3842.68	3842.46	3842.50	3842.48	3842.70	3842.40	3842.46	3842.40	3842.68	3842.44	3842.74	3842.30	

*******************************************2024/09/11;02:46:37
Probe number 146
Concentration entered by User 1.72% at Temperature 28.40
1454.42	1479.32	1496.22	1522.84	1547.10	1575.82	1604.68	1635.80	1667.10	1698.82	1738.44	1769.98	1810.44	1836.52	1897.90	1955.00	
2022.46	2087.44	2144.44	2213.80	2288.04	2372.88	2483.90	2597.12	2716.66	2852.40	3005.70	3167.72	3408.04	3717.06	3834.10	3841.62	
3842.54	3842.48	3842.74	3842.44	3842.72	3842.32	3842.60	3842.34	3842.62	3842.36	3842.68	3842.44	3842.64	3842.46	3842.64	3842.42	
3842.68	3842.56	3842.78	3842.48	3842.64	3842.40	3842.74	3842.48	3842.74	3842.40	3842.74	3842.38	3842.80	3842.40	3842.60	3842.34	
3842.60	3842.48	3842.68	3842.34	3842.66	3842.34	3842.74	3842.28	3842.54	3842.50	3842.64	3842.50	3842.84	3842.42	3842.72	3842.60	
3842.70	3842.36	3842.72	3842.48	3842.64	3842.42	3842.76	3842.34	3842.54	3842.56	3842.84	3842.28	3842.62	3842.40	3842.64	3842.44	
3842.80	3842.38	3842.72	3842.54	3842.62	3842.32	3842.58	3842.44	3842.68	3842.48	3842.82	3842.44	3842.56	3842.34	3842.84	3842.34	
3842.60	3842.50	3842.72	3842.50	3842.76	3842.50	3842.62	3842.52	3842.80	3842.36	3842.50	3842.66	3842.64	3842.40	3842.80	3842.36	

*******************************************2024/09/11;02:49:57
Probe number 147
Concentration entered by User 1.74% at Temperature 28.39
1453.42	1478.00	1494.92	1521.92	1546.34	1573.86	1603.38	1634.30	1665.36	1696.42	1736.80	1768.36	1807.42	1833.68	1894.90	1952.46	
2019.46	2086.06	2144.30	2212.52	2287.32	2370.54	2480.20	2592.68	2713.28	2846.82	3004.02	3167.66	3402.94	3711.42	3834.40	3841.64	
3842.56	3842.46	3842.62	3842.46	3842.76	3842.28	3842.64	3842.26	3842.72	3842.40	3842.60	3842.40	3842.66	3842.34	3842.82	3842.38	
3842.64	3842.46	3842.78	3842.40	3842.66	3842.44	3842.72	3842.40	3842.74	3842.44	3842.68	3842.38	3842.66	3842.46	3842.68	3842.62	
3842.66	3842.48	3842.78	3842.44	3842.72	3842.46	3842.78	3842.40	3842.54	3842.46	3842.64	3842.52	3842.70	3842.44	3842.54	3842.48	
3842.72	3842.54	3842.62	3842.48	3842.68	3842.46	3842.76	3842.34	3842.60	3842.36	3842.68	3842.32	3842.64	3842.44	3842.66	3842.36	
3842.66	3842.40	3842.54	3842.48	3842.70	3842.46	3842.54	3842.42	3842.68	3842.56	3842.78	3842.42	3842.54	3842.52	3842.74	3842.44	
3842.54	3842.52	3842.56	3842.34	3842.74	3842.46	3842.60	3842.52	3842.72	3842.48	3842.58	3842.54	3842.66	3842.48	3842.68	3842.42	

*******************************************2024/09/11;02:53:17
Probe number 148
Concentration entered by User 1.73% at Temperature 28.38
1454.12	1479.04	1495.36	1522.62	1546.60	1575.40	1604.66	1635.82	1666.92	1697.26	1738.50	1769.18	1809.66	1835.58	1896.24	1953.80	
2021.00	2088.20	2146.22	2213.16	2290.90	2373.50	2483.82	2594.46	2713.82	2849.90	3003.64	3164.98	3402.34	3715.76	3834.12	3841.60	
3842.54	3842.42	3842.70	3842.36	3842.62	3842.46	3842.62	3842.44	3842.80	3842.46	3842.58	3842.44	3842.74	3842.50	3842.58	3842.46	
3842.80	3842.52	3842.88	3842.44	3842.78	3842.56	3842.66	3842.58	3842.84	3842.54	3842.56	3842.58	3842.74	3842.38	3842.56	3842.44	
3842.68	3842.52	3842.74	3842.44	3842.70	3842.46	3842.74	3842.58	3842.72	3842.52	3842.76	3842.52	3842.82	3842.46	3842.64	3842.54	
3842.82	3842.40	3842.66	3842.50	3842.60	3842.58	3842.86	3842.48	3842.70	3842.48	3842.74	3842.36	3842.56	3842.46	3842.72	3842.46	
3842.74	3842.38	3842.70	3842.50	3842.70	3842.42	3842.70	3842.42	3842.76	3842.48	3842.64	3842.46	3842.58	3842.40	3842.78	3842.42	
3842.60	3842.42	3842.68	3842.52	3842.74	3842.44	3842.68	3842.48	3842.82	3842.36	3842.56	3842.48	3842.72	3842.40	3842.80	3842.48	

*******************************************2024/09/11;02:56:37
Probe number 149
Concentration entered by User 1.72% at Temperature 28.33
1455.36	1480.24	1496.82	1524.22	1548.36	1576.70	1604.66	1636.54	1666.80	1698.40	1738.96	1770.06	1810.78	1836.74	1898.90	1955.56	
2022.74	2089.84	2146.52	2213.80	2287.28	2371.58	2480.94	2597.40	2717.80	2848.78	3004.14	3167.90	3408.42	3715.38	3834.30	3841.52	
3842.64	3842.54	3842.66	3842.34	3842.80	3842.42	3842.56	3842.44	3842.72	3842.36	3842.62	3842.52	3842.64	3842.34	3842.86	3842.32	
3842.68	3842.48	3842.88	3842.46	3842.64	3842.40	3842.74	3842.58	3842.64	3842.44	3842.70	3842.36	3842.80	3842.26	3842.62	3842.38	
3842.80	3842.50	3842.80	3842.50	3842.68	3842.36	3842.82	3842.56	3842.74	3842.48	3842.70	3842.48	3842.76	3842.28	3842.52	3842.42	
3842.88	3842.44	3842.66	3842.32	3842.68	3842.30	3842.64	3842.36	3842.60	3842.56	3842.78	3842.40	3842.50	3842.44	3842.64	3842.48	
3842.86	3842.44	3842.70	3842.62	3842.76	3842.32	3842.70	3842.44	3842.62	3842.36	3842.82	3842.40	3842.62	3842.60	3842.82	3842.44	
3842.56	3842.44	3842.66	3842.40	3842.82	3842.36	3842.62	3842.52	3842.68	3842.34	3842.60	3842.50	3842.78	3842.48	3842.72	3842.40	

*******************************************2024/09/11;02:59:57
Probe number 150
Concentration entered by User 1.72% at Temperature 28.33
1455.58	1480.64	1497.10	1524.34	1548.32	1577.18	1605.78	1635.80	1667.16	1698.06	1739.32	1770.24	1810.62	1838.84	1897.74	1954.86	
2022.40	2088.80	2146.20	2212.64	2288.08	2372.60	2481.52	2593.70	2715.90	2846.38	3004.30	3159.96	3405.64	3720.64	3833.98	3841.58	
3842.60	3842.52	3842.68	3842.36	3842.66	3842.50	3842.52	3842.48	3842.64	3842.46	3842.56	3842.36	3842.62	3842.50	3842.64	3842.38	
3842.60	3842.46	3842.62	3842.48	3842.60	3842.50	3842.60	3842.46	3842.72	3842.54	3842.56	3842.56	3842.76	3842.48	3842.54	3842.44	
3842.56	3842.32	3842.68	3842.52	3842.62	3842.52	3842.62	3842.46	3842.68	3842.48	3842.64	3842.48	3842.78	3842.56	3842.48	3842.50	
3842.66	3842.40	3842.60	3842.44	3842.68	3842.58	3842.60	3842.36	3842.60	3842.52	3842.64	3842.50	3842.50	3842.34	3842.60	3842.30	
3842.72	3842.48	3842.48	3842.48	3842.66	3842.44	3842.46	3842.44	3842.64	3842.50	3842.72	3842.38	3842.48	3842.48	3842.72	3842.48	
3842.60	3842.44	3842.56	3842.52	3842.54	3842.44	3842.62	3842.54	3842.70	3842.38	3842.50	3842.42	3842.70	3842.32	3842.60	3842.34	

*******************************************2024/09/11;03:03:17
Probe number 151
Concentration entered by User 1.75% at Temperature 28.33
1454.08	1478.86	1495.42	1522.76	1546.52	1575.30	1603.72	1634.42	1665.52	1696.30	1736.54	1767.96	1807.94	1834.24	1894.94	1951.72	
2018.96	2086.52	2144.22	2211.98	2285.86	2368.86	2479.46	2590.04	2708.88	2846.78	2993.82	3165.78	3395.58	3713.22	3833.84	3841.78	
3842.54	3842.62	3842.50	3842.36	3842.48	3842.66	3842.54	3842.40	3842.50	3842.66	3842.58	3842.60	3842.54	3842.50	3842.68	3842.66	
3842.70	3842.58	3842.74	3842.70	3842.60	3842.64	3842.66	3842.68	3842.46	3842.66	3842.62	3842.62	3842.58	3842.60	3842.62	3842.54	
3842.66	3842.44	3842.56	3842.66	3842.68	3842.58	3842.60	3842.56	3842.52	3842.58	3842.64	3842.60	3842.52	3842.62	3842.68	3842.60	
3842.52	3842.64	3842.62	3842.80	3842.58	3842.44	3842.70	3842.62	3842.70	3842.60	3842.62	3842.48	3842.56	3842.56	3842.62	3842.56	
3842.60	3842.54	3842.46	3842.54	3842.62	3842.60	3842.60	3842.56	3842.54	3842.50	3842.64	3842.60	3842.70	3842.56	3842.48	3842.62	
3842.72	3842.54	3842.58	3842.56	3842.52	3842.64	3842.60	3842.74	3842.62	3842.62	3842.60	3842.56	3842.68	3842.64	3842.62	3842.50	

*******************************************2024/09/11;03:06:37
Probe number 152
Concentration entered by User 1.75% at Temperature 28.31
1454.44	1479.54	1496.40	1523.26	1547.70	1575.66	1603.18	1633.92	1665.34	1696.18	1737.04	1768.14	1809.04	1835.98	1896.78	1953.94	
2020.94	2087.62	2145.04	2215.48	2288.06	2370.54	2480.06	2589.78	2710.92	2845.94	3001.38	3157.74	3395.10	3711.18	3833.72	3841.68	
3842.58	3842.72	3842.56	3842.64	3842.32	3842.54	3842.48	3842.58	3842.48	3842.54	3842.62	3842.60	3842.72	3842.42	3842.66	3842.60	
3842.72	3842.52	3842.74	3842.70	3842.78	3842.58	3842.54	3842.76	3842.50	3842.76	3842.44	3842.60	3842.54	3842.72	3842.54	3842.80	
3842.64	3842.56	3842.60	3842.46	3842.72	3842.50	3842.72	3842.68	3842.70	3842.64	3842.64	3842.58	3842.42	3842.64	3842.56	3842.68	
3842.68	3842.76	3842.56	3842.66	3842.72	3842.44	3842.54	3842.56	3842.54	3842.58	3842.74	3842.48	3842.60	3842.64	3842.64	3842.64	
3842.56	3842.68	3842.52	3842.60	3842.54	3842.78	3842.58	3842.52	3842.68	3842.52	3842.68	3842.64	3842.60	3842.50	3842.60	3842.64	
3842.66	3842.60	3842.54	3842.60	3842.50	3842.68	3842.78	3842.74	3842.64	3842.64	3842.58	3842.70	3842.60	3842.60	3842.54	3842.52	

*******************************************2024/09/11;03:09:57
Probe number 153
Concentration entered by User 1.75% at Temperature 28.29
1454.68	1479.80	1496.28	1523.50	1547.80	1576.18	1604.68	1635.14	1666.82	1697.58	1737.56	1769.36	1809.98	1836.40	1897.62	1955.04	
2020.10	2087.40	2144.40	2212.20	2287.62	2370.78	2479.04	2592.68	2713.46	2850.22	3005.98	3164.56	3394.16	3711.22	3833.96	3841.68	
3842.50	3842.56	3842.60	3842.54	3842.32	3842.56	3842.54	3842.62	3842.58	3842.50	3842.52	3842.72	3842.64	3842.42	3842.58	3842.50	
3842.60	3842.50	3842.70	3842.58	3842.70	3842.58	3842.66	3842.70	3842.60	3842.64	3842.52	3842.68	3842.68	3842.62	3842.54	3842.64	
3842.68	3842.48	3842.70	3842.54	3842.60	3842.68	3842.74	3842.56	3842.64	3842.66	3842.60	3842.50	3842.62	3842.56	3842.68	3842.64	
3842.56	3842.62	3842.56	3842.66	3842.62	3842.50	3842.68	3842.60	3842.56	3842.68	3842.64	3842.56	3842.62	3842.58	3842.52	3842.52	
3842.60	3842.66	3842.62	3842.56	3842.64	3842.70	3842.48	3842.56	3842.64	3842.68	3842.74	3842.68	3842.78	3842.66	3842.72	3842.62	
3842.60	3842.50	3842.66	3842.54	3842.50	3842.64	3842.54	3842.60	3842.58	3842.66	3842.64	3842.58	3842.64	3842.48	3842.52	3842.50	

*******************************************2024/09/11;03:13:17
Probe number 154
Concentration entered by User 1.74% at Temperature 28.27
1455.18	1480.32	1496.56	1523.80	1547.62	1575.62	1604.38	1635.42	1666.38	1697.00	1736.96	1768.48	1809.44	1836.12	1896.84	1953.70	
2020.62	2086.54	2143.90	2211.94	2287.94	2370.28	2479.74	2589.92	2710.86	2844.44	2994.72	3159.44	3402.42	3713.40	3833.68	3841.70	
3842.48	3842.58	3842.56	3842.50	3842.44	3842.72	3842.66	3842.54	3842.52	3842.56	3842.60	3842.54	3842.58	3842.58	3842.74	3842.68	
3842.62	3842.58	3842.66	3842.48	3842.60	3842.66	3842.62	3842.56	3842.56	3842.54	3842.60	3842.54	3842.66	3842.66	3842.50	3842.52	
3842.56	3842.64	3842.52	3842.60	3842.56	3842.64	3842.66	3842.58	3842.76	3842.56	3842.62	3842.58	3842.56	3842.68	3842.64	3842.58	
3842.56	3842.62	3842.52	3842.66	3842.60	3842.58	3842.58	3842.50	3842.54	3842.50	3842.64	3842.64	3842.68	3842.54	3842.62	3842.50	
3842.64	3842.56	3842.58	3842.72	3842.68	3842.58	3842.64	3842.48	3842.60	3842.52	3842.46	3842.52	3842.66	3842.70	3842.54	3842.62	
3842.70	3842.58	3842.66	3842.42	3842.56	3842.70	3842.68	3842.62	3842.68	3842.60	3842.70	3842.52	3842.50	3842.52	3842.54	3842.54	

*******************************************2024/09/11;03:16:37
Probe number 155
Concentration entered by User 1.75% at Temperature 28.26
1454.16	1479.68	1496.00	1523.12	1547.34	1575.58	1603.64	1634.12	1665.36	1696.34	1736.48	1767.82	1807.90	1834.02	1895.62	1952.92	
2019.20	2086.56	2143.32	2211.46	2287.54	2369.24	2480.34	2586.04	2705.54	2842.94	3003.88	3162.44	3396.10	3709.90	3833.92	3841.76	
3842.66	3842.70	3842.76	3842.62	3842.52	3842.74	3842.66	3842.70	3842.66	3842.60	3842.74	3842.72	3842.76	3842.48	3842.70	3842.74	
3842.78	3842.70	3842.86	3842.76	3842.88	3842.68	3842.84	3842.66	3842.68	3842.70	3842.70	3842.68	3842.74	3842.58	3842.64	3842.66	
3842.80	3842.70	3842.66	3842.64	3842.66	3842.76	3842.68	3842.78	3842.72	3842.64	3842.70	3842.58	3842.60	3842.62	3842.68	3842.76	
3842.70	3842.72	3842.72	3842.74	3842.76	3842.46	3842.70	3842.58	3842.68	3842.56	3842.60	3842.66	3842.66	3842.62	3842.66	3842.62	
3842.76	3842.70	3842.74	3842.82	3842.62	3842.66	3842.78	3842.70	3842.82	3842.74	3842.68	3842.66	3842.70	3842.72	3842.80	3842.60	
3842.72	3842.68	3842.72	3842.64	3842.60	3842.68	3842.76	3842.74	3842.66	3842.68	3842.60	3842.74	3842.78	3842.50	3842.76	3842.58	

*******************************************2024/09/11;03:19:57
Probe number 156
Concentration entered by User 1.75% at Temperature 28.24
1455.90	1481.38	1497.98	1524.08	1549.10	1576.46	1604.96	1636.80	1667.94	1698.82	1738.64	1770.18	1810.20	1836.42	1897.44	1955.16	
2021.52	2088.58	2143.82	2211.84	2287.74	2371.54	2480.76	2591.52	2710.82	2846.24	2999.14	3157.18	3391.30	3715.84	3834.00	3841.74	
3842.62	3842.60	3842.60	3842.54	3842.50	3842.58	3842.54	3842.60	3842.58	3842.58	3842.52	3842.68	3842.70	3842.48	3842.76	3842.68	
3842.76	3842.54	3842.76	3842.72	3842.78	3842.64	3842.68	3842.62	3842.74	3842.70	3842.56	3842.66	3842.64	3842.64	3842.56	3842.70	
3842.64	3842.50	3842.64	3842.66	3842.62	3842.60	3842.86	3842.54	3842.76	3842.70	3842.64	3842.60	3842.60	3842.72	3842.76	3842.74	
3842.74	3842.62	3842.66	3842.66	3842.70	3842.50	3842.66	3842.60	3842.68	3842.62	3842.68	3842.50	3842.74	3842.44	3842.74	3842.54	
3842.68	3842.70	3842.68	3842.74	3842.66	3842.64	3842.66	3842.54	3842.70	3842.68	3842.68	3842.62	3842.68	3842.68	3842.68	3842.70	
3842.64	3842.56	3842.54	3842.70	3842.60	3842.74	3842.74	3842.68	3842.68	3842.58	3842.58	3842.52	3842.68	3842.48	3842.54	3842.54	

*******************************************2024/09/11;03:23:17
Probe number 157
Concentration entered by User 1.76% at Temperature 28.24
1455.90	1480.86	1497.06	1524.34	1548.60	1576.30	1605.24	1635.68	1666.68	1698.68	1738.38	1769.42	1809.42	1835.88	1896.46	1953.56	
2019.78	2086.76	2144.24	2213.50	2287.08	2369.62	2478.52	2591.82	2713.52	2846.34	3005.78	3160.32	3398.34	3707.36	3833.56	3841.66	
3842.58	3842.76	3842.70	3842.58	3842.56	3842.66	3842.78	3842.72	3842.70	3842.64	3842.64	3842.66	3842.76	3842.60	3842.74	3842.60	
3842.72	3842.66	3842.66	3842.74	3842.80	3842.68	3842.86	3842.70	3842.84	3842.70	3842.62	3842.72	3842.64	3842.62	3842.64	3842.68	
3842.58	3842.56	3842.64	3842.66	3842.72	3842.60	3842.66	3842.64	3842.72	3842.82	3842.68	3842.62	3842.72	3842.68	3842.76	3842.76	
3842.70	3842.68	3842.64	3842.68	3842.74	3842.38	3842.74	3842.70	3842.70	3842.70	3842.72	3842.74	3842.60	3842.72	3842.60	3842.64	
3842.62	3842.56	3842.78	3842.64	3842.70	3842.70	3842.68	3842.74	3842.64	3842.64	3842.80	3842.70	3842.70	3842.80	3842.74	3842.70	
3842.68	3842.82	3842.72	3842.66	3842.60	3842.70	3842.74	3842.74	3842.70	3842.76	3842.72	3842.64	3842.74	3842.42	3842.78	3842.74	

*******************************************2024/09/11;03:26:37
Probe number 158
Concentration entered by User 1.75% at Temperature 28.23
1455.06	1480.24	1496.50	1523.70	1547.82	1575.72	1603.94	1634.82	1666.04	1696.76	1737.86	1768.78	1809.10	1835.86	1895.82	1952.60	
2019.26	2086.94	2144.30	2213.44	2286.34	2368.78	2481.30	2591.66	2711.94	2844.34	3000.90	3161.48	3393.48	3710.96	3833.98	3841.78	
3842.84	3842.70	3842.90	3842.70	3842.72	3842.74	3842.84	3842.84	3842.78	3842.80	3842.76	3842.82	3842.86	3842.62	3842.76	3842.70	
3842.82	3842.82	3842.80	3842.90	3842.74	3842.86	3842.90	3842.86	3842.86	3842.86	3842.78	3842.84	3842.80	3842.82	3842.76	3842.84	
3842.74	3842.78	3842.70	3842.72	3842.74	3842.74	3842.84	3842.80	3842.86	3842.80	3842.90	3842.82	3842.82	3842.80	3842.80	3842.72	
3842.78	3842.72	3842.74	3842.90	3842.76	3842.68	3842.78	3842.72	3842.74	3842.78	3842.74	3842.70	3842.88	3842.78	3842.78	3842.82	
3842.74	3842.84	3842.78	3842.84	3842.72	3842.84	3842.84	3842.68	3842.96	3842.80	3842.80	3842.74	3842.80	3842.74	3842.84	3842.86	
3842.74	3842.84	3842.76	3842.82	3842.74	3842.76	3842.76	3842.80	3842.80	3842.80	3842.86	3842.82	3842.84	3842.78	3842.80	3842.74	

*******************************************2024/09/11;03:29:57
Probe number 159
Concentration entered by User 1.76% at Temperature 28.22
1454.56	1479.74	1495.94	1522.76	1546.82	1575.08	1603.42	1634.20	1665.04	1696.26	1736.28	1767.02	1807.06	1834.14	1895.26	1951.68	
2017.24	2085.58	2143.16	2210.82	2285.50	2365.28	2476.10	2589.88	2711.48	2842.74	2998.68	3159.90	3394.90	3707.50	3833.58	3841.72	
3842.86	3842.76	3842.78	3842.66	3842.56	3842.72	3842.80	3842.80	3842.70	3842.70	3842.86	3842.72	3842.70	3842.56	3842.70	3842.76	
3842.78	3842.82	3842.82	3842.74	3842.82	3842.76	3842.84	3842.76	3842.84	3842.76	3842.80	3842.86	3842.88	3842.80	3842.74	3842.78	
3842.78	3842.78	3842.70	3842.80	3842.78	3842.70	3842.78	3842.80	3842.86	3842.78	3842.80	3842.70	3842.70	3842.72	3842.84	3842.86	
3842.80	3842.82	3842.78	3842.84	3842.84	3842.74	3842.78	3842.68	3842.80	3842.76	3842.74	3842.64	3842.68	3842.80	3842.76	3842.70	
3842.78	3842.78	3842.76	3842.78	3842.76	3842.78	3842.86	3842.80	3842.86	3842.80	3842.84	3842.84	3842.80	3842.84	3842.82	3842.80	
3842.86	3842.76	3842.80	3842.88	3842.72	3842.80	3842.84	3842.74	3842.78	3842.78	3842.82	3842.80	3842.86	3842.78	3842.76	3842.86	

*******************************************2024/09/11;03:33:17
Probe number 160
Concentration entered by User 1.76% at Temperature 28.21
1454.16	1479.26	1495.64	1522.26	1546.84	1574.32	1602.86	1632.48	1664.00	1695.56	1736.00	1766.34	1806.16	1832.78	1893.90	1950.50	
2016.84	2083.68	2139.14	2208.76	2282.94	2365.06	2474.78	2589.30	2710.76	2838.96	2997.38	3156.42	3391.22	3710.78	3833.64	3841.70	
3842.70	3842.76	3842.82	3842.68	3842.50	3842.68	3842.78	3842.74	3842.76	3842.72	3842.74	3842.82	3842.84	3842.68	3842.74	3842.66	
3842.80	3842.72	3842.78	3842.70	3842.82	3842.76	3842.82	3842.82	3842.76	3842.78	3842.86	3842.76	3842.90	3842.68	3842.78	3842.84	
3842.84	3842.64	3842.74	3842.72	3842.80	3842.78	3842.78	3842.72	3842.80	3842.76	3842.76	3842.68	3842.72	3842.68	3842.78	3842.74	
3842.88	3842.66	3842.80	3842.82	3842.76	3842.64	3842.78	3842.70	3842.82	3842.80	3842.80	3842.60	3842.86	3842.68	3842.88	3842.76	
3842.78	3842.72	3842.70	3842.80	3842.78	3842.70	3842.82	3842.72	3842.88	3842.80	3842.88	3842.74	3842.80	3842.78	3842.78	3842.70	
3842.86	3842.78	3842.74	3842.68	3842.62	3842.72	3842.82	3842.82	3842.78	3842.68	3842.72	3842.66	3842.86	3842.72	3842.66	3842.62	

*******************************************2024/09/11;03:36:37
Probe number 161
Concentration entered by User 1.76% at Temperature 28.18
1454.14	1479.34	1495.28	1522.06	1546.82	1575.10	1603.02	1633.56	1664.74	1695.14	1735.50	1767.84	1807.68	1834.32	1894.04	1950.46	
2016.14	2084.22	2141.60	2210.64	2283.92	2365.84	2477.06	2590.26	2710.44	2841.58	2993.66	3153.30	3392.28	3709.82	3833.62	3841.76	
3842.78	3842.84	3842.66	3842.74	3842.54	3842.76	3842.68	3842.78	3842.74	3842.78	3842.72	3842.72	3842.82	3842.64	3842.78	3842.76	
3842.86	3842.80	3842.74	3842.82	3842.84	3842.82	3842.78	3842.76	3842.80	3842.88	3842.70	3842.76	3842.76	3842.88	3842.80	3842.88	
3842.72	3842.74	3842.84	3842.78	3842.86	3842.74	3842.82	3842.76	3842.78	3842.64	3842.70	3842.66	3842.68	3842.76	3842.70	3842.78	
3842.80	3842.78	3842.72	3842.76	3842.82	3842.54	3842.58	3842.76	3842.90	3842.86	3842.72	3842.76	3842.80	3842.78	3842.78	3842.76	
3842.72	3842.82	3842.74	3842.82	3842.72	3842.82	3842.78	3842.74	3842.80	3842.68	3842.78	3842.84	3842.84	3842.76	3842.82	3842.72	
3842.66	3842.66	3842.70	3842.70	3842.68	3842.76	3842.84	3842.82	3842.80	3842.72	3842.70	3842.70	3842.70	3842.74	3842.66	3842.72	

*******************************************2024/09/11;03:39:57
Probe number 162
Concentration entered by User 1.76% at Temperature 28.17
1453.50	1479.04	1495.24	1521.90	1545.98	1574.24	1602.66	1633.10	1664.34	1695.16	1735.34	1766.64	1806.62	1832.70	1892.84	1949.96	
2017.32	2083.82	2138.98	2206.42	2281.98	2366.92	2476.14	2588.70	2704.96	2839.46	2994.60	3157.36	3394.86	3708.54	3833.32	3841.74	
3842.76	3842.88	3842.66	3842.64	3842.56	3842.56	3842.68	3842.74	3842.74	3842.78	3842.74	3842.60	3842.72	3842.68	3842.74	3842.72	
3842.70	3842.60	3842.84	3842.68	3842.76	3842.78	3842.84	3842.64	3842.78	3842.66	3842.70	3842.70	3842.72	3842.68	3842.62	3842.66	
3842.72	3842.58	3842.80	3842.72	3842.70	3842.80	3842.82	3842.78	3842.72	3842.72	3842.78	3842.58	3842.76	3842.80	3842.74	3842.68	
3842.80	3842.72	3842.74	3842.72	3842.86	3842.70	3842.72	3842.74	3842.70	3842.64	3842.78	3842.76	3842.74	3842.64	3842.70	3842.66	
3842.66	3842.72	3842.76	3842.64	3842.66	3842.72	3842.76	3842.70	3842.76	3842.82	3842.88	3842.76	3842.78	3842.82	3842.78	3842.76	
3842.80	3842.74	3842.68	3842.72	3842.60	3842.74	3842.82	3842.80	3842.82	3842.78	3842.74	3842.76	3842.82	3842.72	3842.84	3842.66	

*******************************************2024/09/11;03:43:17
Probe number 163
Concentration entered by User 1.77% at Temperature 28.15
1454.38	1479.60	1495.74	1522.52	1546.90	1574.72	1603.54	1634.10	1664.92	1695.48	1735.78	1767.56	1807.58	1835.32	1895.48	1950.68	
2017.00	2084.24	2140.00	2207.48	2282.26	2368.54	2477.02	2590.04	2711.10	2839.68	2997.86	3159.24	3386.10	3707.44	3833.62	3841.74	
3842.78	3842.68	3842.80	3842.62	3842.54	3842.78	3842.84	3842.74	3842.56	3842.84	3842.74	3842.74	3842.74	3842.66	3842.74	3842.80	
3842.82	3842.76	3842.74	3842.68	3842.82	3842.84	3842.86	3842.86	3842.76	3842.82	3842.72	3842.78	3842.70	3842.82	3842.70	3842.80	
3842.74	3842.78	3842.80	3842.90	3842.84	3842.74	3842.68	3842.78	3842.72	3842.76	3842.74	3842.64	3842.78	3842.84	3842.80	3842.84	
3842.68	3842.84	3842.78	3842.76	3842.84	3842.70	3842.64	3842.70	3842.78	3842.78	3842.86	3842.74	3842.78	3842.76	3842.68	3842.66	
3842.70	3842.72	3842.82	3842.78	3842.76	3842.78	3842.76	3842.80	3842.68	3842.66	3842.82	3842.74	3842.72	3842.72	3842.70	3842.76	
3842.72	3842.78	3842.70	3842.76	3842.70	3842.72	3842.76	3842.84	3842.64	3842.88	3842.72	3842.72	3842.76	3842.70	3842.68	3842.80	

*******************************************2024/09/11;03:46:37
Probe number 164
Concentration entered by User 1.77% at Temperature 28.13
1454.16	1479.16	1495.12	1522.46	1546.30	1573.92	1602.20	1633.42	1664.62	1695.88	1735.38	1766.76	1805.74	1832.80	1892.54	1949.84	
2016.24	2083.96	2140.70	2207.82	2283.42	2366.88	2474.84	2586.98	2704.36	2836.16	2996.96	3156.50	3388.08	3705.82	3833.46	3841.74	
3842.76	3842.80	3842.68	3842.58	3842.68	3842.78	3842.86	3842.72	3842.70	3842.70	3842.74	3842.66	3842.78	3842.64	3842.84	3842.60	
3842.74	3842.78	3842.78	3842.72	3842.78	3842.88	3842.76	3842.78	3842.84	3842.80	3842.82	3842.76	3842.80	3842.78	3842.84	3842.68	
3842.66	3842.68	3842.72	3842.70	3842.78	3842.78	3842.88	3842.70	3842.74	3842.76	3842.82	3842.72	3842.70	3842.76	3842.78	3842.80	
3842.82	3842.70	3842.80	3842.76	3842.82	3842.66	3842.72	3842.70	3842.92	3842.86	3842.74	3842.72	3842.68	3842.76	3842.74	3842.80	
3842.70	3842.76	3842.84	3842.78	3842.70	3842.70	3842.86	3842.76	3842.86	3842.80	3842.72	3842.72	3842.86	3842.88	3842.86	3842.82	
3842.80	3842.78	3842.74	3842.70	3842.72	3842.78	3842.82	3842.86	3842.78	3842.78	3842.82	3842.80	3842.84	3842.74	3842.82	3842.74	

*******************************************2024/09/11;03:49:57
Probe number 165
Concentration entered by User 1.77% at Temperature 28.13
1455.02	1479.86	1496.00	1523.06	1547.36	1575.12	1603.96	1634.40	1665.30	1696.38	1736.24	1767.58	1807.34	1833.44	1893.06	1950.60	
2017.70	2084.14	2140.26	2207.04	2283.42	2366.80	2478.32	2588.78	2708.72	2836.50	2995.48	3155.36	3389.86	3708.44	3833.58	3841.70	
3842.90	3842.92	3842.92	3842.78	3842.94	3842.74	3842.86	3842.76	3842.92	3842.76	3842.90	3842.76	3842.94	3842.76	3842.94	3842.78	
3842.92	3842.84	3842.98	3842.82	3842.94	3842.80	3842.94	3842.78	3842.96	3842.74	3842.88	3842.86	3843.00	3842.84	3842.88	3842.78	
3842.90	3842.88	3842.94	3842.84	3842.96	3842.90	3842.94	3842.70	3842.86	3842.84	3842.90	3842.76	3842.98	3842.76	3842.92	3842.86	
3842.94	3842.80	3842.96	3842.82	3842.90	3842.86	3842.94	3842.84	3842.98	3842.90	3842.98	3842.72	3842.84	3842.84	3842.92	3842.66	
3842.96	3842.84	3842.94	3842.82	3842.94	3842.84	3842.92	3842.76	3842.92	3842.88	3842.96	3842.86	3842.96	3842.84	3842.92	3842.86	
3842.90	3842.78	3842.90	3842.80	3842.94	3842.80	3842.92	3842.82	3842.90	3842.76	3842.92	3842.94	3843.00	3842.90	3842.98	3842.82	

*******************************************2024/09/11;03:53:17
Probe number 166
Concentration entered by User 1.77% at Temperature 28.11
1455.72	1480.60	1497.46	1523.30	1547.32	1575.98	1604.14	1634.52	1665.38	1696.42	1737.02	1767.82	1808.32	1833.96	1895.40	1951.00	
2016.82	2084.82	2140.96	2208.64	2284.90	2369.06	2474.22	2584.72	2709.78	2842.28	2996.08	3152.38	3388.02	3706.62	3833.42	3841.74	
3842.96	3842.90	3842.96	3842.92	3842.96	3842.80	3842.98	3842.88	3843.00	3842.84	3842.96	3842.88	3842.98	3842.90	3843.00	3842.82	
3842.88	3842.96	3842.94	3842.90	3842.98	3842.86	3842.96	3842.90	3842.96	3842.88	3842.90	3842.82	3842.96	3842.78	3842.96	3842.88	
3842.94	3842.84	3842.96	3842.82	3842.98	3842.86	3842.98	3842.86	3842.98	3842.88	3842.96	3842.88	3842.98	3842.92	3842.92	3842.92	
3842.98	3842.80	3842.88	3842.86	3842.96	3842.94	3842.94	3842.80	3842.96	3842.86	3842.92	3842.84	3842.92	3842.92	3842.94	3842.76	
3843.00	3842.80	3842.94	3842.86	3842.98	3842.86	3842.96	3842.84	3842.94	3842.90	3842.98	3842.84	3842.94	3842.88	3842.94	3842.80	
3842.96	3842.82	3842.94	3842.84	3842.98	3842.80	3842.96	3842.94	3843.00	3842.82	3842.92	3842.82	3842.98	3842.84	3842.98	3842.80	

*******************************************2024/09/11;03:56:37
Probe number 167
Concentration entered by User 1.78% at Temperature 28.09
1453.38	1478.22	1494.80	1521.66	1545.22	1573.36	1601.34	1632.46	1663.34	1693.42	1733.30	1764.78	1805.28	1831.50	1892.16	1949.56	
2014.60	2080.76	2137.84	2207.38	2281.26	2366.28	2473.66	2584.60	2705.78	2835.78	2996.98	3150.98	3385.90	3702.12	3833.32	3841.68	
3842.88	3842.80	3842.92	3842.78	3842.92	3842.86	3842.96	3842.86	3842.96	3842.88	3842.88	3842.84	3842.88	3842.88	3842.98	3842.82	
3842.96	3842.76	3843.00	3842.92	3842.94	3842.86	3842.96	3842.84	3842.96	3842.82	3842.94	3842.82	3842.88	3842.92	3842.94	3842.82	
3842.92	3842.86	3842.94	3842.90	3842.98	3842.74	3842.98	3842.84	3842.98	3842.82	3842.96	3842.88	3843.00	3842.92	3842.84	3842.80	
3842.94	3842.78	3842.90	3842.86	3842.88	3842.80	3842.90	3842.72	3842.94	3842.94	3842.98	3842.86	3842.94	3842.74	3842.88	3842.82	
3843.00	3842.90	3842.88	3842.84	3843.00	3842.88	3842.98	3842.90	3842.96	3842.88	3842.90	3842.84	3842.98	3842.84	3842.94	3842.90	
3842.90	3842.84	3842.98	3842.84	3842.96	3842.86	3842.92	3842.68	3843.00	3842.86	3842.88	3842.78	3842.90	3842.90	3842.94	3842.78	

*******************************************2024/09/11;03:59:57
Probe number 168
Concentration entered by User 1.79% at Temperature 28.08
1452.90	1477.60	1494.36	1521.26	1544.96	1573.34	1601.66	1631.74	1662.44	1693.14	1733.48	1764.26	1804.84	1831.36	1891.72	1948.38	
2014.76	2080.58	2137.00	2204.28	2280.58	2361.30	2475.20	2584.72	2704.28	2834.42	2995.38	3150.94	3385.46	3700.74	3833.28	3841.64	
3842.86	3842.82	3842.90	3842.80	3842.90	3842.92	3842.88	3842.76	3842.90	3842.74	3842.94	3842.86	3842.94	3842.84	3842.92	3842.80	
3842.84	3842.88	3842.94	3842.86	3842.96	3842.88	3842.96	3842.80	3842.88	3842.86	3842.92	3842.86	3842.98	3842.84	3842.96	3842.74	
3842.90	3842.74	3842.96	3842.90	3842.94	3842.78	3842.90	3842.88	3842.88	3842.84	3842.90	3842.80	3842.98	3842.80	3842.96	3842.76	
3842.96	3842.74	3842.86	3842.82	3842.94	3842.86	3842.94	3842.82	3842.90	3842.90	3842.92	3842.82	3842.90	3842.80	3842.90	3842.80	
3842.88	3842.80	3843.00	3842.80	3842.94	3842.88	3843.00	3842.96	3842.96	3842.80	3842.96	3842.86	3842.94	3842.84	3842.90	3842.84	
3842.94	3842.78	3842.90	3842.88	3842.94	3842.84	3842.96	3842.90	3843.00	3842.86	3842.90	3842.82	3842.92	3842.86	3842.98	3842.72	

*******************************************2024/09/11;04:03:17
Probe number 169
Concentration entered by User 1.79% at Temperature 28.06
1453.06	1477.98	1494.26	1521.76	1545.22	1573.06	1601.36	1631.40	1662.72	1692.74	1732.68	1764.26	1804.38	1831.00	1890.62	1948.14	
2014.46	2079.70	2136.84	2206.56	2281.28	2365.22	2472.54	2582.20	2701.10	2835.98	2991.52	3152.42	3382.24	3698.36	3833.14	3841.74	
3842.90	3842.88	3842.90	3842.86	3843.00	3842.92	3842.98	3842.78	3843.00	3842.90	3842.98	3842.96	3842.92	3842.84	3843.00	3842.78	
3842.92	3842.82	3842.96	3842.88	3842.86	3842.86	3842.94	3842.88	3842.98	3842.90	3842.96	3842.84	3842.98	3842.96	3842.94	3842.80	
3842.94	3842.88	3842.96	3842.92	3842.92	3842.90	3843.00	3842.88	3842.88	3842.84	3842.98	3842.90	3843.00	3842.84	3842.98	3842.92	
3842.96	3842.86	3842.96	3842.88	3842.98	3842.84	3842.90	3842.82	3842.92	3842.74	3843.02	3842.74	3842.96	3842.96	3842.96	3842.90	
3842.94	3842.82	3842.98	3842.86	3842.98	3842.90	3842.96	3842.84	3842.94	3842.92	3842.98	3842.96	3842.96	3842.82	3842.98	3842.86	
3842.94	3842.86	3842.92	3842.80	3842.98	3842.82	3842.96	3842.86	3842.98	3842.84	3842.92	3842.90	3842.96	3842.82	3842.96	3842.76	

*******************************************2024/09/11;04:06:37
Probe number 170
Concentration entered by User 1.80% at Temperature 28.04
1452.62	1477.38	1493.30	1519.80	1544.06	1572.16	1600.68	1631.26	1662.20	1692.76	1732.02	1763.96	1802.86	1830.24	1890.60	1946.56	
2012.74	2080.40	2135.14	2203.66	2280.46	2362.68	2470.50	2587.62	2705.88	2836.14	2992.58	3147.82	3377.12	3700.18	3833.14	3841.74	
3842.92	3842.82	3842.90	3842.86	3842.68	3842.90	3842.86	3842.86	3842.88	3842.96	3842.92	3842.88	3842.90	3842.82	3842.96	3842.92	
3842.86	3842.88	3842.94	3842.90	3842.88	3842.86	3842.92	3842.84	3842.84	3842.92	3842.88	3842.86	3842.94	3842.90	3842.86	3842.80	
3842.84	3842.88	3842.88	3842.88	3842.94	3842.88	3842.94	3842.84	3842.84	3842.90	3842.90	3842.88	3842.82	3842.88	3842.88	3842.90	
3842.90	3842.92	3842.86	3842.98	3842.94	3842.86	3842.86	3842.88	3842.96	3842.92	3842.90	3842.90	3842.92	3842.96	3842.90	3842.84	
3842.90	3842.86	3842.92	3842.84	3842.94	3842.90	3842.92	3842.90	3842.90	3842.88	3842.96	3842.92	3842.90	3842.86	3842.98	3842.90	
3842.92	3842.88	3842.82	3842.98	3842.82	3842.90	3842.86	3842.88	3842.92	3842.92	3842.82	3842.92	3842.88	3842.84	3842.94	3842.84	

*******************************************2024/09/11;04:09:57
Probe number 171
Concentration entered by User 1.78% at Temperature 28.04
1453.70	1478.88	1495.40	1522.02	1546.32	1574.22	1602.10	1632.90	1663.64	1695.86	1735.16	1764.84	1804.64	1832.10	1891.60	1949.02	
2015.90	2081.60	2139.02	2206.10	2282.24	2365.56	2475.30	2585.96	2702.46	2832.66	2995.34	3151.44	3391.08	3699.24	3833.00	3841.76	
3842.94	3842.90	3842.90	3842.88	3842.82	3842.84	3842.98	3842.98	3842.82	3842.96	3842.94	3842.92	3842.98	3842.84	3842.92	3842.94	
3842.96	3842.84	3842.88	3842.90	3842.98	3842.96	3842.92	3842.86	3842.92	3842.90	3842.94	3842.92	3842.90	3842.90	3842.90	3842.96	
3842.92	3842.90	3842.90	3842.82	3842.92	3842.84	3842.90	3842.78	3842.94	3842.92	3842.88	3842.92	3842.88	3842.92	3842.88	3842.92	
3842.82	3842.88	3842.92	3842.94	3842.94	3842.94	3842.88	3842.86	3842.96	3842.84	3842.92	3842.88	3842.94	3842.86	3842.94	3842.84	
3842.92	3842.86	3842.90	3842.90	3842.76	3842.90	3842.88	3842.96	3842.94	3842.94	3842.88	3842.98	3842.96	3842.96	3842.94	3842.90	
3842.96	3842.90	3842.94	3842.88	3842.90	3842.88	3842.88	3842.94	3842.96	3842.90	3842.94	3842.90	3842.96	3842.82	3842.88	3842.92	

*******************************************2024/09/11;04:13:17
Probe number 172
Concentration entered by User 1.81% at Temperature 28.03
1452.30	1476.88	1493.36	1520.00	1544.34	1572.04	1599.76	1630.08	1661.30	1692.06	1731.62	1762.20	1802.32	1828.72	1889.84	1947.72	
2013.06	2080.14	2136.02	2202.20	2278.70	2360.70	2472.32	2579.70	2699.80	2835.50	2987.44	3144.86	3370.68	3697.40	3833.12	3841.78	
3842.90	3842.76	3842.82	3842.82	3842.74	3842.86	3842.92	3842.86	3842.80	3842.86	3842.90	3842.90	3842.88	3842.88	3842.92	3842.84	
3842.94	3842.82	3842.94	3842.84	3842.96	3842.88	3842.94	3842.88	3842.96	3842.88	3842.84	3842.94	3842.92	3842.82	3842.96	3842.86	
3842.96	3842.84	3842.90	3842.88	3842.90	3842.92	3843.00	3842.86	3842.94	3842.88	3842.84	3842.92	3842.92	3842.90	3842.94	3842.92	
3842.92	3842.88	3842.90	3842.96	3842.94	3842.82	3842.94	3842.86	3842.94	3842.94	3842.90	3842.76	3842.96	3842.82	3842.80	3842.88	
3842.86	3842.88	3842.86	3842.90	3842.96	3842.94	3842.94	3842.88	3842.96	3842.88	3842.96	3842.84	3842.94	3842.92	3842.94	3842.82	
3842.94	3842.78	3842.86	3842.94	3842.82	3842.82	3842.92	3842.90	3842.92	3842.86	3842.90	3842.92	3842.88	3842.84	3842.96	3842.86	

*******************************************2024/09/11;04:16:37
Probe number 173
Concentration entered by User 1.80% at Temperature 28.02
1453.62	1478.34	1494.88	1521.68	1545.84	1574.16	1601.38	1631.84	1663.14	1693.64	1733.58	1763.46	1803.62	1830.70	1891.68	1948.36	
2015.26	2081.02	2135.64	2201.16	2278.40	2363.52	2469.96	2582.04	2699.96	2835.54	2990.62	3149.98	3376.62	3701.36	3832.82	3841.78	
3842.86	3842.86	3842.80	3842.82	3842.66	3842.88	3842.92	3842.88	3842.88	3842.90	3842.86	3842.84	3842.80	3842.88	3842.82	3842.82	
3842.96	3842.80	3842.90	3842.94	3842.96	3842.94	3842.90	3842.84	3842.86	3842.90	3842.78	3842.90	3842.94	3842.88	3842.86	3842.84	
3842.92	3842.94	3842.80	3842.88	3842.84	3842.90	3842.90	3842.80	3842.88	3842.84	3842.88	3842.88	3842.86	3842.84	3842.94	3842.88	
3842.90	3842.90	3842.88	3842.88	3842.96	3842.86	3842.86	3842.76	3842.92	3842.94	3842.80	3842.84	3842.86	3842.78	3842.92	3842.90	
3842.86	3842.90	3842.86	3842.86	3842.92	3842.94	3842.84	3842.86	3842.90	3842.76	3842.92	3842.80	3842.92	3842.86	3842.84	3842.86	
3842.82	3842.82	3842.82	3842.78	3842.78	3842.92	3842.86	3842.86	3842.90	3842.86	3842.82	3842.88	3842.90	3842.80	3842.84	3842.86	

*******************************************2024/09/11;04:19:57
Probe number 174
Concentration entered by User 1.80% at Temperature 28.00
1453.32	1478.50	1494.50	1521.60	1545.40	1573.64	1601.70	1632.06	1662.80	1693.88	1734.44	1763.68	1803.16	1830.06	1891.08	1947.60	
2014.70	2081.08	2135.98	2204.22	2280.56	2362.82	2472.52	2584.40	2700.36	2833.98	2988.94	3144.04	3376.84	3696.72	3833.18	3841.86	
3842.98	3842.98	3842.90	3842.82	3842.92	3842.92	3842.88	3842.90	3842.90	3842.96	3842.92	3842.86	3842.96	3842.90	3843.00	3842.96	
3842.96	3842.94	3842.86	3842.92	3842.98	3842.84	3842.94	3842.96	3842.96	3842.92	3842.92	3842.94	3842.94	3843.00	3842.92	3842.98	
3842.94	3842.92	3842.96	3842.96	3842.98	3842.98	3842.96	3842.88	3842.94	3842.94	3842.92	3842.94	3842.94	3842.98	3842.94	3842.98	
3842.96	3842.92	3842.90	3842.92	3842.96	3842.86	3842.92	3842.94	3842.96	3842.82	3842.88	3842.98	3842.90	3842.94	3842.98	3842.98	
3842.86	3842.96	3842.94	3842.88	3842.96	3842.90	3842.90	3842.88	3842.92	3842.92	3842.94	3842.94	3842.98	3842.96	3842.96	3842.98	
3843.00	3842.94	3842.98	3842.94	3842.76	3842.98	3842.98	3842.98	3842.94	3842.96	3842.92	3842.90	3842.90	3842.90	3842.96	3842.88	

*******************************************2024/09/11;04:23:17
Probe number 175
Concentration entered by User 1.80% at Temperature 27.99
1453.88	1478.28	1495.00	1522.04	1545.40	1572.68	1601.08	1632.02	1663.34	1693.96	1733.48	1764.76	1804.18	1831.24	1890.08	1948.10	
2014.46	2081.58	2137.42	2204.46	2280.72	2363.24	2472.02	2581.74	2703.64	2828.76	2986.52	3148.18	3379.56	3694.32	3833.20	3841.74	
3842.86	3842.88	3842.90	3842.90	3842.84	3842.92	3842.86	3842.88	3842.80	3842.92	3842.96	3842.88	3842.96	3842.82	3842.86	3842.96	
3842.92	3842.88	3842.96	3842.92	3842.96	3842.92	3842.94	3842.86	3842.92	3842.96	3842.86	3842.94	3842.86	3842.80	3842.92	3842.88	
3842.90	3842.88	3842.86	3842.94	3842.90	3842.92	3842.90	3842.92	3842.94	3842.90	3842.94	3842.84	3842.88	3843.00	3842.92	3842.94	
3842.98	3842.92	3842.88	3842.92	3842.86	3842.84	3842.84	3842.92	3842.88	3842.96	3842.86	3842.90	3842.96	3842.90	3842.94	3842.86	
3842.88	3842.94	3842.94	3842.82	3842.88	3842.96	3842.86	3842.90	3842.92	3842.90	3842.92	3842.92	3842.90	3842.90	3842.90	3842.90	
3842.96	3842.92	3842.94	3842.96	3842.94	3842.84	3842.96	3842.98	3842.94	3842.94	3842.92	3842.92	3842.90	3842.88	3842.84	3842.96	

*******************************************2024/09/11;04:26:37
Probe number 176
Concentration entered by User 1.80% at Temperature 27.98
1454.22	1479.32	1495.84	1522.84	1546.86	1574.34	1603.04	1633.40	1664.22	1695.48	1733.94	1765.42	1805.22	1831.28	1891.20	1948.32	
2014.04	2081.46	2138.90	2204.86	2281.26	2365.94	2473.54	2584.98	2703.80	2837.20	2990.92	3154.60	3382.60	3690.40	3832.62	3841.76	
3842.92	3842.88	3842.90	3842.86	3842.94	3842.92	3842.92	3842.96	3842.94	3842.90	3842.92	3842.94	3842.98	3842.86	3842.98	3842.86	
3842.94	3842.96	3842.98	3842.98	3842.98	3842.98	3842.94	3842.92	3842.88	3842.90	3842.98	3842.96	3842.94	3842.88	3842.94	3842.98	
3842.96	3842.88	3842.88	3842.90	3842.94	3842.98	3842.96	3842.88	3842.92	3842.98	3842.92	3842.90	3842.96	3842.92	3842.94	3842.92	
3843.00	3842.92	3842.94	3842.98	3842.94	3842.92	3842.90	3842.92	3842.96	3842.96	3842.96	3842.88	3842.98	3842.96	3842.92	3842.96	
3842.94	3842.94	3842.94	3842.98	3842.94	3842.92	3842.98	3843.00	3842.92	3842.98	3842.92	3842.94	3842.94	3842.96	3842.94	3842.80	
3842.92	3843.00	3843.00	3842.96	3842.92	3842.86	3842.98	3842.98	3842.94	3842.90	3842.98	3842.96	3842.98	3842.94	3842.92	3842.90	

*******************************************2024/09/11;04:29:57
Probe number 177
Concentration entered by User 1.81% at Temperature 27.96
1452.72	1477.70	1493.34	1520.82	1544.48	1572.10	1600.10	1631.36	1662.42	1693.32	1731.88	1763.36	1801.80	1828.44	1888.06	1945.88	
2013.72	2079.74	2136.20	2204.08	2280.50	2362.94	2469.70	2580.56	2703.22	2832.88	2982.88	3146.24	3373.94	3696.88	3832.98	3841.68	
3842.96	3842.96	3842.86	3842.84	3842.78	3842.86	3842.90	3842.96	3842.88	3842.96	3842.88	3842.86	3842.96	3842.88	3842.88	3842.94	
3842.94	3842.88	3842.96	3842.92	3842.92	3842.94	3842.94	3842.92	3842.98	3842.90	3842.86	3842.92	3842.82	3842.92	3842.90	3842.92	
3842.92	3842.88	3842.94	3842.86	3842.94	3842.98	3842.92	3842.90	3842.94	3842.96	3842.84	3842.90	3842.88	3842.86	3842.94	3842.96	
3842.88	3842.94	3842.90	3842.86	3842.94	3842.88	3842.92	3842.96	3842.92	3842.92	3842.92	3842.84	3842.90	3842.86	3842.90	3842.92	
3842.86	3842.96	3842.94	3842.90	3842.90	3842.90	3842.90	3842.86	3842.96	3842.90	3842.98	3842.92	3842.88	3842.92	3842.88	3842.96	
3842.92	3842.92	3842.94	3842.90	3842.88	3842.90	3842.90	3842.96	3842.88	3842.92	3842.86	3842.94	3842.92	3842.80	3842.86	3843.00	

*******************************************2024/09/11;04:33:17
Probe number 178
Concentration entered by User 1.80% at Temperature 27.95
1453.80	1478.66	1495.06	1522.28	1545.78	1572.84	1601.82	1632.98	1663.24	1693.72	1733.12	1764.68	1804.08	1829.78	1890.26	1947.16	
2014.26	2080.00	2136.16	2206.00	2279.26	2363.00	2469.20	2581.36	2700.12	2832.92	2988.28	3149.16	3380.48	3693.84	3832.96	3841.84	
3842.96	3842.92	3842.90	3842.90	3842.92	3842.92	3842.98	3842.96	3842.98	3842.98	3842.96	3842.86	3843.00	3842.86	3842.94	3842.94	
3842.98	3842.96	3842.90	3842.96	3842.92	3842.96	3842.98	3842.92	3842.86	3842.92	3842.86	3842.90	3842.92	3842.88	3842.90	3842.94	
3843.00	3842.98	3842.92	3842.94	3842.92	3842.94	3843.00	3842.90	3842.96	3842.88	3842.98	3842.92	3842.96	3842.92	3842.98	3842.98	
3842.92	3842.94	3842.98	3842.94	3842.94	3842.92	3842.98	3842.94	3842.92	3842.92	3842.94	3842.94	3842.90	3842.90	3842.88	3842.96	
3842.90	3842.98	3842.96	3842.98	3842.88	3842.88	3842.96	3842.92	3842.88	3842.92	3842.92	3842.94	3842.98	3842.92	3842.94	3842.90	
3842.96	3842.96	3842.98	3842.98	3842.90	3842.92	3842.96	3842.92	3842.96	3842.92	3842.92	3842.92	3842.94	3842.94	3842.92	3842.92	

*******************************************2024/09/11;04:36:37
Probe number 179
Concentration entered by User 1.82% at Temperature 27.93
1452.26	1477.14	1493.16	1520.28	1544.06	1571.58	1599.26	1630.32	1661.50	1692.22	1732.16	1762.94	1801.38	1827.38	1887.70	1946.06	
2011.78	2076.82	2133.32	2202.28	2277.52	2361.90	2467.76	2577.82	2701.30	2833.46	2989.54	3145.94	3371.98	3689.70	3832.64	3841.72	
3842.90	3842.86	3842.88	3842.90	3842.64	3842.96	3843.00	3842.92	3842.88	3842.94	3842.84	3842.94	3842.92	3842.74	3842.92	3842.92	
3842.96	3842.94	3842.80	3842.96	3842.96	3842.90	3842.96	3842.92	3842.82	3842.98	3842.92	3842.92	3842.88	3842.86	3842.92	3842.92	
3842.92	3842.90	3842.86	3842.92	3842.94	3842.96	3842.96	3842.94	3842.90	3842.96	3842.88	3842.94	3842.82	3843.00	3842.86	3842.92	
3842.90	3842.96	3842.94	3842.90	3843.00	3842.82	3842.80	3842.86	3842.98	3842.86	3842.92	3842.92	3842.94	3842.92	3842.94	3842.96	
3842.88	3843.00	3842.94	3842.88	3842.88	3842.94	3842.90	3842.94	3842.96	3842.86	3842.90	3842.86	3842.94	3842.92	3842.96	3842.92	
3842.94	3842.90	3842.92	3842.80	3842.86	3842.96	3842.92	3842.92	3842.98	3842.94	3842.94	3842.96	3842.92	3842.86	3842.88	3842.96	

*******************************************2024/09/11;04:39:57
Probe number 180
Concentration entered by User 1.82% at Temperature 27.93
1452.48	1477.34	1493.48	1519.90	1544.18	1571.30	1599.82	1630.26	1661.26	1692.24	1731.58	1762.48	1800.86	1827.08	1887.60	1943.74	
2010.90	2077.52	2134.28	2202.78	2278.60	2360.58	2466.62	2576.24	2697.94	2829.98	2986.52	3141.16	3370.56	3692.36	3832.56	3841.76	
3842.94	3842.92	3843.00	3842.92	3842.92	3842.92	3842.94	3842.94	3842.96	3842.90	3842.90	3842.92	3842.94	3842.88	3842.94	3842.96	
3842.92	3842.96	3842.90	3842.96	3842.98	3842.92	3842.96	3842.90	3843.00	3842.92	3842.98	3842.94	3842.90	3842.86	3842.96	3842.98	
3842.94	3842.92	3842.94	3842.90	3842.92	3842.90	3842.90	3842.96	3842.90	3842.96	3842.94	3842.94	3842.88	3842.98	3842.92	3843.00	
3842.88	3842.88	3842.96	3842.94	3842.92	3842.94	3842.92	3842.94	3842.96	3842.98	3842.92	3842.86	3842.88	3842.96	3842.92	3842.88	
3842.94	3842.96	3842.94	3842.86	3842.96	3842.94	3842.96	3842.96	3842.96	3842.90	3842.98	3842.98	3842.98	3842.96	3842.94	3842.94	
3843.00	3843.00	3842.94	3842.90	3842.88	3842.94	3842.98	3842.98	3842.96	3842.96	3843.00	3842.94	3843.00	3842.88	3842.98	3842.94	

*******************************************2024/09/11;04:43:17
Probe number 181
Concentration entered by User 1.82% at Temperature 27.91
1453.10	1477.68	1494.26	1521.12	1544.68	1572.90	1600.88	1631.32	1661.96	1692.56	1733.02	1763.88	1803.02	1829.38	1889.22	1945.22	
2011.22	2079.00	2135.24	2202.70	2279.16	2363.20	2469.40	2579.44	2699.90	2834.76	2987.70	3146.08	3375.18	3689.80	3832.50	3841.82	
3842.94	3842.90	3842.94	3842.80	3842.96	3842.90	3842.96	3842.96	3842.92	3842.92	3842.98	3842.94	3842.94	3842.90	3842.96	3842.90	
3842.92	3842.94	3842.92	3842.94	3842.96	3842.90	3842.96	3842.98	3843.00	3842.88	3842.94	3842.96	3842.98	3842.86	3842.94	3842.96	
3842.94	3842.96	3842.88	3842.90	3843.00	3842.98	3842.92	3842.90	3842.98	3842.94	3842.94	3842.90	3842.90	3842.92	3842.96	3842.96	
3842.90	3842.94	3842.96	3842.98	3842.96	3842.94	3842.98	3842.92	3843.00	3843.00	3842.94	3842.88	3842.98	3842.92	3842.98	3843.00	
3842.96	3842.86	3842.98	3842.90	3842.88	3842.90	3842.96	3842.98	3842.94	3842.98	3842.94	3842.92	3842.94	3842.94	3842.94	3842.88	
3842.96	3842.98	3843.00	3842.94	3842.98	3842.94	3843.00	3842.96	3842.98	3842.84	3842.98	3842.96	3842.98	3842.90	3842.94	3842.76	

*******************************************2024/09/11;04:46:37
Probe number 182
Concentration entered by User 1.81% at Temperature 27.89
1453.10	1478.04	1494.70	1520.96	1544.54	1573.10	1601.26	1631.76	1663.20	1693.36	1732.20	1763.60	1803.38	1829.04	1889.24	1946.36	
2012.82	2078.82	2134.94	2205.12	2279.52	2362.36	2467.94	2578.72	2700.66	2830.32	2985.32	3144.46	3380.04	3692.18	3832.64	3841.82	
3843.00	3842.92	3842.98	3842.94	3842.96	3842.96	3843.00	3842.98	3842.94	3842.96	3843.00	3842.96	3843.00	3842.92	3842.96	3842.98	
3843.00	3842.98	3842.96	3842.92	3843.00	3842.98	3842.96	3842.98	3843.00	3842.98	3843.00	3842.94	3842.98	3842.94	3842.94	3842.96	
3842.94	3842.96	3842.96	3842.94	3843.00	3842.98	3843.00	3842.94	3842.96	3842.98	3842.98	3842.98	3843.00	3842.96	3843.00	3842.98	
3842.98	3842.94	3842.98	3842.96	3842.98	3842.90	3843.00	3842.94	3842.96	3842.96	3842.92	3842.88	3842.96	3842.92	3842.98	3842.88	
3843.00	3842.94	3843.00	3842.96	3843.00	3842.96	3842.96	3842.94	3842.98	3842.96	3842.98	3842.98	3843.02	3842.98	3842.90	3842.94	
3842.98	3842.94	3843.00	3842.94	3842.96	3842.94	3842.98	3842.98	3842.98	3842.92	3842.98	3842.98	3842.96	3843.00	3842.98	3842.94	

*******************************************2024/09/11;04:49:57
Probe number 183
Concentration entered by User 1.82% at Temperature 27.89
1454.56	1479.54	1495.64	1522.16	1545.74	1574.40	1601.56	1632.64	1663.86	1694.72	1734.02	1765.68	1803.68	1830.00	1890.64	1946.32	
2012.42	2080.38	2136.74	2204.94	2280.64	2363.74	2474.44	2583.80	2697.62	2830.20	2984.78	3147.22	3365.42	3690.92	3832.82	3841.82	
3842.98	3843.00	3842.96	3842.92	3842.92	3842.92	3842.88	3842.92	3842.98	3842.96	3842.98	3842.92	3842.94	3842.96	3842.92	3842.98	
3842.98	3842.96	3842.98	3842.92	3842.92	3842.96	3842.98	3842.88	3842.96	3842.98	3843.00	3842.98	3842.98	3842.94	3842.98	3842.96	
3842.98	3842.94	3842.96	3842.94	3842.98	3842.88	3842.96	3842.92	3842.98	3842.98	3843.00	3842.92	3842.92	3843.00	3843.02	3842.96	
3843.00	3843.00	3842.98	3842.96	3842.96	3842.94	3842.94	3842.94	3843.02	3842.98	3842.98	3842.90	3842.96	3842.92	3843.00	3842.96	
3842.98	3842.94	3843.02	3842.94	3842.96	3842.94	3842.94	3842.96	3842.92	3842.96	3842.92	3842.90	3842.98	3843.00	3842.96	3842.94	
3842.96	3842.96	3842.98	3842.94	3842.94	3842.96	3842.98	3842.98	3842.96	3842.96	3843.00	3842.96	3843.00	3842.98	3842.96	3842.94	

*******************************************2024/09/11;04:53:17
Probe number 184
Concentration entered by User 1.83% at Temperature 27.86
1452.52	1477.70	1494.02	1519.90	1544.30	1572.46	1600.18	1630.48	1660.44	1692.46	1732.62	1762.60	1801.84	1829.08	1889.20	1945.02	
2010.86	2077.68	2133.36	2202.54	2276.82	2359.02	2467.40	2575.30	2695.98	2828.32	2983.72	3140.74	3369.02	3689.10	3832.80	3841.80	
3843.00	3842.94	3842.96	3842.88	3843.00	3842.96	3843.00	3842.98	3842.96	3842.92	3843.00	3842.98	3843.00	3843.00	3842.98	3842.94	
3842.96	3842.98	3843.00	3842.94	3842.98	3842.88	3843.00	3842.98	3842.98	3842.96	3842.98	3842.92	3842.98	3842.96	3842.98	3842.94	
3842.98	3842.96	3843.00	3843.00	3843.00	3842.92	3843.00	3842.98	3842.98	3842.94	3843.00	3842.96	3843.00	3842.98	3843.00	3842.98	
3843.00	3842.90	3843.00	3843.00	3843.00	3842.94	3842.96	3843.00	3842.98	3843.00	3842.98	3842.94	3842.98	3842.98	3842.98	3842.94	
3843.00	3842.96	3843.00	3842.96	3843.00	3842.98	3843.00	3842.98	3842.98	3843.00	3842.98	3842.94	3842.98	3842.92	3843.00	3843.00	
3843.00	3842.98	3842.98	3842.94	3842.98	3842.94	3843.00	3842.92	3842.98	3842.96	3842.96	3843.00	3843.00	3842.94	3842.96	3842.96	

*******************************************2024/09/11;04:56:37
Probe number 185
Concentration entered by User 1.81% at Temperature 27.86
1453.36	1478.14	1494.66	1521.34	1545.20	1573.02	1600.90	1631.02	1662.58	1692.72	1732.46	1763.34	1802.00	1829.08	1888.72	1945.06	
2012.32	2077.72	2135.82	2203.10	2277.94	2359.28	2467.06	2576.16	2697.84	2827.68	2984.78	3144.02	3376.72	3690.66	3832.54	3841.72	
3842.96	3842.96	3843.00	3842.94	3842.94	3842.96	3843.00	3843.00	3843.00	3842.96	3843.00	3842.98	3842.98	3842.98	3842.96	3842.90	
3842.98	3843.00	3842.98	3842.96	3843.00	3842.98	3842.98	3842.94	3842.98	3842.96	3843.00	3842.98	3842.96	3842.98	3843.00	3842.94	
3843.00	3842.94	3842.98	3842.90	3842.98	3843.00	3843.00	3843.00	3843.00	3842.96	3842.98	3842.98	3843.00	3842.96	3842.98	3842.98	
3842.98	3842.90	3842.98	3842.98	3843.00	3842.98	3842.96	3842.88	3843.00	3842.94	3843.00	3842.92	3842.94	3843.00	3842.96	3842.94	
3843.00	3842.96	3843.00	3842.94	3842.94	3842.92	3843.00	3842.94	3843.00	3842.94	3843.00	3842.92	3842.96	3842.98	3842.98	3842.98	
3842.98	3843.00	3843.00	3842.98	3843.00	3842.98	3842.98	3842.98	3843.00	3842.94	3842.96	3842.96	3842.96	3842.96	3843.00	3842.84	

*******************************************2024/09/11;04:59:57
Probe number 186
Concentration entered by User 1.83% at Temperature 27.84
1451.96	1477.06	1493.18	1520.22	1543.70	1571.66	1599.54	1629.84	1660.72	1691.92	1731.30	1761.74	1800.50	1828.28	1887.80	1944.34	
2009.50	2077.20	2134.64	2202.14	2275.76	2358.60	2466.52	2578.78	2691.78	2819.08	2977.56	3137.26	3370.14	3686.84	3832.66	3841.82	
3842.96	3842.98	3842.98	3842.98	3843.00	3842.94	3843.00	3842.98	3843.02	3842.98	3843.00	3842.98	3842.94	3842.96	3842.98	3842.92	
3842.98	3842.98	3843.00	3842.98	3843.00	3843.00	3842.98	3842.96	3843.02	3842.98	3842.96	3842.98	3843.00	3842.92	3843.00	3842.94	
3843.00	3843.00	3843.00	3842.96	3842.96	3843.00	3843.02	3842.96	3842.98	3842.96	3843.00	3843.00	3843.00	3842.96	3843.00	3842.96	
3843.00	3842.92	3842.98	3842.94	3843.00	3842.98	3843.00	3842.94	3843.00	3842.96	3843.02	3842.94	3842.98	3842.96	3842.98	3842.94	
3843.00	3842.92	3842.94	3842.98	3842.98	3842.94	3842.98	3842.98	3842.98	3842.94	3843.02	3842.98	3842.98	3842.98	3842.98	3842.86	
3842.98	3842.96	3843.00	3842.94	3843.00	3842.90	3842.98	3842.96	3843.00	3842.90	3843.00	3842.96	3843.00	3843.00	3843.00	3842.96	

*******************************************2024/09/11;05:03:17
Probe number 187
Concentration entered by User 1.82% at Temperature 27.85
1452.96	1478.16	1494.52	1520.92	1544.76	1572.26	1600.00	1629.94	1661.46	1692.38	1731.86	1762.60	1802.12	1828.48	1888.70	1944.76	
2010.68	2077.90	2135.24	2203.52	2277.74	2358.84	2465.00	2574.62	2695.62	2821.70	2979.66	3142.38	3375.86	3690.58	3832.74	3841.76	
3842.98	3843.00	3843.00	3842.96	3843.00	3842.96	3842.98	3842.98	3843.00	3842.96	3842.98	3842.92	3842.98	3842.94	3843.00	3842.96	
3842.98	3842.96	3843.00	3842.94	3842.98	3843.00	3843.00	3843.00	3842.98	3843.00	3843.00	3842.96	3843.00	3842.98	3843.00	3842.96	
3843.00	3842.94	3843.00	3842.96	3843.00	3843.00	3843.02	3842.98	3842.98	3842.94	3843.00	3842.98	3843.00	3842.94	3842.98	3842.96	
3843.04	3842.98	3843.00	3842.94	3842.98	3842.96	3842.98	3842.90	3843.00	3842.98	3842.96	3842.94	3842.98	3843.00	3843.00	3842.96	
3843.00	3842.92	3842.98	3842.96	3843.00	3842.92	3843.00	3842.98	3843.00	3842.98	3842.98	3843.00	3843.00	3842.96	3842.98	3843.00	
3843.00	3842.96	3843.00	3842.98	3843.00	3842.92	3843.00	3842.96	3843.00	3842.94	3843.00	3842.96	3843.00	3843.00	3842.96	3842.94	

*******************************************2024/09/11;05:06:37
Probe number 188
Concentration entered by User 1.82% at Temperature 27.81
1453.02	1478.18	1494.08	1520.56	1544.70	1572.78	1600.68	1631.04	1662.60	1692.54	1732.18	1763.46	1802.98	1828.88	1888.28	1944.62	
2011.82	2078.92	2134.10	2204.22	2278.68	2359.48	2466.52	2576.44	2695.64	2825.40	2979.30	3142.78	3370.32	3689.38	3832.56	3841.80	
3843.00	3842.98	3842.98	3842.92	3842.98	3842.94	3843.00	3842.92	3843.00	3842.96	3842.94	3842.98	3843.00	3842.98	3843.00	3842.94	
3843.00	3842.98	3843.02	3842.96	3843.00	3843.00	3843.00	3843.00	3843.02	3842.98	3842.98	3842.96	3843.00	3842.98	3843.00	3842.94	
3843.00	3842.94	3843.04	3842.96	3842.98	3842.94	3842.98	3842.94	3843.00	3842.96	3843.00	3842.98	3843.02	3842.98	3843.00	3842.98	
3843.02	3842.96	3843.00	3843.00	3843.00	3842.96	3842.98	3842.96	3843.00	3843.00	3843.00	3842.96	3843.00	3843.00	3843.00	3843.00	
3843.02	3842.96	3843.00	3842.92	3843.00	3842.98	3843.00	3842.94	3843.00	3842.96	3843.00	3842.98	3843.00	3842.98	3843.00	3842.96	
3842.98	3843.00	3843.00	3842.94	3843.02	3842.96	3843.02	3842.94	3843.02	3842.98	3842.98	3842.96	3842.98	3842.96	3843.00	3842.96	

*******************************************2024/09/11;05:09:57
Probe number 189
Concentration entered by User 1.82% at Temperature 27.81
1452.78	1477.82	1493.82	1520.12	1543.90	1571.68	1599.60	1629.28	1661.16	1691.98	1731.42	1762.14	1801.78	1828.70	1888.32	1943.48	
2010.50	2077.80	2133.64	2203.28	2276.76	2358.38	2464.28	2574.86	2695.82	2823.92	2976.88	3137.80	3370.92	3690.04	3832.40	3841.88	
3842.96	3842.98	3842.98	3842.98	3842.96	3842.94	3842.96	3842.96	3843.00	3842.96	3842.94	3842.94	3843.00	3843.00	3842.98	3843.02	
3842.96	3842.98	3843.00	3843.00	3843.00	3843.00	3842.98	3842.98	3842.94	3842.96	3843.00	3843.00	3842.98	3842.98	3843.00	3842.96	
3843.00	3842.98	3842.98	3842.96	3842.98	3843.00	3843.00	3842.94	3843.00	3843.00	3842.98	3842.98	3842.96	3842.98	3843.02	3842.96	
3842.98	3843.00	3843.00	3842.92	3843.00	3842.94	3843.00	3842.98	3842.96	3843.00	3842.98	3842.94	3842.98	3843.00	3842.98	3842.98	
3842.96	3843.00	3842.96	3843.02	3842.94	3842.96	3842.98	3842.96	3843.00	3842.98	3842.98	3843.00	3842.98	3843.00	3842.98	3842.96	
3843.00	3843.00	3842.96	3842.86	3842.96	3842.98	3843.00	3843.02	3843.00	3842.98	3843.00	3842.98	3842.98	3842.96	3842.92	3843.00	

*******************************************2024/09/11;05:13:17
Probe number 190
Concentration entered by User 1.83% at Temperature 27.80
1453.32	1478.38	1494.18	1521.24	1544.66	1572.52	1600.66	1630.80	1661.86	1692.34	1731.70	1762.88	1801.94	1828.90	1888.66	1944.52	
2009.78	2076.58	2133.10	2200.98	2276.46	2361.34	2468.92	2577.74	2696.62	2823.56	2979.30	3138.38	3369.06	3686.02	3832.44	3841.86	
3842.98	3842.98	3842.96	3842.98	3842.94	3842.96	3843.00	3843.02	3842.96	3842.96	3843.00	3842.98	3843.00	3842.98	3843.00	3842.98	
3843.04	3842.96	3842.98	3843.00	3843.00	3843.00	3842.98	3843.00	3843.00	3843.00	3843.00	3843.02	3842.98	3842.96	3843.00	3843.00	
3843.00	3842.96	3843.00	3842.98	3843.02	3843.00	3842.98	3843.02	3843.00	3842.98	3843.00	3843.00	3842.96	3843.00	3842.98	3843.02	
3843.00	3843.00	3842.94	3842.98	3843.00	3842.98	3842.98	3842.98	3843.00	3843.00	3842.98	3842.98	3843.00	3842.96	3842.98	3842.98	
3843.02	3843.02	3843.00	3842.96	3842.94	3842.96	3843.00	3842.98	3842.98	3843.00	3842.98	3843.00	3843.00	3842.96	3842.98	3842.96	
3842.98	3843.00	3842.98	3842.96	3842.98	3842.96	3843.02	3843.00	3842.98	3842.96	3842.98	3842.98	3842.98	3842.98	3843.00	3843.00	

*******************************************2024/09/11;05:16:37
Probe number 191
Concentration entered by User 1.82% at Temperature 27.77
1452.74	1477.86	1494.00	1520.44	1544.60	1572.00	1599.88	1630.12	1661.88	1692.54	1732.42	1763.56	1801.76	1829.60	1888.30	1945.28	
2010.16	2077.00	2134.08	2201.98	2276.80	2358.34	2466.20	2574.50	2695.30	2825.10	2976.06	3138.50	3376.92	3690.56	3831.88	3841.90	
3842.98	3843.00	3842.98	3842.98	3842.98	3842.96	3843.00	3843.00	3842.96	3843.00	3842.98	3843.00	3843.00	3842.92	3843.00	3843.00	
3842.94	3842.96	3842.98	3842.94	3842.96	3843.00	3842.98	3842.96	3842.94	3842.96	3842.98	3842.98	3842.96	3842.98	3842.98	3842.94	
3843.00	3843.00	3842.94	3842.98	3842.96	3842.98	3842.98	3842.98	3842.94	3842.98	3842.98	3842.96	3842.98	3842.98	3843.00	3842.98	
3842.98	3843.00	3842.98	3842.96	3843.00	3842.94	3842.98	3842.94	3843.00	3842.98	3842.96	3843.00	3842.96	3842.98	3842.96	3842.96	
3842.94	3842.96	3842.96	3842.98	3843.00	3842.96	3842.98	3842.96	3842.98	3842.98	3842.98	3842.98	3842.92	3843.00	3842.98	3842.96	
3842.96	3842.94	3842.96	3842.86	3842.98	3842.98	3843.02	3843.00	3843.00	3842.98	3842.96	3842.98	3842.98	3842.92	3842.98	3843.04	

*******************************************2024/09/11;05:19:57
Probe number 192
Concentration entered by User 1.83% at Temperature 27.78
1452.40	1477.34	1493.38	1520.04	1543.92	1571.96	1599.60	1629.76	1661.12	1691.92	1730.70	1761.32	1801.32	1828.32	1888.08	1943.14	
2008.76	2076.04	2133.60	2201.94	2275.90	2357.98	2464.48	2574.28	2693.66	2823.26	2977.00	3134.28	3372.00	3684.12	3832.20	3841.80	
3842.98	3843.00	3842.98	3842.96	3842.96	3842.98	3843.02	3842.96	3842.96	3842.98	3842.98	3842.94	3842.98	3842.98	3842.98	3843.00	
3843.00	3842.98	3843.00	3843.00	3842.98	3843.00	3843.00	3842.98	3842.98	3842.98	3842.98	3842.98	3842.98	3842.96	3842.98	3842.92	
3842.98	3843.00	3842.98	3842.98	3842.98	3843.00	3842.98	3843.00	3843.00	3843.00	3842.96	3843.00	3842.92	3842.98	3843.00	3843.02	
3842.92	3842.98	3842.96	3842.96	3842.94	3842.96	3842.98	3842.98	3843.00	3842.96	3842.98	3842.92	3842.98	3843.00	3842.98	3842.96	
3842.98	3842.96	3842.96	3843.00	3842.98	3842.96	3842.98	3843.00	3842.98	3843.00	3842.98	3842.98	3843.02	3842.96	3842.98	3843.00	
3843.00	3843.00	3842.96	3842.96	3842.96	3842.98	3842.98	3842.96	3843.00	3842.98	3842.96	3842.92	3843.00	3842.98	3842.96	3842.98	

*******************************************2024/09/11;05:23:17
Probe number 193
Concentration entered by User 1.83% at Temperature 27.77
1453.36	1478.64	1494.76	1521.02	1544.68	1572.40	1600.86	1631.20	1662.36	1693.10	1731.98	1762.98	1802.54	1829.54	1889.36	1944.74	
2008.12	2077.70	2133.54	2201.08	2276.68	2358.30	2465.66	2576.86	2695.64	2826.38	2979.30	3138.62	3372.24	3687.98	3832.74	3841.92	
3842.98	3842.98	3843.00	3842.96	3842.90	3842.96	3842.98	3843.02	3842.96	3842.94	3843.00	3842.96	3842.94	3842.96	3842.96	3842.94	
3842.96	3842.98	3842.96	3842.98	3842.98	3842.94	3842.98	3843.00	3842.98	3842.98	3843.00	3842.96	3842.98	3842.98	3842.94	3842.98	
3843.00	3842.96	3842.96	3842.88	3843.02	3843.00	3843.00	3842.92	3842.98	3843.00	3842.98	3843.00	3843.00	3842.96	3842.96	3843.02	
3842.98	3842.94	3842.98	3843.00	3843.00	3843.00	3842.96	3842.98	3843.00	3842.98	3842.96	3842.96	3842.94	3842.98	3843.00	3843.00	
3843.00	3842.94	3842.96	3842.98	3842.98	3842.98	3842.98	3842.98	3842.96	3842.98	3842.94	3842.96	3843.00	3843.02	3842.96	3842.94	
3842.96	3843.00	3842.94	3842.98	3842.98	3842.96	3842.98	3842.98	3842.96	3842.96	3842.98	3843.00	3843.00	3842.98	3843.02	3842.98	

*******************************************2024/09/11;05:26:37
Probe number 194
Concentration entered by User 1.84% at Temperature 27.75
1453.06	1477.54	1494.20	1520.38	1544.10	1572.00	1599.58	1630.04	1661.10	1692.40	1731.84	1762.26	1801.66	1829.18	1888.62	1944.06	
2009.42	2077.14	2134.96	2202.34	2276.92	2358.88	2467.58	2577.48	2693.54	2826.58	2975.24	3130.84	3368.80	3683.34	3831.98	3841.88	
3842.98	3842.98	3842.98	3843.00	3842.98	3843.00	3842.98	3842.98	3843.00	3842.98	3842.96	3843.00	3843.00	3842.96	3842.98	3842.98	
3843.00	3842.98	3843.00	3842.98	3843.00	3843.00	3843.00	3843.00	3843.00	3843.00	3843.00	3843.00	3842.98	3843.00	3843.00	3842.98	
3843.00	3842.98	3843.00	3843.00	3843.00	3842.94	3843.00	3843.00	3842.96	3843.02	3843.00	3843.00	3842.96	3843.00	3843.00	3843.00	
3843.00	3842.98	3843.00	3843.02	3843.00	3842.98	3842.96	3842.98	3843.00	3842.98	3843.00	3842.96	3843.00	3842.96	3842.98	3843.00	
3842.98	3842.98	3842.96	3843.00	3842.96	3842.96	3843.00	3843.00	3843.00	3843.00	3843.00	3842.98	3842.98	3842.98	3843.00	3842.96	
3843.00	3843.00	3843.00	3843.00	3842.98	3842.98	3842.98	3843.02	3842.98	3842.96	3843.00	3842.98	3843.00	3842.98	3843.00	3842.96	

*******************************************2024/09/11;05:29:57
Probe number 195
Concentration entered by User 1.83% at Temperature 27.73
1451.74	1476.98	1492.88	1519.78	1543.24	1571.98	1599.66	1629.62	1660.34	1691.34	1730.70	1761.42	1799.86	1827.18	1886.62	1942.34	
2008.32	2076.66	2133.10	2199.20	2273.86	2353.80	2465.12	2573.06	2691.70	2823.52	2973.68	3137.02	3374.28	3685.82	3832.44	3841.80	
3842.98	3843.00	3843.00	3842.98	3843.00	3842.96	3843.00	3842.96	3842.98	3842.94	3842.94	3842.96	3843.00	3842.94	3842.98	3842.96	
3843.04	3842.94	3843.00	3842.96	3843.00	3842.96	3842.98	3842.98	3842.98	3843.06	3843.00	3842.98	3843.00	3842.96	3842.94	3842.94	
3843.00	3843.00	3842.96	3843.00	3842.98	3842.96	3842.98	3842.98	3843.00	3843.00	3843.00	3843.00	3843.02	3843.00	3843.02	3843.00	
3843.00	3842.98	3843.00	3843.00	3842.98	3843.00	3842.98	3842.96	3843.00	3843.00	3843.00	3842.94	3842.98	3843.00	3842.98	3843.00	
3842.94	3842.96	3842.98	3843.00	3843.00	3842.96	3843.00	3842.98	3843.00	3842.96	3843.00	3842.96	3843.00	3842.98	3843.00	3843.00	
3842.98	3842.98	3843.00	3843.00	3843.00	3842.96	3843.00	3843.02	3843.02	3842.94	3842.98	3843.00	3843.00	3842.90	3843.00	3842.94	

*******************************************2024/09/11;05:33:17
Probe number 196
Concentration entered by User 1.84% at Temperature 27.72
1451.82	1477.02	1492.66	1519.90	1543.00	1570.94	1598.88	1629.34	1660.78	1691.14	1729.98	1760.54	1799.48	1826.40	1887.28	1943.50	
2008.78	2075.90	2131.84	2199.10	2273.56	2357.40	2464.14	2574.68	2690.56	2825.78	2979.88	3138.22	3365.08	3684.80	3832.28	3841.90	
3842.96	3843.00	3843.00	3842.98	3843.00	3843.06	3843.00	3843.04	3843.00	3843.00	3843.00	3843.02	3843.02	3843.00	3843.02	3843.00	
3843.00	3842.98	3843.00	3843.00	3843.00	3843.00	3843.00	3843.02	3843.00	3843.02	3842.98	3842.98	3842.98	3843.00	3842.98	3843.00	
3843.00	3842.98	3842.98	3843.00	3843.00	3843.00	3842.98	3842.98	3843.00	3843.00	3843.00	3843.00	3842.96	3843.02	3843.00	3843.04	
3843.00	3843.00	3843.00	3843.00	3843.00	3843.00	3843.00	3843.02	3843.06	3843.02	3843.00	3842.98	3843.00	3843.00	3842.98	3843.00	
3843.00	3843.02	3843.00	3843.00	3843.02	3842.98	3842.98	3842.98	3843.00	3843.00	3842.98	3843.00	3843.00	3843.04	3842.98	3843.00	
3843.00	3843.00	3843.00	3843.00	3843.00	3843.00	3843.00	3843.02	3843.00	3843.00	3842.98	3843.02	3843.00	3843.00	3843.02	3843.00	

*******************************************2024/09/11;05:36:37
Probe number 197
Concentration entered by User 1.84% at Temperature 27.70
1451.90	1476.60	1492.04	1518.84	1543.40	1570.94	1598.88	1629.20	1660.24	1690.34	1730.08	1760.40	1800.18	1827.06	1886.58	1942.32	
2007.96	2075.30	2131.78	2199.52	2273.42	2356.50	2463.40	2573.16	2689.32	2820.92	2977.52	3138.16	3367.60	3681.06	3832.18	3841.82	
3842.96	3843.00	3842.98	3842.98	3843.00	3842.96	3843.00	3843.00	3843.00	3842.98	3842.96	3843.00	3843.00	3842.98	3843.00	3843.00	
3843.06	3842.98	3843.02	3843.00	3843.00	3843.00	3843.00	3842.96	3843.00	3842.98	3842.98	3843.00	3843.00	3842.98	3843.00	3843.00	
3843.00	3843.00	3843.00	3843.00	3843.02	3843.00	3843.00	3843.00	3842.98	3843.00	3842.98	3843.00	3843.02	3843.02	3843.00	3843.02	
3843.00	3843.00	3843.00	3842.98	3843.00	3842.98	3842.98	3843.00	3842.98	3843.00	3842.98	3842.94	3842.98	3843.00	3843.00	3842.98	
3843.00	3843.06	3843.00	3843.00	3843.00	3843.00	3843.00	3843.00	3843.00	3843.00	3843.00	3842.98	3843.00	3843.02	3843.02	3842.98	
3843.00	3843.00	3843.00	3843.00	3842.98	3843.02	3843.02	3843.02	3843.00	3843.00	3843.00	3843.00	3843.00	3843.00	3843.00	3843.02	

*******************************************2024/09/11;05:39:57
Probe number 198
Concentration entered by User 1.85% at Temperature 27.71
1451.26	1475.98	1492.08	1518.86	1542.62	1570.12	1597.92	1628.10	1658.68	1689.60	1728.86	1759.52	1797.66	1825.22	1884.62	1941.64	
2006.22	2073.58	2130.08	2195.82	2273.20	2354.90	2462.26	2572.02	2689.18	2816.56	2973.28	3134.94	3363.16	3678.04	3832.48	3841.86	
3843.00	3843.00	3843.00	3842.98	3842.94	3842.98	3843.00	3843.06	3842.96	3843.00	3843.00	3842.98	3843.00	3843.00	3842.98	3843.00	
3843.08	3842.98	3843.00	3842.98	3842.98	3843.02	3843.00	3843.00	3843.00	3843.02	3842.98	3843.00	3843.00	3843.00	3842.98	3842.96	
3842.98	3843.00	3842.96	3843.00	3842.98	3843.02	3843.00	3843.00	3843.00	3843.00	3843.00	3843.00	3842.96	3842.98	3843.02	3843.00	
3843.00	3843.00	3843.00	3843.00	3842.98	3843.00	3842.96	3843.00	3843.00	3842.98	3842.98	3842.94	3843.00	3843.00	3842.98	3843.00	
3842.96	3843.04	3843.00	3842.98	3843.00	3843.00	3842.98	3842.96	3843.00	3843.00	3842.98	3842.98	3843.00	3843.04	3843.00	3843.00	
3842.98	3843.00	3842.98	3843.00	3843.00	3843.02	3843.00	3843.04	3842.98	3843.00	3842.98	3842.98	3843.00	3843.00	3842.98	3842.96	

*******************************************2024/09/11;05:43:17
Probe number 199
Concentration entered by User 1.84% at Temperature 27.69
1451.60	1475.96	1492.02	1518.78	1542.36	1570.36	1598.38	1628.86	1659.70	1690.30	1729.40	1760.04	1799.50	1825.48	1884.36	1941.32	
2006.46	2073.40	2131.18	2196.60	2273.34	2354.22	2461.20	2572.20	2691.90	2818.20	2969.04	3131.72	3365.54	3682.58	3832.10	3841.84	
3843.00	3842.92	3842.98	3842.96	3842.96	3843.00	3843.00	3843.00	3843.00	3843.00	3843.00	3842.98	3843.00	3843.00	3842.96	3843.00	
3843.00	3842.98	3842.98	3842.98	3843.00	3842.96	3842.96	3843.00	3842.98	3842.98	3843.00	3843.00	3843.00	3843.00	3843.00	3842.98	
3843.00	3842.94	3842.92	3842.98	3843.00	3843.00	3843.00	3843.00	3842.98	3842.98	3842.98	3842.94	3842.94	3842.98	3843.02	3843.00	
3842.96	3843.00	3843.00	3843.00	3843.00	3842.98	3843.00	3843.00	3842.98	3843.00	3842.94	3843.00	3842.96	3843.02	3843.00	3843.00	
3842.96	3842.98	3842.98	3843.02	3842.98	3842.94	3842.98	3842.98	3843.00	3842.98	3842.96	3842.98	3843.00	3843.00	3842.98	3842.98	
3843.00	3842.96	3843.00	3842.98	3843.00	3842.98	3842.96	3843.00	3843.00	3843.00	3843.00	3842.98	3843.00	3842.96	3843.00	3842.96	

*******************************************2024/09/11;05:46:37
Probe number 200
Concentration entered by User 1.84% at Temperature 27.67
1452.00	1477.40	1493.50	1520.58	1544.38	1571.54	1599.78	1630.02	1660.42	1690.56	1730.72	1761.82	1800.22	1826.88	1885.98	1942.00	
2006.98	2074.14	2129.98	2198.38	2271.74	2354.12	2461.98	2570.74	2686.66	2817.38	2974.78	3136.56	3369.34	3681.60	3832.00	3841.86	
3843.00	3842.96	3843.00	3842.96	3842.94	3843.02	3843.00	3843.00	3842.94	3843.02	3843.00	3843.00	3843.00	3842.96	3842.98	3843.06	
3843.02	3843.02	3842.98	3843.00	3843.00	3843.02	3843.00	3843.00	3842.98	3843.04	3842.96	3843.02	3842.98	3843.00	3843.00	3842.98	
3843.00	3842.96	3843.00	3843.02	3843.00	3842.98	3843.00	3842.98	3842.98	3843.02	3842.98	3842.98	3843.00	3843.00	3843.02	3843.00	
3842.98	3842.98	3843.00	3842.98	3843.02	3843.00	3842.98	3843.04	3843.02	3843.00	3843.00	3843.00	3843.00	3842.96	3842.96	3842.98	
3843.00	3843.04	3843.02	3843.02	3842.98	3842.98	3842.96	3842.98	3843.00	3843.00	3842.98	3843.02	3843.00	3843.04	3843.00	3843.00	
3843.00	3843.00	3842.98	3842.98	3843.00	3842.98	3842.98	3843.08	3843.00	3842.96	3842.98	3843.00	3842.98	3842.98	3842.96	3842.98	

*******************************************2024/09/11;05:49:57
Probe number 201
Concentration entered by User 1.83% at Temperature 27.67
1453.12	1477.64	1493.90	1520.74	1544.16	1571.70	1599.56	1629.74	1661.48	1691.20	1731.00	1761.26	1801.52	1827.66	1886.78	1943.66	
2010.18	2075.78	2133.44	2197.14	2271.20	2355.78	2459.42	2571.66	2691.08	2818.32	2974.60	3131.58	3369.34	3685.98	3832.32	3841.80	
3843.00	3843.00	3843.00	3843.00	3843.00	3843.00	3843.04	3843.02	3843.00	3843.00	3842.98	3843.00	3842.98	3843.00	3842.98	3843.02	
3843.02	3843.00	3842.98	3842.98	3843.00	3842.96	3842.98	3843.02	3842.98	3843.06	3842.98	3843.00	3842.98	3842.98	3842.98	3843.00	
3843.00	3843.00	3843.00	3843.00	3843.00	3843.02	3842.98	3843.00	3843.00	3842.98	3842.98	3842.98	3843.00	3843.00	3843.04	3843.04	
3842.96	3843.00	3842.98	3842.98	3843.00	3843.00	3842.96	3843.02	3843.00	3842.98	3842.96	3843.00	3843.00	3842.98	3843.00	3842.98	
3843.00	3842.98	3842.98	3842.98	3843.00	3842.98	3842.98	3843.00	3843.00	3842.98	3843.00	3843.02	3843.02	3843.02	3843.00	3842.98	
3843.00	3842.98	3842.98	3843.00	3842.98	3843.02	3843.00	3843.10	3842.98	3842.98	3843.00	3843.00	3843.02	3843.00	3843.00	3843.00	

*******************************************2024/09/11;05:53:17
Probe number 202
Concentration entered by User 1.84% at Temperature 27.64
1451.36	1475.50	1492.34	1518.92	1542.44	1570.44	1598.04	1627.64	1657.94	1688.46	1727.72	1758.98	1798.12	1825.04	1885.78	1940.68	
2006.36	2073.68	2129.40	2197.28	2272.14	2351.90	2461.54	2568.84	2687.74	2816.94	2968.68	3130.46	3366.24	3681.96	3832.50	3841.92	
3843.00	3843.00	3843.00	3842.96	3843.00	3843.02	3843.00	3843.00	3842.98	3843.00	3842.94	3842.98	3843.00	3843.00	3842.98	3843.02	
3843.02	3842.98	3843.00	3842.98	3843.00	3842.98	3843.00	3843.00	3843.00	3843.02	3842.96	3843.02	3842.98	3843.00	3843.00	3843.00	
3843.00	3843.00	3843.00	3843.00	3843.00	3843.06	3843.02	3842.98	3842.98	3843.00	3843.00	3843.00	3843.04	3843.02	3843.04	3843.06	
3843.00	3843.00	3843.00	3843.00	3843.00	3842.96	3843.02	3842.98	3843.04	3843.04	3843.02	3843.00	3843.00	3843.00	3843.00	3843.00	
3842.98	3843.02	3843.06	3843.04	3842.98	3843.00	3843.00	3842.98	3843.00	3843.00	3842.98	3842.98	3843.06	3843.00	3842.98	3842.98	
3843.00	3843.00	3843.00	3843.00	3843.00	3843.02	3843.02	3843.06	3843.02	3842.98	3843.00	3843.00	3843.00	3843.00	3843.02	3843.02	

*******************************************2024/09/11;05:56:37
Probe number 203
Concentration entered by User 1.86% at Temperature 27.63
1451.72	1475.90	1492.08	1518.90	1541.92	1569.88	1597.84	1628.20	1658.88	1689.84	1728.68	1759.88	1799.12	1826.22	1885.90	1941.92	
2007.16	2072.70	2129.48	2196.02	2271.20	2352.30	2460.60	2570.88	2687.74	2813.04	2970.96	3129.06	3359.96	3678.32	3832.44	3841.80	
3843.00	3843.00	3843.00	3842.98	3843.00	3843.00	3842.98	3843.00	3843.00	3842.98	3843.00	3842.98	3843.00	3843.00	3843.00	3843.00	
3843.00	3842.98	3843.00	3843.00	3843.00	3842.98	3843.00	3842.98	3843.00	3843.00	3843.00	3842.98	3843.00	3842.98	3843.00	3842.98	
3843.00	3843.00	3842.98	3843.00	3843.00	3842.98	3843.00	3843.00	3843.00	3843.00	3843.00	3843.00	3843.00	3843.00	3842.98	3843.00	
3843.00	3842.98	3843.00	3843.00	3843.00	3843.00	3843.00	3843.00	3843.00	3842.98	3843.00	3843.00	3842.98	3842.98	3843.00	3842.96	
3843.00	3843.00	3843.00	3843.00	3843.00	3843.00	3843.02	3842.98	3843.00	3843.00	3843.00	3842.96	3843.00	3843.00	3843.00	3843.00	
3843.00	3842.98	3843.00	3842.98	3843.00	3843.02	3843.00	3842.98	3843.00	3843.00	3843.00	3842.98	3843.00	3843.00	3843.00	3843.00	

*******************************************2024/09/11;05:59:57
Probe number 204
Concentration entered by User 1.86% at Temperature 27.63
1451.74	1476.06	1492.36	1518.40	1542.02	1569.40	1598.08	1628.62	1659.34	1689.44	1728.84	1759.88	1799.32	1824.64	1885.38	1940.74	
2008.10	2074.32	2129.68	2197.38	2272.08	2352.04	2460.98	2574.46	2687.06	2814.34	2967.08	3130.30	3359.90	3677.98	3832.08	3841.80	
3843.00	3843.02	3843.00	3842.98	3842.98	3843.00	3842.98	3842.98	3843.00	3842.98	3843.00	3842.98	3843.00	3842.98	3843.02	3843.00	
3842.98	3842.98	3843.02	3842.98	3842.98	3843.00	3843.00	3842.94	3842.98	3842.96	3842.98	3842.98	3843.00	3842.96	3843.00	3843.00	
3842.98	3842.98	3843.02	3842.96	3843.00	3843.00	3843.02	3842.96	3843.00	3843.00	3843.00	3842.98	3842.98	3842.94	3843.00	3842.98	
3843.00	3842.96	3843.00	3842.98	3843.00	3843.00	3843.02	3842.96	3842.98	3842.98	3843.00	3842.96	3843.00	3842.96	3842.98	3842.98	
3843.00	3842.98	3843.00	3843.00	3843.00	3842.96	3843.00	3843.00	3843.00	3843.00	3843.00	3843.00	3843.00	3843.00	3843.00	3843.00	
3843.00	3843.00	3843.00	3843.00	3843.02	3843.00	3843.00	3843.00	3843.00	3842.96	3843.00	3843.00	3843.00	3843.02	3843.00	3842.98	

*******************************************2024/09/11;06:03:17
Probe number 205
Concentration entered by User 1.85% at Temperature 27.61
1450.32	1474.94	1490.92	1517.50	1540.98	1569.08	1596.92	1626.84	1657.40	1687.72	1726.68	1757.58	1796.90	1823.40	1883.32	1940.52	
2005.48	2072.02	2128.06	2193.16	2268.76	2348.36	2455.20	2562.58	2681.84	2816.36	2970.02	3132.54	3364.56	3676.46	3831.98	3841.78	
3843.00	3843.00	3843.00	3843.02	3843.02	3843.00	3843.00	3843.00	3843.02	3842.96	3843.02	3842.98	3843.00	3843.00	3843.00	3842.98	
3843.00	3843.00	3843.02	3843.00	3843.00	3843.00	3843.00	3843.00	3843.02	3843.00	3843.00	3843.00	3843.04	3842.98	3843.00	3843.00	
3843.00	3843.00	3842.98	3843.02	3843.00	3843.00	3843.02	3842.96	3843.00	3843.00	3843.00	3842.98	3843.00	3843.00	3843.00	3843.00	
3843.04	3843.00	3843.00	3843.00	3843.00	3842.98	3843.02	3842.98	3842.98	3843.00	3843.04	3842.96	3843.00	3843.00	3843.02	3842.98	
3843.02	3843.00	3843.02	3843.00	3843.02	3843.00	3843.00	3843.00	3843.00	3843.00	3843.02	3843.00	3843.00	3843.00	3843.02	3843.00	
3843.00	3842.96	3843.00	3843.00	3843.02	3842.98	3843.00	3843.00	3843.02	3843.00	3842.98	3843.02	3843.00	3843.00	3843.04	3843.02	

*******************************************2024/09/11;06:06:37
Probe number 206
Concentration entered by User 1.85% at Temperature 27.60
1451.32	1475.82	1492.30	1518.96	1542.62	1570.12	1597.96	1628.78	1659.34	1689.72	1729.20	1759.92	1799.46	1825.22	1884.66	1940.62	
2005.62	2072.38	2130.00	2195.34	2271.08	2353.02	2461.40	2568.94	2687.16	2817.72	2970.30	3129.24	3363.94	3680.20	3832.38	3841.82	
3843.00	3843.00	3843.00	3843.00	3843.02	3842.98	3843.00	3842.98	3843.00	3843.00	3843.00	3842.98	3843.02	3843.00	3843.02	3843.00	
3843.00	3843.00	3843.00	3843.00	3843.00	3843.00	3843.00	3843.02	3843.02	3843.00	3843.00	3843.04	3843.00	3843.00	3843.00	3843.02	
3843.00	3843.00	3843.02	3843.00	3843.00	3842.98	3843.00	3842.98	3843.00	3843.00	3843.00	3843.00	3843.04	3843.00	3843.00	3842.98	
3843.04	3843.02	3843.00	3843.02	3843.00	3842.98	3843.02	3842.96	3843.00	3843.00	3843.02	3843.00	3843.00	3843.00	3843.00	3843.00	
3843.00	3842.98	3843.00	3842.98	3843.00	3843.00	3843.00	3843.00	3843.00	3843.00	3843.02	3843.00	3843.00	3843.00	3843.00	3843.04	
3843.02	3843.00	3843.00	3843.00	3843.00	3843.00	3843.00	3843.00	3843.04	3843.00	3843.00	3843.00	3843.00	3843.00	3842.98	3843.00	

*******************************************2024/09/11;06:09:57
Probe number 207
Concentration entered by User 1.86% at Temperature 27.59
1451.20	1475.76	1492.54	1518.24	1541.92	1569.44	1597.70	1627.26	1658.50	1689.02	1728.56	1759.20	1799.38	1824.92	1884.50	1940.46	
2005.60	2072.70	2127.88	2194.36	2269.36	2351.56	2458.16	2568.58	2685.34	2815.60	2974.78	3133.96	3356.30	3678.32	3832.10	3841.76	
3843.02	3843.00	3843.00	3842.98	3843.02	3842.98	3843.00	3843.00	3843.04	3842.98	3843.00	3843.00	3843.00	3843.00	3843.02	3843.00	
3843.00	3842.98	3843.02	3843.00	3843.00	3843.00	3843.00	3843.00	3843.02	3843.00	3843.00	3842.98	3843.02	3843.00	3843.02	3843.00	
3843.00	3843.00	3843.00	3842.98	3843.00	3842.98	3843.04	3843.00	3843.00	3843.00	3843.00	3843.00	3843.00	3843.00	3843.00	3843.00	
3843.00	3843.00	3843.00	3843.00	3843.00	3843.00	3843.04	3842.98	3843.02	3843.00	3843.02	3843.00	3843.00	3843.00	3843.00	3842.96	
3843.00	3842.96	3843.00	3843.00	3843.00	3843.00	3843.00	3843.00	3843.00	3843.00	3843.00	3843.00	3843.00	3843.00	3843.00	3842.98	
3843.00	3843.00	3843.02	3843.00	3843.00	3842.98	3843.00	3843.00	3843.00	3842.98	3843.00	3843.02	3843.00	3843.00	3843.04	3843.00	

*******************************************2024/09/11;06:13:17
Probe number 208
Concentration entered by User 1.85% at Temperature 27.58
1449.88	1475.06	1491.36	1518.34	1541.78	1569.32	1596.72	1626.82	1657.28	1687.50	1727.26	1758.68	1798.18	1825.10	1883.38	1939.56	
2004.40	2072.08	2127.90	2192.70	2268.36	2351.04	2457.56	2563.92	2686.88	2812.54	2966.40	3128.98	3363.06	3678.88	3832.20	3841.94	
3843.02	3843.00	3842.98	3842.98	3843.02	3843.00	3843.06	3843.02	3843.00	3843.00	3843.00	3843.00	3843.00	3843.00	3843.00	3843.02	
3843.04	3843.00	3843.00	3842.96	3843.00	3843.00	3843.00	3843.02	3843.00	3843.04	3843.00	3843.00	3843.00	3843.00	3843.00	3843.02	
3843.00	3843.00	3843.00	3843.02	3843.00	3843.00	3843.00	3843.00	3843.00	3843.02	3843.00	3843.02	3843.00	3843.00	3843.04	3843.04	
3843.00	3843.00	3843.00	3843.00	3843.06	3843.00	3843.00	3842.98	3843.06	3843.00	3843.00	3843.00	3843.00	3843.02	3843.00	3843.02	
3843.00	3843.00	3843.02	3843.02	3843.00	3843.00	3843.00	3843.02	3843.00	3843.00	3842.98	3843.00	3843.02	3843.04	3843.00	3843.00	
3843.00	3842.96	3843.00	3843.00	3842.98	3843.00	3843.00	3843.00	3843.00	3843.00	3843.00	3843.02	3842.98	3843.00	3843.02	3843.02	

*******************************************2024/09/11;06:16:37
Probe number 209
Concentration entered by User 1.87% at Temperature 27.56
1450.48	1475.18	1491.06	1517.98	1541.30	1568.90	1596.98	1626.88	1658.10	1687.40	1726.72	1757.48	1797.14	1823.70	1882.72	1939.10	
2004.60	2069.50	2125.64	2192.74	2268.44	2351.04	2454.90	2564.76	2682.42	2809.74	2962.24	3125.50	3354.08	3677.22	3831.70	3841.98	
3843.00	3842.98	3843.00	3843.02	3843.00	3842.98	3843.02	3843.08	3843.00	3843.00	3843.00	3843.00	3843.02	3843.00	3843.02	3843.08	
3843.04	3843.04	3843.02	3843.00	3843.00	3843.00	3843.02	3843.00	3843.02	3843.08	3843.00	3843.04	3843.00	3842.98	3843.00	3843.00	
3843.00	3842.98	3843.02	3843.04	3843.02	3843.06	3843.00	3843.00	3843.00	3843.00	3843.00	3843.00	3842.98	3843.02	3843.06	3843.08	
3843.02	3842.98	3843.02	3843.00	3843.02	3843.00	3843.02	3843.04	3843.06	3843.00	3843.00	3843.00	3843.00	3843.00	3843.00	3843.02	
3843.02	3843.04	3843.06	3843.08	3843.00	3843.00	3843.00	3843.00	3843.00	3843.04	3843.00	3843.02	3843.02	3843.04	3843.00	3843.00	
3843.00	3842.98	3843.00	3843.00	3843.00	3843.02	3843.06	3843.08	3843.00	3843.00	3843.00	3843.00	3843.00	3843.00	3843.06	3843.02	

*******************************************2024/09/11;06:19:57
Probe number 210
Concentration entered by User 1.86% at Temperature 27.55
1450.54	1475.60	1491.66	1518.40	1542.00	1569.58	1597.56	1627.48	1658.28	1688.74	1728.08	1757.98	1797.84	1824.82	1884.52	1939.82	
2006.28	2073.00	2128.44	2194.80	2268.22	2352.78	2457.30	2563.82	2681.22	2810.82	2971.08	3128.46	3357.28	3676.48	3831.94	3841.86	
3842.98	3843.00	3843.00	3843.00	3843.02	3843.02	3843.04	3843.12	3843.00	3843.00	3842.98	3843.00	3843.00	3843.00	3843.00	3843.00	
3843.04	3843.02	3843.00	3843.02	3843.00	3843.02	3843.00	3843.02	3843.00	3843.06	3843.02	3843.06	3843.00	3843.00	3843.00	3843.00	
3843.00	3843.00	3842.98	3843.00	3842.98	3843.02	3842.98	3843.00	3843.00	3843.00	3843.00	3842.98	3843.04	3843.06	3843.02	3843.00	
3843.00	3843.00	3842.98	3843.00	3842.98	3842.96	3843.00	3843.00	3843.06	3842.98	3843.00	3842.96	3842.96	3842.98	3843.00	3843.00	
3843.00	3843.10	3842.98	3843.06	3843.00	3843.00	3843.00	3842.98	3843.00	3843.00	3843.02	3843.00	3843.02	3843.04	3843.02	3842.98	
3843.00	3843.00	3843.00	3843.00	3842.98	3842.98	3843.04	3843.10	3843.00	3842.98	3842.92	3843.00	3843.00	3843.00	3843.02	3843.02	

*******************************************2024/09/11;06:23:17
Probe number 211
Concentration entered by User 1.86% at Temperature 27.53
1450.64	1475.16	1491.08	1517.56	1541.24	1569.04	1596.62	1626.42	1657.36	1687.28	1726.50	1757.88	1797.00	1823.50	1882.90	1938.72	
2003.78	2070.32	2126.00	2193.04	2267.30	2349.80	2455.80	2565.38	2680.72	2811.26	2966.64	3126.76	3358.00	3675.72	3831.70	3841.94	
3842.98	3843.00	3842.98	3843.02	3843.00	3843.02	3843.06	3843.08	3843.00	3843.00	3843.00	3843.00	3843.00	3843.02	3843.00	3843.06	
3843.14	3843.02	3843.02	3843.00	3843.00	3842.98	3843.00	3843.00	3843.04	3843.10	3843.02	3843.00	3843.00	3843.00	3843.00	3843.00	
3843.00	3843.00	3843.02	3843.02	3843.02	3843.02	3843.00	3843.00	3842.98	3843.00	3843.02	3843.00	3843.00	3843.02	3843.00	3843.04	
3843.00	3843.00	3843.00	3843.00	3843.00	3843.02	3843.02	3843.08	3843.04	3843.04	3843.02	3843.00	3843.00	3843.00	3843.00	3843.00	
3843.02	3843.10	3843.02	3843.02	3843.00	3843.00	3843.00	3843.00	3843.00	3843.02	3843.06	3843.02	3843.02	3843.02	3843.00	3843.00	
3843.00	3843.00	3842.98	3843.00	3843.00	3843.02	3843.06	3843.02	3843.00	3843.00	3843.00	3842.98	3843.00	3843.02	3843.02	3843.08	

*******************************************2024/09/11;06:26:37
Probe number 212
Concentration entered by User 1.86% at Temperature 27.52
1452.12	1477.16	1492.86	1519.30	1542.98	1570.86	1598.34	1628.46	1659.26	1689.46	1728.98	1760.20	1799.16	1824.98	1883.86	1939.34	
2004.70	2073.58	2130.32	2197.40	2271.06	2351.18	2458.44	2564.40	2686.54	2811.12	2967.74	3129.74	3361.76	3674.00	3831.66	3841.90	
3843.00	3842.98	3843.00	3843.00	3843.00	3843.00	3843.06	3843.08	3843.02	3843.00	3843.00	3843.00	3842.98	3843.00	3843.00	3843.02	
3843.10	3843.02	3843.02	3843.04	3842.98	3843.02	3843.00	3843.00	3843.02	3843.04	3843.00	3843.02	3843.02	3843.00	3843.00	3843.00	
3843.00	3843.00	3843.00	3843.02	3843.02	3843.06	3843.04	3843.00	3843.00	3843.00	3843.02	3843.00	3843.04	3843.04	3843.02	3843.02	
3843.02	3843.00	3843.00	3842.98	3843.00	3843.00	3843.00	3843.06	3843.04	3843.00	3843.02	3843.00	3843.00	3843.00	3843.00	3843.00	
3843.04	3843.04	3843.02	3843.02	3842.98	3842.98	3843.00	3843.00	3843.00	3843.02	3843.00	3843.04	3842.98	3843.06	3842.98	3843.00	
3843.00	3843.00	3843.00	3843.02	3843.02	3843.02	3843.06	3843.08	3843.02	3842.98	3843.00	3843.00	3843.00	3842.98	3843.06	3843.02	

*******************************************2024/09/11;06:29:57
Probe number 213
Concentration entered by User 1.87% at Temperature 27.51
1451.68	1476.08	1492.64	1519.46	1543.18	1570.82	1598.98	1628.44	1659.28	1689.52	1727.96	1759.72	1798.74	1825.96	1885.20	1941.42	
2006.64	2071.56	2129.56	2196.20	2270.00	2352.22	2460.94	2568.04	2684.60	2814.44	2969.82	3130.62	3357.86	3671.44	3831.74	3841.86	
3843.00	3843.00	3843.00	3843.00	3843.00	3843.06	3843.02	3843.04	3843.00	3843.00	3843.00	3843.00	3843.00	3843.02	3843.00	3843.02	
3843.02	3843.02	3843.00	3843.00	3843.00	3843.00	3843.00	3843.00	3842.98	3843.08	3843.00	3843.02	3843.00	3843.00	3843.00	3843.00	
3842.98	3843.00	3843.00	3843.00	3843.00	3843.04	3843.00	3843.00	3843.00	3843.00	3843.00	3843.00	3843.00	3843.06	3843.04	3843.08	
3843.00	3843.00	3843.00	3843.00	3843.00	3843.00	3843.00	3843.04	3843.00	3843.00	3843.00	3843.00	3843.00	3843.00	3843.00	3843.02	
3843.00	3843.06	3843.00	3843.04	3843.00	3842.98	3843.00	3842.98	3843.00	3842.98	3843.02	3843.06	3843.00	3843.06	3843.00	3843.00	
3843.00	3843.00	3843.02	3843.00	3843.00	3843.06	3843.08	3843.10	3843.00	3843.00	3843.00	3843.00	3843.04	3843.00	3843.02	3843.02	

*******************************************2024/09/11;06:33:17
Probe number 214
Concentration entered by User 1.88% at Temperature 27.51
1451.34	1475.86	1491.90	1518.54	1542.18	1569.44	1597.72	1628.08	1658.98	1689.14	1728.14	1759.12	1798.08	1824.72	1884.10	1940.00	
2005.36	2070.84	2128.30	2194.48	2269.92	2348.56	2456.06	2562.66	2680.48	2815.70	2970.74	3128.74	3351.86	3671.58	3832.02	3841.98	
3843.06	3843.04	3843.00	3843.02	3843.00	3843.04	3843.12	3843.06	3843.00	3843.00	3843.00	3843.02	3843.00	3843.00	3843.02	3843.10	
3843.08	3843.06	3843.02	3843.00	3843.00	3843.04	3843.00	3843.04	3843.02	3843.08	3843.02	3843.04	3843.00	3843.02	3843.02	3843.00	
3843.02	3843.06	3843.00	3843.12	3843.08	3843.14	3843.00	3843.00	3843.00	3843.02	3843.00	3843.04	3843.04	3843.06	3843.14	3843.16	
3843.02	3843.00	3843.02	3843.00	3843.04	3843.02	3843.04	3843.10	3843.08	3843.06	3843.02	3843.00	3843.00	3843.00	3843.00	3843.00	
3843.06	3843.08	3843.00	3843.02	3843.00	3843.02	3843.02	3843.00	3843.00	3843.02	3843.02	3843.04	3843.04	3843.16	3843.02	3843.00	
3843.00	3843.04	3843.00	3843.02	3843.04	3843.08	3843.14	3843.12	3843.00	3843.02	3843.00	3843.00	3843.00	3843.00	3843.02	3843.08	

*******************************************2024/09/11;06:36:37
Probe number 215
Concentration entered by User 1.86% at Temperature 27.49
1451.36	1476.24	1492.32	1519.34	1542.54	1570.60	1598.50	1628.00	1658.68	1689.36	1727.78	1759.48	1798.40	1825.86	1884.70	1939.36	
2005.72	2070.80	2127.94	2195.88	2269.00	2350.02	2458.64	2568.44	2681.44	2815.80	2970.40	3132.02	3358.88	3678.80	3831.46	3841.92	
3843.00	3843.00	3843.00	3843.02	3843.00	3843.06	3843.12	3843.06	3843.06	3843.00	3843.04	3843.00	3843.00	3843.00	3843.04	3843.08	
3843.08	3843.00	3843.04	3843.02	3843.06	3843.02	3843.00	3843.00	3843.04	3843.14	3843.00	3843.02	3843.02	3843.00	3843.02	3843.00	
3843.02	3843.02	3843.00	3843.08	3843.02	3843.10	3843.02	3843.00	3843.02	3843.02	3843.04	3843.04	3843.02	3843.06	3843.06	3843.24	
3843.02	3843.00	3843.02	3843.00	3843.02	3843.00	3843.04	3843.12	3843.16	3843.02	3843.00	3843.00	3843.02	3843.02	3843.00	3843.04	
3843.04	3843.06	3843.02	3843.04	3843.02	3843.02	3843.00	3843.00	3843.00	3843.04	3843.04	3843.06	3843.02	3843.04	3843.00	3843.02	
3843.02	3843.02	3843.00	3843.00	3843.04	3843.04	3843.06	3843.12	3843.06	3843.00	3843.02	3843.02	3843.02	3843.06	3843.06	3843.06	

*******************************************2024/09/11;06:39:57
Probe number 216
Concentration entered by User 1.88% at Temperature 27.49
1451.70	1476.86	1492.96	1519.52	1543.18	1570.18	1597.80	1628.48	1659.78	1689.26	1728.12	1759.14	1797.72	1824.34	1884.86	1940.54	
2004.98	2072.22	2129.14	2196.44	2269.24	2349.86	2458.16	2567.94	2682.90	2816.56	2971.26	3128.90	3353.96	3667.84	3831.24	3841.92	
3843.02	3843.02	3843.00	3843.02	3843.02	3843.04	3843.08	3843.20	3843.02	3843.02	3843.02	3843.02	3843.00	3843.02	3843.04	3843.08	
3843.24	3843.00	3843.00	3843.04	3843.00	3843.04	3843.00	3843.02	3843.04	3843.20	3843.04	3843.04	3843.02	3843.00	3843.00	3843.02	
3843.00	3843.00	3842.98	3843.06	3843.02	3843.10	3843.02	3843.00	3843.00	3843.00	3843.02	3843.00	3843.00	3843.08	3843.08	3843.14	
3843.00	3843.00	3843.00	3843.02	3843.02	3843.00	3843.02	3843.10	3843.12	3843.04	3843.00	3843.00	3843.00	3843.04	3843.00	3843.00	
3843.00	3843.04	3843.02	3843.06	3843.00	3842.98	3843.00	3843.00	3843.00	3843.02	3843.04	3843.08	3843.04	3843.04	3843.00	3843.02	
3843.00	3843.02	3843.04	3843.02	3843.02	3843.04	3843.12	3843.18	3843.00	3843.00	3843.00	3843.04	3843.02	3843.02	3843.00	3843.08	

*******************************************2024/09/11;06:43:17
Probe number 217
Concentration entered by User 1.87% at Temperature 27.46
1449.76	1474.72	1490.56	1517.58	1540.86	1569.16	1596.58	1626.20	1657.02	1687.14	1725.88	1757.58	1796.50	1822.80	1882.32	1937.00	
2003.14	2068.64	2126.40	2193.26	2266.44	2349.28	2457.94	2566.72	2681.58	2809.90	2965.56	3125.54	3353.16	3672.76	3831.38	3841.86	
3843.00	3843.00	3843.02	3843.00	3842.98	3843.06	3843.10	3843.14	3843.00	3843.00	3843.00	3843.02	3843.00	3843.04	3843.02	3843.04	
3843.14	3843.00	3843.00	3843.00	3843.02	3843.00	3843.00	3843.04	3842.98	3843.14	3843.02	3843.06	3843.02	3843.00	3843.00	3843.04	
3843.00	3843.00	3843.00	3843.04	3843.04	3843.08	3843.00	3843.02	3843.02	3843.04	3843.00	3843.00	3843.00	3843.04	3843.06	3843.12	
3843.00	3843.00	3843.00	3843.02	3843.00	3843.00	3843.02	3843.06	3843.12	3843.02	3843.00	3843.00	3843.02	3843.02	3843.00	3843.04	
3843.00	3843.10	3843.04	3843.08	3843.00	3843.00	3843.02	3843.02	3843.00	3843.00	3843.00	3843.04	3843.02	3843.04	3842.98	3843.02	
3843.00	3843.02	3843.00	3843.00	3843.00	3843.06	3843.06	3843.06	3843.02	3843.00	3843.00	3843.00	3843.00	3843.00	3843.02	3843.02	

*******************************************2024/09/11;06:46:37
Probe number 218
Concentration entered by User 1.87% at Temperature 27.44
1450.80	1475.16	1491.38	1517.80	1541.00	1568.92	1596.50	1626.74	1657.74	1688.18	1726.56	1757.88	1796.40	1823.88	1882.48	1938.60	
2003.88	2069.94	2126.34	2194.34	2268.98	2349.44	2456.20	2565.28	2678.10	2806.58	2964.46	3124.68	3356.98	3672.40	3831.60	3841.90	
3843.00	3843.02	3843.02	3843.04	3843.00	3843.08	3843.12	3843.16	3843.00	3843.00	3843.00	3843.04	3843.00	3843.00	3843.02	3843.08	
3843.18	3843.02	3843.04	3843.02	3843.00	3843.04	3843.00	3843.08	3843.00	3843.12	3843.00	3843.04	3843.00	3843.02	3843.00	3843.04	
3843.00	3843.00	3843.04	3843.04	3843.04	3843.10	3843.00	3843.00	3843.00	3843.00	3843.02	3843.06	3843.06	3843.12	3843.18	3843.16	
3843.02	3843.00	3843.00	3843.02	3843.04	3843.02	3843.04	3843.10	3843.14	3843.06	3843.00	3843.00	3843.00	3843.00	3843.02	3843.08	
3843.00	3843.14	3843.06	3843.06	3843.00	3843.00	3843.00	3843.02	3843.06	3842.98	3843.04	3843.06	3843.10	3843.02	3843.00	3843.00	
3843.00	3843.02	3843.02	3843.04	3843.02	3843.10	3843.04	3843.14	3843.00	3843.06	3843.00	3843.00	3843.00	3843.06	3843.04	3843.04	

*******************************************2024/09/11;06:49:57
Probe number 219
Concentration entered by User 1.90% at Temperature 27.43
1450.30	1474.50	1490.86	1517.30	1540.80	1568.80	1596.74	1626.44	1657.40	1687.94	1726.40	1757.38	1796.38	1823.52	1882.30	1938.12	
2002.82	2069.40	2125.48	2194.60	2270.36	2350.50	2455.88	2565.10	2683.34	2809.58	2963.38	3117.60	3346.50	3666.28	3831.34	3841.96	
3843.00	3843.02	3843.02	3843.02	3843.04	3843.18	3843.02	3843.18	3843.06	3843.00	3843.02	3843.00	3843.06	3843.06	3843.10	3843.08	
3843.10	3843.00	3843.04	3843.00	3843.02	3843.02	3843.04	3843.02	3843.04	3843.10	3843.04	3843.08	3843.04	3843.00	3843.00	3843.02	
3843.04	3843.00	3843.04	3843.08	3843.08	3843.10	3843.02	3843.00	3843.02	3843.02	3843.00	3843.00	3843.04	3843.08	3843.12	3843.12	
3843.04	3843.00	3843.00	3843.00	3843.02	3843.04	3843.16	3843.12	3843.14	3843.04	3843.04	3843.00	3843.04	3843.02	3843.00	3843.06	
3843.06	3843.08	3843.06	3843.02	3843.00	3843.00	3843.00	3843.00	3843.00	3843.02	3843.06	3843.14	3843.04	3843.14	3843.04	3843.00	
3843.02	3843.04	3843.04	3843.06	3843.00	3843.14	3843.08	3843.08	3843.00	3843.04	3843.00	3843.00	3843.02	3843.04	3843.08	3843.04	

*******************************************2024/09/11;06:53:17
Probe number 220
Concentration entered by User 1.88% at Temperature 27.41
1449.16	1473.68	1490.16	1516.76	1540.46	1567.54	1596.20	1625.54	1656.46	1686.32	1725.10	1755.78	1794.64	1821.00	1880.18	1934.56	
2000.02	2067.46	2124.94	2190.52	2265.94	2346.32	2452.04	2562.48	2677.58	2803.22	2962.14	3126.90	3352.72	3670.14	3831.28	3841.86	
3843.00	3843.00	3843.00	3843.00	3843.00	3843.10	3843.10	3843.08	3843.02	3843.00	3843.00	3843.00	3843.00	3843.02	3843.02	3843.14	
3843.10	3843.04	3843.00	3843.00	3843.00	3843.02	3843.00	3843.04	3843.04	3843.08	3843.02	3843.06	3843.00	3843.00	3843.00	3843.00	
3843.00	3843.02	3843.02	3843.00	3843.06	3843.10	3843.02	3843.00	3843.02	3843.00	3843.06	3843.02	3843.00	3843.06	3843.10	3843.16	
3843.04	3843.02	3843.00	3843.00	3843.00	3843.02	3843.00	3843.06	3843.08	3843.02	3843.00	3843.00	3843.02	3843.00	3843.00	3843.02	
3843.02	3843.08	3843.04	3843.02	3843.02	3842.98	3843.00	3843.00	3843.00	3843.00	3843.00	3843.04	3843.04	3843.08	3843.00	3843.02	
3843.06	3843.02	3843.00	3843.00	3843.06	3843.04	3843.08	3843.08	3843.00	3843.00	3843.00	3843.00	3843.00	3843.06	3843.04	3843.02	

*******************************************2024/09/11;06:56:37
Probe number 221
Concentration entered by User 1.88% at Temperature 27.42
1450.64	1475.12	1491.60	1518.26	1542.32	1569.28	1597.28	1627.48	1657.82	1688.36	1726.70	1757.92	1796.52	1823.38	1882.72	1937.60	
2003.90	2071.80	2128.80	2193.60	2267.30	2349.76	2455.60	2563.78	2682.10	2809.76	2962.92	3123.32	3348.76	3672.66	3831.48	3841.94	
3843.00	3843.04	3843.00	3843.06	3843.08	3843.12	3843.04	3843.16	3843.02	3843.00	3843.02	3843.00	3843.00	3843.04	3843.00	3843.10	
3843.06	3843.04	3843.02	3843.00	3843.02	3843.02	3843.00	3843.02	3843.02	3843.14	3843.02	3843.08	3843.02	3843.00	3843.00	3843.06	
3843.02	3843.04	3843.02	3843.04	3843.10	3843.12	3843.00	3843.00	3843.02	3843.04	3843.02	3843.00	3843.04	3843.10	3843.02	3843.12	
3843.02	3843.00	3843.02	3843.00	3843.02	3843.00	3843.02	3843.10	3843.06	3843.06	3843.02	3843.02	3843.00	3843.02	3843.00	3843.04	
3843.00	3843.06	3843.02	3843.06	3843.00	3843.02	3843.02	3843.06	3843.02	3843.02	3843.06	3843.06	3843.04	3843.08	3843.02	3843.00	
3843.00	3843.00	3843.00	3843.04	3843.04	3843.04	3843.10	3843.16	3843.00	3842.98	3843.02	3843.02	3843.04	3843.00	3843.02	3843.10	

*******************************************2024/09/11;06:59:57
Probe number 222
Concentration entered by User 1.89% at Temperature 27.40
1449.62	1474.38	1490.54	1517.14	1540.42	1568.62	1596.66	1626.84	1656.92	1687.08	1724.68	1755.18	1794.28	1821.40	1880.26	1934.42	
2000.50	2068.36	2124.80	2190.62	2266.50	2346.06	2452.98	2559.28	2678.90	2805.82	2963.42	3124.28	3343.98	3668.02	3831.22	3841.92	
3843.00	3843.00	3843.02	3843.02	3843.02	3843.00	3843.00	3843.02	3843.04	3843.02	3843.00	3843.02	3843.02	3843.02	3843.04	3843.00	
3843.00	3843.02	3843.02	3843.00	3843.02	3843.00	3843.00	3843.02	3843.04	3843.00	3843.02	3843.02	3843.08	3842.98	3843.02	3843.02	
3843.02	3843.04	3843.04	3843.00	3843.04	3843.00	3843.04	3843.02	3843.04	3843.00	3843.02	3843.02	3843.00	3842.98	3843.00	3843.02	
3843.02	3843.02	3843.06	3843.02	3843.02	3843.06	3843.02	3843.02	3843.00	3843.06	3843.04	3843.00	3843.02	3843.02	3843.00	3843.00	
3843.02	3843.00	3843.02	3843.06	3843.06	3843.00	3843.02	3843.04	3843.02	3843.04	3843.10	3843.02	3843.08	3843.02	3843.04	3843.00	
3843.02	3843.04	3843.04	3843.04	3843.04	3843.04	3843.04	3843.04	3843.02	3842.98	3843.02	3843.04	3843.04	3843.02	3843.02	3843.00	

*******************************************2024/09/11;07:03:17
Probe number 223
Concentration entered by User 1.88% at Temperature 27.40
1449.70	1474.20	1490.78	1517.02	1540.96	1568.66	1596.58	1625.90	1656.56	1686.84	1724.82	1756.24	1794.72	1821.92	1880.82	1936.00	
2002.14	2067.34	2124.68	2189.30	2264.04	2345.10	2453.82	2562.42	2676.20	2808.78	2966.16	3123.56	3349.48	3670.70	3831.40	3841.82	
3843.00	3843.00	3843.04	3843.00	3843.04	3843.00	3843.04	3843.02	3843.02	3843.00	3843.00	3843.00	3843.02	3843.02	3843.08	3843.00	
3843.08	3843.00	3843.02	3843.02	3843.00	3843.04	3843.04	3843.02	3843.04	3843.00	3843.00	3843.00	3843.04	3843.02	3843.02	3843.04	
3843.00	3843.02	3843.06	3843.00	3843.02	3843.02	3843.04	3843.00	3843.00	3843.02	3843.06	3843.02	3843.02	3843.00	3843.00	3843.00	
3843.02	3843.00	3843.04	3843.00	3843.02	3843.02	3843.02	3843.00	3843.00	3843.02	3843.00	3843.00	3843.02	3843.00	3843.02	3843.02	
3843.06	3843.00	3843.02	3843.00	3843.08	3843.00	3843.00	3843.04	3843.04	3843.08	3843.00	3843.04	3843.04	3843.04	3843.04	3843.00	
3843.00	3843.00	3843.02	3843.00	3843.06	3843.00	3843.00	3843.00	3843.04	3843.00	3843.00	3843.00	3843.08	3843.00	3843.06	3843.00	

*******************************************2024/09/11;07:06:37
Probe number 224
Concentration entered by User 1.88% at Temperature 27.38
1450.90	1475.52	1492.20	1519.04	1542.36	1570.22	1597.60	1628.54	1658.90	1688.42	1727.36	1757.78	1796.00	1822.86	1881.54	1938.30	
2003.70	2069.68	2126.00	2193.20	2266.62	2349.34	2455.62	2566.06	2680.18	2810.78	2966.62	3122.84	3348.86	3672.38	3831.00	3841.86	
3843.02	3843.00	3843.00	3842.98	3843.06	3843.02	3843.02	3843.02	3843.00	3843.00	3843.00	3843.00	3843.02	3843.02	3843.02	3843.04	
3843.02	3843.02	3843.02	3843.00	3843.02	3843.02	3843.04	3843.06	3843.00	3843.00	3843.02	3843.02	3843.04	3843.00	3843.00	3843.02	
3843.00	3843.00	3843.04	3843.00	3843.00	3843.00	3843.02	3842.98	3843.02	3843.04	3843.04	3843.04	3843.02	3843.00	3843.02	3843.04	
3843.02	3843.00	3843.00	3843.02	3843.04	3843.00	3842.98	3843.00	3843.02	3843.00	3843.02	3843.00	3843.00	3843.02	3843.02	3843.00	
3843.06	3843.00	3843.02	3843.00	3843.02	3843.00	3843.00	3843.06	3843.08	3843.02	3843.00	3843.00	3843.00	3843.00	3843.04	3843.00	
3843.02	3843.02	3843.02	3843.00	3843.02	3843.00	3843.02	3843.04	3843.00	3843.00	3843.02	3843.04	3843.04	3843.00	3843.00	3843.02	

*******************************************2024/09/11;07:09:57
Probe number 225
Concentration entered by User 1.88% at Temperature 27.37
1450.98	1475.00	1491.70	1518.36	1541.96	1569.52	1597.56	1627.70	1658.22	1688.20	1726.56	1757.06	1796.46	1823.02	1881.82	1937.30	
2003.22	2070.04	2127.02	2194.24	2267.88	2348.98	2455.76	2562.42	2678.70	2807.18	2962.46	3122.84	3354.76	3668.84	3831.24	3841.82	
3843.00	3843.04	3843.00	3843.00	3843.04	3843.00	3843.04	3843.00	3843.10	3843.02	3843.02	3843.00	3843.02	3843.02	3843.04	3843.00	
3843.02	3843.04	3843.08	3843.00	3843.00	3843.00	3843.06	3843.04	3843.02	3843.00	3843.00	3843.04	3843.08	3843.00	3843.06	3843.02	
3843.04	3843.02	3843.10	3843.00	3843.00	3843.02	3843.06	3843.02	3843.00	3843.06	3843.06	3843.04	3843.08	3843.00	3843.00	3843.00	
3843.08	3843.00	3843.00	3843.00	3843.04	3843.06	3843.10	3843.00	3843.02	3843.02	3843.04	3843.02	3843.04	3843.00	3843.00	3843.02	
3843.08	3843.00	3843.00	3843.04	3843.06	3843.00	3843.02	3843.02	3843.06	3843.02	3843.04	3843.02	3843.04	3843.00	3843.08	3843.02	
3843.04	3843.00	3843.02	3843.02	3843.04	3843.00	3843.08	3843.04	3843.04	3843.00	3843.02	3843.02	3843.02	3843.00	3843.10	3843.00	

*******************************************2024/09/11;07:13:17
Probe number 226
Concentration entered by User 1.89% at Temperature 27.36
1450.20	1474.46	1490.80	1517.62	1540.92	1568.54	1595.84	1626.36	1657.04	1687.58	1725.98	1757.08	1796.14	1822.32	1880.50	1936.32	
2002.10	2068.54	2125.28	2191.56	2264.52	2348.36	2455.78	2561.16	2676.02	2804.84	2963.66	3124.98	3351.70	3663.22	3830.78	3841.76	
3843.00	3843.02	3843.02	3843.02	3843.02	3843.02	3843.02	3843.04	3843.06	3843.02	3843.04	3843.02	3843.00	3843.00	3843.10	3843.02	
3843.00	3843.02	3843.06	3843.00	3843.04	3843.06	3843.02	3842.98	3843.04	3843.00	3843.04	3843.00	3843.08	3843.00	3843.00	3842.98	
3843.02	3843.02	3843.08	3843.00	3842.98	3843.00	3843.06	3843.02	3843.02	3843.02	3843.04	3843.04	3843.10	3843.00	3842.98	3843.04	
3843.06	3843.00	3843.00	3843.00	3843.02	3843.00	3843.08	3843.00	3843.02	3843.04	3843.06	3843.02	3843.00	3843.02	3843.02	3843.04	
3843.04	3843.00	3843.02	3843.02	3843.02	3842.98	3843.04	3843.00	3843.02	3843.06	3843.04	3843.00	3843.00	3843.02	3843.06	3843.02	
3843.00	3843.04	3843.02	3843.02	3843.06	3843.00	3843.00	3843.02	3843.04	3843.00	3843.02	3843.00	3843.02	3843.02	3843.06	3843.02	

*******************************************2024/09/11;07:16:37
Probe number 227
Concentration entered by User 1.89% at Temperature 27.34
1449.50	1473.82	1490.44	1517.18	1540.62	1568.28	1595.94	1626.00	1656.80	1687.28	1725.70	1755.70	1794.62	1821.80	1881.14	1936.36	
2002.18	2068.54	2124.74	2192.96	2266.52	2346.18	2452.86	2562.96	2675.72	2806.28	2965.44	3125.14	3350.92	3664.06	3830.46	3841.86	
3843.04	3843.12	3843.12	3843.02	3843.02	3843.00	3843.08	3843.02	3843.00	3843.00	3843.02	3843.04	3843.00	3843.02	3843.04	3843.02	
3843.04	3843.02	3843.04	3843.02	3843.04	3843.04	3843.04	3843.00	3843.12	3843.02	3843.08	3843.04	3843.08	3843.00	3843.02	3843.00	
3843.04	3843.00	3843.04	3843.00	3843.02	3843.04	3843.08	3843.02	3843.10	3843.00	3843.08	3843.02	3843.10	3843.00	3843.10	3843.00	
3843.04	3843.02	3843.04	3843.04	3843.06	3843.00	3843.00	3843.02	3843.00	3843.08	3843.02	3843.00	3843.06	3843.04	3843.08	3843.02	
3843.06	3843.02	3843.04	3843.04	3843.06	3843.04	3843.06	3843.00	3843.06	3843.08	3843.06	3843.00	3843.06	3843.02	3843.10	3843.04	
3843.06	3843.04	3843.12	3843.06	3843.08	3843.02	3843.04	3843.00	3843.06	3843.02	3843.02	3843.00	3843.06	3843.02	3843.06	3843.00	

*******************************************2024/09/11;07:19:57
Probe number 228
Concentration entered by User 1.89% at Temperature 27.34
1449.66	1474.70	1490.88	1517.76	1541.10	1568.50	1596.36	1625.98	1657.04	1687.06	1725.60	1755.94	1794.44	1821.08	1880.50	1936.84	
2001.58	2069.28	2126.44	2192.20	2265.42	2347.14	2455.78	2563.56	2675.02	2806.18	2962.76	3117.80	3351.78	3664.58	3830.88	3841.88	
3843.00	3843.02	3843.00	3843.06	3843.02	3843.18	3843.18	3843.10	3843.02	3843.04	3843.00	3843.02	3843.02	3843.04	3843.06	3843.10	
3843.16	3843.04	3843.02	3843.04	3843.02	3843.04	3843.02	3843.04	3843.04	3843.12	3843.00	3843.08	3843.00	3843.00	3843.06	3843.06	
3843.04	3843.06	3843.02	3843.08	3843.10	3843.16	3843.00	3843.00	3843.02	3843.02	3843.00	3843.06	3843.04	3843.14	3843.20	3843.08	
3843.06	3843.00	3843.04	3843.02	3843.04	3843.02	3843.02	3843.20	3843.14	3843.06	3843.02	3843.02	3843.02	3843.02	3843.02	3843.04	
3843.00	3843.18	3843.04	3843.12	3843.02	3843.02	3843.02	3843.02	3843.04	3843.06	3843.04	3843.12	3843.12	3843.24	3843.00	3843.02	
3843.00	3843.00	3843.04	3843.04	3843.10	3843.10	3843.18	3843.12	3843.04	3843.06	3843.00	3843.00	3843.02	3843.06	3843.08	3843.20	

*******************************************2024/09/11;07:23:17
Probe number 229
Concentration entered by User 1.91% at Temperature 27.34
1451.74	1475.86	1492.18	1519.36	1543.10	1570.30	1597.52	1627.22	1658.56	1688.26	1726.50	1758.14	1796.48	1823.16	1882.40	1937.46	
2002.90	2069.72	2127.20	2194.68	2268.90	2349.76	2454.44	2565.64	2678.84	2810.48	2966.68	3120.84	3342.88	3660.64	3830.14	3841.92	
3843.04	3843.02	3843.06	3843.02	3843.04	3843.18	3843.20	3843.08	3843.04	3843.04	3843.04	3843.06	3843.02	3843.04	3843.10	3843.12	
3843.08	3843.04	3843.02	3843.04	3843.06	3843.14	3843.00	3843.02	3843.12	3843.16	3843.08	3843.18	3843.04	3843.04	3843.04	3843.06	
3843.00	3843.12	3843.08	3843.12	3843.08	3843.12	3843.06	3843.04	3843.08	3843.08	3843.02	3843.12	3843.14	3843.18	3843.20	3843.12	
3843.10	3843.02	3843.04	3843.08	3843.12	3843.06	3843.22	3843.12	3843.18	3843.08	3843.06	3843.02	3843.02	3843.02	3843.08	3843.12	
3843.06	3843.28	3843.12	3843.14	3843.04	3843.02	3843.02	3843.06	3843.02	3843.12	3843.06	3843.14	3843.12	3843.10	3843.00	3843.00	
3843.04	3843.00	3843.04	3843.08	3843.12	3843.20	3843.18	3843.24	3843.02	3843.02	3843.04	3843.02	3843.02	3843.12	3843.16	3843.04	

*******************************************2024/09/11;07:26:37
Probe number 230
Concentration entered by User 1.90% at Temperature 27.32
1450.76	1475.34	1491.72	1518.20	1541.56	1569.22	1597.36	1627.38	1657.86	1687.44	1725.54	1755.96	1795.54	1822.70	1881.96	1938.74	
2002.34	2069.32	2126.30	2192.82	2265.02	2349.98	2454.00	2562.24	2679.92	2807.66	2965.90	3119.20	3345.30	3662.82	3830.46	3841.90	
3843.02	3843.00	3843.04	3843.06	3843.04	3843.20	3843.18	3843.24	3843.04	3843.08	3843.04	3843.00	3843.04	3843.10	3843.06	3843.20	
3843.30	3843.08	3843.08	3843.08	3843.08	3843.02	3843.00	3843.12	3843.06	3843.24	3843.10	3843.14	3843.04	3843.02	3843.06	3843.02	
3843.02	3843.12	3843.04	3843.20	3843.22	3843.06	3843.02	3843.10	3843.12	3843.02	3843.06	3843.12	3843.06	3843.22	3843.16	3843.22	
3843.06	3843.02	3843.08	3843.04	3843.06	3843.12	3843.18	3843.14	3843.30	3843.12	3843.02	3843.04	3843.02	3843.02	3843.08	3843.10	
3843.04	3843.24	3843.18	3843.12	3843.04	3843.04	3843.04	3843.04	3843.06	3843.12	3843.14	3843.18	3843.20	3843.14	3843.10	3843.08	
3843.06	3843.06	3843.10	3843.12	3843.10	3843.20	3843.14	3843.24	3843.04	3843.04	3843.04	3843.04	3843.02	3843.12	3843.16	3843.18	

*******************************************2024/09/11;07:29:57
Probe number 231
Concentration entered by User 1.91% at Temperature 27.31
1449.80	1474.04	1490.38	1517.68	1540.90	1568.32	1596.84	1626.40	1657.16	1686.96	1724.96	1755.70	1795.20	1821.06	1879.98	1935.12	
2000.04	2067.08	2124.80	2192.72	2265.50	2346.78	2455.22	2560.88	2675.22	2808.36	2965.90	3119.98	3339.88	3663.50	3830.58	3841.90	
3843.02	3843.00	3843.10	3843.06	3843.10	3843.16	3843.20	3843.20	3843.04	3843.06	3843.06	3843.02	3843.02	3843.10	3843.10	3843.22	
3843.28	3843.10	3843.06	3843.08	3843.08	3843.10	3843.02	3843.16	3843.12	3843.26	3843.04	3843.14	3843.06	3843.06	3843.00	3843.04	
3843.04	3843.14	3843.10	3843.06	3843.08	3843.12	3843.06	3843.04	3843.02	3843.02	3843.02	3843.12	3843.12	3843.20	3843.20	3843.24	
3843.06	3843.06	3843.00	3843.04	3843.08	3843.18	3843.14	3843.14	3843.26	3843.04	3843.06	3843.02	3843.00	3843.04	3843.06	3843.08	
3843.04	3843.28	3843.04	3843.18	3843.08	3843.02	3843.00	3843.08	3843.06	3843.00	3843.08	3843.20	3843.10	3843.16	3843.12	3843.02	
3843.02	3843.04	3843.04	3843.24	3843.06	3843.10	3843.10	3843.22	3843.06	3843.06	3843.02	3843.06	3843.10	3843.06	3843.26	3843.16	

*******************************************2024/09/11;07:33:17
Probe number 232
Concentration entered by User 1.90% at Temperature 27.30
1450.24	1474.84	1490.96	1517.52	1540.78	1568.04	1596.14	1626.00	1656.26	1686.36	1724.18	1755.38	1793.96	1820.58	1879.96	1935.72	
2000.14	2064.86	2123.92	2191.60	2265.14	2346.72	2454.60	2561.30	2670.92	2802.20	2957.92	3118.94	3339.78	3663.64	3830.84	3841.98	
3843.00	3843.02	3843.04	3843.10	3843.16	3843.22	3843.20	3843.32	3843.04	3843.04	3843.02	3843.04	3843.08	3843.06	3843.02	3843.24	
3843.26	3843.08	3843.02	3843.00	3843.02	3843.06	3843.04	3843.12	3843.04	3843.28	3843.18	3843.10	3843.04	3843.02	3843.02	3843.04	
3843.08	3843.08	3843.04	3843.22	3843.16	3843.34	3843.08	3843.08	3843.12	3843.06	3843.06	3843.06	3843.08	3843.28	3843.24	3843.26	
3843.04	3843.02	3843.04	3843.06	3843.06	3843.12	3843.10	3843.22	3843.28	3843.08	3843.00	3843.02	3843.06	3843.08	3843.08	3843.14	
3843.04	3843.26	3843.06	3843.22	3843.04	3843.02	3843.04	3843.08	3843.00	3843.08	3843.16	3843.12	3843.08	3843.20	3843.06	3843.02	
3843.00	3843.04	3843.06	3843.06	3843.10	3843.16	3843.24	3843.20	3843.00	3843.02	3843.02	3843.10	3843.12	3843.06	3843.12	3843.16	

*******************************************2024/09/11;07:36:37
Probe number 233
Concentration entered by User 1.91% at Temperature 27.27
1448.66	1472.64	1489.08	1515.42	1539.16	1567.14	1594.88	1624.36	1654.94	1685.50	1724.32	1754.52	1792.66	1819.44	1879.44	1934.50	
1998.12	2065.06	2121.60	2189.56	2265.86	2347.90	2453.10	2561.76	2673.14	2803.24	2961.40	3116.38	3338.72	3661.22	3830.04	3841.98	
3843.06	3843.02	3843.08	3843.08	3843.06	3843.20	3843.24	3843.18	3843.02	3843.02	3843.02	3843.00	3843.10	3843.06	3843.06	3843.28	
3843.18	3843.04	3843.02	3843.00	3843.08	3843.06	3843.02	3843.16	3843.04	3843.38	3843.08	3843.12	3843.04	3843.06	3843.04	3843.12	
3843.04	3843.08	3843.00	3843.10	3843.12	3843.14	3843.00	3843.02	3843.02	3843.04	3843.08	3843.08	3843.12	3843.14	3843.20	3843.30	
3843.02	3843.02	3843.04	3843.04	3843.02	3843.10	3843.14	3843.18	3843.36	3843.06	3843.00	3843.06	3843.06	3843.06	3843.02	3843.06	
3843.04	3843.28	3843.06	3843.20	3843.02	3843.04	3843.06	3843.00	3843.02	3843.04	3843.06	3843.06	3843.16	3843.10	3843.04	3843.04	
3843.08	3843.02	3843.04	3843.04	3843.16	3843.16	3843.22	3843.24	3843.06	3843.04	3843.02	3843.02	3843.12	3843.06	3843.04	3843.14	

*******************************************2024/09/11;07:39:57
Probe number 234
Concentration entered by User 1.91% at Temperature 27.29
1449.84	1474.48	1489.80	1516.28	1540.12	1567.42	1595.50	1624.82	1655.44	1686.24	1724.22	1754.46	1793.24	1820.00	1879.36	1935.10	
1999.24	2066.46	2121.46	2188.84	2261.66	2344.78	2453.70	2565.20	2672.96	2804.84	2962.76	3119.60	3338.20	3662.40	3830.80	3841.88	
3843.10	3843.04	3843.04	3843.06	3843.14	3843.22	3843.20	3843.18	3843.02	3843.08	3843.06	3843.02	3843.08	3843.16	3843.16	3843.22	
3843.16	3843.04	3843.04	3843.02	3843.02	3843.04	3843.04	3843.24	3843.02	3843.32	3843.08	3843.14	3843.08	3843.08	3843.06	3843.16	
3843.10	3843.16	3843.12	3843.12	3843.18	3843.14	3843.06	3843.02	3843.06	3843.04	3843.08	3843.20	3843.10	3843.16	3843.24	3843.18	
3843.04	3843.06	3843.04	3843.04	3843.08	3843.10	3843.10	3843.18	3843.22	3843.14	3843.04	3843.00	3843.02	3843.04	3843.06	3843.12	
3843.12	3843.28	3843.06	3843.06	3843.06	3843.04	3843.04	3843.04	3843.02	3843.18	3843.04	3843.18	3843.10	3843.06	3843.06	3843.06	
3843.06	3843.04	3843.02	3843.18	3843.14	3843.16	3843.20	3843.32	3843.02	3843.06	3843.06	3843.02	3843.14	3843.14	3843.22	3843.18	

*******************************************2024/09/11;07:43:17
Probe number 235
Concentration entered by User 1.91% at Temperature 27.27
1449.70	1474.42	1490.24	1517.10	1540.52	1567.72	1596.02	1625.56	1656.66	1686.12	1725.26	1755.22	1794.36	1820.42	1879.18	1935.10	
1999.66	2066.28	2122.18	2190.18	2262.48	2344.72	2452.32	2558.60	2675.66	2803.24	2959.92	3111.94	3334.56	3663.44	3830.92	3841.92	
3843.08	3843.06	3843.08	3843.12	3843.16	3843.24	3843.28	3843.32	3843.08	3843.06	3843.04	3843.02	3843.10	3843.08	3843.20	3843.22	
3843.24	3843.08	3843.14	3843.06	3843.06	3843.06	3843.04	3843.16	3843.18	3843.32	3843.12	3843.16	3843.06	3843.08	3843.04	3843.04	
3843.04	3843.20	3843.20	3843.14	3843.12	3843.22	3843.08	3843.06	3843.10	3843.10	3843.06	3843.08	3843.24	3843.20	3843.28	3843.26	
3843.04	3843.14	3843.02	3843.08	3843.14	3843.24	3843.20	3843.16	3843.28	3843.10	3843.02	3843.06	3843.00	3843.06	3843.08	3843.22	
3843.14	3843.28	3843.18	3843.12	3843.12	3843.04	3843.02	3843.10	3843.04	3843.20	3843.14	3843.20	3843.12	3843.24	3843.04	3843.08	
3843.04	3843.04	3843.02	3843.10	3843.14	3843.18	3843.28	3843.28	3843.12	3843.04	3843.04	3843.10	3843.12	3843.10	3843.08	3843.24	

*******************************************2024/09/11;07:46:37
Probe number 236
Concentration entered by User 1.91% at Temperature 27.27
1449.84	1474.40	1490.42	1516.68	1540.50	1567.98	1595.56	1624.56	1655.16	1685.90	1724.80	1755.72	1793.34	1819.78	1879.68	1934.30	
1998.54	2065.26	2122.80	2190.92	2264.44	2342.70	2447.46	2555.52	2671.76	2802.52	2956.36	3115.72	3336.68	3661.92	3830.50	3841.82	
3843.06	3843.00	3843.00	3843.08	3843.12	3843.22	3843.14	3843.30	3843.06	3843.02	3843.06	3843.08	3843.06	3843.02	3843.08	3843.08	
3843.38	3843.04	3843.06	3843.02	3843.02	3843.04	3843.02	3843.22	3843.08	3843.24	3843.04	3843.12	3843.04	3843.00	3843.00	3843.08	
3843.10	3843.10	3843.08	3843.08	3843.14	3843.10	3843.00	3843.02	3843.06	3843.06	3843.04	3843.10	3843.08	3843.30	3843.14	3843.32	
3843.00	3843.04	3843.00	3843.00	3843.14	3843.08	3843.08	3843.12	3843.30	3843.10	3843.04	3843.04	3843.02	3843.02	3843.02	3843.08	
3843.10	3843.30	3843.16	3843.10	3843.08	3843.02	3843.04	3843.06	3843.10	3843.08	3843.08	3843.22	3843.10	3843.10	3843.04	3843.04	
3843.00	3843.06	3843.04	3843.12	3843.12	3843.22	3843.06	3843.30	3843.04	3843.12	3843.04	3843.04	3843.04	3843.12	3843.14	3843.18	

*******************************************2024/09/11;07:49:57
Probe number 237
Concentration entered by User 1.92% at Temperature 27.25
1450.34	1475.08	1491.14	1517.18	1540.88	1568.92	1596.78	1627.32	1657.06	1687.66	1725.52	1757.38	1794.74	1821.72	1880.68	1935.20	
2000.26	2067.52	2124.18	2191.80	2267.58	2349.94	2452.32	2560.06	2673.76	2802.84	2954.38	3113.26	3336.80	3660.24	3830.74	3841.92	
3843.08	3843.02	3843.02	3843.04	3843.06	3843.16	3843.26	3843.16	3843.10	3843.06	3843.00	3843.02	3843.10	3843.08	3843.04	3843.24	
3843.22	3843.06	3843.04	3843.10	3843.06	3843.10	3843.10	3843.20	3843.18	3843.26	3843.06	3843.12	3843.08	3843.02	3843.00	3843.02	
3843.06	3843.12	3843.06	3843.06	3843.12	3843.16	3843.10	3843.06	3843.02	3843.02	3843.06	3843.08	3843.16	3843.16	3843.24	3843.20	
3843.02	3843.02	3843.02	3843.04	3843.04	3843.04	3843.12	3843.18	3843.20	3843.12	3843.00	3843.04	3843.04	3843.06	3843.02	3843.08	
3843.08	3843.20	3843.06	3843.10	3843.02	3843.06	3843.04	3843.02	3843.10	3843.12	3843.10	3843.22	3843.08	3843.16	3843.06	3843.06	
3843.04	3843.06	3843.10	3843.04	3843.08	3843.16	3843.28	3843.22	3843.04	3843.00	3843.04	3843.08	3843.10	3843.08	3843.12	3843.20	

*******************************************2024/09/11;07:53:17
Probe number 238
Concentration entered by User 1.91% at Temperature 27.21
1449.52	1473.72	1489.82	1516.08	1539.56	1567.22	1594.98	1624.66	1655.48	1685.44	1723.42	1754.34	1792.68	1819.94	1879.06	1933.28	
1997.28	2064.84	2120.80	2188.38	2263.32	2345.26	2452.32	2559.44	2676.04	2801.54	2955.18	3115.98	3339.90	3658.54	3830.50	3841.94	
3843.06	3843.08	3843.04	3843.12	3843.04	3843.18	3843.28	3843.24	3843.00	3843.02	3843.00	3843.02	3843.04	3843.06	3843.12	3843.34	
3843.30	3843.04	3843.08	3843.06	3843.00	3843.04	3843.04	3843.14	3843.04	3843.34	3843.00	3843.12	3843.04	3843.04	3843.02	3843.08	
3843.00	3843.06	3843.02	3843.04	3843.12	3843.20	3843.02	3843.00	3843.08	3843.08	3843.10	3843.06	3843.20	3843.24	3843.18	3843.30	
3843.00	3843.04	3843.06	3843.04	3843.02	3843.12	3843.10	3843.16	3843.26	3843.06	3843.04	3843.00	3843.04	3843.00	3843.02	3843.12	
3843.06	3843.20	3843.06	3843.14	3843.10	3843.08	3843.02	3843.10	3843.10	3843.08	3843.00	3843.14	3843.08	3843.16	3843.00	3843.06	
3843.02	3843.04	3843.02	3843.10	3843.04	3843.12	3843.32	3843.28	3843.02	3843.06	3843.04	3843.00	3843.04	3843.08	3843.08	3843.18	

*******************************************2024/09/11;07:56:37
Probe number 239
Concentration entered by User 1.93% at Temperature 27.23
1448.90	1473.44	1489.52	1516.12	1539.66	1566.78	1594.62	1624.78	1655.28	1685.50	1724.48	1755.36	1793.02	1819.18	1878.92	1934.58	
1999.24	2064.12	2120.74	2189.10	2264.44	2345.34	2452.06	2557.64	2671.86	2806.62	2958.00	3115.90	3337.60	3652.30	3830.80	3841.82	
3843.08	3843.06	3843.12	3843.04	3843.10	3843.12	3843.34	3843.10	3843.02	3843.06	3843.04	3843.08	3843.06	3843.22	3843.08	3843.22	
3843.18	3843.10	3843.06	3843.06	3843.04	3843.08	3843.10	3843.20	3843.12	3843.14	3843.14	3843.10	3843.04	3843.02	3843.12	3843.14	
3843.02	3843.12	3843.04	3843.16	3843.16	3843.24	3843.02	3843.06	3843.06	3843.10	3843.16	3843.04	3843.18	3843.12	3843.30	3843.10	
3843.06	3843.06	3843.04	3843.10	3843.08	3843.20	3843.08	3843.30	3843.16	3843.20	3843.06	3843.08	3843.02	3843.08	3843.08	3843.12	
3843.16	3843.16	3843.06	3843.06	3843.06	3843.10	3843.02	3843.10	3843.04	3843.14	3843.10	3843.12	3843.12	3843.22	3843.02	3843.02	
3843.12	3843.02	3843.06	3843.08	3843.18	3843.14	3843.32	3843.12	3843.04	3843.02	3843.00	3843.04	3843.06	3843.06	3843.18	3843.32	

*******************************************2024/09/11;07:59:57
Probe number 240
Concentration entered by User 1.94% at Temperature 27.20
1448.80	1473.06	1488.70	1515.50	1539.66	1566.94	1594.32	1623.92	1655.12	1685.68	1722.98	1753.68	1792.98	1818.92	1877.50	1933.60	
1998.12	2063.66	2119.78	2187.10	2262.28	2341.46	2448.42	2561.64	2669.84	2799.04	2961.98	3111.06	3328.10	3650.38	3830.26	3841.94	
3843.04	3843.04	3843.04	3843.08	3843.12	3843.48	3843.12	3843.22	3843.02	3843.06	3843.04	3843.06	3843.08	3843.06	3843.18	3843.14	
3843.22	3843.06	3843.06	3843.04	3843.06	3843.06	3843.02	3843.24	3843.12	3843.22	3843.02	3843.16	3843.04	3843.08	3843.02	3843.08	
3843.02	3843.08	3843.10	3843.00	3843.08	3843.20	3843.10	3843.06	3843.06	3843.08	3843.08	3843.20	3843.10	3843.24	3843.10	3843.26	
3843.02	3843.06	3843.04	3843.00	3843.08	3843.04	3843.10	3843.20	3843.24	3843.10	3843.04	3843.02	3843.04	3843.04	3843.06	3843.16	
3843.06	3843.26	3843.08	3843.18	3843.00	3843.06	3843.06	3843.06	3843.06	3843.10	3843.06	3843.24	3843.12	3843.18	3843.02	3843.00	
3843.04	3843.08	3843.08	3843.08	3843.14	3843.26	3843.20	3843.20	3843.08	3843.04	3843.04	3843.04	3843.08	3843.10	3843.16	3843.10	

*******************************************2024/09/11;08:03:17
Probe number 241
Concentration entered by User 1.93% at Temperature 27.19
1449.44	1474.10	1490.30	1517.04	1540.58	1568.34	1596.26	1626.10	1656.14	1685.96	1725.02	1755.80	1794.14	1820.36	1878.84	1935.06	
2000.32	2066.26	2120.74	2189.02	2264.12	2344.28	2449.74	2559.54	2673.82	2803.90	2956.96	3114.26	3337.06	3653.44	3829.84	3841.88	
3843.02	3843.10	3843.12	3843.22	3843.12	3843.36	3843.18	3843.32	3843.00	3843.06	3843.08	3843.00	3843.10	3843.10	3843.20	3843.26	
3843.40	3843.02	3843.12	3843.08	3843.14	3843.08	3843.08	3843.24	3843.10	3843.38	3843.06	3843.18	3843.08	3843.02	3843.02	3843.06	
3843.02	3843.10	3843.12	3843.24	3843.18	3843.26	3843.00	3843.04	3843.08	3843.04	3843.10	3843.16	3843.18	3843.24	3843.22	3843.40	
3843.06	3843.08	3843.04	3843.06	3843.10	3843.16	3843.18	3843.14	3843.30	3843.06	3843.04	3843.02	3843.08	3843.06	3843.04	3843.14	
3843.08	3843.42	3843.06	3843.08	3843.06	3843.08	3843.08	3843.08	3843.00	3843.12	3843.16	3843.18	3843.28	3843.16	3843.06	3843.06	
3843.06	3843.08	3843.08	3843.08	3843.12	3843.32	3843.22	3843.30	3843.04	3843.06	3843.06	3843.06	3843.04	3843.18	3843.16	3843.22	

*******************************************2024/09/11;08:06:37
Probe number 242
Concentration entered by User 1.90% at Temperature 27.19
1457.26	1482.02	1498.96	1525.86	1549.24	1577.28	1605.94	1635.22	1665.72	1696.72	1734.64	1766.40	1804.94	1833.34	1892.28	1946.98	
2011.86	2078.08	2135.48	2201.30	2275.38	2355.50	2463.20	2575.12	2689.82	2821.00	2971.24	3127.06	3343.92	3664.32	3831.34	3841.92	
3843.04	3843.14	3843.08	3843.06	3843.16	3843.02	3843.10	3843.04	3843.18	3843.00	3843.00	3843.06	3843.10	3843.04	3843.22	3843.00	
3843.10	3843.04	3843.12	3843.04	3843.12	3843.06	3843.12	3843.12	3843.14	3843.04	3843.08	3843.04	3843.08	3843.04	3843.12	3843.08	
3843.08	3843.12	3843.16	3843.10	3843.14	3843.06	3843.10	3843.02	3843.08	3843.12	3843.08	3843.14	3843.16	3843.06	3843.04	3843.16	
3843.10	3843.02	3843.10	3843.06	3843.06	3843.08	3843.10	3843.00	3843.12	3843.14	3843.06	3843.02	3843.02	3843.08	3843.06	3843.02	
3843.18	3843.02	3843.10	3843.10	3843.16	3843.02	3843.10	3843.06	3843.06	3843.08	3843.12	3843.00	3843.08	3843.16	3843.16	3843.00	
3843.04	3843.10	3843.10	3843.08	3843.16	3843.06	3843.22	3843.10	3843.14	3843.06	3843.04	3843.08	3843.10	3843.08	3843.16	3843.06	

*******************************************2024/09/11;08:09:57
Probe number 243
Concentration entered by User 1.90% at Temperature 27.22
1457.18	1481.74	1498.70	1524.90	1549.24	1577.32	1605.42	1635.88	1666.30	1696.64	1735.44	1766.64	1805.56	1833.18	1891.68	1947.24	
2012.34	2080.40	2136.42	2202.12	2278.98	2361.68	2464.30	2576.62	2688.34	2823.66	2975.82	3124.26	3344.84	3664.66	3830.08	3841.84	
3843.08	3843.08	3843.02	3843.02	3843.08	3843.02	3843.02	3843.06	3843.16	3843.02	3843.00	3843.00	3843.02	3843.02	3843.08	3843.02	
3843.02	3843.00	3843.14	3843.02	3843.02	3843.10	3843.10	3843.00	3843.10	3843.00	3843.06	3843.06	3843.14	3843.02	3843.02	3843.02	
3843.00	3843.02	3843.12	3843.02	3843.02	3843.04	3843.12	3843.00	3843.04	3843.04	3843.08	3843.04	3843.14	3843.00	3843.06	3843.00	
3843.06	3843.02	3843.06	3843.06	3843.08	3843.06	3843.10	3843.02	3843.02	3843.06	3843.08	3843.00	3843.04	3843.08	3843.04	3843.04	
3843.12	3843.02	3843.00	3843.04	3843.06	3843.00	3843.02	3843.08	3843.04	3843.04	3843.10	3843.02	3843.10	3843.02	3843.10	3843.04	
3843.12	3843.04	3843.06	3843.06	3843.12	3843.02	3843.04	3843.08	3843.10	3843.02	3843.10	3843.00	3843.04	3843.04	3843.14	3843.04	

*******************************************2024/09/11;08:13:17
Probe number 244
Concentration entered by User 1.91% at Temperature 27.43
1455.40	1480.52	1496.58	1523.54	1547.50	1574.56	1603.02	1633.32	1664.66	1695.12	1732.84	1765.12	1803.32	1830.16	1888.98	1944.32	
2010.04	2076.80	2132.62	2200.58	2275.96	2358.06	2464.58	2572.22	2685.60	2809.52	2972.12	3122.52	3342.58	3661.92	3829.80	3841.58	
3843.02	3843.00	3843.00	3843.00	3843.02	3843.00	3843.00	3842.98	3843.02	3843.00	3843.00	3842.98	3843.00	3843.00	3843.00	3843.00	
3843.00	3843.00	3843.02	3843.00	3843.02	3843.02	3843.02	3843.02	3843.00	3843.00	3843.02	3843.02	3843.04	3843.00	3843.02	3843.02	
3843.00	3843.00	3843.02	3843.00	3843.00	3843.00	3843.02	3843.00	3843.02	3842.98	3843.02	3843.00	3843.04	3843.00	3843.00	3843.00	
3843.10	3843.00	3843.02	3843.00	3843.02	3843.00	3843.02	3843.00	3843.00	3843.00	3843.02	3843.00	3843.00	3843.00	3843.00	3843.00	
3843.00	3843.00	3843.00	3843.00	3843.00	3842.98	3843.00	3843.02	3843.02	3842.98	3843.06	3843.00	3843.00	3843.00	3843.00	3843.00	
3843.00	3843.02	3843.02	3843.00	3843.02	3843.00	3843.00	3843.02	3843.00	3843.00	3843.00	3843.00	3843.02	3843.00	3843.00	3842.98	

*******************************************2024/09/11;08:16:37
Probe number 245
Concentration entered by User 1.93% at Temperature 27.48
1452.24	1477.12	1493.88	1520.22	1544.14	1571.92	1600.20	1630.80	1661.62	1691.12	1730.82	1760.64	1799.22	1827.70	1888.04	1943.18	
2008.18	2073.88	2128.66	2198.66	2272.68	2353.46	2459.62	2565.26	2678.98	2806.00	2965.62	3117.16	3332.00	3652.52	3829.04	3841.36	
3843.00	3842.96	3843.00	3843.00	3843.00	3842.98	3842.98	3843.00	3843.00	3842.96	3843.00	3842.96	3843.00	3842.96	3843.00	3842.98	
3843.00	3843.00	3843.00	3842.98	3843.00	3843.00	3843.00	3843.00	3843.00	3843.00	3843.00	3843.00	3843.00	3843.00	3842.98	3843.00	
3843.00	3843.00	3843.00	3842.98	3843.00	3843.00	3843.00	3842.96	3843.04	3843.00	3843.00	3843.00	3843.00	3842.96	3843.00	3842.98	
3843.00	3843.00	3843.00	3843.00	3843.00	3843.00	3843.00	3842.96	3843.00	3842.98	3843.00	3843.00	3843.00	3843.00	3843.00	3843.00	
3843.00	3842.98	3843.00	3843.00	3843.00	3843.00	3843.00	3842.96	3843.00	3843.00	3843.00	3843.00	3843.00	3843.00	3843.00	3843.00	
3843.00	3843.00	3843.00	3843.00	3843.00	3843.00	3843.00	3843.00	3843.00	3843.00	3843.00	3843.00	3843.00	3843.00	3843.00	3843.00	

*******************************************2024/09/11;08:19:57
Probe number 246
Concentration entered by User 1.94% at Temperature 27.66
1450.16	1475.20	1491.88	1518.42	1541.62	1569.50	1597.94	1628.24	1658.78	1688.78	1727.34	1758.04	1797.88	1824.66	1884.32	1937.90	
2002.94	2067.98	2125.62	2193.66	2265.30	2351.44	2457.40	2563.80	2675.36	2808.10	2954.96	3102.46	3323.56	3655.70	3828.40	3841.14	
3842.96	3842.94	3842.96	3842.92	3843.00	3842.90	3842.96	3842.98	3842.98	3842.90	3842.96	3842.96	3843.00	3842.98	3842.98	3842.84	
3842.96	3842.98	3842.98	3842.92	3842.98	3842.96	3843.00	3842.90	3843.00	3842.86	3842.94	3842.90	3843.00	3842.92	3842.96	3842.90	
3842.98	3842.84	3842.94	3842.82	3842.98	3842.96	3843.00	3842.90	3842.96	3842.90	3842.96	3842.88	3842.98	3842.94	3842.98	3842.92	
3843.00	3842.90	3843.00	3842.92	3842.98	3842.94	3843.00	3843.00	3842.96	3842.86	3842.98	3842.90	3842.96	3842.88	3842.96	3842.94	
3843.00	3842.94	3842.96	3842.94	3843.00	3842.94	3842.94	3842.90	3843.00	3842.88	3842.98	3842.92	3842.96	3842.90	3843.00	3842.96	
3842.98	3842.96	3842.98	3842.98	3843.00	3842.94	3842.94	3842.84	3842.98	3842.94	3842.96	3843.00	3843.00	3842.84	3843.00	3842.98	

*******************************************2024/09/11;08:23:17
Probe number 247
Concentration entered by User 1.94% at Temperature 27.81
1449.10	1473.90	1490.40	1517.04	1540.58	1568.34	1596.92	1627.84	1658.28	1687.76	1725.96	1756.96	1795.10	1823.94	1882.04	1936.34	
2001.06	2066.66	2124.10	2191.80	2267.66	2349.24	2451.16	2559.68	2676.66	2804.62	2954.96	3108.96	3327.14	3652.28	3827.06	3841.08	
3842.90	3842.94	3842.92	3842.78	3842.88	3842.88	3842.90	3842.86	3842.92	3842.92	3842.96	3842.94	3842.92	3842.80	3842.88	3842.88	
3842.88	3842.78	3842.92	3842.96	3842.96	3842.96	3842.92	3842.88	3842.86	3842.96	3842.88	3842.92	3842.96	3842.92	3842.84	3842.88	
3842.94	3842.92	3842.84	3842.92	3843.00	3842.92	3842.96	3842.86	3842.82	3842.88	3842.86	3842.84	3842.88	3842.90	3842.96	3842.94	
3842.88	3842.86	3842.84	3842.80	3842.86	3842.80	3842.90	3842.92	3842.82	3842.90	3842.88	3842.88	3842.86	3842.94	3842.90	3842.84	
3842.90	3842.86	3842.96	3842.94	3842.98	3842.94	3842.92	3842.88	3842.88	3842.88	3842.90	3842.88	3842.96	3842.92	3842.96	3842.90	
3842.92	3842.94	3842.98	3842.82	3842.90	3842.88	3842.96	3842.96	3842.90	3842.90	3842.90	3842.90	3842.86	3842.86	3842.90	3842.92	

*******************************************2024/09/11;08:26:37
Probe number 248
Concentration entered by User 1.97% at Temperature 27.97
1448.62	1473.66	1489.68	1516.50	1539.50	1567.44	1595.64	1626.02	1657.60	1686.82	1724.52	1755.74	1795.10	1821.78	1881.20	1936.20	
2000.34	2065.14	2121.66	2188.18	2261.86	2340.36	2447.84	2558.10	2670.32	2795.38	2943.02	3092.02	3317.04	3642.80	3827.38	3840.88	
3842.80	3842.84	3842.82	3842.86	3842.72	3842.78	3842.88	3842.82	3842.90	3842.80	3842.88	3842.86	3842.86	3842.74	3842.92	3842.82	
3842.84	3842.86	3842.82	3842.84	3842.94	3842.90	3842.94	3842.78	3842.86	3842.82	3842.84	3842.86	3842.82	3842.80	3842.84	3842.84	
3842.86	3842.86	3842.82	3842.82	3842.92	3842.90	3842.80	3842.86	3842.92	3842.96	3842.78	3842.80	3842.90	3842.78	3842.82	3842.88	
3842.86	3842.82	3842.84	3842.88	3842.88	3842.72	3842.90	3842.86	3842.86	3842.80	3842.84	3842.82	3842.90	3842.82	3842.86	3842.86	
3842.90	3842.86	3842.88	3842.80	3842.90	3842.86	3842.84	3842.76	3842.84	3842.82	3842.88	3842.82	3842.86	3842.86	3842.96	3842.84	
3842.90	3842.88	3842.88	3842.76	3842.84	3842.80	3842.86	3842.86	3842.82	3842.88	3842.90	3842.86	3842.84	3842.76	3842.88	3842.90	

*******************************************2024/09/11;08:29:57
Probe number 249
Concentration entered by User 1.99% at Temperature 28.15
1449.10	1473.56	1489.72	1516.80	1539.60	1567.60	1596.00	1626.36	1656.64	1686.20	1724.74	1756.16	1795.80	1822.08	1881.20	1934.46	
1999.54	2065.62	2121.76	2189.22	2261.96	2341.90	2444.30	2550.78	2664.40	2791.50	2937.42	3092.24	3306.50	3638.42	3827.64	3840.82	
3842.78	3842.80	3842.72	3842.50	3842.78	3842.72	3842.76	3842.72	3842.72	3842.80	3842.68	3842.76	3842.86	3842.72	3842.78	3842.84	
3842.76	3842.72	3842.76	3842.84	3842.78	3842.74	3842.74	3842.78	3842.64	3842.80	3842.68	3842.80	3842.70	3842.80	3842.68	3842.74	
3842.68	3842.82	3842.74	3842.72	3842.68	3842.84	3842.76	3842.74	3842.84	3842.78	3842.90	3842.66	3842.72	3842.74	3842.78	3842.80	
3842.82	3842.76	3842.68	3842.88	3842.84	3842.70	3842.74	3842.72	3842.84	3842.76	3842.70	3842.74	3842.76	3842.82	3842.86	3842.68	
3842.78	3842.74	3842.78	3842.86	3842.78	3842.68	3842.72	3842.70	3842.84	3842.72	3842.72	3842.74	3842.78	3842.76	3842.82	3842.66	
3842.74	3842.84	3842.66	3842.78	3842.72	3842.68	3842.72	3842.82	3842.76	3842.56	3842.78	3842.78	3842.84	3842.60	3842.70	3842.74	

*******************************************2024/09/11;08:33:17
Probe number 250
Concentration entered by User 2.00% at Temperature 28.29
1448.86	1473.00	1488.94	1516.38	1539.82	1566.70	1595.76	1625.10	1654.78	1684.58	1723.24	1754.06	1794.46	1820.92	1880.52	1934.86	
2000.34	2065.56	2121.04	2188.56	2259.32	2342.12	2447.16	2556.38	2664.04	2789.72	2934.04	3080.88	3308.04	3635.20	3825.82	3840.52	
3842.62	3842.60	3842.66	3842.44	3842.52	3842.62	3842.74	3842.68	3842.60	3842.58	3842.64	3842.60	3842.72	3842.66	3842.72	3842.58	
3842.74	3842.62	3842.76	3842.74	3842.72	3842.68	3842.74	3842.56	3842.72	3842.70	3842.58	3842.68	3842.74	3842.78	3842.48	3842.72	
3842.62	3842.66	3842.68	3842.72	3842.68	3842.68	3842.72	3842.66	3842.80	3842.62	3842.66	3842.56	3842.66	3842.66	3842.74	3842.70	
3842.62	3842.74	3842.68	3842.68	3842.74	3842.58	3842.62	3842.52	3842.78	3842.62	3842.74	3842.64	3842.70	3842.74	3842.82	3842.68	
3842.80	3842.76	3842.68	3842.64	3842.70	3842.78	3842.64	3842.64	3842.66	3842.68	3842.80	3842.56	3842.72	3842.76	3842.84	3842.76	
3842.68	3842.66	3842.62	3842.60	3842.54	3842.76	3842.76	3842.70	3842.72	3842.68	3842.68	3842.78	3842.72	3842.56	3842.74	3842.62	

*******************************************2024/09/11;08:36:37
Probe number 251
Concentration entered by User 2.00% at Temperature 28.36
1449.04	1473.84	1489.92	1516.56	1540.12	1567.56	1596.52	1625.82	1656.68	1685.62	1723.44	1754.32	1794.24	1821.26	1880.46	1936.12	
1999.40	2065.72	2118.14	2184.64	2261.26	2342.34	2447.42	2552.68	2664.78	2782.38	2934.30	3091.58	3305.62	3633.66	3823.82	3840.54	
3842.48	3842.56	3842.50	3842.34	3842.26	3842.58	3842.48	3842.50	3842.50	3842.54	3842.54	3842.58	3842.58	3842.34	3842.50	3842.54	
3842.52	3842.62	3842.52	3842.66	3842.62	3842.56	3842.68	3842.52	3842.62	3842.68	3842.54	3842.50	3842.64	3842.70	3842.52	3842.54	
3842.62	3842.56	3842.52	3842.50	3842.64	3842.62	3842.46	3842.58	3842.50	3842.66	3842.60	3842.56	3842.62	3842.66	3842.60	3842.66	
3842.64	3842.64	3842.56	3842.72	3842.66	3842.44	3842.48	3842.56	3842.56	3842.60	3842.48	3842.58	3842.60	3842.52	3842.56	3842.56	
3842.54	3842.66	3842.66	3842.72	3842.52	3842.64	3842.64	3842.52	3842.56	3842.44	3842.54	3842.64	3842.68	3842.62	3842.66	3842.62	
3842.48	3842.72	3842.66	3842.48	3842.56	3842.56	3842.64	3842.58	3842.72	3842.56	3842.66	3842.62	3842.66	3842.46	3842.60	3842.58	

*******************************************2024/09/11;08:39:57
Probe number 252
Concentration entered by User 2.01% at Temperature 28.31
1449.78	1473.82	1490.28	1516.56	1540.68	1567.94	1596.58	1626.62	1656.34	1686.58	1724.58	1755.82	1795.14	1822.44	1881.74	1937.12	
2000.14	2065.32	2120.18	2186.04	2260.32	2340.36	2445.66	2547.86	2660.38	2792.08	2936.56	3076.78	3298.52	3634.20	3825.24	3840.44	
3842.44	3842.34	3842.40	3842.26	3842.28	3842.36	3842.50	3842.26	3842.38	3842.36	3842.38	3842.38	3842.40	3842.34	3842.48	3842.40	
3842.32	3842.42	3842.52	3842.42	3842.50	3842.34	3842.42	3842.28	3842.40	3842.40	3842.20	3842.34	3842.56	3842.40	3842.34	3842.38	
3842.38	3842.34	3842.30	3842.44	3842.38	3842.28	3842.50	3842.40	3842.60	3842.44	3842.46	3842.38	3842.38	3842.50	3842.44	3842.40	
3842.38	3842.40	3842.36	3842.42	3842.36	3842.26	3842.46	3842.32	3842.54	3842.44	3842.36	3842.40	3842.36	3842.28	3842.38	3842.44	
3842.54	3842.38	3842.32	3842.50	3842.42	3842.40	3842.46	3842.38	3842.40	3842.36	3842.52	3842.36	3842.48	3842.30	3842.58	3842.48	
3842.46	3842.46	3842.40	3842.36	3842.44	3842.50	3842.40	3842.48	3842.34	3842.30	3842.44	3842.40	3842.38	3842.30	3842.50	3842.38	

*******************************************2024/09/11;08:43:17
Probe number 253
Concentration entered by User 2.01% at Temperature 28.46
1449.40	1474.12	1490.00	1516.64	1539.90	1567.78	1596.16	1625.94	1656.34	1686.90	1726.16	1755.80	1795.42	1821.14	1880.42	1934.06	
1998.62	2064.86	2116.24	2183.98	2257.38	2342.98	2445.10	2552.48	2659.70	2782.24	2923.32	3070.82	3299.72	3633.70	3825.10	3840.22	
3842.32	3842.24	3842.38	3842.14	3842.14	3842.24	3842.26	3842.36	3842.26	3842.20	3842.46	3842.46	3842.32	3842.14	3842.28	3842.34	
3842.44	3842.36	3842.48	3842.36	3842.54	3842.44	3842.40	3842.28	3842.46	3842.48	3842.20	3842.26	3842.46	3842.44	3842.22	3842.50	
3842.40	3842.18	3842.44	3842.34	3842.34	3842.26	3842.44	3842.42	3842.46	3842.32	3842.38	3842.34	3842.30	3842.28	3842.36	3842.40	
3842.26	3842.40	3842.36	3842.46	3842.44	3842.24	3842.30	3842.30	3842.46	3842.30	3842.24	3842.40	3842.36	3842.28	3842.36	3842.34	
3842.30	3842.28	3842.44	3842.32	3842.36	3842.42	3842.42	3842.34	3842.28	3842.28	3842.54	3842.34	3842.38	3842.36	3842.44	3842.36	
3842.36	3842.32	3842.22	3842.14	3842.34	3842.46	3842.34	3842.34	3842.34	3842.36	3842.42	3842.42	3842.42	3842.14	3842.30	3842.46	

*******************************************2024/09/11;08:46:37
Probe number 254
Concentration entered by User 2.00% at Temperature 28.33
1449.64	1473.68	1489.62	1516.88	1540.80	1568.82	1596.42	1626.78	1657.00	1687.44	1726.06	1755.76	1795.46	1821.26	1879.10	1934.78	
2000.82	2067.72	2120.68	2186.24	2261.78	2341.48	2446.04	2545.46	2654.90	2783.94	2932.18	3076.12	3309.00	3634.04	3824.02	3840.40	
3842.36	3842.40	3842.44	3842.18	3842.20	3842.28	3842.36	3842.36	3842.36	3842.38	3842.30	3842.44	3842.32	3842.26	3842.38	3842.28	
3842.22	3842.22	3842.44	3842.40	3842.50	3842.50	3842.44	3842.28	3842.36	3842.32	3842.16	3842.38	3842.40	3842.38	3842.22	3842.50	
3842.24	3842.20	3842.38	3842.22	3842.36	3842.30	3842.44	3842.28	3842.50	3842.46	3842.26	3842.16	3842.30	3842.44	3842.44	3842.36	
3842.34	3842.40	3842.46	3842.32	3842.40	3842.28	3842.42	3842.32	3842.40	3842.22	3842.38	3842.34	3842.28	3842.30	3842.38	3842.28	
3842.36	3842.30	3842.28	3842.26	3842.36	3842.42	3842.28	3842.30	3842.16	3842.20	3842.38	3842.32	3842.40	3842.32	3842.42	3842.36	
3842.30	3842.30	3842.34	3842.34	3842.44	3842.28	3842.42	3842.28	3842.38	3842.30	3842.42	3842.36	3842.40	3842.30	3842.46	3842.30	

*******************************************2024/09/11;08:49:57
Probe number 255
Concentration entered by User 2.01% at Temperature 28.38
1449.64	1473.96	1490.16	1517.28	1540.92	1569.14	1597.70	1627.44	1657.44	1687.94	1727.00	1757.66	1796.94	1823.26	1880.88	1935.44	
1999.74	2065.40	2119.44	2186.64	2260.64	2344.20	2452.20	2554.78	2661.28	2783.82	2930.78	3086.48	3310.34	3627.00	3825.22	3840.28	
3842.14	3842.26	3842.20	3842.18	3842.18	3842.26	3842.22	3842.24	3842.20	3842.22	3842.22	3842.36	3842.26	3842.10	3842.28	3842.16	
3842.30	3842.26	3842.32	3842.30	3842.36	3842.30	3842.42	3842.22	3842.24	3842.32	3842.18	3842.24	3842.24	3842.32	3842.30	3842.18	
3842.16	3842.26	3842.40	3842.18	3842.28	3842.28	3842.36	3842.24	3842.26	3842.28	3842.22	3842.24	3842.38	3842.26	3842.28	3842.28	
3842.26	3842.20	3842.30	3842.32	3842.32	3842.20	3842.42	3842.12	3842.36	3842.30	3842.38	3842.26	3842.36	3842.24	3842.30	3842.32	
3842.32	3842.28	3842.30	3842.26	3842.24	3842.42	3842.22	3842.26	3842.26	3842.24	3842.42	3842.32	3842.32	3842.34	3842.32	3842.34	
3842.32	3842.18	3842.32	3842.26	3842.30	3842.26	3842.30	3842.44	3842.40	3842.44	3842.22	3842.36	3842.22	3842.14	3842.24	3842.18	

*******************************************2024/09/11;08:53:17
Probe number 256
Concentration entered by User 1.96% at Temperature 28.35
1447.76	1472.36	1488.22	1514.88	1538.12	1566.42	1595.92	1625.94	1655.80	1685.40	1725.32	1756.26	1796.60	1821.48	1880.52	1933.92	
2000.28	2067.66	2123.88	2191.02	2265.46	2346.86	2455.80	2561.62	2673.02	2792.14	2947.50	3104.18	3319.42	3649.26	3828.24	3840.34	
3842.26	3842.22	3842.32	3842.12	3842.28	3842.30	3842.24	3842.22	3842.22	3842.32	3842.34	3842.30	3842.22	3842.14	3842.36	3842.38	
3842.32	3842.20	3842.28	3842.28	3842.46	3842.20	3842.28	3842.28	3842.42	3842.34	3842.24	3842.32	3842.24	3842.36	3842.28	3842.34	
3842.34	3842.10	3842.28	3842.28	3842.22	3842.18	3842.42	3842.22	3842.42	3842.30	3842.20	3842.22	3842.26	3842.30	3842.28	3842.28	
3842.28	3842.28	3842.36	3842.42	3842.30	3842.20	3842.22	3842.12	3842.26	3842.26	3842.34	3842.24	3842.38	3842.16	3842.28	3842.22	
3842.32	3842.32	3842.30	3842.22	3842.30	3842.32	3842.30	3842.30	3842.38	3842.26	3842.44	3842.12	3842.36	3842.28	3842.40	3842.22	
3842.32	3842.24	3842.20	3842.28	3842.22	3842.30	3842.24	3842.38	3842.32	3842.20	3842.18	3842.42	3842.38	3842.12	3842.40	3842.12	

*******************************************2024/09/11;08:56:37
Probe number 257
Concentration entered by User 1.93% at Temperature 28.32
1447.16	1472.18	1487.44	1514.66	1538.34	1566.36	1594.48	1624.78	1654.24	1684.18	1722.40	1752.74	1792.74	1820.62	1879.26	1936.96	
2001.38	2069.58	2121.10	2186.90	2262.40	2346.70	2451.04	2558.74	2675.02	2797.40	2956.12	3105.00	3331.62	3654.14	3829.78	3840.64	
3842.18	3842.20	3842.14	3842.14	3842.12	3842.22	3842.06	3842.12	3842.20	3842.14	3842.20	3842.18	3842.28	3842.10	3842.20	3842.14	
3842.16	3842.12	3842.32	3842.16	3842.34	3842.20	3842.26	3842.14	3842.20	3842.12	3842.20	3842.18	3842.30	3842.22	3842.16	3842.20	
3842.16	3842.08	3842.26	3842.14	3842.20	3842.08	3842.26	3842.10	3842.26	3842.26	3842.22	3842.02	3842.24	3842.14	3842.28	3842.16	
3842.22	3842.22	3842.26	3842.14	3842.14	3842.08	3842.32	3842.16	3842.16	3842.10	3842.26	3842.16	3842.26	3842.18	3842.22	3842.08	
3842.24	3842.04	3842.10	3842.22	3842.18	3842.20	3842.24	3842.16	3842.26	3842.10	3842.26	3842.14	3842.20	3842.16	3842.26	3842.12	
3842.22	3842.10	3842.10	3842.10	3842.16	3842.10	3842.14	3842.16	3842.36	3842.26	3842.22	3842.22	3842.36	3842.06	3842.20	3842.22	

*******************************************2024/09/11;08:59:57
Probe number 258
Concentration entered by User 1.93% at Temperature 28.32
1447.18	1471.32	1486.60	1513.58	1536.66	1564.10	1592.44	1622.70	1652.86	1683.64	1722.54	1752.80	1791.90	1818.86	1879.50	1935.04	
2000.94	2069.14	2119.86	2186.88	2263.78	2340.44	2450.64	2562.20	2672.72	2803.88	2945.42	3103.34	3336.56	3654.90	3828.78	3840.66	
3842.18	3842.28	3842.18	3842.12	3842.06	3842.18	3842.16	3842.20	3842.18	3842.24	3842.24	3842.28	3842.14	3842.14	3842.26	3842.16	
3842.26	3842.14	3842.42	3842.30	3842.28	3842.24	3842.36	3842.12	3842.24	3842.36	3842.18	3842.26	3842.20	3842.24	3842.18	3842.20	
3842.28	3842.14	3842.36	3842.22	3842.26	3842.18	3842.32	3842.20	3842.36	3842.38	3842.20	3842.18	3842.18	3842.20	3842.24	3842.26	
3842.34	3842.20	3842.18	3842.26	3842.24	3842.30	3842.34	3842.20	3842.24	3842.22	3842.30	3842.20	3842.50	3842.18	3842.24	3842.22	
3842.16	3842.20	3842.12	3842.28	3842.24	3842.32	3842.18	3842.26	3842.10	3842.18	3842.34	3842.22	3842.14	3842.20	3842.46	3842.24	
3842.26	3842.22	3842.18	3842.18	3842.16	3842.34	3842.12	3842.26	3842.26	3842.32	3842.32	3842.26	3842.36	3842.14	3842.32	3842.14	

*******************************************2024/09/11;09:03:17
Probe number 259
Concentration entered by User 1.95% at Temperature 28.28
1444.86	1469.18	1485.54	1512.64	1536.40	1564.48	1593.26	1622.22	1652.46	1682.58	1720.44	1751.30	1790.36	1817.48	1878.32	1934.00	
1997.84	2063.20	2119.60	2184.64	2262.40	2342.84	2451.24	2556.56	2671.08	2796.02	2945.48	3102.72	3331.88	3648.94	3828.16	3840.74	
3842.28	3842.32	3842.18	3842.14	3842.16	3842.24	3842.20	3842.34	3842.26	3842.22	3842.24	3842.28	3842.42	3842.10	3842.22	3842.28	
3842.32	3842.28	3842.32	3842.26	3842.42	3842.28	3842.28	3842.26	3842.40	3842.32	3842.38	3842.26	3842.38	3842.34	3842.30	3842.34	
3842.26	3842.26	3842.30	3842.44	3842.28	3842.34	3842.42	3842.32	3842.20	3842.36	3842.16	3842.20	3842.28	3842.24	3842.38	3842.40	
3842.36	3842.18	3842.38	3842.38	3842.34	3842.12	3842.24	3842.20	3842.24	3842.28	3842.12	3842.36	3842.34	3842.38	3842.20	3842.18	
3842.38	3842.22	3842.34	3842.32	3842.30	3842.24	3842.26	3842.26	3842.42	3842.30	3842.38	3842.32	3842.28	3842.26	3842.40	3842.32	
3842.34	3842.30	3842.22	3842.16	3842.38	3842.22	3842.22	3842.36	3842.24	3842.28	3842.32	3842.38	3842.32	3842.30	3842.26	3842.28	

*******************************************2024/09/11;09:06:37
Probe number 260
Concentration entered by User 1.93% at Temperature 28.32
1444.86	1469.20	1485.32	1511.62	1535.02	1562.56	1591.28	1621.82	1651.48	1680.04	1718.40	1748.52	1787.58	1815.20	1875.60	1929.20	
1995.76	2063.32	2118.76	2184.72	2260.04	2338.92	2448.78	2557.00	2672.68	2798.70	2943.44	3097.26	3332.90	3657.04	3828.26	3840.62	
3842.20	3842.22	3842.16	3842.10	3842.20	3842.24	3842.26	3842.14	3842.24	3842.16	3842.32	3842.30	3842.20	3842.12	3842.26	3842.20	
3842.22	3842.14	3842.32	3842.30	3842.26	3842.24	3842.28	3842.16	3842.36	3842.22	3842.26	3842.18	3842.24	3842.36	3842.22	3842.18	
3842.32	3842.18	3842.38	3842.14	3842.20	3842.22	3842.38	3842.20	3842.22	3842.38	3842.30	3842.18	3842.22	3842.20	3842.12	3842.22	
3842.30	3842.34	3842.26	3842.38	3842.22	3842.08	3842.20	3842.16	3842.26	3842.24	3842.26	3842.26	3842.32	3842.24	3842.36	3842.22	
3842.34	3842.14	3842.18	3842.16	3842.32	3842.28	3842.36	3842.20	3842.24	3842.14	3842.40	3842.24	3842.16	3842.20	3842.34	3842.30	
3842.24	3842.24	3842.24	3842.06	3842.30	3842.18	3842.20	3842.30	3842.30	3842.14	3842.30	3842.26	3842.26	3842.18	3842.12	3842.20	

*******************************************2024/09/11;09:09:57
Probe number 261
Concentration entered by User 1.95% at Temperature 28.31
1442.44	1466.58	1482.08	1509.36	1532.60	1561.38	1589.22	1619.76	1649.62	1678.08	1716.80	1746.52	1785.90	1812.64	1872.30	1927.60	
1993.60	2058.90	2113.64	2179.62	2255.22	2338.74	2447.72	2556.12	2666.50	2789.96	2947.68	3102.28	3321.08	3655.88	3827.28	3840.70	
3842.22	3842.22	3842.32	3842.26	3842.54	3842.16	3842.28	3842.12	3842.46	3842.10	3842.34	3842.14	3842.32	3842.10	3842.48	3842.14	
3842.44	3842.22	3842.58	3842.18	3842.30	3842.28	3842.48	3842.18	3842.58	3842.22	3842.36	3842.22	3842.62	3842.30	3842.42	3842.20	
3842.46	3842.14	3842.68	3842.16	3842.26	3842.34	3842.60	3842.28	3842.42	3842.26	3842.50	3842.36	3842.68	3842.18	3842.42	3842.26	
3842.56	3842.22	3842.50	3842.14	3842.52	3842.26	3842.56	3842.24	3842.40	3842.26	3842.54	3842.28	3842.34	3842.12	3842.40	3842.24	
3842.74	3842.20	3842.34	3842.28	3842.64	3842.30	3842.48	3842.22	3842.40	3842.16	3842.62	3842.18	3842.36	3842.20	3842.52	3842.32	
3842.40	3842.16	3842.38	3842.26	3842.58	3842.26	3842.34	3842.16	3842.72	3842.24	3842.38	3842.46	3842.48	3842.22	3842.66	3842.18	

*******************************************2024/09/11;09:13:17
Probe number 262
Concentration entered by User 1.94% at Temperature 28.31
1443.04	1467.12	1483.36	1510.04	1533.38	1561.34	1589.34	1620.02	1649.44	1679.24	1717.48	1746.46	1785.94	1813.60	1873.90	1929.58	
1993.82	2059.32	2116.68	2182.12	2258.26	2339.78	2443.44	2555.08	2670.00	2790.56	2942.22	3103.84	3326.70	3653.20	3827.46	3840.66	
3842.30	3842.14	3842.38	3842.08	3842.46	3842.14	3842.30	3842.10	3842.52	3842.30	3842.30	3842.18	3842.42	3842.24	3842.62	3842.16	
3842.32	3842.20	3842.58	3842.28	3842.28	3842.28	3842.52	3842.16	3842.60	3842.36	3842.34	3842.20	3842.58	3842.24	3842.34	3842.20	
3842.46	3842.20	3842.58	3842.34	3842.32	3842.28	3842.62	3842.32	3842.56	3842.36	3842.42	3842.28	3842.74	3842.18	3842.30	3842.24	
3842.60	3842.18	3842.38	3842.22	3842.36	3842.26	3842.66	3842.18	3842.40	3842.26	3842.52	3842.26	3842.30	3842.14	3842.32	3842.20	
3842.56	3842.12	3842.42	3842.24	3842.50	3842.26	3842.46	3842.16	3842.38	3842.22	3842.56	3842.24	3842.42	3842.28	3842.54	3842.20	
3842.46	3842.22	3842.32	3842.20	3842.62	3842.18	3842.44	3842.32	3842.54	3842.28	3842.32	3842.26	3842.50	3842.28	3842.54	3842.20	

*******************************************2024/09/11;09:16:37
Probe number 263
Concentration entered by User 1.93% at Temperature 28.31
1445.98	1470.58	1486.70	1512.12	1535.96	1564.32	1592.22	1623.16	1652.46	1681.86	1720.04	1751.78	1792.22	1818.90	1877.36	1932.04	
1996.68	2062.22	2117.86	2184.18	2260.84	2343.00	2445.92	2553.40	2668.30	2799.06	2948.58	3101.60	3331.34	3658.38	3828.58	3840.64	
3842.22	3842.14	3842.24	3842.08	3842.50	3842.12	3842.42	3842.12	3842.52	3842.22	3842.40	3842.14	3842.34	3842.26	3842.56	3842.16	
3842.32	3842.22	3842.54	3842.24	3842.44	3842.20	3842.48	3842.16	3842.58	3842.24	3842.32	3842.26	3842.42	3842.18	3842.32	3842.12	
3842.28	3842.14	3842.54	3842.24	3842.34	3842.18	3842.52	3842.28	3842.24	3842.20	3842.30	3842.20	3842.52	3842.16	3842.36	3842.26	
3842.46	3842.22	3842.40	3842.26	3842.36	3842.28	3842.56	3842.22	3842.30	3842.20	3842.62	3842.24	3842.22	3842.26	3842.36	3842.14	
3842.52	3842.04	3842.38	3842.20	3842.36	3842.14	3842.38	3842.04	3842.38	3842.22	3842.56	3842.22	3842.28	3842.20	3842.58	3842.18	
3842.30	3842.14	3842.30	3842.20	3842.58	3842.18	3842.36	3842.18	3842.58	3842.14	3842.54	3842.18	3842.32	3842.24	3842.56	3842.06	

*******************************************2024/09/11;09:19:57
Probe number 264
Concentration entered by User 1.94% at Temperature 28.46
1449.46	1473.46	1489.68	1516.54	1540.44	1567.88	1596.10	1626.60	1657.28	1686.84	1725.10	1754.70	1793.46	1820.68	1878.78	1934.60	
2000.84	2066.70	2122.84	2189.98	2266.26	2343.58	2452.76	2559.54	2671.10	2792.96	2952.02	3110.96	3330.92	3649.60	3828.20	3840.48	
3842.32	3842.16	3842.28	3842.12	3842.46	3842.06	3842.34	3842.18	3842.50	3842.14	3842.28	3842.14	3842.40	3842.18	3842.54	3842.06	
3842.26	3842.26	3842.54	3842.24	3842.56	3842.24	3842.44	3842.18	3842.52	3842.20	3842.42	3842.18	3842.68	3842.20	3842.38	3842.28	
3842.50	3842.34	3842.48	3842.20	3842.30	3842.18	3842.58	3842.20	3842.22	3842.28	3842.30	3842.30	3842.62	3842.26	3842.32	3842.34	
3842.62	3842.26	3842.36	3842.14	3842.36	3842.34	3842.58	3842.16	3842.34	3842.18	3842.54	3842.16	3842.22	3842.16	3842.34	3842.16	
3842.66	3842.24	3842.38	3842.18	3842.46	3842.22	3842.44	3842.20	3842.40	3842.28	3842.60	3842.14	3842.42	3842.22	3842.50	3842.32	
3842.48	3842.26	3842.38	3842.18	3842.52	3842.22	3842.34	3842.14	3842.60	3842.20	3842.34	3842.24	3842.38	3842.20	3842.48	3842.20	

*******************************************2024/09/11;09:23:17
Probe number 265
Concentration entered by User 1.96% at Temperature 28.52
1449.94	1474.86	1490.86	1517.70	1540.88	1569.16	1597.10	1627.14	1657.50	1687.38	1725.90	1756.70	1795.74	1822.36	1880.84	1937.16	
2001.18	2066.34	2121.06	2188.04	2265.92	2345.22	2447.06	2553.58	2673.12	2787.58	2940.38	3103.08	3322.48	3641.72	3827.96	3840.48	
3842.40	3842.14	3842.42	3842.12	3842.54	3842.12	3842.38	3842.14	3842.50	3842.16	3842.36	3842.18	3842.34	3842.12	3842.44	3842.20	
3842.24	3842.20	3842.48	3842.38	3842.36	3842.18	3842.52	3842.24	3842.40	3842.26	3842.34	3842.10	3842.66	3842.22	3842.48	3842.16	
3842.56	3842.16	3842.44	3842.20	3842.30	3842.12	3842.58	3842.32	3842.38	3842.24	3842.44	3842.28	3842.46	3842.18	3842.36	3842.36	
3842.46	3842.30	3842.34	3842.18	3842.32	3842.12	3842.52	3842.20	3842.28	3842.18	3842.60	3842.16	3842.32	3842.08	3842.38	3842.12	
3842.52	3842.16	3842.18	3842.26	3842.68	3842.14	3842.36	3842.12	3842.42	3842.16	3842.58	3842.24	3842.50	3842.30	3842.48	3842.18	
3842.36	3842.18	3842.44	3842.24	3842.50	3842.18	3842.40	3842.24	3842.68	3842.24	3842.30	3842.24	3842.42	3842.24	3842.64	3842.16	

*******************************************2024/09/11;09:26:37
Probe number 266
Concentration entered by User 1.95% at Temperature 28.55
1450.50	1475.30	1491.46	1518.48	1542.06	1570.20	1599.28	1628.52	1658.38	1688.52	1726.14	1756.86	1796.34	1823.54	1881.44	1937.30	
2001.92	2069.46	2122.80	2189.48	2265.82	2347.28	2452.34	2557.90	2666.44	2790.40	2948.20	3111.32	3329.96	3645.34	3828.12	3840.38	
3842.24	3842.20	3842.22	3842.18	3842.24	3842.22	3842.30	3842.20	3842.22	3842.24	3842.26	3842.26	3842.26	3842.16	3842.38	3842.22	
3842.26	3842.20	3842.52	3842.30	3842.32	3842.14	3842.20	3842.26	3842.34	3842.36	3842.24	3842.24	3842.26	3842.22	3842.24	3842.20	
3842.30	3842.14	3842.36	3842.20	3842.32	3842.16	3842.38	3842.20	3842.40	3842.20	3842.18	3842.18	3842.20	3842.38	3842.38	3842.32	
3842.26	3842.34	3842.22	3842.22	3842.36	3842.30	3842.24	3842.20	3842.34	3842.26	3842.26	3842.22	3842.40	3842.24	3842.26	3842.20	
3842.28	3842.30	3842.22	3842.30	3842.26	3842.32	3842.20	3842.26	3842.34	3842.30	3842.50	3842.22	3842.36	3842.18	3842.42	3842.30	
3842.20	3842.26	3842.26	3842.14	3842.36	3842.34	3842.40	3842.32	3842.44	3842.24	3842.34	3842.22	3842.28	3842.20	3842.30	3842.24	

*******************************************2024/09/11;09:29:57
Probe number 267
Concentration entered by User 1.96% at Temperature 28.56
1450.76	1475.90	1492.50	1518.74	1541.68	1569.74	1598.18	1628.60	1659.40	1689.86	1725.64	1755.94	1795.52	1822.94	1882.58	1938.00	
2003.34	2070.18	2125.30	2189.06	2263.18	2344.48	2451.64	2558.52	2673.52	2792.70	2938.72	3092.38	3315.68	3651.04	3827.68	3840.32	
3842.16	3842.18	3842.20	3842.16	3842.18	3842.20	3842.18	3842.14	3842.18	3842.16	3842.20	3842.20	3842.16	3842.08	3842.30	3842.16	
3842.18	3842.10	3842.40	3842.24	3842.44	3842.20	3842.22	3842.18	3842.22	3842.16	3842.22	3842.16	3842.26	3842.16	3842.22	3842.14	
3842.20	3842.14	3842.28	3842.18	3842.24	3842.18	3842.26	3842.14	3842.34	3842.30	3842.20	3842.12	3842.18	3842.18	3842.16	3842.08	
3842.22	3842.32	3842.26	3842.18	3842.24	3842.10	3842.24	3842.22	3842.22	3842.12	3842.20	3842.22	3842.32	3842.16	3842.20	3842.18	
3842.18	3842.08	3842.18	3842.18	3842.14	3842.22	3842.30	3842.18	3842.22	3842.12	3842.22	3842.18	3842.18	3842.18	3842.32	3842.16	
3842.18	3842.16	3842.18	3842.16	3842.16	3842.20	3842.20	3842.14	3842.30	3842.24	3842.34	3842.12	3842.30	3842.12	3842.20	3842.08	

*******************************************2024/09/11;09:33:17
Probe number 268
Concentration entered by User 1.98% at Temperature 28.61
1451.58	1475.48	1492.06	1518.64	1542.38	1571.48	1600.18	1629.84	1659.28	1689.74	1726.60	1755.96	1795.24	1822.36	1881.96	1938.68	
2004.42	2071.80	2123.84	2191.40	2267.14	2347.20	2448.98	2555.34	2664.88	2785.56	2944.84	3100.04	3315.08	3639.18	3826.96	3840.20	
3842.08	3842.16	3842.16	3842.10	3842.16	3842.12	3842.16	3842.14	3842.20	3842.16	3842.28	3842.20	3842.10	3842.12	3842.34	3842.22	
3842.18	3842.16	3842.22	3842.30	3842.26	3842.16	3842.24	3842.20	3842.26	3842.22	3842.14	3842.20	3842.32	3842.22	3842.22	3842.14	
3842.20	3842.20	3842.30	3842.16	3842.18	3842.28	3842.28	3842.26	3842.24	3842.26	3842.22	3842.08	3842.26	3842.20	3842.12	3842.22	
3842.32	3842.18	3842.32	3842.24	3842.22	3842.20	3842.24	3842.12	3842.22	3842.10	3842.14	3842.20	3842.22	3842.12	3842.12	3842.12	
3842.26	3842.12	3842.26	3842.18	3842.30	3842.24	3842.26	3842.20	3842.22	3842.10	3842.24	3842.14	3842.12	3842.14	3842.26	3842.16	
3842.28	3842.18	3842.20	3842.14	3842.26	3842.16	3842.16	3842.24	3842.24	3842.22	3842.14	3842.18	3842.08	3842.06	3842.26	3842.20	

*******************************************2024/09/11;09:36:37
Probe number 269
Concentration entered by User 1.98% at Temperature 28.60
1452.88	1477.98	1494.28	1520.54	1544.14	1572.00	1600.72	1631.16	1661.56	1692.24	1729.94	1759.32	1796.96	1825.38	1884.32	1939.46	
2006.20	2072.76	2125.34	2191.86	2270.08	2348.50	2452.52	2557.42	2667.16	2790.14	2939.82	3096.18	3324.76	3634.88	3826.82	3840.20	
3842.18	3842.18	3842.10	3842.10	3842.12	3842.10	3842.22	3842.14	3842.06	3842.12	3842.16	3842.20	3842.16	3842.08	3842.16	3842.20	
3842.06	3842.12	3842.20	3842.16	3842.20	3842.16	3842.24	3842.22	3842.20	3842.14	3842.10	3842.16	3842.18	3842.20	3842.20	3842.14	
3842.16	3842.12	3842.22	3842.10	3842.12	3842.16	3842.22	3842.22	3842.18	3842.26	3842.14	3842.20	3842.14	3842.16	3842.20	3842.14	
3842.12	3842.16	3842.20	3842.14	3842.18	3842.04	3842.14	3842.08	3842.14	3842.16	3842.14	3842.10	3842.16	3842.10	3842.12	3842.06	
3842.22	3842.06	3842.10	3842.16	3842.18	3842.26	3842.14	3842.16	3842.16	3842.12	3842.20	3842.16	3842.06	3842.18	3842.26	3842.12	
3842.16	3842.20	3842.18	3842.12	3842.06	3842.20	3842.16	3842.10	3842.18	3842.24	3842.14	3842.18	3842.14	3842.12	3842.16	3842.14	

*******************************************2024/09/11;09:39:57
Probe number 270
Concentration entered by User 1.99% at Temperature 28.61
1453.10	1478.08	1493.04	1519.44	1542.90	1571.36	1599.58	1631.08	1661.76	1691.66	1728.32	1757.60	1797.54	1824.06	1884.56	1938.46	
2004.12	2070.12	2120.98	2187.34	2264.06	2347.68	2449.16	2553.50	2667.76	2786.24	2945.78	3098.36	3321.52	3626.84	3824.54	3840.18	
3842.08	3842.20	3842.06	3842.12	3842.06	3842.10	3842.10	3842.04	3842.04	3842.10	3842.06	3842.24	3842.08	3842.04	3842.12	3842.12	
3842.16	3842.18	3842.26	3842.10	3842.20	3842.08	3842.12	3842.06	3842.14	3842.12	3842.24	3842.10	3842.20	3842.18	3842.24	3842.08	
3842.10	3842.06	3842.18	3842.08	3842.06	3842.06	3842.16	3842.20	3842.16	3842.22	3842.14	3842.08	3842.14	3842.16	3842.06	3842.16	
3842.16	3842.20	3842.12	3842.16	3842.10	3842.08	3842.08	3842.10	3842.08	3842.06	3842.12	3842.14	3842.16	3842.06	3842.04	3842.06	
3842.14	3842.10	3842.12	3842.10	3842.12	3842.16	3842.16	3842.14	3842.12	3842.10	3842.10	3842.16	3842.12	3842.10	3842.18	3842.18	
3842.14	3842.12	3842.10	3842.08	3842.16	3842.10	3842.14	3842.12	3842.14	3842.08	3842.20	3842.20	3842.08	3842.18	3842.06	3842.10	

*******************************************2024/09/11;09:43:17
Probe number 271
Concentration entered by User 2.02% at Temperature 28.63
1452.18	1477.82	1493.28	1519.92	1543.84	1571.76	1600.68	1631.66	1661.74	1691.90	1729.80	1760.02	1799.68	1827.10	1884.78	1939.04	
2006.08	2072.30	2126.52	2197.26	2270.42	2345.58	2443.82	2548.88	2661.70	2785.30	2933.90	3086.92	3302.12	3625.20	3824.38	3840.08	
3842.14	3842.16	3842.10	3842.06	3842.08	3842.14	3842.16	3842.10	3842.10	3842.10	3842.16	3842.16	3842.12	3842.02	3842.16	3842.20	
3842.16	3842.06	3842.24	3842.32	3842.22	3842.14	3842.22	3842.14	3842.24	3842.18	3842.12	3842.10	3842.20	3842.20	3842.12	3842.18	
3842.20	3842.08	3842.16	3842.16	3842.16	3842.18	3842.28	3842.08	3842.22	3842.22	3842.12	3842.10	3842.08	3842.14	3842.08	3842.14	
3842.12	3842.18	3842.26	3842.26	3842.28	3842.18	3842.08	3842.06	3842.12	3842.04	3842.16	3842.16	3842.32	3842.12	3842.20	3842.08	
3842.16	3842.14	3842.16	3842.18	3842.24	3842.20	3842.14	3842.12	3842.12	3842.04	3842.30	3842.04	3842.20	3842.16	3842.24	3842.18	
3842.20	3842.14	3842.06	3842.16	3842.14	3842.08	3842.22	3842.06	3842.16	3842.16	3842.14	3842.16	3842.08	3842.10	3842.18	3842.12	

*******************************************2024/09/11;09:46:37
Probe number 272
Concentration entered by User 2.00% at Temperature 28.64
1452.96	1478.32	1494.16	1520.54	1544.22	1572.96	1601.52	1631.48	1661.78	1690.84	1728.68	1758.72	1798.64	1825.90	1882.96	1937.22	
2003.30	2069.50	2124.24	2190.62	2266.82	2344.88	2446.78	2556.08	2664.16	2781.86	2936.64	3101.66	3317.10	3628.12	3823.38	3840.14	
3842.22	3842.20	3842.14	3842.12	3842.10	3842.14	3842.16	3842.14	3842.12	3842.14	3842.12	3842.30	3842.10	3842.06	3842.16	3842.10	
3842.24	3842.16	3842.24	3842.26	3842.38	3842.20	3842.26	3842.12	3842.16	3842.22	3842.12	3842.24	3842.14	3842.40	3842.20	3842.24	
3842.12	3842.12	3842.14	3842.10	3842.18	3842.12	3842.26	3842.22	3842.16	3842.22	3842.06	3842.16	3842.10	3842.18	3842.20	3842.26	
3842.20	3842.16	3842.16	3842.30	3842.14	3842.16	3842.20	3842.08	3842.22	3842.20	3842.18	3842.12	3842.34	3842.14	3842.12	3842.10	
3842.18	3842.12	3842.08	3842.18	3842.22	3842.28	3842.18	3842.20	3842.18	3842.12	3842.24	3842.16	3842.22	3842.18	3842.24	3842.16	
3842.08	3842.14	3842.18	3842.08	3842.12	3842.26	3842.20	3842.14	3842.38	3842.12	3842.16	3842.38	3842.20	3842.04	3842.12	3842.12	

*******************************************2024/09/11;09:49:57
Probe number 273
Concentration entered by User 2.00% at Temperature 28.68
1454.92	1480.36	1495.94	1521.86	1545.68	1573.92	1602.64	1631.64	1661.54	1691.26	1730.04	1760.46	1800.94	1826.66	1884.72	1938.24	
2003.94	2072.94	2125.52	2192.52	2266.44	2346.28	2446.28	2554.88	2668.08	2791.92	2930.04	3087.50	3312.24	3629.20	3824.62	3840.12	
3842.08	3842.16	3842.08	3842.04	3842.20	3842.16	3842.20	3842.08	3842.22	3842.06	3842.20	3842.16	3842.04	3842.06	3842.16	3842.10	
3842.10	3842.18	3842.10	3842.16	3842.18	3842.22	3842.18	3842.06	3842.20	3842.16	3842.14	3842.08	3842.22	3842.10	3842.08	3842.10	
3842.12	3842.08	3842.14	3842.20	3842.14	3842.14	3842.20	3842.06	3842.20	3842.16	3842.14	3842.10	3842.14	3842.06	3842.16	3842.16	
3842.22	3842.06	3842.14	3842.18	3842.10	3842.10	3842.18	3842.12	3842.12	3842.14	3842.18	3842.18	3842.12	3842.14	3842.06	3842.04	
3842.20	3842.06	3842.12	3842.12	3842.16	3842.14	3842.14	3842.14	3842.06	3842.06	3842.22	3842.14	3842.08	3842.12	3842.16	3842.18	
3842.12	3842.12	3842.02	3842.06	3842.20	3842.18	3842.12	3842.16	3842.24	3842.10	3842.20	3842.12	3842.10	3842.08	3842.12	3842.10	

*******************************************2024/09/11;09:53:17
Probe number 274
Concentration entered by User 2.04% at Temperature 28.70
1452.78	1477.40	1493.84	1520.06	1543.50	1571.36	1600.62	1630.82	1661.24	1690.24	1729.86	1759.68	1799.34	1826.32	1883.80	1939.56	
2005.24	2070.02	2123.60	2187.26	2265.06	2346.44	2450.06	2556.52	2666.70	2792.82	2930.96	3082.56	3293.80	3617.82	3823.38	3839.86	
3842.12	3842.10	3842.06	3842.06	3842.08	3842.06	3842.04	3842.08	3842.06	3842.08	3842.16	3842.08	3842.06	3842.04	3842.12	3842.08	
3842.12	3842.06	3842.14	3842.18	3842.20	3842.10	3842.10	3842.08	3842.12	3842.12	3842.10	3842.10	3842.12	3842.14	3842.08	3842.08	
3842.08	3842.00	3842.12	3842.10	3842.10	3842.16	3842.14	3842.18	3842.14	3842.08	3842.14	3842.08	3842.10	3842.14	3842.14	3842.12	
3842.08	3842.12	3842.14	3842.16	3842.10	3842.06	3842.06	3842.06	3842.10	3842.04	3842.08	3842.16	3842.10	3842.02	3842.12	3842.06	
3842.16	3842.12	3842.10	3842.18	3842.16	3842.20	3842.10	3842.10	3842.16	3842.06	3842.14	3842.10	3842.06	3842.06	3842.14	3842.10	
3842.12	3842.10	3842.04	3842.10	3842.06	3842.06	3842.10	3842.18	3842.04	3842.14	3842.10	3842.16	3842.12	3842.04	3842.16	3842.02	

*******************************************2024/09/11;09:56:37
Probe number 275
Concentration entered by User 2.04% at Temperature 28.75
1452.66	1477.58	1494.08	1520.52	1543.88	1572.42	1600.80	1631.24	1661.46	1691.76	1730.16	1760.54	1799.42	1826.54	1886.54	1941.34	
2005.34	2072.20	2125.32	2190.16	2264.28	2343.50	2446.00	2549.72	2659.94	2784.58	2928.40	3078.94	3304.30	3611.52	3821.74	3839.98	
3842.06	3842.14	3842.04	3842.02	3842.08	3842.08	3842.08	3842.12	3842.08	3842.08	3842.12	3842.10	3842.04	3842.00	3842.22	3842.08	
3842.10	3842.10	3842.28	3842.04	3842.24	3842.08	3842.16	3842.10	3842.08	3842.12	3842.08	3842.16	3842.08	3842.16	3842.08	3842.08	
3842.10	3842.06	3842.24	3842.02	3842.06	3842.06	3842.16	3842.06	3842.10	3842.10	3842.08	3842.08	3842.14	3842.08	3842.16	3842.10	
3842.14	3842.10	3842.20	3842.18	3842.20	3842.06	3842.26	3842.08	3842.12	3842.02	3842.18	3842.12	3842.18	3842.10	3842.10	3842.06	
3842.16	3842.10	3842.08	3842.18	3842.18	3842.18	3842.12	3842.14	3842.08	3842.08	3842.30	3842.04	3842.10	3842.20	3842.16	3842.12	
3842.10	3842.12	3842.10	3842.02	3842.16	3842.04	3842.10	3842.04	3842.18	3842.22	3842.18	3842.16	3842.14	3842.04	3842.22	3842.04	

*******************************************2024/09/11;09:59:57
Probe number 276
Concentration entered by User 2.05% at Temperature 28.76
1453.10	1478.72	1495.08	1521.16	1545.10	1573.56	1601.56	1632.74	1663.78	1694.78	1732.58	1763.00	1801.64	1828.80	1885.66	1938.20	
2003.64	2071.80	2124.00	2190.24	2263.74	2340.72	2445.02	2551.00	2658.18	2782.02	2937.78	3087.56	3295.54	3608.62	3821.78	3839.88	
3842.02	3842.10	3842.14	3842.04	3842.10	3842.08	3842.12	3842.12	3842.08	3842.08	3842.10	3842.08	3842.06	3842.04	3842.10	3842.04	
3842.04	3842.04	3842.16	3842.10	3842.14	3842.06	3842.12	3842.04	3842.10	3842.04	3842.08	3842.04	3842.12	3842.16	3842.02	3842.06	
3842.06	3842.04	3842.12	3842.04	3842.06	3842.14	3842.14	3842.02	3842.08	3842.10	3842.10	3842.04	3842.10	3842.10	3842.12	3842.08	
3842.16	3842.12	3842.18	3842.10	3842.10	3842.08	3842.14	3842.06	3842.00	3842.08	3842.18	3842.06	3842.00	3842.08	3842.04	3842.02	
3842.14	3842.02	3842.10	3842.16	3842.16	3842.12	3842.04	3842.04	3842.08	3842.06	3842.18	3842.02	3842.08	3842.14	3842.20	3842.04	
3842.10	3842.10	3842.02	3842.00	3842.10	3842.02	3842.10	3842.12	3842.10	3842.10	3842.02	3842.12	3842.06	3842.00	3842.10	3842.00	

