*******************************************2025/07/27;00:04:55
Probe number 324
Concentration entered by User 1.98% (Compensated: 2.88% at temperature 31.8)
1300.74	1318.42	1331.38	1345.34	1361.64	1376.16	1393.48	1408.96	1429.80	1448.92	1472.26	1496.12	1525.40	1554.56	1575.68	1596.60	
1621.86	1663.80	1697.16	1748.44	1782.90	1816.42	1852.26	1896.24	1942.92	1983.94	2030.88	2090.64	2170.72	2232.36	2347.76	2509.30	
2706.16	3033.72	3311.24	3519.52	3635.02	3669.18	3676.70	3679.84	3681.30	3692.08	3698.42	3702.28	3692.30	3690.70	3695.94	3694.92	
3692.98	3722.22	3710.60	3714.72	3717.46	3720.90	3723.92	3719.62	3722.08	3725.52	3721.90	3721.80	3726.16	3720.92	3718.28	3729.92	
3733.10	3735.78	3734.56	3735.46	3725.68	3729.32	3724.10	3719.74	3729.40	3722.08	3732.68	3727.70	3734.92	3734.58	3734.40	3739.10	
3738.64	3742.52	3740.12	3736.66	3744.48	3745.44	3739.46	3746.52	3738.54	3748.10	3744.78	3744.46	3751.88	3751.38	3751.62	3756.38	
3755.66	3635.32	3707.80	3745.92	3745.64	3747.96	3749.80	3754.88	3750.76	3743.96	3750.18	3748.92	3751.48	3753.82	3748.44	3747.18	
3746.70	3736.38	3726.46	3728.08	3744.00	3742.14	3740.94	3739.04	3731.70	3720.86	3737.66	3733.66	3740.88	3742.50	3757.36	3715.08	

*******************************************2025/07/27;00:09:55
Probe number 325
Concentration entered by User 1.99% (Compensated: 2.89% at temperature 31.8)
1299.54	1317.50	1330.08	1344.02	1360.82	1375.90	1393.92	1410.22	1430.06	1448.68	1472.88	1496.88	1523.54	1553.72	1576.30	1597.30	
1621.34	1661.96	1697.40	1748.22	1779.44	1818.72	1858.38	1899.54	1939.06	1985.52	2028.68	2085.10	2162.44	2232.78	2358.32	2503.16	
2704.14	3029.40	3310.74	3515.44	3634.64	3668.10	3676.04	3679.46	3681.78	3692.96	3698.12	3702.56	3691.84	3690.30	3695.54	3694.60	
3692.76	3722.04	3710.40	3714.14	3717.32	3720.74	3723.98	3719.72	3721.84	3725.38	3721.72	3722.14	3725.94	3720.86	3718.04	3729.98	
3732.80	3735.64	3734.34	3735.22	3725.04	3728.96	3723.86	3719.48	3728.98	3722.00	3732.76	3727.88	3734.86	3734.56	3734.60	3739.16	
3738.84	3742.70	3739.80	3736.68	3744.22	3745.26	3739.80	3747.06	3738.24	3748.08	3745.00	3744.40	3752.12	3751.54	3751.76	3756.18	
3755.60	3635.50	3707.42	3745.58	3745.54	3747.62	3749.60	3754.84	3750.66	3744.08	3750.10	3748.86	3751.48	3753.58	3748.60	3746.82	
3746.40	3736.16	3726.26	3728.20	3743.84	3742.02	3741.00	3738.98	3731.82	3720.98	3737.66	3733.52	3740.92	3742.68	3757.36	3714.70	

*******************************************2025/07/27;00:14:55
Probe number 326
Concentration entered by User 2.02% (Compensated: 2.92% at temperature 31.8)
1297.74	1315.70	1328.14	1342.24	1358.64	1373.84	1391.68	1407.58	1427.40	1446.50	1469.88	1494.96	1522.86	1550.32	1571.50	1593.04	
1617.36	1658.08	1693.04	1742.56	1778.18	1813.64	1852.66	1891.36	1935.02	1982.92	2032.14	2085.78	2165.98	2234.28	2346.36	2507.90	
2698.22	3013.28	3308.70	3509.50	3627.90	3660.84	3670.34	3673.58	3675.28	3686.58	3692.52	3696.42	3686.02	3684.16	3689.30	3687.80	
3686.22	3716.56	3704.20	3708.46	3711.62	3715.34	3718.28	3713.94	3716.58	3720.08	3716.14	3716.68	3720.42	3715.60	3712.60	3724.62	
3727.96	3730.56	3729.34	3730.22	3719.66	3723.56	3717.98	3714.24	3723.90	3716.04	3727.32	3722.26	3730.04	3729.24	3729.12	3734.12	
3733.66	3737.66	3734.74	3731.52	3739.44	3740.64	3734.70	3741.92	3733.42	3743.34	3739.84	3739.48	3747.42	3746.70	3747.26	3751.92	
3751.50	3628.04	3701.96	3740.92	3741.26	3743.30	3745.30	3750.62	3745.56	3739.20	3745.42	3744.04	3747.00	3749.56	3743.76	3742.60	
3741.60	3731.16	3721.00	3723.14	3739.16	3737.34	3735.92	3734.34	3726.38	3715.10	3732.86	3728.72	3736.16	3737.68	3753.08	3709.14	

*******************************************2025/07/27;00:19:55
Probe number 327
Concentration entered by User 1.99% (Compensated: 2.89% at temperature 31.8)
1299.70	1318.02	1329.74	1344.12	1360.78	1375.42	1392.70	1408.62	1429.36	1448.26	1472.14	1497.06	1525.10	1553.64	1576.28	1598.06	
1619.20	1659.90	1695.74	1747.24	1783.08	1813.88	1847.62	1893.20	1939.32	1984.54	2036.24	2092.58	2164.54	2234.04	2357.40	2500.98	
2709.54	3017.14	3315.16	3519.20	3634.48	3669.72	3677.16	3679.96	3682.08	3693.20	3698.36	3702.54	3692.16	3690.18	3696.04	3694.14	
3692.52	3722.22	3710.26	3714.28	3717.40	3720.66	3723.56	3719.66	3721.92	3725.70	3721.68	3722.06	3725.58	3720.96	3718.12	3729.76	
3733.16	3735.66	3734.14	3735.22	3724.80	3728.74	3723.96	3719.56	3729.08	3721.64	3732.66	3727.62	3734.74	3734.62	3734.38	3738.94	
3738.72	3742.38	3739.68	3736.48	3744.20	3745.44	3739.92	3746.34	3738.42	3747.84	3744.74	3744.34	3751.92	3751.22	3752.00	3756.12	
3755.58	3635.28	3707.64	3745.68	3745.66	3747.98	3749.68	3754.80	3750.56	3743.96	3750.18	3748.76	3751.72	3753.74	3748.56	3747.16	
3746.52	3735.96	3725.94	3728.30	3744.04	3742.20	3741.22	3739.02	3731.72	3720.82	3737.54	3733.70	3740.86	3742.60	3757.16	3714.80	

*******************************************2025/07/27;00:24:55
Probe number 328
Concentration entered by User 2.01% (Compensated: 2.91% at temperature 31.8)
1298.22	1316.86	1328.88	1343.12	1359.86	1374.88	1391.82	1408.06	1428.20	1447.48	1470.96	1495.56	1523.92	1551.74	1572.90	1595.26	
1617.82	1657.44	1693.18	1744.40	1783.54	1816.26	1847.64	1891.54	1936.76	1981.04	2029.12	2089.68	2162.14	2234.00	2347.30	2501.70	
2708.94	3027.04	3304.12	3507.64	3627.46	3661.98	3670.90	3674.14	3675.16	3686.84	3692.86	3696.76	3686.44	3684.90	3690.30	3688.82	
3686.76	3717.26	3705.24	3708.84	3712.04	3715.60	3718.50	3714.36	3716.74	3720.46	3716.64	3716.90	3720.76	3715.56	3712.86	3725.22	
3728.18	3731.10	3729.66	3730.52	3719.90	3724.20	3718.74	3714.74	3724.18	3716.66	3727.94	3722.76	3730.16	3729.62	3729.80	3734.38	
3733.76	3738.12	3735.30	3731.90	3739.90	3741.04	3735.14	3742.50	3733.90	3743.56	3740.40	3740.04	3747.76	3747.26	3747.68	3752.16	
3751.88	3628.78	3702.18	3741.46	3741.46	3743.54	3745.58	3750.90	3746.14	3739.52	3746.00	3744.46	3747.52	3749.74	3744.26	3742.86	
3742.38	3731.64	3721.16	3723.30	3739.52	3737.50	3736.66	3734.54	3727.04	3715.76	3733.12	3729.26	3736.68	3738.32	3753.50	3709.42	

*******************************************2025/07/27;00:29:55
Probe number 329
Concentration entered by User 2.00% (Compensated: 2.90% at temperature 31.8)
1298.98	1317.20	1330.22	1344.18	1360.62	1375.84	1393.32	1409.48	1430.42	1448.60	1470.78	1495.86	1523.00	1552.28	1575.86	1596.58	
1620.98	1658.62	1694.22	1747.32	1781.88	1818.04	1853.22	1894.04	1937.10	1985.52	2033.20	2091.08	2167.24	2229.20	2355.90	2499.16	
2706.68	3026.44	3308.14	3512.86	3631.22	3666.84	3675.22	3678.44	3679.70	3690.94	3696.38	3700.40	3690.40	3688.78	3694.14	3692.80	
3690.78	3720.60	3708.98	3712.82	3715.56	3719.60	3722.46	3718.12	3720.98	3724.28	3720.24	3720.98	3724.34	3719.58	3716.82	3728.54	
3731.58	3734.18	3732.98	3733.94	3723.86	3727.54	3722.46	3718.14	3727.72	3720.50	3731.18	3726.32	3733.70	3733.34	3733.54	3737.60	
3737.22	3741.30	3738.60	3735.40	3743.12	3744.04	3738.52	3745.60	3737.36	3746.60	3743.68	3743.16	3750.48	3749.96	3750.80	3755.08	
3754.48	3633.38	3706.12	3744.50	3744.56	3746.80	3748.32	3753.84	3749.34	3742.78	3749.04	3747.56	3750.72	3752.82	3747.40	3745.92	
3745.28	3735.02	3725.00	3726.98	3742.58	3741.00	3739.50	3737.96	3730.30	3719.38	3736.64	3732.22	3739.78	3741.28	3756.34	3713.42	

*******************************************2025/07/27;00:34:55
Probe number 330
Concentration entered by User 2.04% (Compensated: 2.94% at temperature 31.8)
1299.56	1317.84	1330.38	1344.12	1360.20	1375.42	1393.26	1410.12	1429.06	1446.42	1470.62	1495.72	1524.90	1553.02	1572.72	1594.38	
1619.80	1662.68	1694.78	1746.74	1777.50	1813.62	1851.10	1890.04	1936.28	1982.26	2029.10	2089.28	2169.96	2243.02	2356.36	2496.10	
2699.02	3009.64	3298.54	3508.24	3630.02	3663.66	3673.16	3676.60	3678.32	3689.70	3695.22	3699.62	3688.94	3687.34	3692.18	3690.76	
3689.10	3719.02	3707.02	3711.28	3714.06	3717.78	3720.68	3716.46	3719.06	3722.56	3718.94	3718.84	3722.50	3717.82	3715.14	3727.00	
3730.08	3732.94	3731.52	3732.52	3722.38	3726.36	3721.30	3716.58	3726.44	3719.10	3729.88	3724.68	3731.84	3731.98	3731.72	3736.54	
3735.64	3739.98	3737.42	3733.94	3741.62	3742.58	3737.00	3744.24	3735.72	3745.26	3742.22	3741.60	3749.46	3748.92	3749.58	3753.82	
3753.26	3631.30	3704.52	3743.24	3743.40	3745.32	3747.04	3752.72	3748.16	3741.60	3747.78	3745.90	3749.10	3751.34	3746.12	3744.62	
3744.04	3733.42	3723.28	3725.38	3741.70	3739.52	3738.50	3736.66	3729.20	3717.78	3734.90	3731.08	3738.30	3740.14	3755.28	3711.68	

*******************************************2025/07/27;00:39:56
Probe number 331
Concentration entered by User 1.99% (Compensated: 2.88% at temperature 31.8)
1300.06	1318.08	1331.22	1345.36	1362.38	1376.98	1394.74	1411.10	1431.12	1449.66	1474.22	1499.68	1527.30	1556.10	1576.90	1600.12	
1624.20	1662.76	1697.06	1750.22	1781.86	1816.92	1854.32	1897.28	1943.74	1985.68	2035.42	2096.38	2176.74	2240.58	2353.80	2505.78	
2709.58	3021.26	3310.48	3523.10	3638.16	3672.84	3680.50	3682.56	3684.64	3695.90	3701.64	3705.38	3695.24	3693.26	3698.46	3697.32	
3695.62	3724.28	3712.72	3716.84	3719.82	3723.30	3726.46	3722.04	3724.56	3727.94	3724.36	3724.36	3728.28	3723.74	3720.76	3732.12	
3735.08	3737.98	3736.56	3737.52	3727.64	3731.34	3726.42	3722.14	3731.24	3724.20	3734.98	3730.04	3736.72	3736.58	3736.70	3741.12	
3740.62	3744.48	3741.72	3738.94	3746.24	3747.08	3741.96	3748.58	3740.72	3749.92	3746.54	3746.38	3753.82	3753.40	3753.66	3757.76	
3757.74	3638.80	3710.20	3747.52	3747.68	3749.60	3751.68	3756.72	3752.72	3746.10	3752.24	3750.80	3753.68	3756.04	3750.50	3749.34	
3748.72	3738.40	3728.46	3730.20	3746.20	3744.34	3743.52	3741.54	3733.98	3723.12	3740.00	3736.10	3743.44	3744.68	3759.24	3717.12	

*******************************************2025/07/27;00:44:55
Probe number 332
Concentration entered by User 2.00% (Compensated: 2.90% at temperature 31.8)
1299.32	1318.06	1329.82	1344.06	1359.78	1374.92	1392.52	1408.88	1430.08	1449.06	1472.74	1497.44	1526.06	1555.14	1575.68	1596.22	
1621.86	1662.34	1696.54	1748.62	1784.24	1817.96	1854.08	1896.26	1941.38	1989.90	2035.16	2092.02	2165.34	2242.60	2362.22	2510.96	
2705.50	3011.76	3315.12	3516.48	3636.02	3672.28	3679.86	3681.98	3683.44	3694.78	3700.32	3705.00	3694.28	3692.48	3697.78	3696.14	
3694.66	3723.80	3711.90	3716.22	3719.12	3722.68	3725.64	3721.36	3723.96	3727.20	3723.66	3723.84	3727.24	3722.68	3719.74	3731.70	
3734.78	3737.32	3736.00	3736.96	3726.72	3730.90	3725.84	3721.56	3730.58	3723.46	3734.20	3729.34	3736.42	3736.12	3735.96	3740.50	
3739.76	3744.16	3741.16	3738.28	3745.70	3746.74	3741.20	3748.10	3740.00	3749.40	3746.40	3745.68	3753.30	3752.76	3753.44	3757.58	
3757.16	3637.74	3709.36	3747.44	3747.12	3749.58	3751.08	3756.22	3752.28	3745.76	3751.60	3750.28	3752.88	3755.20	3749.98	3748.78	
3748.18	3738.14	3728.08	3729.82	3745.64	3743.80	3742.68	3740.78	3733.64	3722.80	3739.34	3735.48	3742.50	3744.08	3758.72	3716.88	

*******************************************2025/07/27;00:49:55
Probe number 333
Concentration entered by User 2.03% (Compensated: 2.92% at temperature 31.7)
1299.86	1317.86	1330.56	1344.96	1361.44	1376.24	1393.40	1410.14	1431.38	1450.08	1472.46	1497.60	1525.52	1554.86	1576.26	1597.22	
1620.34	1660.76	1696.04	1747.40	1783.76	1819.68	1857.08	1894.90	1937.70	1985.94	2036.92	2089.14	2167.38	2236.14	2352.24	2500.68	
2692.30	3009.76	3303.08	3512.82	3635.58	3667.76	3676.18	3679.14	3681.14	3691.98	3697.62	3701.86	3691.28	3689.14	3694.82	3693.04	
3691.56	3721.04	3709.30	3713.06	3716.32	3719.42	3722.84	3718.66	3720.98	3724.68	3720.92	3720.66	3724.44	3719.62	3717.28	3728.64	
3731.98	3734.80	3733.58	3734.16	3724.18	3727.80	3723.06	3718.70	3727.98	3720.94	3731.70	3726.68	3733.98	3733.52	3733.34	3737.98	
3737.84	3741.64	3738.80	3735.40	3743.44	3744.28	3738.78	3745.94	3737.56	3746.88	3744.28	3743.34	3751.08	3750.36	3751.02	3755.42	
3755.00	3633.74	3706.22	3744.58	3744.74	3746.92	3748.86	3754.40	3749.92	3742.98	3749.48	3748.16	3750.96	3752.88	3747.72	3746.22	
3745.96	3735.12	3725.18	3727.34	3743.24	3741.26	3740.32	3738.34	3730.88	3719.76	3736.64	3733.10	3740.12	3741.78	3756.40	3713.70	

*******************************************2025/07/27;00:54:55
Probe number 334
Concentration entered by User 2.01% (Compensated: 2.91% at temperature 31.8)
1299.20	1317.64	1330.50	1344.50	1361.00	1375.50	1393.02	1409.50	1430.46	1448.90	1472.36	1496.44	1524.96	1553.86	1574.62	1596.96	
1621.28	1659.78	1698.38	1750.78	1782.90	1818.22	1854.04	1895.78	1937.58	1984.74	2032.22	2087.62	2164.40	2238.42	2350.42	2501.76	
2694.04	3010.02	3311.98	3510.58	3636.50	3668.96	3678.32	3680.80	3681.80	3693.50	3699.26	3703.28	3692.78	3691.44	3696.30	3695.32	
3693.54	3722.44	3710.70	3714.48	3717.58	3721.12	3724.32	3719.98	3722.16	3725.58	3721.94	3722.14	3725.92	3721.14	3718.60	3730.10	
3733.28	3735.72	3734.28	3735.60	3725.48	3729.06	3724.60	3720.26	3729.68	3722.28	3733.32	3728.00	3735.16	3734.86	3734.64	3739.30	
3738.80	3742.78	3740.04	3736.94	3744.64	3745.60	3740.26	3746.68	3738.90	3748.12	3745.10	3744.48	3751.90	3751.78	3752.22	3756.40	
3755.86	3635.54	3708.22	3745.94	3745.96	3748.02	3749.94	3755.26	3751.10	3744.22	3750.40	3749.28	3751.90	3754.10	3749.14	3747.52	
3747.06	3736.38	3726.88	3728.68	3744.62	3742.60	3741.50	3739.44	3732.22	3721.32	3738.06	3734.14	3741.48	3742.94	3757.58	3715.34	

*******************************************2025/07/27;00:59:55
Probe number 335
Concentration entered by User 2.03% (Compensated: 2.92% at temperature 31.8)
1299.84	1317.72	1330.64	1345.10	1362.20	1376.22	1393.40	1409.50	1430.12	1447.90	1472.04	1496.80	1525.60	1555.30	1575.76	1596.94	
1619.68	1660.54	1697.76	1750.48	1784.82	1818.24	1850.42	1894.78	1941.70	1983.98	2031.86	2085.06	2160.48	2233.46	2353.90	2496.68	
2699.80	3010.60	3307.00	3505.32	3629.64	3666.02	3674.38	3676.78	3678.32	3689.66	3695.58	3700.10	3689.32	3687.76	3693.14	3691.90	
3689.84	3719.48	3707.52	3711.70	3714.48	3718.32	3721.30	3717.12	3719.40	3722.42	3719.22	3719.50	3723.20	3718.68	3715.72	3727.54	
3730.60	3733.32	3731.94	3732.86	3722.64	3726.22	3721.64	3717.16	3727.04	3718.92	3730.14	3725.06	3732.38	3732.06	3732.06	3736.70	
3736.48	3740.34	3737.62	3734.34	3742.02	3743.10	3737.44	3744.20	3736.12	3745.64	3742.54	3742.04	3749.78	3749.24	3749.64	3753.98	
3753.78	3631.86	3704.76	3743.54	3743.64	3745.56	3747.58	3752.92	3748.60	3741.92	3747.90	3746.66	3749.54	3751.76	3746.44	3745.12	
3744.60	3733.82	3723.78	3726.00	3741.82	3740.32	3739.18	3737.02	3729.68	3718.24	3735.26	3731.28	3738.86	3740.70	3755.42	3712.46	

*******************************************2025/07/27;01:04:56
Probe number 336
Concentration entered by User 2.03% (Compensated: 2.92% at temperature 31.7)
1300.92	1318.68	1330.50	1344.96	1361.90	1376.32	1393.50	1409.92	1431.40	1449.10	1472.22	1497.74	1526.48	1556.76	1577.60	1598.96	
1621.54	1662.12	1698.68	1749.92	1784.74	1820.44	1857.46	1897.70	1942.82	1982.20	2033.24	2088.64	2166.92	2237.06	2354.00	2506.82	
2695.04	3002.36	3309.00	3509.12	3631.82	3668.82	3677.76	3680.54	3682.32	3693.22	3699.80	3703.34	3692.90	3691.42	3696.58	3695.30	
3693.32	3722.38	3710.96	3714.82	3718.00	3721.22	3724.40	3720.34	3722.74	3726.16	3722.36	3722.54	3726.22	3721.46	3718.90	3729.98	
3733.68	3736.16	3734.94	3735.98	3725.62	3729.68	3724.90	3720.22	3729.78	3722.34	3733.28	3728.20	3735.44	3734.86	3734.72	3739.66	
3739.38	3743.16	3740.44	3737.60	3744.96	3745.88	3740.18	3747.50	3738.90	3748.34	3745.38	3744.78	3752.32	3751.76	3752.42	3756.56	
3756.16	3636.06	3708.48	3746.12	3746.08	3748.52	3750.24	3755.70	3751.30	3744.66	3750.56	3749.44	3752.30	3754.22	3749.30	3747.66	
3747.06	3737.02	3727.06	3728.98	3744.70	3742.72	3741.48	3739.70	3732.44	3721.48	3738.50	3734.62	3741.54	3743.54	3757.92	3715.92	

*******************************************2025/07/27;01:09:55
Probe number 337
Concentration entered by User 2.03% (Compensated: 2.93% at temperature 31.7)
1299.86	1317.66	1330.14	1344.32	1361.20	1375.64	1392.82	1409.72	1429.96	1449.50	1474.08	1498.74	1527.00	1555.14	1577.14	1599.44	
1621.36	1660.22	1696.40	1747.68	1781.98	1819.50	1854.32	1895.24	1938.58	1989.02	2035.64	2089.10	2166.10	2238.90	2348.14	2491.40	
2680.30	3010.56	3308.12	3505.76	3629.08	3666.40	3676.16	3679.24	3680.52	3691.60	3697.58	3701.80	3691.34	3689.52	3694.86	3693.62	
3691.34	3721.14	3709.16	3713.20	3715.88	3719.32	3723.04	3718.84	3720.70	3724.44	3720.78	3720.84	3724.78	3719.96	3717.28	3729.02	
3732.04	3734.92	3733.74	3734.32	3724.36	3727.96	3723.24	3718.72	3728.30	3720.96	3731.58	3727.06	3734.22	3734.00	3733.48	3738.24	
3737.92	3741.74	3739.18	3735.80	3743.58	3744.44	3739.08	3745.86	3737.32	3747.08	3744.04	3743.72	3751.20	3750.76	3751.22	3755.48	
3755.04	3634.36	3706.72	3744.72	3744.84	3747.20	3748.92	3754.38	3750.06	3743.30	3749.50	3747.94	3750.78	3753.26	3748.06	3746.28	
3746.10	3735.86	3725.58	3727.66	3743.20	3741.42	3740.60	3738.50	3730.94	3719.96	3737.10	3733.34	3740.30	3742.04	3756.72	3714.14	

*******************************************2025/07/27;01:14:55
Probe number 338
Concentration entered by User 1.97% (Compensated: 2.87% at temperature 31.8)
1301.08	1319.90	1332.62	1346.00	1362.90	1377.90	1394.56	1411.02	1431.36	1449.82	1474.48	1498.20	1526.68	1555.82	1578.24	1599.24	
1623.06	1664.30	1701.18	1751.18	1785.96	1821.84	1856.72	1899.06	1940.46	1986.42	2034.54	2087.40	2174.18	2234.38	2348.54	2513.82	
2706.58	3024.48	3317.74	3523.58	3639.18	3673.52	3680.62	3683.62	3685.10	3696.58	3702.26	3705.94	3695.78	3693.74	3699.02	3697.78	
3695.98	3724.92	3712.94	3717.02	3719.80	3723.38	3726.24	3722.14	3724.72	3728.06	3724.24	3724.62	3727.84	3723.64	3720.76	3732.26	
3735.42	3738.26	3736.54	3737.64	3727.74	3731.64	3726.56	3722.52	3731.80	3724.60	3735.08	3730.44	3737.12	3736.92	3736.86	3741.48	
3741.00	3745.08	3742.34	3739.14	3746.44	3747.54	3741.96	3748.98	3741.04	3750.00	3746.96	3746.76	3753.98	3753.60	3753.86	3758.30	
3757.66	3639.20	3710.74	3747.78	3747.78	3750.28	3752.20	3757.00	3752.80	3746.36	3752.62	3750.74	3753.82	3755.92	3750.94	3749.54	
3749.08	3738.80	3728.98	3730.80	3746.58	3744.70	3743.58	3741.52	3734.62	3723.46	3740.42	3736.38	3743.46	3745.12	3759.36	3717.84	

*******************************************2025/07/27;01:19:55
Probe number 339
Concentration entered by User 2.03% (Compensated: 2.93% at temperature 31.7)
1298.64	1316.76	1328.84	1343.46	1359.96	1374.76	1392.20	1408.56	1428.88	1448.58	1471.00	1495.28	1523.80	1554.98	1575.10	1596.20	
1619.60	1660.42	1695.26	1749.00	1780.60	1814.86	1852.56	1895.08	1937.00	1982.44	2027.26	2085.86	2163.80	2235.26	2344.82	2491.60	
2698.88	3013.32	3302.06	3504.06	3626.04	3663.32	3671.34	3674.92	3676.44	3687.38	3693.86	3697.84	3687.14	3685.40	3690.90	3689.12	
3687.38	3717.28	3705.18	3709.54	3712.06	3715.70	3719.22	3714.68	3717.64	3720.78	3716.94	3717.10	3720.82	3716.36	3713.30	3725.14	
3728.60	3731.52	3730.00	3730.78	3720.82	3724.54	3719.12	3715.04	3724.54	3717.02	3728.22	3723.00	3730.76	3730.18	3729.88	3734.74	
3734.40	3738.30	3735.74	3732.38	3740.54	3741.40	3735.46	3742.76	3734.24	3744.42	3741.08	3740.50	3748.14	3747.48	3748.22	3752.58	
3751.98	3629.12	3702.78	3741.86	3741.80	3744.26	3745.90	3751.48	3746.98	3740.18	3746.38	3745.02	3747.80	3750.48	3745.20	3743.16	
3742.78	3731.96	3722.06	3723.84	3739.96	3738.24	3737.18	3735.02	3727.94	3716.10	3733.40	3729.76	3737.10	3738.90	3754.10	3710.32	

*******************************************2025/07/27;01:24:56
Probe number 340
Concentration entered by User 2.00% (Compensated: 2.89% at temperature 31.7)
1300.36	1318.74	1331.46	1345.30	1361.90	1376.86	1394.32	1410.78	1431.18	1449.78	1474.02	1498.98	1527.50	1556.02	1577.32	1597.52	
1621.44	1662.42	1699.14	1750.58	1784.10	1821.32	1854.84	1895.78	1943.24	1989.04	2040.94	2088.90	2170.54	2236.20	2349.38	2508.32	
2706.82	3019.70	3308.16	3520.38	3634.28	3670.64	3678.50	3681.52	3683.26	3694.46	3700.28	3704.12	3693.70	3691.82	3696.78	3695.56	
3693.62	3722.70	3711.04	3714.98	3718.10	3721.28	3724.88	3720.62	3723.26	3726.28	3722.72	3722.72	3726.74	3721.88	3719.16	3730.72	
3733.76	3736.56	3735.28	3736.08	3726.32	3729.94	3725.28	3720.60	3730.06	3722.56	3733.38	3728.56	3735.64	3735.42	3735.30	3740.10	
3739.56	3743.36	3741.00	3737.56	3745.24	3746.12	3740.88	3747.22	3739.36	3748.74	3745.84	3745.22	3752.70	3752.10	3752.86	3756.98	
3756.60	3636.60	3708.94	3746.72	3746.86	3748.56	3750.80	3755.82	3751.34	3744.72	3751.08	3749.78	3752.38	3754.68	3749.30	3748.06	
3747.74	3737.30	3727.36	3729.14	3744.96	3743.22	3742.30	3740.04	3732.90	3721.74	3738.76	3734.80	3741.86	3743.84	3758.38	3715.88	

*******************************************2025/07/27;01:29:56
Probe number 341
Concentration entered by User 2.01% (Compensated: 2.90% at temperature 31.7)
1300.38	1318.66	1330.94	1345.42	1362.00	1376.26	1393.96	1410.56	1431.00	1450.04	1474.10	1498.50	1525.52	1553.72	1576.40	1597.58	
1621.82	1662.78	1698.96	1751.60	1784.30	1819.56	1855.92	1895.48	1938.70	1979.04	2035.70	2092.32	2173.56	2232.54	2344.88	2503.30	
2704.54	3018.98	3303.84	3516.74	3634.64	3669.50	3678.46	3680.80	3682.64	3693.90	3699.60	3703.54	3693.40	3692.00	3696.98	3695.66	
3693.52	3722.46	3710.68	3715.00	3717.74	3721.08	3724.52	3720.24	3722.66	3726.02	3722.30	3722.70	3726.22	3721.74	3718.74	3730.56	
3733.76	3736.48	3735.12	3735.68	3726.08	3729.74	3724.64	3720.46	3729.62	3722.62	3733.18	3728.46	3735.62	3735.36	3734.88	3739.72	
3739.58	3743.20	3740.64	3737.62	3745.22	3745.84	3740.54	3747.32	3739.16	3748.70	3745.40	3744.76	3752.54	3751.84	3752.56	3756.88	
3756.46	3636.62	3708.46	3746.38	3746.58	3748.40	3750.34	3755.64	3751.50	3744.82	3750.90	3749.38	3752.04	3754.46	3749.30	3747.82	
3747.30	3737.02	3727.12	3728.98	3744.56	3742.92	3741.76	3739.86	3732.90	3721.62	3738.62	3734.88	3742.04	3743.24	3757.98	3716.00	

*******************************************2025/07/27;01:34:55
Probe number 342
Concentration entered by User 2.02% (Compensated: 2.92% at temperature 31.7)
1300.54	1318.90	1331.94	1345.00	1361.76	1377.00	1393.66	1409.70	1431.74	1451.16	1474.88	1497.98	1525.30	1554.16	1575.82	1597.54	
1623.08	1663.58	1697.04	1746.96	1779.78	1815.92	1854.18	1894.00	1940.10	1985.34	2035.82	2094.00	2170.70	2234.84	2352.00	2502.80	
2702.78	3007.48	3303.00	3516.16	3634.60	3669.12	3677.58	3680.20	3681.48	3692.92	3698.18	3702.14	3691.86	3690.22	3695.40	3694.36	
3692.48	3721.46	3709.68	3713.56	3716.40	3719.76	3723.46	3719.40	3721.26	3724.98	3721.14	3721.38	3724.98	3720.30	3717.80	3729.34	
3732.56	3735.26	3733.92	3734.74	3724.62	3728.82	3723.46	3719.36	3728.72	3721.22	3731.80	3726.98	3734.48	3734.10	3733.76	3738.60	
3738.10	3741.98	3739.58	3736.52	3744.08	3744.92	3739.38	3746.40	3738.04	3747.56	3744.60	3743.96	3751.54	3750.64	3751.56	3755.90	
3755.24	3634.78	3707.40	3745.48	3745.50	3747.74	3749.34	3754.56	3750.26	3743.96	3749.82	3748.56	3751.34	3753.72	3748.36	3746.82	
3746.26	3736.32	3726.28	3727.98	3743.72	3742.16	3740.78	3739.16	3731.68	3720.56	3737.62	3733.56	3740.76	3742.62	3757.44	3714.72	

*******************************************2025/07/27;01:39:55
Probe number 343
Concentration entered by User 2.01% (Compensated: 2.90% at temperature 31.7)
1299.92	1318.02	1330.28	1344.38	1361.24	1376.48	1393.20	1409.94	1429.84	1449.48	1473.72	1499.40	1527.24	1555.42	1576.28	1596.44	
1621.24	1662.68	1697.92	1748.72	1782.42	1820.84	1851.46	1893.82	1941.92	1984.70	2029.78	2087.28	2165.30	2245.30	2350.66	2499.84	
2693.58	3021.44	3303.00	3516.90	3634.32	3669.18	3677.24	3679.42	3681.30	3691.72	3698.16	3702.44	3692.20	3690.54	3695.38	3694.10	
3691.94	3721.44	3709.60	3713.44	3716.40	3720.08	3723.32	3718.98	3721.42	3724.96	3721.28	3721.08	3724.84	3720.32	3717.76	3729.26	
3732.16	3735.22	3733.88	3734.78	3724.92	3728.56	3723.64	3719.22	3728.58	3721.34	3732.14	3727.20	3734.36	3734.22	3733.66	3738.68	
3738.18	3742.22	3739.64	3736.38	3744.00	3744.94	3739.36	3746.40	3738.18	3747.64	3744.54	3744.14	3751.80	3751.04	3751.52	3756.06	
3755.26	3634.58	3707.44	3745.08	3745.46	3747.48	3749.28	3754.62	3750.52	3743.72	3750.04	3748.46	3751.12	3753.46	3748.36	3746.92	
3746.16	3736.00	3726.14	3728.22	3743.74	3742.16	3740.60	3738.74	3731.60	3720.64	3737.42	3733.58	3740.92	3742.70	3757.26	3714.46	

*******************************************2025/07/27;01:44:55
Probe number 344
Concentration entered by User 1.99% (Compensated: 2.88% at temperature 31.7)
1301.38	1319.36	1331.46	1346.34	1363.00	1377.34	1393.98	1410.16	1431.18	1450.78	1475.06	1499.66	1528.40	1556.22	1577.36	1601.50	
1624.92	1663.92	1698.50	1750.58	1786.60	1821.80	1855.42	1895.12	1941.00	1985.42	2034.98	2091.46	2165.90	2235.28	2350.88	2506.34	
2701.16	3015.12	3311.30	3526.02	3639.82	3672.92	3682.52	3684.40	3685.52	3696.72	3702.42	3706.36	3695.72	3694.42	3699.26	3698.34	
3696.24	3725.28	3713.22	3717.34	3719.86	3723.50	3726.52	3722.64	3724.90	3728.08	3724.82	3724.80	3728.50	3723.86	3721.20	3732.42	
3735.74	3738.02	3737.16	3737.94	3728.30	3731.86	3726.80	3722.40	3732.12	3725.10	3735.30	3730.44	3737.66	3737.20	3736.78	3741.96	
3741.26	3745.22	3742.30	3739.28	3746.72	3747.68	3742.38	3749.12	3741.04	3750.52	3747.32	3746.92	3754.58	3753.72	3754.58	3758.58	
3758.36	3639.54	3711.20	3748.38	3748.26	3750.50	3752.22	3757.28	3753.04	3746.94	3753.04	3751.36	3754.08	3756.40	3751.32	3749.64	
3749.40	3739.20	3729.70	3731.74	3746.92	3745.02	3743.86	3741.92	3734.68	3724.04	3740.64	3736.98	3743.70	3745.56	3759.86	3718.26	

*******************************************2025/07/27;01:49:55
Probe number 345
Concentration entered by User 2.01% (Compensated: 2.91% at temperature 31.7)
1300.78	1319.26	1331.80	1345.34	1361.66	1376.70	1394.24	1410.32	1430.92	1449.68	1473.08	1497.74	1525.74	1556.20	1577.24	1599.06	
1623.88	1665.88	1699.02	1749.22	1784.74	1820.00	1855.42	1895.54	1941.84	1984.08	2034.64	2094.32	2165.44	2230.54	2348.90	2499.34	
2702.98	3011.36	3304.22	3516.64	3635.30	3669.60	3679.76	3682.32	3683.92	3694.28	3700.36	3704.54	3693.94	3692.02	3697.26	3696.50	
3693.96	3723.28	3711.68	3715.58	3718.26	3721.90	3725.08	3720.96	3723.44	3726.58	3723.06	3722.94	3726.64	3722.14	3719.50	3730.98	
3733.92	3736.84	3735.62	3736.22	3726.38	3730.26	3725.38	3721.32	3730.52	3722.90	3733.56	3728.82	3736.06	3735.74	3735.60	3740.26	
3739.94	3743.66	3740.96	3738.26	3745.54	3746.38	3740.96	3747.68	3739.74	3749.12	3745.78	3745.38	3753.12	3752.24	3753.14	3757.26	
3756.68	3637.68	3709.68	3746.88	3747.04	3749.04	3750.86	3755.82	3751.88	3745.28	3751.30	3750.30	3752.78	3754.78	3750.00	3748.74	
3747.98	3737.46	3727.62	3729.68	3745.42	3743.44	3742.48	3740.54	3733.38	3722.66	3739.22	3735.22	3742.42	3744.00	3758.58	3716.24	

*******************************************2025/07/27;01:54:55
Probe number 346
Concentration entered by User 2.03% (Compensated: 2.92% at temperature 31.7)
1297.84	1316.34	1328.64	1342.16	1358.52	1373.44	1390.88	1406.64	1427.42	1446.56	1470.24	1495.78	1523.60	1550.90	1572.58	1596.30	
1619.24	1659.98	1696.40	1744.68	1778.40	1816.38	1850.14	1892.62	1937.14	1981.94	2023.48	2080.84	2156.38	2231.94	2357.32	2489.26	
2697.54	3011.28	3303.22	3511.34	3627.90	3662.20	3671.42	3673.82	3675.04	3686.56	3692.80	3696.24	3685.94	3683.94	3688.90	3687.84	
3685.40	3715.86	3704.06	3708.12	3710.88	3714.14	3717.84	3713.70	3716.02	3719.28	3715.48	3715.82	3719.86	3714.82	3711.86	3724.02	
3727.04	3730.24	3728.84	3729.42	3719.32	3723.18	3717.72	3713.50	3723.22	3715.56	3727.02	3721.58	3729.36	3729.00	3728.62	3733.76	
3733.14	3737.12	3734.66	3730.88	3739.22	3740.28	3734.38	3741.56	3733.06	3742.86	3739.96	3738.92	3747.14	3746.40	3747.02	3751.46	
3751.06	3627.48	3701.26	3740.44	3740.68	3742.84	3744.60	3750.40	3745.66	3739.18	3745.44	3743.62	3746.82	3749.26	3743.60	3742.36	
3741.64	3730.84	3720.48	3722.68	3739.06	3736.92	3735.76	3733.82	3726.32	3714.88	3732.52	3728.16	3736.10	3737.62	3752.86	3708.78	

*******************************************2025/07/27;01:59:55
Probe number 347
Concentration entered by User 1.95% (Compensated: 2.84% at temperature 31.7)
1301.44	1319.24	1331.72	1345.60	1361.36	1376.80	1394.56	1410.14	1431.16	1450.54	1474.66	1499.28	1527.16	1555.40	1578.22	1598.48	
1623.58	1663.28	1698.72	1749.68	1784.28	1820.10	1853.32	1896.82	1936.52	1984.36	2033.58	2093.04	2166.18	2236.86	2349.12	2512.72	
2716.90	3032.58	3320.72	3523.86	3635.18	3671.32	3680.04	3683.72	3684.68	3695.54	3701.36	3705.20	3694.42	3692.80	3698.10	3696.68	
3694.68	3723.60	3711.86	3716.22	3718.82	3722.20	3725.18	3721.42	3723.66	3726.82	3723.20	3723.44	3727.06	3722.66	3719.92	3731.14	
3734.26	3737.34	3735.72	3736.50	3726.82	3730.48	3725.78	3721.20	3730.66	3723.40	3733.96	3729.04	3736.46	3735.98	3735.82	3740.24	
3739.98	3743.92	3741.24	3738.16	3745.94	3746.76	3741.04	3748.04	3739.62	3749.02	3746.14	3745.84	3753.26	3752.54	3753.12	3757.50	
3756.80	3637.62	3709.52	3747.24	3747.26	3749.30	3750.96	3756.12	3751.92	3745.64	3751.64	3750.44	3752.64	3755.34	3750.08	3748.78	
3748.32	3738.08	3728.04	3730.04	3745.60	3743.72	3742.66	3740.78	3733.58	3722.64	3739.44	3735.52	3742.58	3744.44	3758.96	3716.78	

*******************************************2025/07/27;02:04:55
Probe number 348
Concentration entered by User 2.02% (Compensated: 2.91% at temperature 31.7)
1299.98	1317.94	1331.18	1345.74	1362.24	1376.20	1393.46	1409.84	1430.88	1450.60	1472.78	1497.74	1524.56	1554.26	1577.98	1597.78	
1622.46	1662.48	1698.56	1747.86	1780.46	1817.58	1851.46	1893.86	1943.46	1989.94	2041.42	2093.90	2164.86	2236.08	2349.66	2503.24	
2704.10	3013.08	3303.10	3513.92	3633.16	3669.18	3678.32	3680.78	3681.56	3693.22	3699.28	3703.30	3692.42	3690.86	3695.98	3694.56	
3692.58	3721.74	3709.90	3713.96	3717.02	3720.38	3723.84	3719.50	3721.82	3725.48	3721.40	3721.50	3725.08	3720.38	3717.92	3729.76	
3732.96	3735.56	3734.34	3735.00	3725.16	3729.00	3724.04	3719.72	3728.94	3721.48	3732.38	3727.18	3734.36	3734.48	3733.90	3738.76	
3738.30	3742.26	3739.80	3736.80	3744.26	3744.86	3739.42	3746.50	3738.26	3747.92	3744.86	3744.36	3751.96	3751.14	3751.82	3756.06	
3755.66	3635.42	3707.74	3745.80	3746.06	3747.66	3749.74	3754.74	3750.44	3743.94	3750.18	3748.68	3751.26	3753.70	3748.74	3747.26	
3746.44	3736.62	3726.16	3728.28	3744.24	3742.26	3741.14	3739.04	3732.14	3720.76	3737.90	3733.92	3741.12	3742.68	3757.58	3715.20	

*******************************************2025/07/27;02:09:55
Probe number 349
Concentration entered by User 2.00% (Compensated: 2.89% at temperature 31.7)
1298.70	1317.66	1330.46	1344.00	1360.24	1374.80	1392.60	1408.82	1430.04	1449.32	1472.98	1496.02	1523.52	1552.82	1574.82	1595.46	
1619.02	1661.92	1696.80	1747.04	1781.12	1815.72	1851.90	1891.50	1937.84	1983.10	2030.62	2086.62	2160.68	2233.16	2351.58	2502.18	
2704.78	3019.48	3307.10	3517.76	3631.68	3664.84	3674.44	3676.72	3678.32	3689.54	3695.56	3699.26	3688.64	3686.68	3691.74	3690.44	
3688.84	3718.54	3706.56	3710.54	3713.20	3716.94	3720.10	3716.12	3718.02	3721.82	3717.66	3717.80	3722.08	3717.18	3714.44	3726.40	
3729.22	3732.12	3731.10	3732.24	3721.48	3725.44	3720.48	3716.02	3725.34	3718.08	3729.08	3723.90	3731.44	3731.12	3731.14	3735.44	
3735.14	3739.16	3736.94	3733.50	3741.32	3742.08	3736.42	3743.58	3735.20	3745.28	3741.60	3741.08	3749.02	3748.30	3748.96	3753.50	
3752.84	3630.32	3703.96	3742.38	3742.62	3744.74	3746.58	3752.02	3747.60	3740.84	3747.38	3745.76	3748.66	3750.86	3745.76	3744.02	
3743.92	3733.00	3723.12	3725.16	3741.32	3738.86	3738.16	3736.30	3728.78	3717.42	3734.40	3730.44	3737.80	3739.56	3754.72	3711.38	

*******************************************2025/07/27;02:14:56
Probe number 350
Concentration entered by User 1.98% (Compensated: 2.87% at temperature 31.7)
1300.28	1318.80	1331.20	1345.62	1361.74	1376.86	1394.06	1410.26	1431.10	1450.68	1474.78	1498.54	1526.70	1556.68	1577.50	1599.56	
1623.38	1663.64	1698.54	1749.54	1784.24	1820.50	1854.20	1894.52	1940.38	1988.66	2035.24	2089.70	2160.52	2240.94	2348.42	2512.12	
2711.70	3025.38	3313.70	3519.94	3636.60	3669.88	3679.28	3682.56	3684.40	3695.18	3701.30	3705.02	3694.44	3692.68	3697.80	3696.80	
3694.40	3723.56	3711.68	3715.88	3718.56	3722.02	3725.24	3721.22	3723.70	3726.98	3723.16	3723.08	3727.00	3722.50	3719.50	3731.10	
3734.44	3737.04	3735.80	3736.68	3726.82	3730.42	3725.68	3721.18	3730.62	3723.46	3733.84	3728.88	3736.08	3736.04	3735.54	3740.44	
3740.00	3743.74	3741.40	3738.10	3745.58	3746.62	3740.74	3747.98	3739.96	3749.32	3746.06	3745.66	3753.12	3752.58	3753.20	3757.56	
3757.02	3637.96	3709.56	3746.98	3747.22	3749.14	3751.08	3756.20	3752.04	3745.34	3751.72	3750.36	3752.78	3755.44	3750.20	3748.86	
3748.28	3738.06	3727.84	3730.10	3745.44	3743.98	3742.86	3740.54	3733.62	3722.78	3739.42	3735.54	3742.22	3744.36	3759.06	3716.52	

*******************************************2025/07/27;02:19:56
Probe number 351
Concentration entered by User 2.02% (Compensated: 2.92% at temperature 31.7)
1298.94	1317.64	1329.38	1344.22	1360.16	1375.46	1393.24	1409.94	1429.92	1449.22	1472.44	1497.28	1525.74	1554.06	1575.34	1597.02	
1620.68	1660.08	1697.68	1747.34	1780.92	1817.38	1855.36	1897.50	1941.16	1982.98	2033.40	2089.22	2165.68	2237.34	2344.58	2500.36	
2699.62	3015.88	3300.34	3511.80	3631.16	3668.18	3677.74	3680.12	3681.04	3692.36	3698.78	3702.84	3692.18	3690.66	3695.12	3694.30	
3692.14	3721.54	3709.74	3713.98	3716.76	3719.86	3723.46	3719.18	3721.24	3724.90	3720.92	3721.18	3725.00	3720.46	3717.60	3729.54	
3732.62	3735.08	3734.10	3734.64	3724.90	3728.54	3723.68	3719.40	3728.68	3721.48	3732.42	3727.02	3734.34	3734.36	3733.82	3738.78	
3738.22	3742.06	3739.82	3736.36	3743.90	3744.88	3739.44	3746.14	3737.96	3747.66	3744.60	3743.76	3751.44	3751.22	3751.46	3755.88	
3755.50	3634.56	3707.72	3745.32	3745.32	3747.52	3749.64	3754.86	3750.40	3743.76	3749.98	3748.62	3751.72	3753.50	3748.68	3747.26	
3746.56	3736.02	3726.00	3728.08	3743.86	3741.60	3741.08	3738.98	3731.92	3720.70	3737.52	3733.68	3740.82	3742.68	3757.54	3714.92	

*******************************************2025/07/27;02:24:55
Probe number 352
Concentration entered by User 2.02% (Compensated: 2.91% at temperature 31.7)
1299.18	1317.50	1330.04	1344.06	1360.34	1374.34	1391.38	1408.42	1428.78	1447.82	1470.98	1496.08	1524.78	1553.64	1575.90	1596.14	
1618.60	1660.60	1694.90	1745.06	1779.92	1816.66	1853.18	1891.32	1938.66	1981.84	2028.68	2081.82	2159.08	2233.70	2347.56	2505.06	
2713.12	3015.66	3303.72	3505.58	3626.62	3661.48	3670.98	3674.36	3675.60	3687.32	3693.88	3697.66	3686.92	3685.40	3690.58	3689.04	
3686.56	3716.96	3704.78	3708.76	3711.76	3715.62	3718.80	3714.66	3716.64	3719.98	3716.42	3716.20	3720.06	3715.58	3712.68	3724.76	
3728.16	3730.64	3729.38	3730.12	3719.70	3724.06	3718.86	3714.12	3724.06	3716.32	3727.62	3722.30	3729.70	3729.40	3729.26	3734.28	
3733.90	3737.92	3735.36	3731.76	3739.52	3740.68	3735.10	3742.18	3733.78	3743.58	3740.44	3740.00	3747.78	3747.12	3747.76	3752.32	
3751.44	3627.86	3702.16	3741.30	3741.42	3743.58	3745.18	3750.60	3746.34	3739.40	3746.06	3744.66	3747.22	3749.72	3744.36	3742.92	
3742.36	3731.62	3721.48	3723.58	3739.72	3737.76	3736.74	3734.64	3727.04	3715.48	3733.16	3728.88	3736.46	3738.30	3753.50	3709.78	

*******************************************2025/07/27;02:29:56
Probe number 353
Concentration entered by User 2.00% (Compensated: 2.89% at temperature 31.7)
1300.56	1318.78	1331.98	1345.88	1362.44	1377.16	1394.64	1411.26	1432.08	1449.88	1473.44	1498.74	1528.00	1556.46	1577.72	1597.68	
1621.92	1664.24	1700.16	1750.12	1784.60	1821.04	1859.08	1898.36	1941.32	1985.94	2032.32	2087.40	2167.26	2230.22	2346.92	2502.46	
2712.54	3021.10	3307.98	3511.84	3632.06	3672.42	3680.42	3682.98	3684.98	3695.66	3701.80	3705.24	3694.86	3693.38	3698.10	3696.44	
3694.88	3723.50	3712.58	3715.72	3718.98	3722.40	3725.82	3721.42	3723.92	3727.12	3723.40	3723.58	3727.24	3722.68	3719.50	3731.42	
3734.56	3736.96	3735.58	3736.66	3726.84	3730.36	3725.82	3721.50	3730.90	3723.42	3733.96	3728.94	3736.22	3735.92	3735.44	3740.40	
3739.94	3744.02	3741.58	3738.52	3745.92	3746.76	3741.10	3747.98	3740.10	3749.08	3746.30	3745.66	3753.30	3752.68	3753.18	3757.66	
3756.90	3637.56	3709.50	3747.20	3747.08	3749.32	3751.20	3756.50	3752.38	3745.54	3751.68	3750.24	3752.98	3755.30	3750.22	3748.94	
3748.58	3737.92	3728.26	3729.84	3745.64	3743.64	3742.96	3740.64	3733.74	3722.92	3739.42	3735.48	3742.66	3744.34	3758.92	3716.66	

*******************************************2025/07/27;02:34:55
Probe number 354
Concentration entered by User 2.01% (Compensated: 2.90% at temperature 31.7)
1300.68	1318.96	1331.20	1346.02	1362.24	1377.08	1393.62	1410.94	1431.30	1449.88	1474.44	1498.90	1526.38	1554.82	1576.80	1598.50	
1622.10	1662.32	1700.32	1750.74	1785.84	1823.84	1856.96	1898.98	1943.80	1986.36	2030.98	2091.24	2169.62	2232.24	2350.22	2511.04	
2713.62	3016.72	3308.30	3510.02	3631.40	3669.18	3677.84	3681.10	3682.34	3693.64	3699.80	3703.56	3693.10	3691.52	3696.82	3695.14	
3693.06	3722.80	3711.02	3714.78	3717.44	3721.28	3723.96	3720.02	3722.06	3725.72	3721.94	3722.00	3725.62	3721.32	3718.48	3729.88	
3733.12	3735.80	3734.92	3735.24	3725.52	3729.04	3724.30	3720.14	3729.36	3721.92	3732.72	3727.78	3735.12	3734.90	3734.22	3739.06	
3738.82	3742.70	3740.14	3736.92	3744.68	3745.68	3739.70	3746.80	3738.74	3748.12	3745.18	3744.58	3752.14	3751.48	3752.20	3756.50	
3756.08	3635.86	3707.90	3745.92	3746.24	3748.20	3749.98	3755.20	3751.02	3744.38	3750.60	3749.28	3752.12	3754.02	3749.04	3747.68	
3747.16	3736.84	3726.80	3728.48	3744.40	3742.44	3741.92	3739.66	3732.40	3721.54	3738.50	3734.38	3741.66	3743.06	3758.04	3715.52	

*******************************************2025/07/27;02:39:55
Probe number 355
Concentration entered by User 1.99% (Compensated: 2.88% at temperature 31.7)
1300.38	1319.18	1331.82	1346.22	1362.78	1377.64	1394.56	1410.96	1431.84	1449.94	1472.16	1498.26	1527.32	1557.20	1577.42	1598.86	
1624.86	1666.12	1697.18	1749.84	1788.46	1822.52	1857.18	1893.32	1939.92	1983.24	2037.16	2088.18	2162.14	2233.82	2354.14	2512.70	
2712.34	3024.42	3309.12	3515.68	3632.92	3670.62	3678.04	3681.46	3682.88	3694.38	3700.14	3704.02	3693.52	3691.72	3696.66	3695.16	
3692.64	3722.42	3711.20	3714.80	3717.66	3721.02	3724.38	3719.94	3722.36	3725.74	3722.00	3721.84	3725.82	3721.38	3718.60	3729.98	
3732.82	3735.92	3734.56	3735.36	3725.40	3729.30	3724.08	3720.22	3729.60	3722.10	3732.70	3727.60	3734.92	3734.84	3734.24	3739.52	
3738.54	3742.68	3740.20	3737.04	3744.78	3745.44	3739.96	3746.80	3738.56	3748.08	3745.40	3744.68	3752.04	3751.70	3751.94	3756.40	
3756.00	3635.92	3708.24	3745.98	3746.08	3748.00	3749.98	3755.44	3751.14	3744.50	3750.66	3749.08	3751.94	3754.20	3749.26	3747.70	
3747.28	3736.70	3727.04	3729.12	3744.50	3742.78	3741.82	3739.56	3732.62	3721.10	3738.24	3734.60	3741.24	3743.40	3757.94	3715.58	

*******************************************2025/07/27;02:44:55
Probe number 356
Concentration entered by User 2.01% (Compensated: 2.90% at temperature 31.7)
1300.68	1319.50	1332.20	1345.90	1362.04	1377.44	1395.42	1410.98	1432.34	1451.24	1474.68	1499.14	1527.20	1556.30	1577.86	1600.22	
1624.44	1662.16	1694.16	1747.66	1787.54	1824.30	1858.58	1896.46	1937.46	1989.16	2034.38	2091.82	2169.94	2240.16	2353.26	2505.92	
2703.16	3018.12	3304.98	3515.92	3636.46	3670.72	3679.86	3682.78	3684.14	3695.48	3701.22	3705.20	3695.00	3693.02	3697.80	3697.14	
3694.56	3723.82	3712.48	3716.44	3719.18	3722.78	3725.54	3721.68	3723.68	3726.92	3723.76	3723.38	3727.30	3722.78	3720.08	3731.52	
3734.86	3737.18	3735.88	3736.66	3727.20	3730.58	3725.78	3721.58	3730.80	3723.36	3734.54	3729.14	3736.46	3735.92	3735.84	3740.70	
3740.34	3744.38	3741.82	3738.46	3745.92	3747.00	3741.16	3748.28	3740.04	3749.36	3746.46	3746.02	3753.52	3752.96	3753.26	3757.64	
3757.12	3638.06	3709.94	3747.34	3747.46	3749.44	3751.40	3756.20	3752.44	3746.14	3751.80	3750.28	3753.20	3755.62	3750.34	3749.12	
3748.46	3738.52	3728.52	3730.44	3745.72	3743.92	3743.00	3741.18	3734.12	3723.18	3739.94	3735.78	3742.90	3744.42	3759.16	3717.20	

*******************************************2025/07/27;02:49:55
Probe number 357
Concentration entered by User 2.02% (Compensated: 2.91% at temperature 31.7)
1299.60	1318.44	1330.98	1345.82	1361.32	1376.68	1394.14	1409.86	1430.28	1449.38	1473.12	1498.26	1526.24	1556.48	1575.90	1599.22	
1621.82	1664.74	1699.94	1749.70	1786.84	1820.34	1856.44	1895.36	1942.56	1988.68	2032.16	2090.18	2165.68	2235.42	2338.56	2501.76	
2699.88	3016.64	3303.40	3507.38	3629.86	3667.26	3675.86	3679.22	3680.60	3691.92	3697.96	3701.80	3691.48	3689.54	3694.80	3693.50	
3690.90	3720.60	3709.56	3713.16	3715.70	3719.14	3722.54	3718.20	3720.30	3724.02	3720.20	3720.44	3724.04	3719.28	3716.82	3728.68	
3731.42	3734.28	3733.18	3733.88	3723.80	3727.46	3722.54	3718.20	3727.54	3720.18	3731.10	3726.10	3733.36	3732.96	3732.86	3737.56	
3737.20	3741.32	3738.68	3735.36	3742.98	3743.92	3738.62	3745.50	3737.10	3746.76	3743.74	3743.32	3750.96	3750.06	3750.98	3755.32	
3754.86	3633.44	3706.16	3744.46	3744.90	3746.66	3748.88	3753.90	3749.62	3742.88	3749.26	3748.00	3750.70	3752.84	3747.88	3746.16	
3745.76	3735.36	3725.60	3727.32	3743.22	3741.00	3740.42	3738.28	3730.94	3719.84	3736.94	3733.06	3739.98	3741.76	3756.60	3713.90	

*******************************************2025/07/27;02:54:55
Probe number 358
Concentration entered by User 2.00% (Compensated: 2.89% at temperature 31.7)
1300.10	1317.92	1331.06	1345.14	1361.60	1375.92	1393.46	1409.52	1429.72	1449.44	1473.52	1497.94	1525.34	1555.84	1577.20	1598.62	
1621.16	1661.60	1696.20	1748.30	1787.68	1820.90	1856.16	1896.20	1943.94	1983.54	2039.74	2094.88	2167.90	2238.92	2354.38	2504.58	
2706.38	3025.80	3309.86	3513.04	3632.82	3669.76	3677.78	3681.16	3682.28	3693.42	3699.48	3703.26	3692.66	3691.22	3696.00	3694.66	
3693.10	3721.86	3710.64	3714.30	3717.26	3720.82	3724.22	3719.90	3722.32	3725.52	3721.94	3721.84	3725.76	3720.86	3718.22	3729.88	
3733.06	3735.80	3734.72	3735.28	3725.34	3728.86	3724.16	3719.84	3729.26	3721.82	3732.82	3727.74	3734.68	3734.60	3734.10	3739.20	
3738.78	3742.48	3740.26	3736.74	3744.56	3745.42	3739.78	3746.76	3738.50	3748.24	3744.80	3744.54	3752.04	3751.58	3752.32	3756.42	
3755.96	3635.62	3708.02	3745.74	3746.28	3747.86	3750.02	3754.90	3751.06	3744.42	3750.78	3749.14	3752.00	3754.18	3749.06	3747.56	
3747.30	3736.68	3727.16	3728.78	3744.38	3742.58	3741.70	3739.70	3732.74	3721.44	3738.30	3734.48	3741.60	3742.90	3758.14	3715.56	

*******************************************2025/07/27;02:59:56
Probe number 359
Concentration entered by User 1.97% (Compensated: 2.86% at temperature 31.7)
1301.38	1319.82	1332.26	1346.84	1362.68	1377.26	1394.74	1411.70	1432.50	1450.82	1475.20	1498.82	1526.76	1556.30	1577.18	1600.20	
1621.34	1663.94	1700.62	1752.80	1787.98	1825.22	1861.12	1902.02	1944.20	1985.44	2039.02	2094.80	2165.56	2238.20	2360.10	2513.12	
2705.20	3020.08	3320.16	3523.02	3639.36	3675.54	3683.12	3685.40	3686.18	3697.76	3703.84	3707.40	3697.42	3695.48	3700.92	3699.08	
3696.70	3725.90	3714.46	3718.42	3721.26	3724.60	3727.50	3723.30	3725.82	3728.82	3725.82	3725.68	3728.94	3724.42	3721.68	3733.04	
3736.18	3739.04	3737.70	3738.36	3728.64	3732.24	3727.58	3723.34	3732.56	3725.20	3736.16	3731.04	3738.04	3737.80	3737.54	3742.28	
3741.72	3745.64	3743.36	3739.78	3747.58	3748.76	3743.02	3749.82	3741.92	3751.12	3748.12	3747.60	3754.74	3754.38	3754.78	3759.22	
3758.72	3640.48	3712.22	3749.12	3749.22	3751.14	3752.90	3758.04	3753.98	3747.58	3753.60	3752.10	3754.68	3757.06	3752.04	3750.78	
3750.22	3739.96	3730.08	3732.08	3747.50	3745.62	3744.66	3742.54	3735.88	3725.02	3741.34	3737.48	3744.56	3745.94	3760.56	3719.20	

*******************************************2025/07/27;03:04:55
Probe number 360
Concentration entered by User 2.01% (Compensated: 2.90% at temperature 31.7)
1298.48	1317.16	1330.02	1344.60	1361.36	1376.00	1392.24	1408.44	1430.16	1449.76	1471.60	1496.26	1525.20	1553.82	1576.56	1597.58	
1621.82	1662.44	1697.12	1749.76	1784.88	1819.62	1856.48	1899.90	1938.08	1984.66	2032.44	2087.76	2168.76	2234.74	2351.72	2507.00	
2697.44	3008.76	3308.20	3518.24	3632.52	3669.84	3677.88	3681.00	3681.90	3693.40	3699.12	3703.36	3693.14	3691.14	3696.30	3695.24	
3692.84	3722.22	3710.32	3714.52	3717.34	3720.96	3724.12	3720.00	3721.70	3725.58	3721.54	3722.10	3725.50	3721.24	3718.20	3730.20	
3732.94	3735.80	3734.68	3735.14	3725.16	3729.02	3724.26	3719.88	3729.42	3721.60	3732.60	3727.48	3734.58	3734.96	3734.40	3739.24	
3738.66	3742.56	3740.06	3736.82	3744.52	3745.58	3739.66	3747.08	3738.46	3748.16	3744.92	3744.38	3752.16	3751.44	3752.04	3756.66	
3756.10	3635.88	3708.06	3746.00	3746.28	3747.96	3750.14	3755.06	3751.10	3744.46	3750.74	3749.04	3752.06	3753.98	3749.30	3747.56	
3747.40	3736.62	3727.02	3728.56	3744.64	3742.46	3741.80	3739.74	3732.64	3721.48	3738.32	3734.44	3741.68	3743.06	3758.02	3715.94	

*******************************************2025/07/27;03:09:55
Probe number 361
Concentration entered by User 2.00% (Compensated: 2.89% at temperature 31.6)
1299.54	1318.42	1331.34	1345.40	1361.38	1376.26	1393.48	1408.96	1431.30	1450.52	1473.98	1498.38	1525.92	1555.08	1575.82	1598.02	
1624.06	1662.70	1697.36	1749.10	1786.10	1817.42	1856.94	1900.78	1938.62	1985.60	2028.70	2089.54	2163.38	2238.84	2354.66	2505.74	
2712.74	3021.34	3305.12	3517.96	3635.44	3671.06	3678.14	3681.10	3683.16	3694.40	3699.46	3703.90	3693.26	3691.88	3696.92	3695.80	
3692.92	3722.62	3710.74	3714.90	3717.62	3721.12	3724.28	3719.90	3722.04	3725.60	3722.06	3721.84	3725.86	3721.30	3718.32	3730.28	
3733.34	3735.88	3734.70	3735.48	3725.50	3729.28	3724.30	3719.98	3729.38	3721.90	3732.72	3727.74	3734.84	3734.66	3734.38	3739.24	
3739.10	3742.80	3740.42	3737.12	3745.00	3746.00	3740.34	3747.06	3739.06	3748.54	3745.38	3744.78	3752.38	3751.66	3752.14	3756.50	
3756.14	3636.14	3708.28	3746.24	3746.42	3748.34	3750.34	3755.52	3751.12	3744.78	3750.86	3749.60	3752.16	3754.40	3749.32	3748.08	
3747.40	3737.06	3727.32	3729.44	3744.96	3743.10	3742.00	3739.90	3732.92	3721.76	3738.52	3734.72	3741.62	3743.40	3758.06	3715.90	

*******************************************2025/07/27;03:14:55
Probe number 362
Concentration entered by User 2.02% (Compensated: 2.90% at temperature 31.6)
1300.54	1318.32	1331.28	1345.54	1361.32	1376.70	1393.08	1409.36	1429.70	1448.66	1472.28	1497.90	1525.68	1554.52	1577.44	1601.20	
1623.48	1661.82	1698.64	1750.60	1784.64	1818.08	1853.82	1894.58	1938.60	1983.90	2031.24	2089.16	2167.22	2242.36	2353.18	2508.02	
2704.84	3006.48	3306.36	3516.74	3632.48	3667.14	3676.50	3679.18	3680.94	3692.40	3697.90	3702.16	3691.54	3690.04	3695.12	3693.46	
3691.22	3720.80	3708.94	3713.46	3715.98	3719.36	3722.86	3718.58	3720.68	3724.02	3720.30	3720.74	3724.26	3720.02	3717.28	3729.02	
3731.86	3734.70	3733.28	3734.18	3724.20	3727.98	3723.06	3718.74	3728.04	3720.46	3731.62	3726.38	3733.96	3733.56	3733.30	3737.74	
3737.64	3741.88	3739.02	3735.72	3743.50	3744.38	3738.58	3745.80	3737.56	3747.28	3744.02	3743.30	3751.32	3750.62	3751.18	3755.46	
3755.14	3634.26	3706.84	3745.16	3745.32	3747.40	3748.96	3754.44	3749.96	3743.26	3749.82	3748.32	3751.12	3753.16	3748.22	3746.72	
3746.32	3735.66	3725.94	3727.58	3743.50	3741.66	3740.78	3738.74	3731.42	3720.50	3737.38	3733.42	3740.38	3742.40	3756.86	3714.58	

*******************************************2025/07/27;03:19:55
Probe number 363
Concentration entered by User 2.00% (Compensated: 2.89% at temperature 31.6)
1300.38	1318.62	1331.20	1345.16	1361.26	1376.66	1393.46	1409.58	1431.16	1449.20	1472.78	1498.10	1525.80	1555.48	1575.16	1598.42	
1622.70	1662.46	1696.40	1750.60	1785.24	1819.24	1857.90	1898.42	1938.18	1985.52	2032.56	2083.22	2159.14	2231.92	2344.70	2505.42	
2710.78	3013.46	3308.86	3517.60	3634.08	3669.04	3677.74	3680.68	3681.80	3692.94	3699.08	3702.80	3692.24	3691.20	3695.56	3694.04	
3691.56	3720.88	3709.78	3713.76	3716.18	3719.52	3723.12	3718.64	3720.90	3724.34	3720.50	3720.84	3724.24	3720.36	3717.22	3728.84	
3731.70	3734.92	3733.72	3734.26	3724.26	3727.96	3723.08	3718.82	3727.94	3720.74	3731.70	3726.68	3733.64	3733.66	3733.06	3737.98	
3737.68	3741.72	3739.16	3735.64	3743.54	3744.54	3738.90	3745.96	3737.46	3747.06	3744.12	3743.64	3751.24	3750.56	3751.00	3755.54	
3755.16	3634.58	3707.28	3745.14	3745.26	3747.12	3749.26	3754.36	3749.96	3743.42	3749.84	3748.38	3750.88	3753.28	3748.06	3746.76	
3746.44	3735.84	3726.30	3727.86	3743.46	3741.70	3740.76	3738.96	3731.36	3720.46	3737.30	3733.32	3740.60	3742.32	3756.98	3714.48	

*******************************************2025/07/27;03:24:56
Probe number 364
Concentration entered by User 2.02% (Compensated: 2.91% at temperature 31.6)
1300.38	1318.84	1331.60	1346.00	1362.06	1377.40	1394.24	1410.86	1431.22	1450.56	1474.34	1498.66	1525.22	1555.46	1576.72	1599.94	
1623.60	1664.12	1697.72	1752.32	1787.72	1820.90	1860.26	1900.88	1941.86	1986.38	2034.90	2089.78	2161.66	2233.64	2350.62	2500.60	
2704.76	3008.50	3302.58	3514.38	3634.30	3669.14	3679.76	3682.62	3683.98	3694.60	3700.78	3704.30	3694.16	3692.44	3696.52	3695.38	
3693.56	3722.54	3711.38	3715.18	3717.96	3721.78	3724.84	3720.44	3722.68	3726.02	3722.24	3722.34	3725.90	3721.48	3718.72	3730.28	
3733.40	3736.14	3734.88	3735.76	3725.88	3729.50	3724.96	3720.20	3729.48	3722.46	3733.10	3728.28	3735.34	3734.98	3734.42	3739.40	
3739.16	3743.06	3740.72	3737.38	3744.94	3745.96	3740.42	3747.54	3739.10	3748.54	3745.40	3745.02	3752.78	3751.82	3752.50	3756.98	
3756.42	3636.42	3708.56	3746.66	3746.74	3748.74	3750.42	3755.72	3751.60	3745.26	3751.26	3749.70	3752.34	3754.86	3749.44	3748.24	
3747.86	3737.30	3727.42	3729.46	3745.10	3743.10	3742.38	3740.30	3733.62	3721.88	3738.74	3734.90	3741.78	3743.54	3758.52	3716.20	

*******************************************2025/07/27;03:29:56
Probe number 365
Concentration entered by User 2.05% (Compensated: 2.93% at temperature 31.6)
1299.56	1317.60	1330.72	1345.12	1361.24	1375.66	1393.32	1409.80	1430.78	1449.06	1473.98	1497.62	1524.50	1553.38	1577.34	1600.66	
1623.44	1663.06	1697.12	1751.48	1784.12	1818.00	1856.04	1897.98	1944.90	1987.52	2036.92	2091.38	2168.80	2229.30	2347.58	2498.46	
2695.54	2999.10	3296.66	3507.72	3632.40	3667.28	3677.00	3679.86	3680.86	3692.18	3698.48	3702.56	3691.60	3690.52	3695.12	3693.56	
3691.32	3720.70	3709.12	3713.08	3715.86	3719.32	3722.92	3718.10	3720.90	3724.10	3720.36	3720.54	3724.18	3719.84	3716.94	3728.88	
3731.72	3734.50	3733.24	3734.18	3724.16	3727.68	3723.08	3718.50	3727.74	3720.36	3731.42	3726.18	3733.66	3733.40	3733.06	3737.84	
3737.60	3741.28	3739.24	3735.58	3743.66	3744.44	3738.52	3745.84	3737.40	3746.92	3743.96	3743.26	3751.14	3750.68	3751.00	3755.36	
3755.08	3634.24	3706.64	3744.84	3745.10	3747.30	3749.20	3754.48	3749.86	3743.28	3749.70	3748.24	3751.00	3753.12	3747.96	3746.84	
3746.12	3735.58	3725.94	3727.66	3743.42	3741.68	3740.78	3738.62	3731.36	3720.34	3737.20	3733.28	3740.74	3742.30	3757.14	3714.46	

*******************************************2025/07/27;03:34:55
Probe number 366
Concentration entered by User 2.01% (Compensated: 2.90% at temperature 31.7)
1299.78	1318.46	1331.18	1344.94	1361.52	1376.84	1394.34	1410.78	1430.92	1449.70	1473.72	1500.34	1526.88	1556.06	1577.92	1599.92	
1623.88	1663.74	1697.26	1751.58	1788.40	1822.14	1860.26	1899.86	1944.36	1985.76	2031.22	2091.06	2167.52	2232.96	2346.38	2506.82	
2707.28	3009.24	3305.80	3514.26	3635.96	3671.06	3679.06	3681.84	3683.70	3694.62	3700.88	3704.68	3694.20	3692.74	3697.22	3695.44	
3693.62	3722.90	3711.14	3715.26	3718.30	3721.56	3724.44	3720.56	3722.70	3725.66	3722.74	3722.80	3726.26	3721.56	3719.12	3730.42	
3733.78	3736.48	3734.88	3735.84	3725.92	3729.58	3724.86	3720.50	3730.20	3722.64	3733.24	3728.30	3735.36	3735.52	3734.64	3739.64	
3739.42	3742.74	3740.74	3737.32	3745.04	3746.08	3740.32	3747.36	3739.44	3748.76	3745.92	3745.16	3752.42	3752.28	3752.76	3756.94	
3756.30	3636.82	3708.92	3746.54	3746.74	3748.90	3750.78	3755.58	3751.72	3744.94	3751.32	3749.84	3752.40	3754.90	3749.58	3748.40	
3748.00	3737.68	3727.64	3729.34	3745.34	3743.40	3742.62	3740.08	3733.36	3722.02	3738.98	3735.28	3742.48	3743.68	3758.56	3716.48	

*******************************************2025/07/27;03:39:55
Probe number 367
Concentration entered by User 2.01% (Compensated: 2.90% at temperature 31.6)
1299.10	1318.26	1330.34	1345.06	1361.70	1376.16	1394.14	1410.26	1431.42	1450.74	1474.78	1499.24	1525.70	1554.60	1577.56	1599.94	
1623.46	1664.00	1698.36	1749.60	1784.10	1818.32	1853.64	1896.08	1939.90	1986.68	2034.98	2086.04	2160.84	2233.78	2354.50	2505.94	
2703.90	3016.72	3303.88	3514.08	3634.66	3669.78	3678.84	3681.60	3682.84	3694.02	3700.50	3704.66	3694.30	3692.52	3697.22	3695.78	
3693.60	3722.84	3711.38	3715.60	3718.36	3721.82	3724.82	3720.04	3722.68	3726.26	3722.68	3722.34	3726.00	3721.46	3719.14	3730.64	
3733.72	3736.42	3735.06	3735.76	3726.08	3729.80	3724.86	3720.24	3729.90	3722.30	3733.26	3728.18	3735.28	3735.16	3734.68	3739.74	
3739.22	3743.08	3740.60	3737.40	3745.18	3746.30	3740.44	3747.46	3739.24	3748.78	3745.56	3745.00	3752.60	3751.90	3752.64	3756.94	
3756.46	3636.82	3708.74	3746.66	3746.74	3748.94	3750.70	3755.68	3751.66	3744.88	3751.20	3749.60	3752.52	3754.58	3749.62	3748.38	
3747.72	3737.18	3727.66	3729.40	3745.32	3743.40	3742.40	3740.30	3733.28	3722.28	3738.92	3734.98	3742.40	3743.94	3758.30	3716.60	

*******************************************2025/07/27;03:44:56
Probe number 368
Concentration entered by User 2.00% (Compensated: 2.89% at temperature 31.6)
1300.68	1319.16	1332.48	1345.78	1362.10	1377.40	1394.34	1410.78	1432.04	1450.98	1474.98	1498.78	1527.06	1556.20	1577.08	1599.40	
1623.18	1663.90	1698.22	1750.90	1789.22	1820.82	1855.28	1899.20	1943.94	1985.96	2033.26	2089.46	2169.86	2232.86	2357.32	2508.50	
2701.78	3014.80	3312.44	3513.70	3636.02	3672.08	3681.46	3683.62	3685.32	3696.16	3702.88	3706.10	3695.98	3694.34	3699.12	3697.90	
3695.92	3724.64	3713.58	3716.88	3719.72	3723.46	3726.32	3722.10	3724.38	3727.84	3724.34	3724.20	3727.80	3723.38	3720.48	3732.20	
3734.98	3738.10	3736.68	3737.42	3727.50	3731.20	3726.84	3722.30	3731.34	3724.26	3734.64	3729.86	3737.16	3736.78	3736.58	3741.16	
3740.64	3744.80	3742.52	3739.10	3746.62	3747.22	3742.14	3749.00	3740.66	3750.22	3747.30	3746.70	3754.02	3753.48	3754.10	3758.34	
3757.78	3638.88	3710.86	3748.10	3748.12	3750.38	3752.18	3757.18	3752.90	3746.60	3752.84	3751.16	3754.42	3756.00	3751.12	3749.80	
3749.34	3738.88	3729.42	3731.38	3746.74	3744.76	3744.04	3741.84	3734.70	3723.76	3740.48	3736.54	3743.72	3745.42	3759.90	3718.24	

*******************************************2025/07/27;03:49:55
Probe number 369
Concentration entered by User 2.01% (Compensated: 2.89% at temperature 31.6)
1299.88	1318.88	1331.38	1345.76	1361.98	1377.34	1394.52	1410.50	1431.22	1450.20	1474.44	1499.00	1525.84	1555.44	1577.14	1598.70	
1623.20	1662.78	1696.58	1749.46	1784.36	1820.10	1857.28	1898.34	1940.62	1988.96	2032.96	2090.28	2169.48	2240.58	2355.90	2507.90	
2704.06	3011.32	3308.76	3516.36	3635.80	3670.96	3680.26	3682.50	3684.08	3694.82	3700.80	3704.42	3693.92	3692.50	3697.34	3695.90	
3694.04	3723.10	3711.56	3715.54	3718.60	3721.84	3724.76	3720.40	3722.74	3726.32	3722.70	3722.90	3726.44	3722.00	3719.08	3730.84	
3733.52	3736.76	3735.32	3736.12	3726.14	3729.92	3724.88	3720.70	3729.86	3722.68	3733.14	3728.46	3735.58	3735.72	3734.98	3739.90	
3739.24	3743.38	3741.02	3737.82	3745.06	3746.54	3740.70	3747.56	3739.36	3749.14	3745.74	3745.36	3752.72	3752.14	3752.64	3757.18	
3756.42	3637.08	3708.78	3746.36	3746.68	3749.12	3750.82	3756.00	3751.68	3745.38	3751.64	3750.06	3752.38	3755.00	3750.18	3748.86	
3748.12	3737.84	3727.82	3730.00	3745.68	3743.70	3742.78	3740.36	3733.36	3722.30	3739.24	3735.48	3742.32	3743.90	3758.66	3716.64	

*******************************************2025/07/27;03:54:55
Probe number 370
Concentration entered by User 2.02% (Compensated: 2.91% at temperature 31.6)
1300.68	1318.72	1331.76	1345.52	1362.08	1377.10	1393.82	1410.48	1431.54	1451.32	1474.62	1499.60	1527.64	1556.56	1580.62	1600.92	
1621.48	1663.12	1697.26	1748.88	1784.60	1816.40	1857.40	1901.00	1941.80	1986.82	2032.60	2087.48	2167.54	2239.70	2360.86	2503.06	
2693.62	3015.42	3304.30	3514.96	3633.08	3670.46	3679.46	3682.16	3683.62	3694.60	3700.72	3704.82	3694.50	3693.02	3697.40	3696.12	
3693.96	3722.80	3711.68	3715.78	3718.18	3722.12	3725.06	3720.82	3723.02	3726.10	3722.68	3723.12	3726.62	3722.10	3719.20	3730.78	
3733.82	3736.48	3735.32	3736.26	3726.34	3730.00	3725.02	3720.56	3730.22	3722.88	3733.56	3728.34	3735.68	3735.58	3735.16	3739.64	
3739.64	3743.24	3740.84	3737.82	3745.36	3746.44	3740.82	3747.58	3739.44	3748.64	3745.94	3745.38	3752.90	3752.38	3752.92	3757.32	
3756.70	3637.64	3709.56	3747.02	3746.94	3749.22	3751.00	3756.14	3751.86	3745.32	3751.56	3750.18	3752.88	3755.08	3750.10	3748.44	
3748.18	3738.00	3728.22	3729.84	3745.76	3743.68	3742.82	3740.44	3733.54	3722.74	3739.46	3735.62	3742.66	3744.10	3758.90	3716.88	

*******************************************2025/07/27;03:59:55
Probe number 371
Concentration entered by User 2.07% (Compensated: 2.95% at temperature 31.6)
1299.58	1316.84	1329.44	1343.84	1360.24	1375.00	1391.84	1408.80	1428.98	1447.70	1472.80	1497.56	1524.86	1552.84	1573.90	1597.68	
1620.22	1660.64	1696.46	1748.54	1787.20	1822.18	1851.70	1896.94	1942.78	1985.24	2031.84	2085.62	2159.54	2231.02	2347.54	2490.84	
2683.02	2999.26	3293.80	3504.44	3624.42	3660.94	3670.40	3674.28	3675.84	3686.62	3692.82	3697.04	3685.88	3684.26	3689.24	3687.84	
3685.78	3715.76	3703.88	3708.22	3710.88	3714.54	3718.02	3713.18	3715.76	3719.36	3715.74	3715.62	3719.24	3714.66	3712.08	3723.72	
3726.82	3730.12	3728.98	3729.32	3719.26	3723.16	3718.18	3713.40	3723.42	3715.52	3726.84	3721.38	3728.86	3728.90	3728.56	3733.26	
3733.30	3737.06	3734.36	3730.88	3738.92	3740.34	3734.26	3741.58	3732.88	3743.02	3739.60	3738.64	3746.92	3746.30	3747.16	3751.48	
3751.04	3627.48	3701.52	3740.76	3741.04	3743.18	3745.20	3750.60	3746.08	3739.18	3745.72	3744.12	3747.04	3749.16	3744.26	3742.76	
3742.08	3731.28	3720.94	3723.24	3739.46	3737.34	3736.58	3734.30	3726.96	3715.12	3732.70	3729.08	3736.30	3738.04	3753.30	3709.10	

*******************************************2025/07/27;04:00:03
Probe number 372
Concentration entered by User 2.02% (Compensated: 2.90% at temperature 31.6)
1300.28	1319.20	1331.84	1346.02	1362.24	1376.66	1394.38	1411.06	1431.68	1449.92	1474.46	1499.04	1528.12	1555.56	1576.30	1599.06	
1621.14	1662.48	1697.58	1750.42	1785.96	1821.28	1857.80	1903.58	1946.78	1987.60	2034.68	2092.74	2164.46	2236.58	2348.82	2501.26	
2697.80	3012.12	3306.20	3514.24	3634.42	3668.94	3677.66	3681.38	3682.20	3693.18	3699.48	3703.20	3692.80	3691.08	3696.02	3695.12	
3692.72	3721.96	3709.84	3714.04	3717.00	3720.50	3723.98	3719.28	3721.74	3725.22	3721.66	3721.84	3725.36	3720.82	3717.80	3729.40	
3732.44	3735.46	3734.24	3734.78	3724.76	3728.62	3723.80	3719.36	3728.68	3721.54	3732.20	3727.18	3734.56	3734.38	3733.82	3738.64	
3738.46	3742.26	3739.82	3736.64	3744.00	3745.10	3739.60	3746.44	3738.46	3747.94	3744.56	3744.18	3751.74	3751.30	3751.74	3756.28	
3755.74	3635.56	3708.24	3745.72	3745.98	3748.08	3750.00	3755.12	3750.82	3744.36	3750.50	3748.90	3751.88	3754.22	3748.98	3747.56	
3747.18	3736.68	3726.80	3728.80	3744.48	3742.68	3741.50	3739.20	3732.42	3721.24	3738.16	3734.42	3741.40	3743.22	3758.00	3715.20	

*******************************************2025/07/27;04:04:55
Probe number 373
Concentration entered by User 2.05% (Compensated: 2.94% at temperature 31.6)
1298.70	1317.44	1330.20	1343.76	1360.18	1375.52	1393.08	1409.68	1431.06	1449.40	1473.72	1496.24	1524.78	1553.02	1575.66	1597.02	
1619.98	1659.62	1694.08	1749.74	1785.84	1821.82	1854.48	1894.30	1939.14	1982.42	2030.20	2091.54	2160.42	2237.26	2347.40	2492.68	
2690.10	2995.66	3296.44	3510.12	3627.38	3662.58	3672.34	3675.10	3676.42	3687.92	3694.20	3698.74	3687.50	3685.84	3690.84	3689.38	
3687.00	3717.18	3705.32	3709.54	3712.64	3715.94	3719.62	3714.78	3717.44	3720.86	3716.82	3717.00	3721.04	3716.58	3713.58	3725.28	
3728.66	3731.50	3729.92	3730.74	3720.74	3724.56	3719.54	3714.88	3724.64	3716.86	3728.34	3722.90	3730.54	3730.74	3729.44	3734.94	
3734.48	3738.84	3736.14	3732.50	3740.62	3741.62	3735.98	3743.04	3734.52	3744.38	3741.04	3740.60	3748.42	3747.66	3748.24	3752.78	
3752.34	3629.64	3703.30	3742.12	3742.18	3744.54	3746.36	3751.72	3747.46	3740.48	3747.16	3745.14	3748.14	3750.68	3745.38	3743.88	
3743.44	3732.58	3722.70	3724.56	3740.68	3738.54	3737.68	3735.64	3728.60	3716.64	3734.16	3730.26	3737.70	3739.30	3754.52	3711.04	

*******************************************2025/07/27;04:09:55
Probe number 374
Concentration entered by User 2.05% (Compensated: 2.94% at temperature 31.6)
1300.62	1319.14	1331.82	1345.68	1362.32	1377.56	1395.18	1411.64	1433.02	1451.82	1475.04	1499.72	1528.12	1557.68	1578.28	1600.14	
1624.50	1663.44	1699.34	1752.46	1789.10	1822.06	1859.02	1897.66	1942.78	1992.30	2037.86	2091.66	2163.88	2234.74	2355.26	2500.34	
2693.54	2987.26	3294.34	3517.12	3634.86	3669.54	3678.60	3681.78	3682.78	3694.32	3700.44	3705.18	3694.30	3692.54	3697.32	3696.24	
3693.86	3723.00	3711.44	3715.40	3718.32	3721.86	3725.46	3720.78	3723.08	3726.42	3722.84	3723.20	3726.54	3722.12	3719.56	3730.74	
3733.80	3736.84	3735.36	3736.46	3726.70	3729.96	3725.06	3721.02	3730.20	3722.88	3733.54	3728.44	3735.80	3735.62	3735.02	3740.12	
3739.64	3743.46	3741.22	3738.06	3745.44	3746.36	3740.94	3747.72	3739.66	3749.28	3746.10	3745.72	3752.96	3752.32	3752.84	3757.04	
3756.80	3637.26	3709.52	3746.80	3747.16	3749.10	3750.86	3755.92	3752.10	3745.46	3751.58	3750.10	3753.06	3755.40	3750.40	3748.90	
3748.46	3738.00	3728.10	3729.98	3745.70	3743.76	3742.98	3740.78	3733.84	3722.40	3739.68	3735.40	3742.68	3743.96	3759.08	3717.08	

*******************************************2025/07/27;04:14:56
Probe number 375
Concentration entered by User 2.04% (Compensated: 2.92% at temperature 31.6)
1301.10	1318.92	1332.18	1346.08	1362.80	1377.40	1394.38	1411.30	1432.16	1450.18	1474.76	1499.98	1528.32	1558.32	1579.52	1601.40	
1625.18	1665.50	1700.10	1753.32	1790.08	1821.46	1859.34	1899.86	1943.86	1985.56	2035.54	2088.10	2162.24	2234.20	2352.34	2505.74	
2701.30	2991.74	3300.74	3517.60	3632.54	3668.84	3678.24	3680.98	3682.06	3693.74	3699.36	3703.60	3692.66	3690.94	3695.68	3694.30	
3692.12	3721.58	3710.10	3714.28	3716.74	3720.54	3723.70	3719.32	3721.92	3725.22	3721.20	3721.40	3725.40	3720.82	3718.04	3729.54	
3732.74	3735.34	3733.88	3735.00	3725.02	3728.28	3723.92	3719.46	3728.72	3721.50	3732.14	3727.02	3734.48	3734.30	3733.84	3738.84	
3738.62	3742.30	3739.84	3736.62	3744.50	3745.42	3739.82	3746.78	3738.28	3748.04	3744.82	3744.10	3751.72	3751.32	3751.84	3756.18	
3755.82	3635.44	3708.00	3745.66	3745.80	3747.84	3749.84	3754.86	3750.86	3744.34	3750.62	3749.06	3751.76	3754.12	3748.74	3747.54	
3747.12	3736.80	3726.98	3728.70	3744.72	3742.78	3741.42	3739.38	3732.68	3721.22	3738.24	3734.28	3741.16	3743.16	3758.20	3715.44	

*******************************************2025/07/27;04:19:55
Probe number 376
Concentration entered by User 2.06% (Compensated: 2.94% at temperature 31.6)
1300.40	1318.26	1330.28	1344.50	1360.84	1376.42	1393.48	1410.74	1431.40	1449.28	1473.38	1498.56	1526.56	1554.16	1575.72	1597.60	
1621.90	1662.50	1697.02	1749.04	1784.40	1818.18	1854.10	1898.68	1941.46	1987.28	2033.60	2086.36	2162.28	2232.82	2339.72	2489.16	
2681.28	3005.44	3293.36	3506.74	3625.38	3663.48	3671.66	3675.02	3676.12	3687.14	3692.60	3697.34	3686.18	3684.60	3689.64	3688.10	
3685.76	3716.30	3704.22	3708.38	3711.32	3714.88	3718.46	3714.00	3716.34	3719.70	3716.02	3716.22	3720.04	3715.52	3712.48	3724.36	
3727.38	3730.52	3729.18	3730.02	3719.56	3723.22	3718.72	3714.02	3723.84	3715.82	3727.18	3722.06	3729.38	3729.50	3729.24	3733.92	
3733.52	3737.66	3735.10	3731.68	3739.48	3740.72	3734.96	3742.12	3733.34	3743.54	3740.36	3739.30	3747.74	3746.78	3747.40	3751.96	
3751.64	3628.22	3702.14	3740.98	3741.28	3743.48	3745.70	3750.88	3746.98	3739.34	3746.02	3744.58	3747.48	3749.90	3744.50	3743.10	
3742.52	3731.90	3721.58	3723.34	3740.10	3737.66	3736.90	3734.64	3727.64	3715.72	3733.34	3729.28	3736.54	3738.44	3753.98	3709.80	

*******************************************2025/07/27;04:24:55
Probe number 377
Concentration entered by User 2.04% (Compensated: 2.92% at temperature 31.6)
1300.06	1318.12	1330.76	1345.26	1362.30	1377.74	1394.98	1410.32	1429.84	1450.04	1474.84	1500.06	1526.20	1554.46	1575.50	1598.10	
1620.90	1660.32	1695.48	1746.54	1784.08	1819.34	1852.68	1899.22	1942.86	1985.42	2035.66	2090.20	2164.16	2234.62	2347.26	2500.64	
2696.90	2998.94	3303.14	3511.46	3629.26	3664.00	3672.50	3676.50	3677.50	3689.48	3695.62	3700.06	3688.84	3686.70	3691.32	3690.22	
3687.96	3717.62	3706.04	3709.96	3712.76	3716.66	3720.02	3715.28	3717.70	3721.36	3717.84	3717.98	3721.70	3717.06	3714.08	3726.04	
3729.26	3731.78	3730.58	3731.46	3721.50	3725.32	3720.36	3715.60	3725.68	3717.72	3728.48	3723.56	3731.10	3731.08	3730.50	3735.50	
3735.10	3738.92	3736.46	3733.22	3740.92	3742.10	3736.38	3743.42	3734.84	3744.74	3741.40	3740.86	3748.70	3748.30	3748.94	3753.22	
3752.86	3630.62	3703.50	3742.52	3742.84	3744.94	3746.84	3752.48	3748.10	3741.20	3747.70	3746.10	3749.08	3751.10	3746.04	3744.60	
3744.10	3733.54	3723.24	3725.12	3741.36	3739.20	3738.40	3736.28	3729.00	3717.46	3734.88	3730.88	3738.46	3739.98	3755.16	3711.64	

*******************************************2025/07/27;04:29:55
Probe number 378
Concentration entered by User 2.02% (Compensated: 2.90% at temperature 31.6)
1300.74	1319.12	1331.66	1345.72	1362.34	1377.34	1394.24	1410.56	1431.82	1451.30	1474.88	1499.28	1527.84	1556.64	1577.80	1599.28	
1621.18	1661.96	1699.46	1750.36	1786.68	1822.74	1858.84	1903.36	1945.88	1987.74	2035.72	2093.98	2167.00	2235.56	2350.00	2492.68	
2692.68	3009.04	3311.24	3511.84	3629.84	3669.84	3679.28	3682.58	3683.70	3694.64	3700.88	3704.80	3694.18	3692.44	3697.08	3695.88	
3693.80	3722.70	3711.08	3715.26	3717.92	3721.82	3724.86	3720.72	3722.78	3726.28	3722.64	3722.96	3726.28	3721.92	3718.90	3730.80	
3733.86	3736.62	3735.24	3735.90	3726.48	3730.12	3725.18	3720.62	3729.84	3722.56	3733.42	3728.30	3735.82	3735.82	3735.20	3740.02	
3739.52	3743.18	3740.70	3737.66	3745.54	3746.30	3740.88	3747.70	3739.52	3749.16	3745.72	3745.32	3752.56	3752.24	3753.36	3757.40	
3756.62	3637.50	3708.94	3746.98	3746.90	3749.18	3750.90	3756.04	3751.94	3745.52	3751.66	3750.36	3752.86	3755.18	3750.18	3749.00	
3748.22	3737.88	3728.40	3729.86	3745.86	3743.56	3742.82	3740.58	3733.90	3722.30	3739.42	3735.26	3742.82	3744.32	3758.92	3716.88	

*******************************************2025/07/27;04:34:55
Probe number 379
Concentration entered by User 2.06% (Compensated: 2.94% at temperature 31.6)
1300.72	1318.40	1331.78	1346.46	1363.18	1378.66	1395.36	1411.34	1431.62	1450.30	1474.64	1499.94	1527.40	1554.78	1577.02	1600.16	
1623.64	1663.74	1698.90	1750.64	1784.96	1818.60	1856.38	1900.58	1941.18	1984.86	2030.42	2086.38	2164.52	2230.18	2346.64	2502.78	
2685.94	2993.54	3299.72	3504.12	3627.28	3666.18	3674.92	3677.84	3679.34	3689.92	3696.50	3701.22	3690.38	3688.62	3693.02	3692.20	
3690.00	3719.52	3707.72	3711.96	3714.64	3718.32	3721.62	3717.54	3719.68	3723.08	3718.96	3719.62	3723.26	3718.56	3715.92	3727.64	
3730.76	3733.44	3732.08	3732.94	3723.00	3726.72	3721.66	3717.12	3727.12	3719.14	3730.42	3725.02	3732.66	3732.54	3731.84	3736.74	
3736.48	3740.36	3737.98	3735.06	3742.54	3743.46	3737.86	3744.92	3736.50	3746.02	3743.12	3742.30	3750.32	3749.58	3750.32	3754.82	
3754.22	3632.48	3705.62	3743.90	3744.12	3746.46	3748.22	3753.44	3749.20	3742.82	3748.68	3747.54	3750.20	3752.78	3747.24	3746.18	
3745.72	3734.86	3724.96	3726.72	3742.98	3740.72	3739.96	3737.76	3730.68	3719.18	3736.28	3732.34	3739.40	3741.38	3756.60	3713.04	

*******************************************2025/07/27;04:39:55
Probe number 380
Concentration entered by User 2.04% (Compensated: 2.92% at temperature 31.6)
1301.06	1318.76	1331.34	1345.62	1362.36	1377.34	1394.36	1410.70	1431.88	1451.32	1475.36	1500.34	1527.92	1556.70	1577.46	1599.80	
1623.62	1665.30	1700.84	1749.12	1785.04	1821.12	1858.80	1899.12	1942.20	1984.94	2032.64	2090.94	2170.30	2236.26	2349.96	2501.78	
2700.92	2998.54	3300.28	3511.54	3629.68	3667.48	3677.86	3681.06	3681.78	3693.24	3699.54	3703.62	3692.82	3691.00	3695.56	3694.54	
3692.36	3721.60	3710.10	3713.74	3716.72	3720.34	3723.52	3719.16	3721.86	3724.78	3721.40	3721.38	3725.14	3720.62	3717.70	3729.02	
3732.44	3735.34	3733.94	3734.70	3725.02	3728.52	3723.70	3719.14	3728.72	3721.40	3732.22	3727.20	3734.32	3734.48	3733.82	3738.68	
3738.28	3742.14	3739.74	3736.26	3744.40	3745.12	3739.50	3746.72	3738.24	3747.80	3744.60	3744.34	3751.88	3751.10	3751.58	3756.28	
3755.82	3635.24	3707.82	3745.76	3745.78	3747.86	3750.06	3754.88	3751.28	3744.52	3750.56	3748.92	3751.70	3754.16	3749.16	3747.66	
3747.08	3736.88	3726.86	3728.70	3744.52	3742.48	3741.42	3739.54	3732.56	3721.26	3738.26	3734.18	3741.68	3743.12	3757.84	3715.40	

*******************************************2025/07/27;04:44:55
Probe number 381
Concentration entered by User 2.06% (Compensated: 2.94% at temperature 31.6)
1300.14	1318.36	1330.68	1345.44	1360.74	1376.18	1394.02	1411.24	1430.60	1449.86	1473.98	1499.86	1527.76	1554.36	1576.56	1598.26	
1619.84	1664.46	1700.84	1749.40	1783.80	1819.68	1858.24	1898.52	1938.72	1983.58	2024.34	2085.74	2161.12	2236.50	2351.30	2505.20	
2686.06	2992.94	3301.16	3506.72	3624.34	3664.04	3674.36	3677.32	3677.32	3688.72	3695.60	3700.34	3688.92	3686.72	3691.48	3690.28	
3688.08	3717.94	3706.02	3710.24	3712.60	3716.64	3720.04	3715.54	3718.06	3721.46	3717.56	3718.18	3721.38	3717.16	3714.34	3725.98	
3729.30	3732.06	3730.88	3731.44	3721.64	3724.84	3720.30	3715.76	3725.42	3717.64	3728.88	3723.74	3730.90	3731.14	3730.44	3735.54	
3735.32	3739.02	3736.46	3733.34	3741.12	3742.16	3736.54	3743.46	3734.84	3744.98	3741.58	3740.86	3749.10	3748.22	3748.90	3753.48	
3753.12	3630.42	3704.02	3742.60	3742.90	3745.02	3746.92	3752.40	3748.04	3741.22	3747.62	3745.96	3748.96	3751.30	3746.28	3744.68	
3744.22	3733.42	3723.48	3725.14	3741.50	3739.36	3738.52	3736.36	3729.62	3717.54	3734.96	3730.92	3738.44	3739.94	3755.28	3711.66	

*******************************************2025/07/27;04:49:56
Probe number 382
Concentration entered by User 2.08% (Compensated: 2.96% at temperature 31.6)
1300.28	1318.44	1330.92	1345.40	1361.64	1376.38	1393.38	1409.06	1430.26	1449.76	1473.88	1498.44	1526.54	1557.12	1578.58	1598.38	
1621.48	1660.14	1695.36	1748.16	1784.24	1817.70	1855.74	1896.32	1937.12	1984.76	2035.30	2093.14	2164.38	2233.02	2342.96	2503.70	
2688.44	2993.60	3289.84	3503.20	3623.92	3664.70	3674.46	3677.72	3678.54	3689.58	3696.18	3699.88	3689.22	3687.26	3691.94	3690.72	
3688.22	3717.88	3705.98	3710.08	3713.28	3716.64	3720.44	3715.14	3717.86	3721.32	3717.54	3718.00	3721.54	3717.16	3714.42	3726.36	
3729.26	3731.98	3730.76	3731.52	3721.66	3725.18	3720.62	3715.66	3725.44	3717.68	3729.02	3723.60	3731.22	3730.98	3730.46	3735.50	
3735.18	3739.24	3736.82	3733.32	3741.14	3742.36	3736.26	3743.64	3735.26	3744.86	3741.72	3741.34	3749.08	3748.28	3749.14	3753.50	
3753.00	3630.30	3703.96	3742.76	3742.88	3745.10	3747.04	3752.48	3748.10	3741.40	3747.50	3745.96	3749.00	3751.36	3746.00	3744.80	
3744.14	3733.50	3723.46	3725.02	3741.52	3739.50	3738.64	3736.30	3729.44	3717.86	3735.14	3731.06	3738.52	3739.94	3755.30	3712.00	

*******************************************2025/07/27;04:54:55
Probe number 383
Concentration entered by User 2.01% (Compensated: 2.89% at temperature 31.6)
1300.00	1318.22	1331.26	1345.54	1362.96	1377.62	1394.74	1410.24	1430.90	1450.56	1474.42	1500.24	1528.14	1555.96	1577.56	1599.98	
1624.76	1664.10	1697.96	1749.06	1780.82	1820.58	1858.86	1902.52	1942.24	1984.64	2032.28	2090.34	2165.72	2238.04	2345.70	2501.02	
2710.96	3011.72	3306.46	3512.46	3630.42	3669.08	3679.48	3682.24	3682.52	3693.38	3699.90	3703.86	3693.48	3691.46	3696.10	3694.68	
3692.08	3721.52	3709.98	3714.04	3716.78	3720.34	3723.86	3719.44	3721.80	3725.26	3721.00	3721.44	3725.04	3720.96	3717.88	3729.48	
3732.42	3735.18	3734.04	3734.86	3725.04	3728.74	3724.06	3719.40	3728.66	3721.26	3732.38	3727.26	3734.56	3734.52	3733.76	3738.78	
3738.46	3742.24	3739.86	3736.38	3744.40	3745.22	3739.62	3746.86	3738.56	3747.94	3744.96	3744.34	3751.94	3751.46	3751.96	3756.36	
3755.96	3635.40	3707.64	3745.62	3745.98	3747.82	3750.00	3755.20	3750.94	3744.64	3750.72	3749.24	3751.84	3754.26	3749.24	3747.72	
3747.30	3736.88	3726.94	3728.76	3744.82	3742.78	3741.64	3739.50	3732.84	3721.48	3738.22	3734.22	3741.28	3743.24	3758.02	3715.50	

*******************************************2025/07/27;04:59:56
Probe number 384
Concentration entered by User 2.02% (Compensated: 2.90% at temperature 31.6)
1302.12	1320.46	1333.42	1348.10	1363.40	1378.46	1396.08	1413.60	1433.88	1453.36	1478.10	1501.92	1528.60	1558.72	1579.38	1601.20	
1624.66	1665.40	1700.86	1753.48	1789.24	1821.14	1861.86	1904.84	1950.40	1990.50	2037.16	2096.34	2171.48	2235.54	2353.50	2499.94	
2701.40	3007.60	3306.56	3517.40	3634.70	3672.94	3682.76	3685.94	3686.56	3697.76	3703.82	3707.92	3697.56	3695.74	3700.14	3699.16	
3697.22	3725.32	3714.16	3717.88	3720.68	3724.02	3727.36	3722.92	3725.32	3728.70	3724.72	3725.12	3728.72	3724.04	3721.64	3732.76	
3735.78	3738.74	3737.50	3738.10	3728.84	3732.50	3727.64	3723.28	3732.58	3725.06	3735.44	3730.60	3737.84	3737.78	3737.16	3741.96	
3741.60	3745.36	3743.08	3740.06	3747.50	3748.52	3743.02	3749.90	3741.98	3750.88	3747.94	3747.38	3754.76	3754.42	3755.16	3759.10	
3758.52	3640.50	3711.76	3749.02	3749.16	3750.88	3752.92	3758.02	3753.92	3747.56	3753.72	3752.30	3754.66	3757.16	3752.28	3750.68	
3750.28	3740.10	3730.40	3732.46	3747.92	3745.62	3745.14	3742.76	3736.24	3725.30	3741.50	3737.70	3744.62	3746.32	3760.74	3719.54	

*******************************************2025/07/27;05:04:56
Probe number 385
Concentration entered by User 2.06% (Compensated: 2.94% at temperature 31.6)
1299.24	1317.96	1330.94	1345.00	1361.30	1376.10	1393.74	1409.66	1430.46	1449.34	1473.60	1498.46	1526.82	1555.58	1578.44	1599.10	
1619.90	1660.24	1696.98	1751.02	1786.20	1818.62	1854.92	1899.08	1942.14	1983.62	2031.94	2089.76	2165.24	2239.72	2352.42	2496.34	
2686.82	2993.78	3294.90	3508.08	3627.40	3665.12	3675.84	3679.40	3680.26	3691.64	3697.66	3701.14	3690.60	3689.14	3693.90	3692.20	
3689.64	3719.34	3707.12	3711.38	3714.68	3718.26	3721.42	3717.32	3719.76	3722.64	3719.32	3719.58	3723.12	3718.72	3715.60	3727.60	
3730.64	3733.72	3732.26	3733.06	3722.96	3726.92	3721.90	3717.40	3727.10	3719.30	3730.28	3725.08	3732.54	3732.62	3731.66	3737.14	
3736.76	3740.50	3737.84	3734.72	3742.76	3743.64	3738.08	3745.22	3736.76	3746.36	3743.08	3742.50	3750.38	3749.74	3750.34	3754.82	
3754.30	3632.68	3705.70	3744.16	3744.32	3746.46	3748.30	3753.58	3749.58	3742.70	3748.76	3747.68	3750.24	3752.52	3747.36	3745.98	
3745.64	3735.08	3725.44	3727.00	3743.16	3741.12	3740.08	3737.70	3730.90	3719.36	3736.66	3732.56	3739.78	3741.58	3756.50	3713.86	

*******************************************2025/07/27;05:09:55
Probe number 386
Concentration entered by User 2.03% (Compensated: 2.91% at temperature 31.6)
1301.36	1319.86	1332.94	1347.72	1363.40	1377.52	1395.90	1410.94	1431.18	1451.78	1474.86	1500.46	1528.62	1557.20	1578.12	1600.34	
1624.22	1663.88	1699.92	1752.42	1787.58	1824.00	1858.76	1898.88	1940.90	1988.74	2035.22	2096.02	2167.20	2244.44	2349.10	2498.14	
2692.60	3001.54	3304.48	3517.44	3631.92	3667.78	3678.48	3681.44	3682.46	3693.74	3700.16	3704.62	3693.88	3692.20	3696.44	3695.66	
3692.70	3722.10	3710.78	3714.54	3717.08	3720.80	3723.90	3719.32	3721.74	3725.42	3721.76	3721.84	3725.54	3720.88	3718.02	3729.70	
3732.92	3735.56	3734.74	3735.66	3725.46	3729.02	3724.38	3720.08	3729.66	3721.76	3732.40	3727.50	3734.82	3734.88	3733.98	3739.16	
3738.92	3742.64	3739.96	3736.70	3744.84	3745.90	3740.14	3746.82	3738.92	3748.26	3745.32	3744.34	3752.30	3751.48	3752.38	3756.60	
3755.98	3635.96	3708.78	3746.02	3746.36	3748.40	3750.22	3755.46	3751.20	3744.90	3750.70	3749.46	3752.08	3754.76	3749.44	3748.30	
3747.48	3737.32	3727.28	3729.16	3745.24	3743.10	3742.28	3740.08	3732.90	3721.84	3738.84	3734.76	3742.10	3743.60	3758.30	3716.24	

*******************************************2025/07/27;05:14:56
Probe number 387
Concentration entered by User 2.05% (Compensated: 2.93% at temperature 31.5)
1299.88	1317.46	1330.28	1344.74	1361.20	1375.94	1393.10	1409.90	1429.70	1449.12	1473.12	1498.78	1526.12	1555.80	1576.16	1598.08	
1623.16	1663.72	1696.70	1750.84	1784.44	1820.62	1857.66	1899.00	1944.82	1986.56	2035.88	2092.20	2160.28	2233.12	2349.00	2507.86	
2700.12	2995.06	3298.88	3510.92	3627.02	3665.18	3676.06	3679.16	3680.16	3691.92	3697.92	3702.16	3691.12	3689.52	3694.00	3692.64	
3690.20	3719.44	3708.02	3712.06	3714.54	3718.64	3721.86	3717.14	3719.40	3722.90	3719.62	3719.52	3723.22	3718.50	3715.94	3727.50	
3730.66	3733.72	3732.30	3732.76	3723.04	3726.84	3721.94	3717.34	3726.96	3719.66	3730.24	3725.18	3732.36	3732.48	3731.90	3736.90	
3736.52	3740.40	3737.88	3734.66	3742.92	3743.86	3737.74	3745.28	3736.64	3746.52	3743.14	3742.48	3750.16	3749.74	3750.66	3754.62	
3754.26	3633.28	3705.86	3744.08	3744.38	3746.42	3748.28	3753.70	3749.30	3742.46	3749.06	3747.50	3750.36	3752.58	3747.50	3746.14	
3745.82	3735.06	3725.38	3727.06	3742.86	3740.72	3740.14	3737.52	3730.80	3719.44	3736.46	3732.66	3739.78	3741.58	3756.32	3713.48	

*******************************************2025/07/27;05:19:55
Probe number 388
Concentration entered by User 2.05% (Compensated: 2.93% at temperature 31.5)
1300.52	1318.30	1331.96	1347.46	1362.92	1377.42	1394.10	1410.86	1432.44	1451.84	1476.24	1500.22	1526.86	1556.18	1578.86	1601.02	
1625.10	1667.80	1703.60	1751.80	1784.38	1823.96	1859.48	1901.78	1945.40	1990.92	2038.04	2096.76	2167.46	2238.44	2346.18	2509.24	
2688.62	3000.66	3298.12	3508.16	3630.70	3670.66	3680.26	3683.22	3684.56	3695.60	3701.52	3705.62	3695.36	3693.70	3698.48	3697.14	
3694.32	3723.66	3712.00	3715.74	3718.62	3722.58	3725.82	3721.22	3723.76	3726.76	3723.84	3723.52	3727.02	3722.84	3720.00	3731.48	
3734.66	3737.12	3736.10	3736.66	3727.32	3730.80	3725.52	3721.68	3730.84	3723.18	3733.98	3728.98	3736.08	3736.16	3735.82	3740.64	
3740.12	3744.08	3741.60	3738.40	3746.12	3747.20	3741.68	3748.46	3740.14	3749.86	3746.60	3745.76	3753.58	3752.86	3753.92	3758.04	
3757.36	3638.04	3710.22	3747.62	3747.86	3749.84	3751.70	3756.84	3752.76	3746.46	3752.36	3750.80	3753.54	3755.94	3750.90	3749.78	
3749.04	3738.90	3728.98	3730.88	3746.38	3744.46	3743.58	3741.42	3734.60	3723.50	3740.32	3736.14	3743.50	3745.00	3759.86	3718.22	

*******************************************2025/07/27;05:24:56
Probe number 389
Concentration entered by User 2.04% (Compensated: 2.92% at temperature 31.6)
1300.76	1319.10	1331.70	1346.50	1363.02	1378.04	1394.88	1409.96	1431.48	1451.96	1476.56	1500.74	1526.70	1556.42	1577.58	1599.94	
1622.86	1666.54	1701.78	1753.08	1787.76	1820.72	1858.68	1899.12	1942.06	1983.86	2036.14	2092.20	2164.90	2237.20	2348.04	2502.60	
2695.38	3003.90	3297.60	3509.24	3631.40	3668.68	3678.84	3682.06	3683.30	3694.72	3700.20	3705.02	3694.16	3692.00	3696.76	3695.14	
3692.62	3722.20	3710.40	3714.20	3716.94	3720.74	3724.32	3720.10	3722.38	3725.40	3721.78	3722.18	3725.68	3721.16	3718.60	3729.92	
3733.12	3735.60	3734.94	3735.02	3725.38	3728.84	3724.24	3720.26	3729.48	3721.76	3732.80	3727.74	3734.80	3734.94	3734.12	3739.12	
3738.78	3742.60	3740.22	3737.14	3744.76	3745.80	3740.22	3747.22	3738.80	3748.42	3745.48	3744.86	3752.46	3751.86	3752.18	3756.74	
3756.50	3636.48	3708.28	3746.22	3746.58	3748.52	3750.50	3755.66	3751.46	3744.98	3751.20	3749.78	3752.32	3754.70	3749.68	3748.50	
3747.70	3737.08	3727.76	3729.32	3745.18	3743.16	3742.12	3739.86	3733.44	3721.94	3739.06	3734.94	3742.30	3743.70	3758.62	3716.18	

*******************************************2025/07/27;05:29:55
Probe number 390
Concentration entered by User 2.09% (Compensated: 2.96% at temperature 31.6)
1300.38	1318.66	1331.50	1346.28	1362.34	1376.88	1394.88	1410.30	1431.26	1449.72	1475.36	1499.90	1526.70	1557.42	1578.36	1599.92	
1622.72	1663.78	1699.50	1751.88	1787.34	1821.40	1859.34	1900.96	1941.18	1989.88	2031.44	2090.08	2164.38	2231.04	2348.02	2505.98	
2694.80	3000.24	3281.26	3498.44	3627.18	3665.36	3675.64	3678.74	3680.24	3691.88	3697.92	3702.10	3691.36	3689.68	3694.12	3692.44	
3690.34	3719.90	3708.50	3712.44	3714.92	3718.84	3721.86	3718.02	3720.20	3723.48	3720.08	3720.16	3723.86	3719.34	3716.46	3728.06	
3731.24	3733.88	3732.56	3733.66	3723.42	3727.30	3722.36	3717.86	3727.82	3719.78	3730.74	3725.78	3733.04	3733.10	3732.12	3737.26	
3737.02	3740.92	3738.40	3735.12	3743.16	3744.12	3738.70	3745.66	3737.38	3746.80	3743.52	3743.10	3750.92	3750.10	3750.62	3755.26	
3754.50	3634.14	3706.24	3744.70	3745.00	3746.84	3748.72	3754.24	3749.88	3743.48	3749.64	3747.96	3750.62	3753.02	3748.06	3746.58	
3746.26	3735.54	3725.60	3727.40	3743.64	3741.44	3740.62	3738.50	3731.58	3719.94	3737.14	3733.34	3740.40	3742.30	3757.18	3713.98	

*******************************************2025/07/27;05:34:56
Probe number 391
Concentration entered by User 2.01% (Compensated: 2.89% at temperature 31.5)
1301.46	1319.80	1333.38	1348.34	1364.04	1378.20	1395.34	1411.96	1432.16	1452.42	1477.54	1501.82	1529.72	1558.28	1581.50	1603.76	
1623.96	1663.28	1700.60	1753.12	1786.36	1822.86	1861.14	1901.20	1942.86	1992.56	2039.52	2092.22	2167.16	2242.10	2350.60	2508.96	
2709.66	3014.90	3303.06	3518.24	3634.76	3672.00	3681.22	3684.26	3686.04	3697.14	3702.90	3706.60	3695.90	3694.34	3698.78	3697.34	
3694.98	3724.02	3712.82	3716.26	3718.78	3722.74	3725.94	3721.74	3724.16	3727.24	3723.88	3723.72	3727.38	3722.82	3720.30	3731.60	
3734.78	3737.56	3736.34	3736.70	3727.72	3730.96	3726.44	3721.72	3731.08	3723.70	3734.58	3729.30	3736.66	3736.68	3736.16	3740.64	
3740.78	3744.34	3741.92	3738.94	3746.54	3747.44	3741.74	3748.78	3740.54	3749.88	3747.06	3746.38	3753.90	3753.16	3753.82	3758.26	
3757.88	3638.68	3710.74	3747.82	3748.12	3750.40	3751.96	3757.22	3752.98	3746.42	3752.60	3751.24	3753.74	3756.20	3751.18	3749.98	
3749.56	3739.32	3729.76	3730.98	3746.96	3744.74	3744.18	3741.84	3735.24	3723.84	3740.82	3736.50	3744.00	3745.44	3760.14	3718.34	

*******************************************2025/07/27;05:39:56
Probe number 392
Concentration entered by User 2.05% (Compensated: 2.93% at temperature 31.5)
1299.86	1318.50	1330.98	1345.40	1362.48	1376.74	1392.78	1409.16	1430.20	1450.72	1475.38	1500.88	1527.74	1554.60	1576.28	1599.00	
1621.90	1662.78	1699.14	1751.70	1787.26	1819.66	1858.80	1898.90	1940.62	1988.36	2032.80	2092.86	2165.02	2238.16	2351.90	2507.62	
2695.74	2996.12	3292.16	3517.58	3634.00	3669.40	3679.40	3681.36	3683.56	3694.58	3700.52	3704.70	3693.68	3691.86	3696.50	3695.00	
3692.74	3721.92	3710.38	3714.28	3716.70	3720.58	3723.66	3719.92	3721.84	3725.18	3721.30	3722.06	3725.50	3721.04	3718.18	3729.82	
3733.16	3735.90	3734.36	3735.18	3725.24	3728.84	3724.34	3719.70	3729.04	3721.78	3732.70	3727.40	3734.74	3734.62	3734.08	3738.88	
3738.80	3742.50	3740.24	3736.98	3744.40	3745.58	3740.20	3747.18	3738.72	3748.32	3745.28	3744.54	3752.48	3751.68	3752.30	3756.68	
3756.06	3636.00	3708.40	3746.26	3746.24	3748.64	3750.36	3755.76	3751.46	3744.94	3751.02	3749.38	3752.42	3754.56	3749.78	3748.26	
3747.84	3737.38	3727.94	3729.16	3744.98	3743.10	3742.52	3740.18	3733.22	3721.78	3739.12	3734.78	3742.18	3743.68	3758.48	3716.18	

*******************************************2025/07/27;05:44:55
Probe number 393
Concentration entered by User 2.03% (Compensated: 2.91% at temperature 31.6)
1300.04	1318.80	1332.02	1346.80	1362.92	1378.48	1394.72	1410.02	1430.88	1450.44	1474.22	1499.48	1526.90	1556.20	1579.00	1601.10	
1625.64	1665.32	1699.38	1752.28	1791.16	1826.96	1861.84	1900.80	1941.22	1986.70	2034.74	2089.34	2165.90	2233.68	2344.56	2496.02	
2691.52	3007.36	3296.26	3520.36	3633.44	3669.48	3679.72	3682.46	3683.28	3694.66	3700.44	3704.76	3693.78	3692.08	3696.34	3694.92	
3693.20	3722.24	3710.80	3715.02	3717.18	3720.98	3724.38	3720.02	3722.40	3725.60	3722.32	3722.14	3725.86	3721.58	3718.60	3730.26	
3733.28	3736.32	3734.90	3735.72	3725.76	3729.40	3724.94	3720.18	3729.68	3722.12	3732.92	3727.68	3735.08	3735.14	3734.66	3739.50	
3739.20	3742.82	3740.90	3736.82	3745.04	3746.12	3740.66	3747.52	3739.50	3748.90	3745.56	3744.88	3752.68	3752.24	3752.66	3757.04	
3756.30	3636.82	3709.10	3746.68	3747.08	3748.94	3750.90	3755.84	3751.72	3745.18	3751.62	3749.68	3752.72	3755.04	3749.98	3748.56	
3748.26	3737.62	3727.72	3729.72	3745.76	3743.84	3742.94	3740.52	3733.64	3722.44	3739.34	3735.52	3742.44	3744.04	3758.84	3716.80	

*******************************************2025/07/27;05:49:55
Probe number 394
Concentration entered by User 2.07% (Compensated: 2.94% at temperature 31.5)
1298.44	1317.26	1330.40	1344.06	1360.54	1374.34	1391.78	1408.70	1428.48	1447.64	1471.90	1496.42	1524.90	1552.78	1574.86	1597.72	
1620.88	1659.48	1696.22	1746.54	1782.58	1816.48	1856.60	1897.10	1935.88	1979.98	2029.60	2084.20	2160.22	2226.08	2340.72	2500.48	
2689.82	2994.28	3292.78	3507.22	3621.54	3659.86	3669.72	3672.78	3674.04	3686.16	3692.06	3696.68	3685.00	3683.14	3688.20	3687.04	
3684.26	3715.00	3703.22	3706.60	3709.44	3713.64	3717.06	3712.32	3714.90	3718.38	3714.88	3714.92	3718.70	3714.10	3711.60	3722.92	
3726.62	3729.42	3727.94	3729.00	3718.70	3722.50	3717.56	3712.56	3722.66	3714.84	3726.30	3720.64	3728.72	3728.16	3728.00	3732.78	
3732.52	3736.64	3734.00	3730.74	3738.94	3740.10	3734.00	3741.28	3732.78	3742.66	3739.30	3738.72	3746.62	3746.12	3746.96	3751.48	
3750.88	3626.34	3700.90	3740.18	3740.44	3742.58	3744.84	3749.92	3745.66	3738.76	3745.36	3743.80	3746.72	3749.24	3743.88	3742.58	
3742.04	3730.98	3720.86	3722.54	3739.34	3737.06	3736.22	3734.06	3726.80	3715.12	3733.02	3728.78	3735.94	3737.56	3753.34	3709.08	

*******************************************2025/07/27;05:54:56
Probe number 395
Concentration entered by User 2.02% (Compensated: 2.90% at temperature 31.5)
1301.04	1320.40	1333.58	1347.80	1364.20	1378.38	1395.90	1412.70	1432.96	1453.06	1477.68	1502.88	1530.02	1557.06	1579.06	1602.90	
1625.72	1665.78	1699.86	1752.72	1786.24	1822.08	1855.96	1901.76	1943.36	1991.18	2041.68	2100.74	2168.78	2238.68	2350.96	2512.26	
2698.16	3001.96	3309.36	3514.88	3634.56	3672.16	3681.26	3684.14	3686.26	3696.70	3702.70	3706.96	3696.76	3694.36	3699.28	3697.34	
3694.88	3724.48	3712.78	3716.58	3719.54	3723.18	3726.36	3722.16	3724.52	3727.74	3723.94	3723.92	3727.62	3723.60	3720.84	3732.00	
3735.04	3737.98	3736.70	3737.50	3728.10	3731.20	3726.66	3722.50	3732.00	3724.18	3734.84	3729.66	3737.10	3737.18	3736.38	3741.20	
3741.04	3744.48	3742.42	3739.02	3746.78	3747.80	3742.46	3749.02	3741.26	3750.44	3747.26	3746.56	3754.20	3753.60	3754.24	3758.36	
3757.90	3639.30	3711.00	3748.54	3748.66	3750.70	3752.34	3757.40	3753.22	3747.32	3753.16	3751.28	3754.28	3756.58	3751.62	3750.34	
3749.78	3739.48	3729.84	3731.56	3747.32	3745.30	3744.62	3742.42	3735.60	3724.50	3741.04	3737.16	3744.12	3745.82	3760.40	3719.18	

*******************************************2025/07/27;05:59:56
Probe number 396
Concentration entered by User 2.05% (Compensated: 2.92% at temperature 31.5)
1300.10	1318.32	1331.40	1345.54	1361.92	1376.10	1393.58	1409.78	1429.70	1448.88	1474.24	1499.32	1526.34	1555.88	1576.84	1598.30	
1623.30	1663.52	1697.96	1750.28	1784.14	1821.48	1857.46	1899.38	1942.68	1988.16	2033.28	2097.66	2161.24	2229.02	2344.02	2492.86	
2688.66	2996.16	3297.64	3515.68	3628.62	3664.44	3674.80	3678.18	3679.60	3691.00	3696.88	3701.32	3690.58	3688.34	3692.92	3691.18	
3688.98	3718.56	3707.32	3711.16	3713.94	3717.86	3721.00	3716.50	3719.22	3722.46	3718.64	3718.86	3722.48	3718.14	3715.36	3726.96	
3730.24	3732.98	3731.82	3732.48	3722.84	3726.26	3721.32	3716.90	3726.68	3718.82	3730.06	3724.46	3732.04	3731.94	3731.24	3736.42	
3736.06	3740.14	3737.62	3734.24	3742.42	3743.42	3737.82	3744.46	3736.38	3745.82	3742.64	3742.02	3749.90	3749.14	3750.00	3754.44	
3753.88	3632.00	3705.08	3743.78	3744.08	3746.10	3747.96	3753.46	3749.14	3742.72	3748.86	3747.28	3749.88	3752.32	3747.36	3745.66	
3745.12	3734.60	3725.00	3726.46	3742.84	3740.74	3739.64	3737.26	3730.68	3718.98	3736.06	3732.38	3739.36	3741.38	3756.46	3713.16	

*******************************************2025/07/27;06:04:56
Probe number 397
Concentration entered by User 2.08% (Compensated: 2.96% at temperature 31.5)
1298.30	1316.78	1330.14	1344.90	1361.00	1374.78	1391.78	1408.04	1429.46	1448.50	1472.78	1497.78	1525.42	1554.90	1574.98	1597.30	
1619.86	1658.56	1696.44	1748.70	1784.44	1815.10	1854.00	1900.18	1939.00	1983.98	2037.90	2093.86	2160.76	2229.86	2344.96	2493.28	
2680.90	2986.00	3289.42	3507.02	3623.56	3660.70	3671.24	3674.46	3675.86	3687.08	3692.90	3697.62	3686.14	3684.12	3689.22	3687.38	
3684.78	3715.24	3703.24	3707.34	3710.40	3713.98	3717.68	3713.24	3715.34	3718.88	3715.42	3715.24	3719.16	3714.46	3711.62	3723.50	
3726.96	3729.68	3728.48	3729.08	3719.16	3722.64	3717.90	3713.14	3723.30	3715.14	3726.78	3721.16	3728.58	3728.84	3728.28	3733.40	
3733.04	3736.56	3734.36	3731.12	3739.32	3740.50	3734.62	3741.92	3733.06	3742.96	3739.60	3739.22	3747.00	3746.40	3747.32	3751.56	
3751.04	3627.56	3701.52	3740.84	3741.10	3743.34	3745.16	3750.40	3746.40	3739.34	3746.02	3744.40	3747.42	3749.62	3744.18	3743.08	
3742.32	3731.30	3721.40	3722.96	3739.84	3737.54	3736.70	3734.18	3727.24	3715.44	3733.08	3728.94	3736.80	3738.06	3753.58	3709.52	

*******************************************2025/07/27;06:09:55
Probe number 398
Concentration entered by User 2.06% (Compensated: 2.93% at temperature 31.5)
1299.96	1318.30	1331.60	1345.94	1361.12	1375.74	1393.04	1409.88	1430.24	1449.40	1474.76	1500.46	1526.50	1554.60	1576.26	1600.70	
1623.06	1663.24	1696.86	1750.46	1786.84	1817.00	1855.88	1903.24	1942.32	1986.38	2035.86	2090.92	2159.70	2231.90	2353.20	2506.40	
2687.90	2994.30	3296.26	3511.44	3625.82	3664.54	3675.38	3677.88	3679.76	3691.30	3697.94	3701.50	3690.96	3688.80	3693.72	3691.52	
3689.38	3719.22	3707.52	3711.38	3714.44	3718.64	3721.84	3717.02	3719.42	3722.80	3718.68	3719.38	3722.94	3718.42	3715.76	3727.08	
3729.96	3733.26	3732.32	3733.02	3723.10	3726.58	3721.76	3717.30	3726.82	3719.04	3730.36	3724.92	3732.08	3732.46	3731.64	3736.74	
3736.66	3740.36	3737.86	3734.62	3742.56	3743.52	3738.00	3744.94	3736.46	3746.32	3742.92	3742.46	3750.34	3749.68	3750.34	3754.74	
3753.98	3632.84	3705.72	3744.24	3744.14	3746.52	3748.40	3753.52	3749.32	3742.78	3749.04	3747.38	3750.00	3752.70	3747.42	3745.96	
3745.58	3734.72	3725.20	3726.76	3743.26	3740.88	3739.90	3737.68	3731.04	3719.24	3736.72	3732.66	3740.00	3741.42	3756.56	3713.58	

*******************************************2025/07/27;06:14:56
Probe number 399
Concentration entered by User 2.03% (Compensated: 2.90% at temperature 31.5)
1300.14	1318.50	1331.82	1346.70	1361.60	1376.34	1393.74	1410.26	1431.16	1451.34	1475.04	1499.80	1527.18	1556.38	1578.32	1602.92	
1624.04	1662.68	1699.20	1753.58	1786.94	1821.54	1857.90	1899.78	1944.88	1988.22	2037.44	2092.16	2162.96	2242.28	2346.70	2508.16	
2705.28	2997.80	3304.12	3516.62	3634.20	3671.04	3679.72	3682.88	3684.54	3695.38	3701.78	3706.16	3694.80	3692.88	3697.34	3695.56	
3693.48	3722.74	3711.28	3715.04	3717.66	3721.90	3724.88	3720.34	3722.68	3726.06	3722.46	3722.74	3726.58	3722.04	3719.38	3730.78	
3733.90	3736.48	3735.72	3736.52	3726.86	3729.78	3725.38	3720.86	3730.26	3722.70	3733.78	3728.08	3735.72	3735.86	3734.82	3739.82	
3739.88	3743.44	3741.08	3737.76	3745.66	3746.90	3741.14	3748.16	3739.76	3749.14	3746.08	3745.48	3753.06	3752.20	3753.26	3757.48	
3757.10	3637.34	3709.40	3747.26	3747.24	3749.26	3751.46	3756.54	3752.20	3745.90	3751.92	3750.22	3753.06	3755.46	3750.46	3749.36	
3748.66	3738.06	3728.72	3730.38	3745.76	3744.04	3743.14	3741.14	3734.36	3723.14	3739.90	3736.00	3743.30	3744.54	3759.44	3717.20	

*******************************************2025/07/27;06:19:55
Probe number 400
Concentration entered by User 2.04% (Compensated: 2.92% at temperature 31.5)
1300.26	1318.58	1331.26	1345.86	1363.04	1377.56	1393.68	1410.18	1431.04	1451.20	1475.32	1500.24	1525.78	1554.50	1575.90	1598.92	
1623.30	1663.30	1699.52	1751.98	1788.86	1822.72	1857.94	1899.76	1940.20	1985.78	2034.82	2090.68	2171.74	2241.08	2350.14	2498.90	
2703.00	3000.78	3294.32	3514.76	3628.56	3666.60	3678.34	3680.60	3682.88	3693.60	3699.74	3704.12	3693.16	3690.76	3695.88	3693.90	
3691.70	3721.18	3709.66	3713.32	3716.42	3720.14	3723.32	3719.08	3721.16	3724.62	3721.06	3721.08	3725.06	3720.30	3717.74	3729.02	
3732.50	3735.30	3733.68	3734.82	3725.14	3728.38	3723.50	3718.96	3728.60	3721.02	3732.04	3726.96	3734.30	3734.10	3733.30	3738.14	
3738.22	3741.90	3739.56	3736.44	3744.18	3745.30	3739.62	3746.90	3738.32	3747.82	3744.76	3743.94	3751.84	3751.06	3751.62	3756.12	
3755.78	3635.02	3707.48	3745.34	3746.08	3747.96	3749.84	3755.04	3750.96	3744.48	3750.80	3749.10	3751.64	3754.44	3749.16	3747.82	
3747.22	3736.96	3726.94	3728.56	3744.78	3742.70	3742.12	3739.60	3732.90	3721.38	3738.32	3734.26	3741.54	3743.18	3758.20	3715.62	

*******************************************2025/07/27;06:24:56
Probe number 401
Concentration entered by User 2.05% (Compensated: 2.92% at temperature 31.5)
1301.24	1319.98	1331.86	1346.20	1362.16	1377.06	1395.42	1411.56	1431.18	1450.52	1475.68	1499.98	1527.48	1557.30	1579.02	1599.44	
1624.60	1663.20	1700.32	1750.44	1787.72	1821.78	1854.80	1899.02	1939.32	1980.66	2032.26	2091.20	2162.88	2236.44	2346.18	2505.84	
2696.52	3000.92	3298.00	3509.20	3628.98	3668.70	3678.36	3681.80	3683.22	3693.94	3700.10	3704.10	3693.56	3691.60	3696.28	3694.22	
3691.92	3721.56	3709.90	3713.64	3716.12	3720.32	3723.74	3719.32	3721.42	3724.88	3721.10	3721.30	3725.22	3720.80	3718.06	3729.46	
3732.62	3735.36	3734.22	3735.14	3725.86	3728.92	3724.26	3719.48	3728.94	3721.52	3732.60	3727.16	3734.30	3734.60	3733.92	3738.60	
3738.62	3742.26	3740.16	3736.58	3744.58	3745.64	3740.22	3746.72	3738.66	3748.20	3744.92	3744.70	3751.98	3751.40	3752.36	3756.62	
3755.74	3635.66	3708.26	3746.22	3746.20	3748.26	3750.30	3755.30	3751.26	3744.68	3750.90	3749.50	3752.24	3754.44	3749.28	3748.00	
3747.56	3737.12	3727.40	3728.90	3744.96	3742.92	3742.32	3739.78	3733.08	3721.52	3738.58	3734.54	3742.06	3743.62	3758.52	3716.20	

*******************************************2025/07/27;06:29:55
Probe number 402
Concentration entered by User 2.04% (Compensated: 2.91% at temperature 31.5)
1300.58	1318.28	1331.44	1346.16	1362.50	1377.38	1395.46	1411.74	1431.88	1451.10	1475.26	1499.32	1525.52	1557.00	1578.28	1601.20	
1625.64	1665.70	1700.00	1751.34	1786.30	1819.78	1860.06	1898.78	1939.46	1981.30	2032.42	2093.62	2166.96	2236.28	2352.34	2505.92	
2690.42	2998.60	3298.04	3517.32	3632.24	3671.70	3681.06	3683.98	3685.20	3696.26	3702.06	3706.24	3695.60	3693.88	3698.08	3696.80	
3694.62	3723.74	3711.72	3715.60	3718.40	3722.42	3725.64	3721.16	3723.80	3727.00	3723.28	3723.44	3726.84	3722.52	3720.04	3731.24	
3734.48	3737.24	3735.96	3736.62	3727.12	3730.76	3725.98	3721.44	3730.86	3723.18	3734.34	3728.76	3736.14	3736.10	3735.58	3740.52	
3740.14	3744.06	3741.58	3738.36	3746.14	3747.08	3741.62	3748.54	3740.28	3749.62	3746.40	3746.22	3753.48	3753.16	3753.58	3758.04	
3757.42	3638.20	3710.18	3747.68	3748.04	3749.88	3751.82	3756.82	3752.52	3746.48	3752.46	3750.68	3753.82	3755.88	3751.10	3749.66	
3749.14	3738.88	3729.36	3730.90	3746.48	3744.50	3744.00	3741.58	3735.14	3723.52	3740.28	3736.38	3743.42	3744.98	3759.98	3717.94	

*******************************************2025/07/27;06:34:56
Probe number 403
Concentration entered by User 2.03% (Compensated: 2.90% at temperature 31.5)
1300.12	1318.66	1331.70	1345.92	1362.96	1377.04	1394.04	1411.28	1431.84	1450.70	1473.84	1500.42	1528.68	1557.44	1578.78	1601.00	
1624.02	1664.38	1699.62	1752.06	1788.84	1822.26	1859.10	1897.12	1943.88	1990.56	2033.44	2094.38	2171.68	2233.98	2344.30	2498.50	
2693.06	2994.44	3305.12	3519.08	3631.98	3668.82	3678.86	3681.34	3682.62	3694.18	3699.78	3704.00	3694.12	3691.98	3696.18	3694.50	
3692.16	3721.34	3709.96	3713.98	3716.86	3720.48	3723.76	3719.78	3721.64	3725.02	3721.42	3721.44	3725.26	3720.88	3718.24	3729.36	
3732.68	3735.28	3734.34	3735.32	3725.64	3728.96	3724.16	3719.48	3729.20	3721.66	3732.44	3726.88	3734.66	3734.72	3733.82	3738.78	
3738.60	3742.46	3740.08	3736.44	3744.68	3745.64	3740.20	3747.22	3738.84	3748.26	3745.08	3744.62	3752.08	3751.60	3752.04	3756.62	
3756.42	3635.68	3708.50	3746.18	3746.52	3748.80	3750.30	3755.64	3751.46	3744.76	3751.22	3749.62	3752.34	3754.48	3749.80	3748.18	
3747.56	3737.30	3727.56	3729.14	3745.26	3743.08	3741.96	3740.06	3733.38	3721.62	3738.88	3735.08	3742.04	3743.78	3758.44	3715.96	

*******************************************2025/07/27;06:39:55
Probe number 404
Concentration entered by User 2.05% (Compensated: 2.92% at temperature 31.5)
1300.22	1318.58	1330.90	1345.80	1362.46	1376.78	1394.34	1411.22	1431.78	1450.00	1474.70	1499.70	1525.40	1555.02	1577.14	1601.24	
1624.16	1664.98	1700.78	1749.06	1785.14	1825.66	1861.28	1902.78	1943.84	1983.06	2034.58	2090.54	2165.20	2236.58	2344.50	2508.06	
2696.32	2995.50	3296.22	3512.76	3632.70	3669.32	3678.76	3681.88	3683.42	3693.78	3699.66	3704.10	3693.80	3691.74	3696.48	3694.70	
3692.08	3721.36	3709.84	3713.96	3716.36	3720.16	3723.66	3719.32	3721.78	3724.74	3721.14	3721.04	3725.40	3720.62	3718.12	3729.60	
3732.52	3735.68	3734.18	3734.92	3725.26	3728.64	3724.26	3719.20	3729.02	3721.36	3732.36	3726.60	3733.96	3734.60	3733.84	3738.74	
3738.42	3742.44	3739.82	3736.74	3744.62	3745.50	3739.92	3746.92	3738.66	3748.28	3744.94	3744.34	3752.06	3751.54	3752.24	3756.46	
3755.94	3635.90	3708.28	3745.98	3746.36	3748.28	3750.04	3755.34	3751.26	3744.44	3751.16	3749.38	3752.40	3754.70	3749.60	3747.92	
3747.62	3737.04	3727.92	3728.92	3744.98	3742.94	3742.22	3739.84	3733.38	3721.54	3738.70	3734.96	3742.12	3743.44	3758.58	3716.10	

*******************************************2025/07/27;06:44:56
Probe number 405
Concentration entered by User 2.05% (Compensated: 2.92% at temperature 31.5)
1300.20	1318.88	1331.68	1345.78	1362.42	1377.08	1395.32	1410.96	1431.72	1450.66	1475.74	1500.02	1526.80	1556.00	1577.46	1600.06	
1623.58	1663.32	1698.50	1752.36	1787.92	1824.26	1860.02	1903.74	1943.66	1987.80	2037.86	2090.80	2162.76	2238.08	2354.00	2506.40	
2693.60	2991.98	3299.76	3514.08	3632.26	3669.36	3679.18	3682.04	3683.68	3694.54	3701.04	3705.20	3693.92	3692.32	3696.60	3694.90	
3692.84	3721.76	3710.54	3714.24	3717.10	3720.80	3724.10	3719.78	3722.42	3725.46	3721.86	3722.00	3725.56	3721.34	3718.58	3729.78	
3732.92	3735.86	3734.90	3735.42	3725.86	3728.98	3724.52	3719.80	3729.50	3721.70	3732.84	3727.24	3734.50	3734.98	3734.22	3738.96	
3739.10	3742.70	3740.18	3737.24	3744.96	3745.94	3740.50	3747.50	3738.96	3748.58	3745.64	3744.90	3752.28	3751.80	3752.56	3756.80	
3756.16	3636.34	3708.78	3746.58	3746.76	3748.70	3750.48	3755.66	3751.56	3745.02	3751.20	3749.62	3752.18	3754.72	3749.96	3748.46	
3747.90	3737.58	3727.94	3729.46	3745.52	3743.24	3742.78	3740.54	3733.62	3721.98	3739.24	3734.96	3742.52	3743.56	3758.92	3716.22	

*******************************************2025/07/27;06:49:56
Probe number 406
Concentration entered by User 2.12% (Compensated: 2.99% at temperature 31.4)
1299.12	1317.44	1329.88	1344.98	1360.74	1375.36	1392.76	1408.48	1428.70	1448.76	1473.78	1497.64	1524.86	1554.48	1577.84	1598.78	
1621.76	1659.78	1695.80	1749.24	1784.66	1821.02	1853.54	1895.14	1940.76	1982.36	2031.46	2084.04	2160.60	2233.64	2352.24	2499.60	
2687.42	2975.46	3280.10	3495.32	3623.04	3663.62	3674.88	3678.44	3678.76	3691.02	3696.76	3701.04	3690.22	3688.62	3693.00	3690.96	
3688.84	3718.32	3706.88	3710.88	3713.46	3717.78	3720.82	3716.62	3719.00	3722.18	3718.68	3718.82	3722.84	3718.10	3715.40	3726.78	
3730.20	3732.70	3731.80	3732.34	3722.52	3726.38	3721.48	3716.32	3726.26	3718.34	3729.60	3724.16	3731.36	3731.90	3731.08	3736.40	
3736.30	3739.90	3737.74	3734.20	3742.18	3743.34	3737.54	3744.58	3736.12	3745.96	3742.64	3742.22	3749.92	3749.24	3749.96	3754.32	
3753.80	3632.08	3705.12	3743.78	3744.12	3745.96	3748.12	3753.12	3749.32	3742.58	3748.86	3747.12	3749.90	3752.48	3747.30	3745.98	
3745.42	3734.90	3724.94	3726.34	3742.80	3740.70	3739.98	3737.32	3730.92	3718.94	3736.20	3732.48	3739.80	3741.20	3756.54	3713.42	

*******************************************2025/07/27;06:54:55
Probe number 407
Concentration entered by User 2.08% (Compensated: 2.95% at temperature 31.4)
1298.32	1316.56	1329.76	1343.84	1359.38	1374.90	1391.88	1407.68	1428.50	1447.96	1472.18	1497.36	1525.10	1555.22	1575.90	1597.40	
1620.48	1661.40	1695.94	1747.88	1785.12	1820.64	1860.34	1894.78	1936.40	1983.60	2037.20	2085.02	2158.70	2244.76	2357.58	2497.70	
2688.88	2989.92	3287.12	3502.06	3628.34	3668.24	3676.88	3680.72	3681.84	3693.12	3699.38	3703.52	3692.42	3690.48	3695.16	3693.36	
3690.96	3720.36	3708.78	3712.52	3715.26	3719.14	3722.66	3718.44	3720.64	3723.60	3720.38	3720.26	3723.94	3719.86	3716.90	3728.22	
3731.56	3734.34	3733.12	3733.72	3723.84	3727.46	3722.74	3718.42	3727.86	3719.90	3731.12	3725.76	3733.18	3733.38	3732.54	3737.86	
3737.52	3741.38	3738.88	3735.60	3743.46	3744.48	3738.80	3745.72	3737.52	3747.22	3744.12	3743.42	3751.00	3750.60	3751.16	3755.66	
3755.08	3633.84	3706.62	3744.86	3745.38	3747.22	3749.22	3754.32	3750.36	3743.74	3750.06	3748.38	3751.32	3753.60	3748.52	3747.30	
3746.62	3736.06	3726.58	3727.90	3744.14	3742.10	3741.22	3738.48	3732.00	3720.46	3737.74	3733.86	3740.70	3742.40	3757.86	3714.90	

*******************************************2025/07/27;06:59:55
Probe number 408
Concentration entered by User 2.06% (Compensated: 2.92% at temperature 31.4)
1298.56	1316.38	1328.86	1343.46	1359.48	1374.20	1392.04	1409.08	1428.18	1447.20	1472.38	1496.64	1523.58	1552.16	1573.76	1596.94	
1618.06	1656.68	1691.16	1741.72	1779.34	1820.60	1853.24	1894.26	1934.70	1979.06	2025.26	2084.94	2163.94	2232.40	2343.76	2501.40	
2689.60	2993.96	3294.02	3510.80	3629.54	3665.52	3672.96	3676.20	3677.40	3688.60	3694.98	3699.10	3687.76	3686.20	3690.80	3689.06	
3686.40	3716.40	3704.70	3708.52	3711.40	3715.14	3718.92	3714.78	3716.72	3720.04	3716.46	3716.90	3720.18	3715.88	3713.32	3724.92	
3728.18	3730.64	3729.86	3730.40	3720.34	3724.16	3719.20	3714.18	3724.36	3716.26	3727.36	3722.12	3729.68	3730.02	3729.10	3734.40	
3734.36	3737.96	3735.72	3732.16	3740.34	3741.48	3735.50	3742.62	3734.10	3744.00	3740.72	3740.28	3747.80	3747.22	3747.74	3752.64	
3752.08	3628.88	3702.98	3741.74	3742.02	3743.90	3746.08	3751.26	3747.02	3740.54	3746.92	3745.16	3748.12	3750.40	3745.22	3743.90	
3743.40	3732.28	3722.44	3723.94	3740.86	3738.30	3737.94	3735.40	3728.62	3716.56	3734.32	3730.20	3737.36	3739.14	3754.50	3710.72	

*******************************************2025/07/27;07:00:03
Probe number 409
Concentration entered by User 2.01% (Compensated: 2.87% at temperature 31.3)
1299.82	1317.94	1330.86	1345.76	1361.80	1376.30	1393.76	1411.28	1430.88	1450.14	1473.66	1499.04	1528.10	1557.46	1577.24	1599.56	
1622.16	1662.56	1695.90	1748.48	1789.28	1824.12	1857.94	1897.20	1940.70	1980.74	2026.18	2092.40	2172.14	2237.32	2359.70	2508.84	
2698.12	3011.06	3301.84	3521.30	3640.06	3675.68	3682.96	3685.38	3686.52	3696.92	3703.34	3707.42	3696.46	3694.66	3699.20	3697.58	
3695.14	3724.12	3712.58	3716.00	3718.98	3722.82	3726.06	3721.86	3724.18	3727.22	3723.48	3724.06	3727.70	3723.30	3720.40	3731.64	
3735.02	3737.62	3736.56	3737.14	3727.62	3730.78	3726.24	3721.50	3731.20	3723.88	3734.32	3729.00	3736.58	3736.72	3735.86	3740.78	
3740.76	3744.36	3742.04	3738.96	3746.70	3747.70	3742.30	3749.20	3740.88	3750.18	3746.86	3746.42	3753.92	3753.18	3754.12	3758.48	
3757.68	3639.08	3710.76	3747.80	3748.36	3750.50	3752.14	3757.34	3753.16	3746.72	3752.92	3751.38	3753.96	3756.44	3751.30	3750.04	
3749.72	3739.50	3729.52	3731.34	3747.18	3745.14	3744.40	3741.96	3735.66	3723.76	3740.86	3736.80	3743.68	3745.68	3760.36	3718.58	

*******************************************2025/07/27;07:04:56
Probe number 410
Concentration entered by User 2.02% (Compensated: 2.90% at temperature 31.5)
1300.84	1319.58	1332.42	1346.72	1363.08	1378.06	1395.26	1410.98	1432.54	1452.42	1475.46	1500.08	1527.20	1557.46	1578.18	1599.58	
1623.72	1664.94	1700.24	1748.04	1785.94	1825.28	1860.52	1899.78	1943.02	1985.00	2035.34	2093.66	2163.40	2243.78	2362.42	2513.74	
2700.26	3007.42	3303.28	3516.38	3636.70	3672.26	3680.80	3684.14	3684.84	3696.32	3702.52	3707.04	3696.08	3694.02	3698.80	3697.18	
3695.18	3724.54	3712.94	3716.04	3719.08	3722.76	3726.02	3722.02	3724.10	3727.24	3723.86	3723.90	3727.76	3723.08	3720.38	3731.98	
3734.94	3738.06	3736.82	3737.42	3728.02	3731.34	3726.70	3722.00	3731.30	3724.04	3735.04	3729.62	3736.88	3736.72	3736.30	3741.16	
3740.72	3744.90	3742.58	3738.96	3746.90	3748.06	3742.58	3749.36	3740.96	3750.28	3747.34	3746.72	3754.20	3753.76	3754.48	3758.60	
3758.20	3639.20	3710.94	3748.18	3748.76	3750.74	3752.42	3757.58	3753.56	3746.98	3753.20	3751.54	3754.28	3756.58	3751.66	3750.52	
3750.02	3739.44	3730.18	3731.66	3747.62	3745.14	3744.84	3742.48	3735.76	3724.38	3741.02	3737.24	3744.30	3745.98	3760.54	3719.04	

*******************************************2025/07/27;07:09:56
Probe number 411
Concentration entered by User 2.00% (Compensated: 2.89% at temperature 31.6)
1300.44	1319.74	1332.74	1346.74	1362.48	1376.88	1394.98	1410.56	1431.24	1450.28	1475.20	1500.00	1526.98	1556.46	1577.22	1600.20	
1624.78	1664.98	1697.08	1750.28	1787.62	1823.28	1864.26	1897.56	1940.50	1987.28	2033.90	2090.26	2167.46	2245.48	2365.84	2508.14	
2702.50	3021.08	3310.42	3511.48	3634.60	3672.00	3679.96	3681.86	3683.34	3694.52	3700.44	3704.84	3693.84	3692.04	3696.78	3695.20	
3693.44	3722.58	3710.48	3714.44	3717.42	3720.98	3724.42	3720.60	3722.54	3725.96	3722.24	3722.38	3726.04	3721.50	3719.06	3730.22	
3733.38	3736.34	3735.50	3735.80	3726.02	3729.78	3724.88	3720.34	3729.80	3722.42	3732.98	3727.78	3735.02	3735.18	3734.82	3739.52	
3739.22	3743.28	3740.90	3737.48	3745.30	3746.64	3740.84	3747.90	3739.50	3748.92	3745.82	3745.16	3752.78	3752.24	3752.52	3757.10	
3756.76	3637.42	3709.24	3747.04	3747.20	3749.04	3751.10	3756.24	3751.96	3745.72	3751.66	3750.38	3753.06	3755.60	3750.42	3748.92	
3748.40	3738.36	3728.26	3730.26	3746.14	3744.10	3743.00	3741.00	3733.80	3723.00	3739.68	3735.80	3742.74	3744.70	3759.16	3717.40	

*******************************************2025/07/27;07:14:55
Probe number 412
Concentration entered by User 2.07% (Compensated: 2.96% at temperature 31.6)
1299.04	1317.26	1329.60	1344.40	1361.26	1376.42	1393.28	1409.54	1429.70	1449.42	1473.50	1498.84	1526.38	1553.64	1574.58	1595.50	
1621.32	1660.94	1698.80	1748.58	1782.72	1821.10	1857.12	1896.30	1941.62	1985.42	2034.16	2085.06	2166.74	2243.44	2368.52	2498.44	
2689.40	2995.72	3289.94	3504.60	3626.42	3664.24	3672.82	3675.54	3677.52	3688.34	3694.58	3698.94	3688.38	3685.80	3691.10	3689.80	
3687.64	3717.46	3705.20	3709.36	3712.06	3716.00	3719.56	3715.24	3717.62	3720.56	3717.02	3717.32	3721.30	3717.02	3713.70	3725.98	
3728.82	3732.08	3730.56	3731.48	3721.22	3725.16	3719.84	3715.38	3725.02	3717.20	3728.72	3723.06	3730.88	3730.66	3730.46	3735.34	
3734.64	3739.00	3736.28	3733.06	3741.06	3742.40	3736.42	3743.60	3735.30	3745.10	3741.86	3740.94	3748.86	3748.36	3749.06	3753.60	
3752.92	3630.52	3704.02	3742.82	3743.06	3745.26	3747.20	3752.46	3747.98	3741.54	3747.94	3746.18	3749.12	3751.58	3746.42	3744.50	
3744.58	3733.60	3723.52	3725.56	3741.92	3739.74	3738.92	3736.66	3729.40	3718.22	3735.58	3731.22	3738.56	3740.54	3755.44	3712.38	

*******************************************2025/07/27;07:19:55
Probe number 413
Concentration entered by User 2.10% (Compensated: 2.99% at temperature 31.7)
1298.50	1317.14	1329.96	1344.60	1361.28	1375.68	1393.26	1408.56	1429.50	1449.94	1472.06	1498.02	1526.54	1555.10	1576.04	1598.10	
1621.36	1662.60	1696.78	1746.50	1784.74	1817.62	1854.08	1897.26	1941.30	1982.82	2034.64	2094.82	2165.88	2233.50	2359.46	2500.62	
2695.96	2997.52	3278.34	3496.60	3620.42	3661.84	3671.22	3673.88	3674.74	3686.54	3692.38	3697.48	3686.34	3684.76	3689.44	3687.98	
3685.78	3715.96	3703.38	3707.60	3710.32	3714.68	3717.92	3713.68	3716.02	3719.46	3715.62	3715.30	3719.30	3715.00	3712.20	3724.62	
3727.16	3730.68	3729.22	3729.84	3719.46	3723.74	3718.10	3713.88	3723.70	3715.92	3727.06	3721.86	3729.12	3729.34	3728.78	3733.86	
3733.20	3737.70	3734.92	3731.36	3739.74	3740.78	3735.20	3742.18	3733.84	3743.40	3740.30	3739.70	3747.70	3746.96	3747.58	3752.20	
3751.46	3628.74	3702.54	3741.36	3741.98	3743.74	3745.82	3751.12	3746.90	3740.20	3746.36	3745.04	3747.66	3750.18	3744.78	3743.44	
3743.10	3732.08	3721.98	3724.08	3740.50	3738.48	3737.44	3735.34	3728.14	3716.80	3733.74	3729.56	3737.30	3739.22	3754.48	3710.72	

*******************************************2025/07/27;07:24:55
Probe number 414
Concentration entered by User 2.08% (Compensated: 2.98% at temperature 31.8)
1298.84	1317.34	1330.16	1344.34	1360.92	1375.24	1392.54	1409.62	1429.92	1449.44	1473.56	1497.62	1524.70	1553.56	1576.34	1598.88	
1620.66	1662.06	1698.10	1749.08	1782.36	1818.72	1852.82	1896.64	1943.10	1982.68	2032.82	2093.66	2165.96	2240.76	2363.80	2502.64	
2691.26	2986.64	3289.40	3506.16	3625.62	3663.26	3673.24	3675.68	3676.92	3688.74	3694.56	3698.76	3688.18	3685.72	3691.52	3689.76	
3687.56	3717.70	3705.38	3709.02	3712.06	3716.28	3719.92	3715.74	3717.78	3720.66	3717.24	3717.30	3721.02	3716.96	3714.24	3725.96	
3729.54	3732.14	3730.98	3731.60	3721.24	3725.78	3720.14	3715.66	3725.18	3717.50	3728.70	3723.68	3730.68	3730.70	3730.68	3735.32	
3734.84	3739.00	3736.56	3733.16	3741.48	3742.40	3736.58	3743.80	3735.42	3744.94	3741.60	3741.30	3749.18	3748.38	3749.52	3753.60	
3753.12	3630.98	3704.02	3742.64	3743.20	3745.28	3747.22	3752.56	3748.26	3741.66	3748.16	3746.08	3749.18	3751.66	3746.40	3744.76	
3744.34	3733.82	3723.74	3726.06	3742.12	3740.04	3739.00	3736.88	3729.36	3718.62	3735.40	3731.32	3738.82	3740.66	3755.62	3712.62	

*******************************************2025/07/27;07:29:55
Probe number 415
Concentration entered by User 2.09% (Compensated: 3.01% at temperature 32.0)
1299.14	1317.56	1330.34	1343.76	1359.60	1374.92	1392.28	1409.16	1430.70	1449.88	1473.82	1497.44	1525.52	1553.68	1573.50	1595.74	
1620.08	1661.70	1699.58	1751.68	1784.74	1819.52	1853.36	1895.68	1939.88	1981.10	2032.54	2089.52	2162.96	2236.54	2363.86	2502.80	
2692.58	2990.34	3286.48	3500.06	3621.66	3659.14	3668.04	3670.46	3672.18	3684.08	3690.16	3694.68	3684.14	3682.36	3687.48	3685.86	
3684.04	3714.30	3701.04	3705.50	3708.70	3712.54	3716.02	3712.08	3714.16	3717.52	3713.96	3714.00	3717.80	3713.00	3710.14	3722.78	
3726.30	3728.80	3727.48	3728.16	3717.86	3722.06	3716.54	3712.26	3722.14	3713.96	3725.12	3720.08	3727.50	3727.44	3727.38	3732.12	
3731.64	3735.88	3732.98	3730.32	3737.94	3739.58	3733.34	3740.78	3732.08	3741.98	3738.52	3737.84	3746.00	3745.62	3746.10	3750.88	
3750.38	3626.10	3699.72	3739.70	3740.34	3741.96	3744.18	3749.74	3745.18	3738.54	3745.08	3743.28	3746.22	3748.82	3743.38	3742.28	
3741.54	3730.48	3720.22	3722.32	3738.98	3736.50	3735.64	3733.80	3726.30	3715.12	3732.34	3728.28	3735.90	3737.52	3752.84	3709.08	

*******************************************2025/07/27;07:34:55
Probe number 416
Concentration entered by User 2.07% (Compensated: 2.99% at temperature 32.1)
1301.00	1319.34	1331.82	1346.50	1363.30	1377.58	1394.82	1412.10	1432.44	1451.02	1476.48	1500.90	1527.96	1556.04	1577.84	1599.90	
1622.74	1666.36	1700.16	1750.38	1784.26	1821.14	1855.12	1896.22	1944.34	1987.06	2040.88	2101.54	2181.32	2260.90	2362.76	2511.28	
2703.52	2998.90	3290.72	3500.76	3627.08	3668.08	3676.78	3679.72	3681.32	3693.10	3699.38	3703.28	3692.66	3691.10	3695.48	3694.18	
3692.54	3722.02	3709.46	3713.10	3716.50	3720.00	3723.36	3719.64	3722.06	3724.88	3721.62	3721.40	3725.32	3721.14	3718.32	3730.30	
3732.86	3735.96	3734.56	3735.40	3725.44	3729.52	3724.14	3719.90	3729.00	3721.88	3732.74	3727.70	3734.60	3734.66	3734.18	3738.86	
3738.52	3742.74	3739.96	3736.90	3744.76	3746.24	3740.48	3747.12	3739.08	3748.30	3745.30	3744.72	3752.30	3751.76	3752.12	3756.86	
3756.26	3636.44	3708.28	3746.52	3746.68	3748.98	3750.64	3755.70	3751.60	3745.46	3751.24	3749.72	3752.50	3754.78	3749.98	3748.48	
3747.90	3737.28	3727.66	3729.98	3745.70	3743.62	3742.48	3740.70	3733.34	3722.50	3739.40	3735.36	3742.50	3744.08	3758.78	3716.98	

*******************************************2025/07/27;07:39:55
Probe number 417
Concentration entered by User 2.09% (Compensated: 3.02% at temperature 32.1)
1299.60	1317.58	1330.34	1344.82	1361.48	1375.52	1392.40	1409.56	1430.64	1448.88	1472.34	1498.76	1526.64	1555.54	1577.24	1597.44	
1623.24	1663.52	1698.70	1749.32	1783.74	1821.66	1859.70	1901.46	1943.34	1988.40	2038.62	2094.96	2168.02	2247.82	2357.28	2502.70	
2692.60	2997.42	3293.50	3489.14	3620.16	3662.94	3671.92	3674.04	3676.72	3688.40	3694.16	3698.58	3688.44	3686.20	3691.10	3689.74	
3687.80	3717.98	3704.78	3709.34	3711.88	3716.00	3719.82	3715.62	3717.88	3720.74	3716.80	3717.02	3721.02	3717.00	3714.00	3726.34	
3729.20	3732.20	3730.76	3731.52	3721.12	3725.36	3719.90	3715.88	3725.18	3717.60	3728.96	3723.76	3730.98	3730.36	3730.36	3735.24	
3734.60	3739.08	3736.08	3733.24	3740.94	3742.40	3736.64	3743.96	3734.98	3744.70	3741.38	3741.22	3748.94	3748.64	3749.22	3753.44	
3752.76	3630.64	3704.14	3743.06	3743.40	3745.40	3747.34	3752.46	3748.04	3741.64	3747.98	3746.22	3749.04	3751.56	3746.48	3744.98	
3744.20	3733.80	3723.58	3725.92	3742.02	3740.18	3738.92	3736.94	3729.48	3718.68	3735.52	3731.62	3738.76	3740.96	3755.24	3712.70	

*******************************************2025/07/27;07:44:55
Probe number 418
Concentration entered by User 2.09% (Compensated: 3.02% at temperature 32.2)
1300.48	1318.82	1331.14	1345.96	1362.20	1376.48	1394.46	1410.98	1430.82	1449.70	1474.46	1496.94	1525.16	1556.34	1576.26	1598.12	
1623.28	1664.74	1702.18	1754.12	1785.16	1822.72	1862.94	1898.42	1942.94	1988.68	2036.64	2096.04	2173.98	2252.76	2366.42	2511.98	
2700.68	2987.04	3282.30	3504.18	3624.66	3665.32	3674.42	3677.14	3679.20	3690.02	3695.54	3700.56	3689.68	3687.64	3692.38	3691.02	
3688.86	3719.08	3706.20	3710.60	3713.64	3717.50	3721.04	3716.68	3719.14	3722.18	3718.48	3718.50	3722.48	3718.30	3715.26	3727.30	
3730.52	3733.58	3731.76	3732.96	3722.22	3726.74	3720.98	3716.96	3726.34	3719.12	3729.90	3724.74	3732.28	3731.84	3731.40	3736.16	
3735.92	3740.30	3737.40	3734.88	3742.14	3743.56	3737.80	3744.82	3736.48	3746.10	3742.78	3742.54	3749.94	3749.56	3749.82	3754.62	
3754.14	3632.32	3705.40	3744.14	3744.38	3746.46	3748.12	3753.38	3749.58	3742.82	3748.86	3747.26	3750.38	3752.72	3747.54	3745.98	
3745.70	3735.02	3724.98	3727.14	3742.98	3741.28	3740.02	3738.10	3730.82	3719.80	3736.80	3732.72	3740.16	3742.02	3756.62	3714.08	

*******************************************2025/07/27;07:49:55
Probe number 419
Concentration entered by User 2.09% (Compensated: 3.03% at temperature 32.2)
1299.08	1317.60	1329.30	1343.82	1361.52	1375.30	1392.70	1408.66	1428.92	1448.78	1472.72	1496.60	1524.90	1552.98	1576.68	1596.70	
1619.30	1660.70	1696.58	1750.84	1784.86	1820.62	1856.88	1896.78	1939.20	1989.52	2034.66	2089.00	2163.32	2248.84	2366.08	2508.64	
2695.16	2997.92	3287.54	3495.96	3619.26	3660.82	3671.10	3673.58	3675.28	3687.44	3693.78	3698.52	3687.46	3685.52	3690.52	3688.70	
3686.92	3717.06	3704.08	3708.58	3711.68	3715.68	3718.98	3714.70	3716.86	3720.56	3716.38	3716.32	3720.68	3716.36	3713.18	3725.38	
3728.96	3731.66	3730.18	3730.94	3720.62	3725.08	3719.48	3715.22	3724.38	3717.18	3728.26	3722.90	3730.24	3730.16	3730.10	3734.86	
3734.40	3738.76	3735.78	3732.82	3741.00	3742.16	3736.14	3743.26	3734.82	3744.62	3741.36	3740.82	3748.40	3748.02	3748.76	3753.24	
3752.72	3630.06	3703.48	3742.74	3742.84	3745.02	3746.98	3751.92	3747.94	3741.46	3747.24	3745.92	3748.96	3751.22	3746.04	3744.64	
3743.82	3733.40	3723.18	3725.42	3741.80	3739.88	3738.42	3736.60	3729.18	3718.36	3735.44	3731.10	3738.52	3740.32	3755.36	3712.22	

*******************************************2025/07/27;07:54:55
Probe number 420
Concentration entered by User 2.06% (Compensated: 3.00% at temperature 32.3)
1301.36	1319.94	1332.50	1346.82	1363.12	1378.12	1395.46	1412.04	1432.64	1452.66	1475.00	1498.26	1525.52	1554.68	1577.18	1599.78	
1623.54	1666.30	1701.22	1752.30	1787.56	1825.34	1862.22	1902.64	1942.20	1988.72	2035.38	2096.40	2173.46	2254.34	2365.98	2518.08	
2716.42	2995.94	3293.16	3505.44	3627.20	3667.26	3677.82	3680.22	3681.74	3692.90	3699.08	3703.62	3693.50	3691.74	3696.66	3694.48	
3693.18	3722.16	3710.24	3713.42	3716.72	3720.70	3724.10	3720.14	3722.36	3725.24	3721.98	3722.06	3725.60	3721.36	3718.52	3730.78	
3733.58	3736.84	3735.44	3736.18	3725.86	3730.40	3724.84	3720.60	3729.64	3722.84	3733.38	3728.74	3735.28	3735.08	3735.16	3739.48	
3739.12	3743.46	3740.32	3737.88	3745.48	3746.86	3741.08	3747.92	3739.48	3748.72	3745.90	3745.68	3753.00	3752.44	3752.98	3757.44	
3757.02	3638.10	3709.48	3747.04	3747.66	3749.52	3751.14	3756.50	3752.30	3745.90	3751.92	3750.48	3753.30	3755.54	3750.30	3749.08	
3748.58	3738.40	3728.70	3730.78	3746.34	3744.42	3743.12	3741.60	3734.34	3723.80	3740.30	3736.06	3743.14	3744.96	3759.36	3718.10	

*******************************************2025/07/27;07:59:56
Probe number 421
Concentration entered by User 2.06% (Compensated: 3.00% at temperature 32.3)
1300.84	1318.56	1331.74	1346.20	1362.68	1377.20	1395.14	1411.50	1432.80	1452.62	1476.18	1499.88	1526.76	1555.92	1577.74	1600.06	
1623.58	1664.76	1701.36	1754.72	1791.66	1824.22	1860.68	1902.44	1947.54	1990.16	2040.88	2096.18	2174.42	2253.60	2368.90	2518.88	
2717.50	3003.38	3294.50	3499.54	3624.94	3666.88	3676.58	3678.54	3680.06	3691.92	3698.22	3702.36	3692.28	3690.14	3695.38	3693.42	
3691.70	3721.72	3708.94	3713.00	3716.12	3719.86	3723.42	3719.60	3722.18	3724.44	3721.08	3721.42	3724.96	3720.82	3718.18	3730.00	
3732.92	3735.72	3734.38	3735.36	3725.06	3729.80	3723.94	3720.20	3729.06	3721.78	3732.60	3727.66	3734.70	3734.50	3734.36	3738.58	
3738.46	3742.94	3739.72	3737.26	3744.72	3745.78	3740.06	3747.20	3738.90	3748.48	3745.18	3744.90	3752.22	3751.92	3752.46	3756.78	
3756.26	3636.38	3708.64	3746.58	3746.78	3748.94	3750.94	3755.82	3751.44	3745.54	3751.20	3749.76	3752.52	3754.94	3749.72	3748.50	
3747.78	3737.66	3727.82	3729.90	3745.44	3743.58	3742.66	3741.00	3733.24	3722.88	3739.18	3735.24	3742.48	3744.72	3758.80	3717.00	

*******************************************2025/07/27;08:04:56
Probe number 422
Concentration entered by User 2.03% (Compensated: 2.98% at temperature 32.4)
1301.98	1320.78	1333.20	1346.98	1363.32	1378.30	1395.52	1412.38	1433.24	1452.48	1476.98	1501.84	1529.16	1558.46	1579.68	1601.62	
1624.20	1663.38	1701.44	1755.06	1786.66	1827.18	1864.58	1905.80	1949.70	1988.26	2037.94	2099.54	2178.30	2254.20	2370.62	2512.04	
2710.72	3008.10	3302.66	3510.32	3627.14	3669.38	3678.92	3680.24	3682.00	3693.56	3699.10	3703.66	3693.56	3691.24	3696.34	3694.70	
3692.44	3722.26	3709.48	3713.48	3716.82	3720.88	3724.34	3720.64	3722.80	3725.82	3722.04	3721.98	3726.12	3722.10	3718.82	3730.98	
3733.76	3736.88	3735.50	3736.32	3726.12	3730.66	3724.86	3721.00	3730.22	3722.94	3733.70	3728.50	3735.62	3735.18	3735.36	3739.86	
3739.16	3743.48	3740.68	3738.20	3745.46	3746.74	3741.28	3748.12	3739.66	3749.52	3746.18	3746.10	3753.14	3752.76	3753.20	3757.62	
3757.20	3637.96	3709.72	3747.52	3747.78	3750.08	3751.72	3756.60	3752.36	3746.28	3751.78	3750.78	3753.00	3755.76	3750.58	3749.46	
3748.56	3738.76	3728.66	3731.20	3746.62	3744.64	3743.70	3741.90	3734.24	3723.92	3740.62	3735.98	3743.48	3745.48	3759.22	3718.32	

*******************************************2025/07/27;08:09:55
Probe number 423
Concentration entered by User 2.05% (Compensated: 3.01% at temperature 32.4)
1301.46	1320.52	1332.96	1347.60	1363.28	1378.04	1395.68	1413.18	1432.82	1451.20	1475.36	1499.92	1526.36	1557.88	1579.76	1601.14	
1624.54	1666.42	1704.10	1757.02	1790.00	1827.04	1858.76	1900.06	1944.38	1991.06	2039.02	2097.80	2184.42	2260.70	2376.00	2519.88	
2712.12	3001.10	3297.10	3507.36	3627.16	3668.54	3678.06	3678.82	3680.94	3692.62	3698.62	3703.16	3693.48	3691.02	3696.46	3693.92	
3692.52	3722.02	3709.72	3713.28	3716.92	3720.60	3724.30	3720.00	3722.64	3725.32	3721.94	3721.76	3725.58	3721.40	3718.80	3730.50	
3733.52	3736.56	3735.12	3736.12	3725.54	3730.72	3724.56	3720.46	3729.46	3722.84	3733.24	3728.36	3735.40	3734.84	3734.80	3739.72	
3739.02	3743.46	3740.50	3737.70	3745.18	3746.64	3740.68	3747.94	3739.66	3749.28	3745.80	3745.60	3753.02	3752.48	3752.88	3757.28	
3757.00	3637.74	3709.28	3747.32	3747.66	3749.58	3751.42	3756.54	3752.22	3745.94	3751.72	3750.36	3752.92	3755.44	3750.22	3749.04	
3748.56	3738.42	3728.22	3730.76	3746.30	3744.42	3743.22	3741.62	3734.16	3723.96	3739.74	3736.02	3743.24	3745.16	3759.30	3718.06	

*******************************************2025/07/27;08:14:56
Probe number 424
Concentration entered by User 2.04% (Compensated: 3.00% at temperature 32.4)
1300.62	1319.56	1332.70	1347.10	1363.26	1377.76	1395.40	1412.02	1432.38	1452.42	1475.62	1500.62	1526.40	1555.46	1578.22	1600.56	
1624.68	1664.02	1699.26	1756.44	1789.84	1827.32	1860.86	1899.94	1943.50	1989.70	2042.06	2099.94	2173.50	2254.56	2374.36	2517.72	
2710.02	3006.28	3301.98	3504.92	3625.10	3667.62	3677.54	3679.02	3681.14	3693.12	3698.14	3702.68	3693.08	3690.86	3695.90	3694.08	
3692.24	3721.54	3709.42	3713.38	3716.60	3720.66	3723.92	3720.38	3722.58	3725.14	3721.36	3721.92	3725.46	3721.30	3718.68	3730.82	
3733.62	3736.64	3735.30	3735.64	3725.92	3730.30	3724.46	3720.60	3729.88	3722.68	3733.36	3728.50	3735.44	3735.24	3734.96	3739.52	
3739.14	3743.50	3740.36	3737.96	3745.30	3746.74	3740.90	3747.86	3739.50	3749.12	3745.64	3745.54	3752.74	3752.32	3752.86	3757.52	
3756.90	3637.54	3709.24	3747.22	3747.46	3749.38	3751.22	3756.20	3752.12	3745.94	3752.02	3750.32	3753.00	3755.30	3750.40	3749.14	
3748.38	3738.30	3728.24	3730.66	3746.16	3744.44	3743.18	3741.54	3733.98	3723.56	3739.92	3736.06	3743.32	3745.36	3759.20	3717.96	

*******************************************2025/07/27;08:19:56
Probe number 425
Concentration entered by User 2.03% (Compensated: 3.00% at temperature 32.5)
1300.94	1319.70	1332.52	1347.02	1363.36	1377.72	1395.04	1412.24	1432.80	1452.84	1476.60	1500.76	1528.62	1558.24	1580.14	1601.66	
1621.52	1664.28	1703.06	1752.88	1787.12	1826.72	1863.00	1901.22	1943.28	1990.62	2046.66	2109.76	2185.10	2255.20	2374.10	2529.96	
2715.68	3007.40	3300.50	3509.90	3627.76	3669.02	3679.44	3680.28	3682.52	3693.30	3699.72	3704.04	3693.98	3692.54	3696.94	3695.46	
3693.64	3722.96	3710.52	3714.48	3717.70	3721.58	3725.14	3721.08	3723.28	3726.64	3722.36	3722.68	3726.48	3722.08	3719.44	3731.50	
3734.28	3737.46	3735.74	3736.84	3726.48	3730.84	3725.44	3721.70	3730.26	3723.28	3734.02	3728.98	3736.02	3735.56	3735.62	3740.22	
3739.54	3743.88	3741.34	3738.56	3745.84	3747.22	3741.52	3748.86	3739.96	3749.70	3746.50	3746.16	3753.34	3753.14	3753.82	3757.98	
3757.24	3638.94	3710.02	3747.72	3747.94	3750.18	3751.78	3756.94	3752.88	3746.52	3752.72	3751.02	3753.68	3756.10	3750.92	3749.92	
3748.98	3739.10	3729.34	3731.50	3746.92	3745.12	3743.46	3741.96	3735.02	3724.36	3741.04	3736.44	3743.90	3745.84	3759.70	3718.76	

*******************************************2025/07/27;08:24:56
Probe number 426
Concentration entered by User 2.08% (Compensated: 3.03% at temperature 32.4)
1299.06	1317.22	1330.32	1345.28	1361.54	1375.70	1393.68	1409.30	1429.14	1448.76	1472.60	1498.10	1526.76	1555.36	1575.78	1597.84	
1622.60	1663.60	1698.48	1749.58	1781.62	1816.18	1851.94	1893.72	1938.86	1987.54	2036.74	2086.40	2173.72	2250.52	2372.80	2515.46	
2695.16	3000.30	3295.02	3497.40	3616.00	3660.88	3671.14	3673.00	3674.26	3685.84	3691.70	3696.98	3686.32	3684.10	3689.16	3687.46	
3685.88	3716.12	3703.24	3707.38	3710.58	3714.74	3718.32	3714.12	3716.50	3719.66	3715.96	3716.22	3719.56	3715.80	3712.74	3725.18	
3728.28	3731.32	3729.64	3730.86	3720.38	3724.92	3719.06	3714.84	3724.38	3716.68	3727.96	3722.78	3730.08	3729.68	3729.50	3734.30	
3733.90	3738.14	3735.30	3732.70	3740.40	3742.04	3735.74	3743.02	3734.48	3744.34	3741.02	3740.52	3748.52	3747.68	3748.44	3753.10	
3752.36	3629.82	3703.28	3742.34	3742.50	3744.88	3746.60	3751.76	3747.34	3741.16	3747.24	3745.46	3748.58	3750.86	3745.70	3744.44	
3743.82	3733.08	3722.74	3725.06	3741.34	3739.34	3738.16	3736.54	3728.60	3718.28	3735.00	3730.60	3738.12	3740.00	3754.90	3712.14	

*******************************************2025/07/27;08:29:56
Probe number 427
Concentration entered by User 2.05% (Compensated: 3.01% at temperature 32.5)
1300.78	1319.60	1332.34	1345.96	1361.92	1376.92	1394.52	1410.42	1431.26	1450.38	1473.82	1498.94	1528.10	1558.88	1579.84	1601.58	
1625.02	1663.88	1700.18	1754.36	1787.40	1819.84	1855.24	1897.02	1945.58	1990.46	2039.40	2094.08	2171.80	2248.98	2375.58	2519.14	
2711.26	3010.78	3292.30	3503.96	3625.34	3668.00	3678.58	3679.58	3681.70	3692.36	3698.64	3703.08	3693.18	3690.90	3696.12	3694.12	
3692.38	3722.06	3709.26	3713.20	3716.74	3720.50	3724.16	3720.48	3722.48	3725.42	3721.82	3721.68	3725.62	3721.52	3718.66	3730.50	
3733.52	3736.80	3734.80	3735.84	3725.56	3729.92	3724.90	3720.76	3729.88	3722.66	3733.10	3728.30	3735.34	3735.06	3735.12	3739.34	
3738.96	3743.34	3740.32	3737.80	3745.32	3746.74	3740.90	3747.92	3739.32	3749.02	3745.64	3745.36	3752.94	3752.58	3753.10	3757.22	
3756.74	3637.66	3709.32	3746.96	3747.24	3749.22	3751.32	3756.28	3752.18	3746.12	3751.80	3750.26	3753.18	3755.52	3750.30	3749.14	
3748.50	3738.18	3728.44	3730.48	3746.06	3744.24	3742.98	3741.30	3734.00	3723.92	3739.78	3735.80	3742.90	3745.14	3759.22	3717.90	

*******************************************2025/07/27;08:34:55
Probe number 428
Concentration entered by User 2.07% (Compensated: 3.03% at temperature 32.5)
1299.86	1318.44	1331.16	1345.32	1362.10	1377.34	1394.90	1410.42	1430.24	1450.36	1474.42	1499.62	1527.06	1555.38	1577.40	1600.44	
1621.24	1663.08	1700.36	1751.96	1787.42	1818.56	1853.56	1896.36	1944.30	1986.50	2040.64	2097.88	2178.48	2251.84	2372.40	2518.48	
2702.76	3004.70	3291.72	3501.92	3621.06	3663.66	3674.20	3675.82	3677.44	3688.56	3694.42	3698.86	3688.40	3686.40	3692.04	3690.56	
3688.52	3718.32	3705.84	3709.68	3713.06	3716.84	3720.78	3716.48	3719.00	3721.74	3718.22	3718.34	3722.08	3717.84	3715.26	3726.90	
3730.36	3733.34	3731.80	3733.06	3722.52	3727.12	3721.26	3716.86	3726.42	3719.18	3729.98	3725.00	3732.04	3731.94	3731.68	3736.26	
3735.92	3740.24	3737.56	3734.68	3742.48	3743.60	3737.60	3744.96	3736.40	3746.22	3742.96	3742.66	3750.18	3749.78	3750.28	3754.64	
3754.10	3632.76	3705.66	3744.44	3744.58	3746.60	3748.10	3753.60	3749.50	3743.06	3748.76	3747.20	3750.50	3752.64	3747.60	3746.18	
3745.66	3735.24	3724.66	3727.92	3743.34	3741.42	3740.08	3738.54	3730.66	3720.10	3737.00	3732.82	3740.14	3742.26	3756.88	3714.22	

*******************************************2025/07/27;08:39:56
Probe number 429
Concentration entered by User 2.09% (Compensated: 3.04% at temperature 32.4)
1300.18	1318.50	1331.94	1346.64	1362.40	1377.02	1393.84	1409.34	1430.64	1450.50	1475.70	1500.18	1527.36	1555.56	1574.94	1597.62	
1620.96	1664.58	1699.46	1750.98	1784.18	1820.36	1856.24	1900.48	1942.96	1986.26	2038.34	2099.82	2175.72	2255.66	2377.02	2509.50	
2705.46	3007.38	3283.88	3493.64	3619.62	3663.80	3674.96	3676.12	3677.32	3688.88	3695.26	3699.50	3689.42	3687.74	3693.12	3691.92	
3689.80	3719.56	3706.20	3710.58	3713.58	3718.02	3721.88	3717.68	3719.54	3722.74	3719.36	3719.12	3723.18	3718.86	3715.84	3728.14	
3731.04	3734.44	3733.02	3733.82	3723.40	3727.92	3722.38	3717.70	3727.48	3720.30	3730.72	3725.76	3733.00	3732.46	3732.32	3736.98	
3736.76	3741.06	3738.18	3735.66	3743.20	3744.40	3738.70	3745.72	3737.22	3747.00	3743.60	3743.18	3750.52	3750.58	3750.94	3755.16	
3754.62	3633.98	3706.56	3744.86	3745.20	3747.50	3749.10	3754.44	3750.30	3743.82	3749.60	3748.04	3751.00	3753.54	3748.36	3746.68	
3746.42	3735.92	3726.00	3728.26	3743.82	3742.20	3740.96	3739.12	3731.62	3721.24	3737.68	3733.70	3740.96	3743.16	3757.62	3715.40	

*******************************************2025/07/27;08:44:55
Probe number 430
Concentration entered by User 2.07% (Compensated: 3.02% at temperature 32.4)
1301.54	1319.76	1333.04	1347.02	1363.38	1377.98	1395.62	1412.36	1432.04	1451.46	1475.54	1500.88	1529.18	1558.86	1577.56	1598.80	
1625.94	1668.66	1700.44	1752.54	1786.84	1824.08	1859.02	1902.14	1951.32	1996.34	2041.88	2100.60	2176.38	2248.28	2372.46	2511.26	
2703.02	2999.12	3290.68	3505.54	3624.00	3666.40	3676.54	3678.08	3679.06	3691.02	3696.54	3701.42	3691.06	3689.14	3695.00	3693.18	
3691.36	3721.14	3708.42	3712.54	3715.44	3720.02	3723.24	3719.18	3721.24	3724.20	3720.64	3720.72	3724.60	3720.46	3717.48	3729.84	
3732.90	3735.58	3734.34	3735.22	3725.30	3729.26	3723.50	3719.68	3728.54	3721.70	3732.40	3727.54	3734.50	3734.02	3733.88	3738.86	
3738.36	3742.58	3739.74	3737.14	3744.36	3745.88	3740.04	3747.08	3738.78	3748.12	3744.86	3744.58	3752.32	3751.68	3752.38	3756.42	
3756.22	3636.06	3708.32	3746.46	3746.54	3748.84	3750.36	3755.60	3751.38	3745.12	3750.84	3749.52	3752.10	3754.82	3749.42	3748.30	
3747.64	3737.38	3727.54	3729.88	3745.44	3743.46	3742.18	3740.72	3733.28	3722.72	3739.24	3735.00	3742.46	3744.54	3758.44	3716.92	

*******************************************2025/07/27;08:49:56
Probe number 431
Concentration entered by User 2.04% (Compensated: 3.00% at temperature 32.5)
1300.68	1319.06	1330.68	1344.86	1361.12	1376.50	1394.70	1411.36	1431.16	1450.36	1475.24	1499.12	1527.72	1555.56	1577.28	1597.96	
1622.68	1664.40	1697.90	1752.74	1784.24	1819.64	1858.38	1901.44	1945.86	1990.28	2037.86	2103.02	2186.82	2260.32	2375.46	2529.62	
2705.92	3011.82	3299.36	3508.96	3626.30	3665.98	3676.64	3678.98	3680.96	3692.40	3697.82	3702.58	3692.64	3690.82	3696.50	3694.82	
3692.36	3721.94	3709.40	3713.20	3716.70	3721.04	3724.26	3720.42	3722.28	3725.28	3721.78	3721.64	3725.84	3721.52	3718.70	3730.74	
3733.62	3736.56	3735.22	3736.00	3725.74	3730.24	3724.76	3720.54	3729.82	3722.76	3733.16	3728.40	3735.46	3735.14	3734.94	3739.50	
3738.88	3743.24	3740.42	3738.08	3745.26	3746.52	3741.06	3748.02	3739.48	3749.34	3746.14	3745.76	3753.14	3752.36	3752.92	3757.30	
3756.82	3637.64	3709.56	3747.14	3747.40	3749.52	3751.34	3756.54	3752.40	3746.20	3751.86	3750.46	3753.26	3755.56	3750.50	3749.16	
3748.74	3738.18	3728.64	3730.88	3746.04	3744.62	3743.48	3741.70	3734.10	3723.84	3740.18	3735.86	3743.34	3745.50	3759.42	3717.98	

*******************************************2025/07/27;08:54:56
Probe number 432
Concentration entered by User 2.01% (Compensated: 2.98% at temperature 32.6)
1300.54	1318.58	1332.08	1346.92	1362.66	1376.60	1394.52	1411.26	1431.70	1450.74	1474.24	1500.52	1529.26	1558.52	1577.52	1599.56	
1623.32	1661.96	1697.78	1753.38	1787.52	1821.42	1861.68	1904.66	1947.22	1993.80	2041.44	2100.98	2183.44	2259.98	2370.08	2512.04	
2714.44	3014.66	3311.94	3509.28	3625.34	3666.92	3676.80	3679.02	3680.84	3692.16	3697.76	3702.38	3692.50	3690.72	3696.28	3694.36	
3692.62	3721.84	3709.16	3713.36	3716.66	3720.66	3724.04	3720.26	3722.30	3725.14	3721.74	3721.66	3725.30	3721.32	3718.78	3730.54	
3733.76	3736.72	3735.18	3736.10	3725.88	3730.42	3724.54	3720.58	3729.72	3722.70	3733.32	3728.54	3735.44	3735.14	3734.94	3739.70	
3739.14	3743.34	3740.32	3737.82	3745.40	3746.54	3741.00	3747.88	3739.28	3749.14	3745.60	3745.74	3752.86	3752.92	3753.26	3757.32	
3756.76	3637.66	3709.22	3747.34	3747.74	3749.86	3751.42	3756.26	3752.16	3745.86	3751.96	3750.50	3753.04	3755.50	3750.28	3749.40	
3748.46	3738.44	3728.28	3730.94	3746.48	3744.50	3743.14	3741.48	3734.34	3724.12	3740.08	3736.02	3743.18	3745.32	3759.06	3718.20	

*******************************************2025/07/27;08:59:56
Probe number 433
Concentration entered by User 2.06% (Compensated: 3.03% at temperature 32.6)
1299.60	1318.30	1330.98	1346.66	1363.12	1377.74	1395.60	1412.08	1431.76	1450.40	1475.16	1500.98	1527.94	1557.76	1578.72	1599.06	
1622.28	1662.96	1698.82	1752.70	1786.90	1822.78	1862.86	1904.54	1947.90	1993.22	2039.94	2101.36	2177.44	2258.98	2376.74	2513.72	
2704.88	3005.96	3293.76	3505.04	3619.70	3662.22	3673.82	3676.60	3678.82	3689.74	3695.44	3699.96	3690.28	3688.36	3693.54	3691.80	
3690.28	3720.18	3706.92	3711.06	3714.42	3719.02	3722.46	3718.20	3721.00	3723.54	3719.98	3720.14	3723.70	3719.58	3717.02	3728.70	
3732.26	3735.06	3733.72	3734.76	3724.00	3728.82	3722.90	3718.78	3728.02	3720.82	3731.66	3726.72	3733.68	3733.70	3733.26	3738.00	
3737.64	3742.08	3739.14	3736.44	3743.96	3745.10	3739.56	3746.44	3737.92	3747.72	3744.50	3744.30	3751.82	3751.30	3751.72	3756.14	
3755.66	3635.36	3707.94	3746.08	3746.08	3748.46	3750.10	3755.22	3750.98	3744.70	3750.56	3749.04	3752.04	3754.18	3749.32	3747.86	
3747.22	3736.78	3727.14	3729.20	3745.14	3743.34	3741.62	3740.14	3732.96	3722.74	3738.82	3734.60	3742.12	3743.98	3758.16	3716.66	

*******************************************2025/07/27;09:04:56
Probe number 434
Concentration entered by User 2.00% (Compensated: 2.97% at temperature 32.6)
1301.22	1320.10	1332.86	1347.62	1363.96	1378.56	1395.78	1412.60	1433.26	1452.08	1476.98	1501.28	1527.56	1557.24	1578.32	1599.46	
1624.36	1664.90	1703.52	1755.44	1790.06	1826.14	1864.90	1899.40	1943.72	1990.80	2046.30	2104.06	2182.80	2260.78	2376.64	2521.72	
2714.82	3020.86	3311.32	3514.74	3625.72	3666.22	3676.62	3678.50	3680.04	3691.30	3697.34	3701.58	3691.70	3689.74	3695.02	3693.36	
3691.66	3721.62	3708.68	3712.40	3716.16	3720.36	3723.84	3719.68	3722.06	3725.04	3721.12	3721.20	3725.18	3720.90	3718.14	3730.32	
3733.16	3736.34	3734.78	3735.52	3725.56	3729.96	3724.44	3720.32	3729.44	3722.54	3732.76	3728.26	3735.18	3734.52	3734.64	3739.22	
3738.50	3743.10	3739.98	3737.68	3744.80	3746.12	3740.50	3747.46	3739.20	3749.00	3745.40	3745.14	3752.68	3752.24	3752.70	3756.96	
3756.70	3637.12	3709.32	3747.06	3747.26	3749.58	3751.08	3756.10	3751.80	3745.86	3751.72	3750.08	3752.82	3754.98	3750.10	3748.86	
3748.00	3738.38	3728.10	3730.66	3746.24	3744.26	3742.76	3741.26	3733.96	3723.72	3739.88	3735.78	3743.28	3745.28	3759.16	3718.16	

*******************************************2025/07/27;09:09:56
Probe number 435
Concentration entered by User 2.03% (Compensated: 3.01% at temperature 32.7)
1301.68	1319.64	1332.54	1347.58	1363.88	1378.38	1396.14	1413.28	1433.22	1451.26	1476.12	1500.64	1528.34	1559.84	1581.20	1599.26	
1625.16	1665.58	1703.68	1753.16	1787.82	1823.44	1862.12	1902.82	1948.74	1993.90	2046.20	2106.50	2187.62	2266.32	2378.50	2535.00	
2718.88	3005.60	3299.44	3516.24	3626.34	3666.14	3677.58	3679.50	3682.08	3692.80	3698.80	3703.06	3693.58	3691.34	3696.50	3694.56	
3693.02	3722.66	3709.82	3713.52	3717.18	3721.40	3724.64	3720.88	3722.76	3726.24	3722.44	3722.40	3726.20	3721.98	3719.84	3731.24	
3734.46	3737.46	3735.84	3736.72	3726.80	3731.34	3725.62	3721.64	3730.80	3723.72	3734.12	3729.30	3736.56	3736.00	3736.08	3740.34	
3739.92	3744.08	3741.20	3738.78	3745.94	3747.38	3741.48	3748.74	3740.28	3749.94	3746.76	3746.38	3753.60	3753.28	3753.76	3758.00	
3757.68	3639.16	3710.64	3748.06	3748.28	3750.82	3752.20	3757.02	3752.80	3746.74	3752.66	3751.20	3753.96	3756.16	3750.94	3749.82	
3749.32	3739.28	3729.66	3732.08	3747.34	3745.46	3744.38	3742.38	3735.00	3725.10	3741.26	3737.22	3744.12	3746.16	3760.06	3719.14	

*******************************************2025/07/27;09:14:56
Probe number 436
Concentration entered by User 2.01% (Compensated: 2.99% at temperature 32.6)
1300.94	1319.08	1331.60	1346.14	1362.54	1377.10	1394.66	1411.90	1432.94	1451.02	1475.30	1500.32	1528.80	1558.62	1578.92	1599.72	
1624.02	1665.38	1700.20	1751.54	1788.24	1823.82	1859.08	1898.74	1949.38	1997.58	2043.28	2111.54	2184.80	2262.22	2371.62	2515.88	
2710.20	3013.36	3312.92	3510.04	3627.68	3667.50	3677.40	3678.98	3680.90	3692.06	3697.54	3702.34	3692.68	3690.74	3695.84	3694.06	
3691.88	3721.62	3709.18	3713.02	3716.34	3720.74	3724.26	3720.30	3722.44	3725.00	3721.56	3721.82	3725.50	3721.40	3718.74	3730.30	
3733.48	3736.80	3735.22	3735.96	3725.72	3730.44	3724.68	3720.44	3729.76	3722.74	3732.92	3728.36	3735.58	3735.06	3734.80	3739.40	
3739.04	3743.26	3740.52	3738.16	3745.14	3746.72	3740.68	3747.74	3739.58	3748.90	3745.82	3745.44	3752.70	3752.68	3752.92	3757.38	
3756.72	3637.86	3709.38	3747.30	3747.50	3749.64	3751.28	3756.36	3752.16	3746.24	3751.76	3750.40	3753.00	3755.20	3750.40	3749.06	
3748.46	3738.54	3728.52	3730.84	3746.26	3744.90	3743.06	3741.48	3734.46	3724.28	3740.30	3735.88	3743.10	3745.74	3759.32	3718.16	

*******************************************2025/07/27;09:19:56
Probe number 437
Concentration entered by User 2.06% (Compensated: 3.04% at temperature 32.7)
1301.04	1318.84	1331.34	1345.76	1361.52	1375.82	1393.76	1410.66	1430.28	1450.04	1474.56	1498.98	1527.22	1556.76	1578.36	1599.32	
1623.98	1664.36	1699.98	1749.60	1786.12	1821.00	1858.08	1898.26	1946.10	1991.20	2041.78	2095.74	2179.22	2259.10	2379.62	2527.94	
2703.46	3007.26	3294.86	3503.08	3618.20	3659.88	3671.22	3673.44	3675.30	3686.50	3692.56	3697.64	3687.72	3685.66	3691.22	3689.58	
3687.20	3717.50	3704.38	3709.12	3712.20	3716.62	3720.08	3715.90	3717.82	3721.02	3717.58	3717.56	3721.56	3717.32	3714.48	3726.76	
3729.52	3732.76	3731.52	3732.42	3721.54	3726.66	3720.82	3716.24	3725.72	3718.66	3729.34	3724.34	3731.60	3731.28	3731.56	3735.58	
3735.30	3739.64	3736.72	3734.36	3741.84	3743.06	3737.28	3744.48	3735.70	3745.88	3742.70	3742.14	3749.76	3749.36	3749.80	3754.44	
3753.62	3632.16	3705.08	3743.88	3744.16	3746.46	3747.96	3753.34	3749.04	3742.82	3748.60	3746.90	3750.10	3751.96	3746.88	3745.68	
3745.08	3734.76	3724.62	3726.98	3742.72	3740.94	3739.70	3738.20	3730.56	3719.94	3736.68	3732.14	3739.84	3741.60	3756.64	3714.28	

*******************************************2025/07/27;09:24:56
Probe number 438
Concentration entered by User 2.06% (Compensated: 3.03% at temperature 32.7)
1299.90	1318.20	1331.02	1345.06	1361.38	1376.20	1394.76	1411.04	1432.10	1450.54	1474.38	1500.52	1527.70	1557.14	1578.46	1598.90	
1622.66	1661.72	1699.08	1752.72	1786.44	1820.42	1855.96	1903.38	1947.52	1989.64	2047.06	2106.96	2178.56	2263.52	2380.00	2525.72	
2711.38	2998.46	3294.50	3508.06	3624.28	3664.80	3675.56	3677.32	3679.10	3690.56	3695.86	3701.20	3692.04	3689.68	3695.04	3692.94	
3690.60	3720.66	3707.94	3711.96	3715.50	3719.60	3723.40	3718.96	3721.32	3724.52	3720.48	3720.68	3724.82	3720.38	3717.52	3729.66	
3732.50	3735.90	3734.44	3735.44	3725.20	3729.50	3723.82	3719.86	3728.82	3722.10	3732.62	3727.68	3734.62	3734.22	3733.68	3738.76	
3738.18	3742.70	3739.66	3737.52	3744.66	3746.04	3740.24	3747.28	3738.64	3748.30	3745.40	3744.94	3752.14	3751.92	3752.32	3756.90	
3756.40	3636.88	3708.62	3746.28	3747.06	3749.08	3750.48	3755.66	3751.74	3745.48	3751.32	3749.72	3752.62	3754.68	3749.82	3748.36	
3747.88	3737.78	3727.72	3730.28	3745.46	3743.92	3742.50	3741.06	3733.48	3723.30	3739.56	3735.46	3742.82	3744.92	3758.74	3717.48	

*******************************************2025/07/27;09:29:56
Probe number 439
Concentration entered by User 2.05% (Compensated: 3.03% at temperature 32.7)
1300.18	1318.58	1331.66	1345.86	1362.36	1376.52	1394.78	1412.08	1431.96	1451.62	1475.48	1499.78	1527.44	1555.64	1576.56	1600.44	
1623.92	1665.18	1702.04	1750.46	1783.70	1821.02	1858.44	1899.26	1947.76	1995.86	2046.18	2101.86	2188.12	2267.54	2384.42	2526.30	
2711.48	3007.02	3296.76	3502.90	3622.96	3664.08	3675.52	3677.94	3679.92	3690.72	3696.90	3701.70	3692.12	3689.84	3694.94	3693.00	
3691.24	3720.96	3708.26	3712.36	3715.62	3719.88	3723.22	3719.44	3721.68	3724.70	3720.56	3721.08	3724.68	3720.72	3717.68	3729.84	
3732.92	3735.90	3734.10	3735.62	3725.12	3729.54	3723.90	3719.88	3729.10	3722.04	3732.52	3727.66	3734.70	3734.32	3734.34	3738.56	
3738.62	3742.64	3739.62	3737.20	3744.72	3745.96	3739.92	3747.30	3739.02	3748.50	3745.34	3744.92	3752.30	3751.86	3752.58	3756.80	
3756.32	3636.76	3708.64	3746.86	3746.80	3749.16	3750.96	3755.78	3751.82	3745.76	3751.12	3750.06	3752.56	3754.96	3749.88	3748.70	
3747.88	3737.72	3728.06	3730.00	3745.96	3743.64	3742.70	3740.92	3733.82	3723.62	3739.44	3735.62	3742.78	3745.04	3758.86	3717.58	

*******************************************2025/07/27;09:34:56
Probe number 440
Concentration entered by User 2.05% (Compensated: 3.02% at temperature 32.6)
1300.62	1318.88	1331.74	1346.46	1363.60	1377.96	1395.40	1411.74	1432.40	1450.62	1473.92	1499.68	1527.78	1556.96	1577.00	1598.10	
1622.68	1666.04	1702.44	1750.80	1786.96	1822.04	1861.46	1904.50	1951.54	1994.70	2046.12	2106.16	2188.34	2267.30	2388.02	2516.64	
2699.48	3001.34	3298.94	3509.04	3629.04	3667.44	3678.16	3680.28	3681.78	3692.72	3698.84	3703.26	3693.74	3691.56	3697.12	3694.80	
3693.32	3723.30	3710.26	3714.52	3717.88	3721.80	3725.36	3721.66	3723.64	3726.60	3723.06	3723.02	3726.54	3722.62	3720.06	3732.12	
3734.68	3737.98	3736.46	3737.52	3727.30	3731.72	3725.88	3722.18	3731.08	3724.12	3734.38	3729.62	3736.70	3736.12	3736.22	3740.76	
3740.34	3744.36	3741.86	3739.34	3746.72	3747.76	3742.20	3748.96	3740.80	3750.44	3747.20	3746.64	3754.12	3753.52	3754.16	3758.54	
3757.94	3639.78	3711.02	3748.24	3748.78	3751.02	3752.52	3757.42	3753.50	3747.34	3752.96	3751.78	3754.24	3756.52	3751.58	3750.30	
3749.68	3739.46	3729.90	3731.98	3747.70	3745.74	3744.38	3743.06	3735.62	3725.24	3741.66	3737.42	3744.62	3746.44	3760.46	3719.92	

*******************************************2025/07/27;09:39:56
Probe number 441
Concentration entered by User 2.05% (Compensated: 3.02% at temperature 32.6)
1301.10	1319.20	1331.54	1346.18	1363.02	1377.88	1394.78	1412.38	1431.82	1451.12	1475.50	1500.38	1528.92	1557.64	1577.86	1598.40	
1623.98	1667.52	1701.48	1751.24	1784.04	1816.50	1858.20	1905.30	1950.64	1992.96	2044.58	2101.38	2181.98	2264.64	2388.38	2538.82	
2721.82	3009.76	3297.06	3502.68	3626.48	3668.44	3678.12	3680.92	3681.64	3692.20	3699.02	3703.38	3694.22	3692.00	3697.00	3695.04	
3693.10	3722.78	3710.50	3714.30	3717.72	3721.94	3725.42	3721.70	3723.32	3726.20	3722.78	3722.52	3726.66	3722.90	3720.14	3731.90	
3734.98	3737.98	3736.34	3737.22	3727.12	3731.90	3726.06	3722.02	3731.10	3723.92	3734.46	3729.82	3736.70	3736.52	3736.16	3740.46	
3740.14	3744.44	3741.66	3739.32	3746.54	3747.78	3742.30	3749.20	3740.96	3750.26	3747.02	3746.86	3754.06	3753.68	3753.98	3758.40	
3758.02	3639.82	3710.80	3748.28	3748.86	3750.96	3752.64	3757.36	3753.60	3747.32	3752.92	3751.54	3754.30	3756.74	3751.62	3750.40	
3749.72	3739.72	3730.14	3732.26	3747.54	3745.94	3744.44	3743.00	3735.26	3725.36	3741.74	3737.50	3744.70	3746.74	3760.56	3719.74	

*******************************************2025/07/27;09:44:56
Probe number 442
Concentration entered by User 2.07% (Compensated: 3.05% at temperature 32.7)
1300.44	1318.66	1330.52	1345.18	1362.26	1376.18	1394.48	1410.92	1430.94	1450.12	1473.78	1498.64	1525.86	1557.28	1578.80	1598.28	
1621.62	1663.44	1700.24	1749.52	1780.70	1817.38	1855.48	1897.40	1941.78	1987.96	2046.30	2102.88	2188.62	2262.14	2373.06	2528.94	
2714.56	2996.46	3287.66	3505.18	3621.28	3661.56	3671.76	3673.44	3675.54	3687.76	3693.58	3698.62	3688.68	3686.02	3691.26	3689.54	
3687.80	3717.62	3704.92	3709.44	3712.54	3716.62	3720.30	3716.70	3718.62	3721.68	3718.02	3718.36	3722.02	3717.68	3715.12	3727.30	
3730.06	3733.66	3732.00	3732.86	3722.76	3727.24	3721.40	3717.26	3726.40	3719.18	3730.18	3725.22	3732.28	3731.94	3731.64	3736.28	
3735.88	3740.34	3737.34	3734.78	3742.38	3743.74	3737.88	3745.08	3736.58	3746.48	3743.16	3742.76	3750.18	3749.80	3750.38	3754.80	
3754.34	3633.12	3705.64	3744.44	3745.00	3746.88	3748.78	3753.78	3749.52	3743.52	3749.14	3747.50	3750.54	3753.04	3747.54	3746.26	
3745.64	3735.20	3725.20	3727.52	3743.56	3741.74	3740.28	3738.70	3731.14	3720.82	3737.30	3732.94	3740.46	3742.54	3756.94	3714.92	

*******************************************2025/07/27;09:49:56
Probe number 443
Concentration entered by User 2.06% (Compensated: 3.05% at temperature 32.8)
1299.32	1317.78	1331.34	1346.34	1362.44	1377.26	1393.94	1409.62	1429.62	1448.76	1472.90	1496.48	1524.50	1555.50	1576.44	1598.18	
1623.52	1666.96	1700.66	1748.96	1780.82	1816.08	1856.98	1903.48	1945.88	1995.88	2050.88	2107.18	2183.68	2260.96	2377.56	2528.88	
2714.48	3008.68	3293.68	3500.04	3620.76	3660.40	3670.66	3673.20	3674.68	3685.98	3692.48	3697.16	3687.12	3685.14	3689.96	3688.06	
3686.58	3717.00	3704.16	3708.26	3711.76	3715.64	3719.16	3715.20	3717.84	3720.60	3717.16	3716.98	3720.96	3717.04	3714.10	3726.36	
3729.56	3732.66	3731.06	3731.94	3721.62	3726.16	3720.34	3716.12	3725.52	3718.84	3729.38	3724.28	3731.66	3731.46	3731.14	3735.42	
3735.18	3739.70	3736.82	3734.14	3741.46	3743.00	3737.24	3744.40	3735.58	3745.60	3742.22	3742.02	3749.80	3748.82	3749.52	3754.32	
3753.68	3631.98	3705.00	3744.02	3744.18	3746.34	3748.06	3753.12	3749.06	3742.80	3748.64	3747.00	3749.86	3752.26	3746.94	3745.96	
3745.16	3734.74	3724.42	3726.94	3742.90	3741.08	3739.72	3738.06	3730.58	3720.06	3736.74	3732.24	3739.82	3742.12	3756.30	3714.24	

*******************************************2025/07/27;09:54:56
Probe number 444
Concentration entered by User 1.99% (Compensated: 2.98% at temperature 32.8)
1301.94	1320.46	1332.56	1346.40	1362.96	1377.86	1396.54	1411.90	1432.20	1451.68	1476.46	1501.08	1528.14	1558.36	1581.68	1602.76	
1624.86	1668.04	1703.08	1752.14	1785.04	1821.96	1862.40	1900.28	1943.96	1994.30	2051.78	2109.60	2190.02	2270.72	2393.14	2541.66	
2734.72	3029.54	3309.64	3513.94	3626.16	3666.94	3677.52	3679.28	3680.82	3691.52	3698.34	3703.16	3693.30	3691.04	3696.54	3694.70	
3692.96	3722.50	3709.76	3714.06	3717.18	3721.40	3724.74	3721.00	3723.16	3726.24	3722.40	3722.68	3726.44	3722.24	3719.50	3731.68	
3734.44	3737.88	3736.14	3737.22	3727.14	3731.76	3725.74	3722.02	3731.02	3723.94	3734.28	3729.52	3736.52	3736.24	3736.08	3740.58	
3740.24	3744.38	3741.38	3739.06	3745.90	3747.60	3742.18	3749.12	3740.58	3750.16	3746.96	3746.64	3753.94	3753.72	3754.10	3758.42	
3758.02	3639.72	3710.68	3748.60	3748.98	3750.98	3752.52	3757.42	3753.32	3747.48	3752.98	3751.22	3754.28	3756.48	3751.72	3750.50	
3749.64	3739.62	3729.78	3732.26	3747.56	3745.76	3744.30	3743.04	3735.36	3725.76	3741.50	3737.38	3744.60	3746.90	3760.34	3720.32	

*******************************************2025/07/27;09:59:56
Probe number 445
Concentration entered by User 1.98% (Compensated: 2.97% at temperature 32.8)
1302.22	1320.98	1332.86	1346.34	1362.46	1377.28	1394.38	1410.54	1430.76	1451.16	1476.44	1501.34	1528.78	1558.58	1579.44	1599.18	
1623.80	1665.08	1702.64	1754.64	1786.30	1826.58	1865.22	1899.46	1946.00	1992.60	2048.28	2114.66	2183.54	2259.20	2391.16	2543.16	
2732.76	3027.74	3314.80	3520.36	3626.86	3667.72	3677.76	3679.74	3681.32	3691.84	3699.10	3704.22	3694.44	3692.12	3697.22	3695.54	
3693.30	3722.76	3710.60	3714.84	3718.18	3722.20	3725.54	3721.64	3724.02	3726.44	3723.10	3723.34	3727.02	3723.32	3720.12	3732.18	
3735.40	3738.48	3736.70	3737.70	3727.24	3732.04	3726.52	3722.62	3731.38	3724.40	3735.04	3730.06	3737.08	3736.76	3736.48	3741.14	
3740.72	3744.92	3742.02	3739.56	3746.84	3748.14	3742.40	3749.32	3741.12	3750.40	3747.50	3747.42	3754.48	3754.14	3754.40	3758.92	
3758.48	3640.64	3711.58	3749.14	3749.48	3751.58	3753.10	3757.76	3753.90	3748.00	3753.54	3752.08	3754.86	3757.12	3751.82	3750.78	
3750.08	3740.38	3730.42	3732.68	3748.18	3746.32	3744.90	3743.58	3736.12	3726.36	3742.14	3738.04	3745.32	3747.36	3760.96	3720.52	

*******************************************2025/07/27;10:04:56
Probe number 446
Concentration entered by User 2.00% (Compensated: 2.99% at temperature 32.8)
1301.34	1320.06	1333.20	1347.32	1363.72	1378.44	1395.58	1411.94	1433.52	1452.78	1475.58	1500.48	1528.80	1558.30	1579.16	1598.44	
1624.42	1665.98	1703.40	1752.58	1786.08	1821.00	1863.78	1908.44	1949.20	1992.60	2047.18	2104.40	2188.78	2266.76	2393.78	2538.02	
2731.68	3023.16	3309.80	3516.74	3625.92	3666.56	3677.08	3678.38	3681.08	3692.18	3698.44	3703.26	3694.04	3692.08	3697.40	3695.48	
3693.52	3723.00	3710.06	3714.74	3717.98	3721.96	3725.56	3721.48	3723.88	3726.98	3723.24	3723.18	3727.20	3722.96	3720.66	3731.72	
3735.06	3738.32	3736.66	3737.78	3727.54	3732.36	3726.34	3722.72	3731.40	3724.70	3735.08	3730.22	3736.88	3736.74	3736.46	3741.26	
3740.54	3744.84	3741.92	3739.94	3746.80	3748.40	3742.52	3749.54	3741.28	3750.62	3747.36	3747.38	3754.38	3754.02	3754.46	3758.98	
3758.46	3640.88	3711.64	3749.02	3749.14	3751.76	3752.96	3757.90	3753.74	3748.16	3753.34	3751.98	3754.68	3756.84	3751.82	3750.78	
3750.00	3740.30	3730.36	3732.92	3747.98	3746.48	3744.76	3743.44	3735.96	3726.38	3742.22	3738.18	3745.26	3747.32	3760.80	3720.56	

*******************************************2025/07/27;10:09:56
Probe number 447
Concentration entered by User 2.01% (Compensated: 3.00% at temperature 32.8)
1300.40	1319.02	1331.68	1345.28	1361.72	1376.04	1394.36	1411.16	1430.84	1450.56	1475.16	1499.92	1528.90	1556.66	1575.52	1595.86	
1623.18	1665.58	1700.52	1750.92	1782.98	1821.90	1859.20	1903.20	1949.38	1995.72	2050.48	2114.96	2188.08	2260.00	2387.22	2519.50	
2719.80	3023.56	3309.40	3509.12	3623.54	3662.52	3674.44	3676.60	3678.76	3689.94	3696.24	3700.76	3691.42	3689.28	3694.70	3693.10	
3690.60	3721.18	3708.24	3712.50	3715.96	3719.90	3723.38	3719.60	3721.78	3724.68	3720.82	3720.84	3724.92	3720.56	3718.16	3730.06	
3733.20	3736.46	3734.80	3735.58	3725.34	3730.26	3724.12	3720.58	3729.36	3722.60	3732.84	3728.26	3735.08	3734.70	3734.88	3739.40	
3738.98	3743.12	3740.08	3737.54	3745.00	3746.32	3740.68	3747.66	3739.26	3748.90	3745.82	3745.62	3752.80	3752.24	3752.82	3757.24	
3756.78	3637.70	3709.38	3747.06	3747.60	3749.58	3751.30	3756.30	3752.32	3746.24	3751.82	3750.18	3753.26	3755.46	3750.12	3749.06	
3748.16	3738.36	3728.42	3730.70	3746.38	3744.56	3742.96	3741.64	3734.12	3724.16	3740.44	3735.80	3743.34	3745.48	3759.24	3718.76	

*******************************************2025/07/27;10:14:56
Probe number 448
Concentration entered by User 2.02% (Compensated: 3.01% at temperature 32.8)
1301.30	1319.32	1331.92	1345.98	1362.42	1377.04	1395.14	1413.16	1433.56	1452.04	1475.50	1500.34	1527.76	1558.26	1580.28	1599.32	
1624.12	1668.04	1702.60	1756.34	1787.04	1821.86	1859.76	1902.52	1945.68	1991.04	2048.54	2101.86	2184.30	2269.72	2379.58	2523.36	
2710.76	3010.46	3311.00	3512.92	3624.22	3664.52	3676.48	3678.48	3680.52	3690.60	3697.24	3702.06	3692.38	3690.46	3695.20	3693.62	
3691.70	3721.48	3708.64	3712.98	3716.54	3720.30	3724.32	3719.88	3722.34	3725.60	3721.58	3721.86	3725.60	3721.68	3718.82	3730.66	
3733.76	3736.90	3735.36	3736.28	3725.82	3730.86	3724.92	3720.94	3729.96	3723.32	3733.42	3728.62	3735.76	3735.52	3735.06	3739.88	
3739.60	3743.78	3740.50	3738.56	3745.56	3746.96	3741.46	3748.34	3739.76	3749.48	3746.06	3745.80	3753.40	3752.98	3753.34	3757.66	
3757.36	3638.54	3709.92	3747.66	3747.96	3750.12	3751.78	3756.70	3752.80	3746.62	3752.10	3750.82	3753.64	3755.90	3750.68	3749.56	
3748.88	3738.90	3729.04	3731.14	3746.80	3745.16	3743.70	3742.02	3734.76	3724.60	3740.78	3736.88	3743.80	3746.12	3759.70	3718.92	

*******************************************2025/07/27;10:19:56
Probe number 449
Concentration entered by User 2.00% (Compensated: 2.99% at temperature 32.9)
1301.36	1318.90	1331.84	1346.10	1363.58	1378.26	1395.58	1412.62	1433.26	1452.66	1477.44	1501.46	1529.28	1557.90	1578.72	1600.80	
1625.72	1666.84	1703.08	1754.56	1788.28	1823.62	1862.50	1899.04	1946.30	1990.02	2044.76	2108.58	2188.98	2271.06	2393.58	2528.32	
2719.04	3023.46	3313.44	3514.64	3628.54	3667.34	3677.52	3679.26	3681.14	3691.74	3698.28	3702.70	3693.84	3692.10	3697.18	3695.54	
3693.36	3722.98	3710.42	3714.64	3718.08	3722.06	3725.76	3721.56	3723.88	3726.90	3722.78	3723.28	3727.00	3723.08	3720.22	3731.92	
3734.78	3738.08	3736.54	3737.60	3727.42	3732.22	3726.16	3722.48	3731.56	3724.72	3734.74	3730.08	3737.22	3736.82	3736.66	3741.12	
3740.82	3744.96	3741.98	3739.54	3746.76	3748.46	3742.52	3749.64	3741.32	3750.54	3747.28	3747.28	3754.48	3754.10	3754.78	3758.80	
3758.38	3640.26	3711.66	3749.04	3749.20	3751.30	3753.00	3757.94	3753.74	3748.14	3753.24	3752.20	3755.02	3757.18	3751.98	3751.08	
3750.08	3740.18	3730.48	3733.04	3748.14	3746.38	3744.96	3743.44	3736.10	3726.58	3742.44	3737.86	3744.90	3747.32	3760.94	3720.52	

*******************************************2025/07/27;10:24:56
Probe number 450
Concentration entered by User 2.05% (Compensated: 3.05% at temperature 32.9)
1298.92	1317.24	1330.66	1344.34	1360.00	1374.94	1391.98	1408.02	1428.70	1448.80	1474.04	1498.74	1526.18	1554.32	1574.12	1596.86	
1620.08	1659.94	1698.88	1749.94	1781.94	1813.80	1853.12	1895.70	1944.30	1985.20	2033.82	2105.54	2186.38	2271.88	2395.24	2536.56	
2715.68	3009.22	3297.46	3505.12	3616.82	3657.40	3667.96	3670.38	3672.54	3684.26	3690.78	3695.40	3685.92	3683.50	3688.70	3686.98	
3685.06	3716.06	3702.78	3707.30	3710.58	3715.22	3718.34	3714.46	3716.62	3719.64	3716.10	3716.06	3720.08	3715.80	3712.82	3725.32	
3728.24	3731.82	3729.96	3730.98	3720.50	3725.56	3719.48	3715.36	3724.16	3717.56	3728.24	3723.28	3730.18	3730.36	3730.04	3734.58	
3734.36	3738.56	3735.70	3733.66	3740.92	3742.18	3736.26	3743.32	3734.80	3744.58	3741.40	3741.14	3748.56	3748.36	3748.92	3753.36	
3752.98	3631.06	3703.80	3743.20	3743.32	3745.68	3747.18	3752.32	3748.34	3741.60	3747.36	3746.10	3749.18	3751.46	3745.92	3744.78	
3743.98	3733.80	3723.44	3726.26	3741.82	3740.48	3738.74	3737.50	3729.54	3719.22	3735.92	3731.50	3739.10	3741.20	3755.72	3713.34	

*******************************************2025/07/27;10:29:56
Probe number 451
Concentration entered by User 2.01% (Compensated: 3.00% at temperature 32.8)
1300.98	1319.48	1331.58	1346.66	1362.86	1378.70	1396.28	1412.38	1433.36	1452.44	1476.84	1500.84	1528.32	1556.44	1579.08	1600.18	
1624.26	1665.54	1700.44	1750.86	1785.50	1823.50	1860.24	1899.92	1946.32	1989.02	2044.16	2111.38	2192.42	2262.44	2392.12	2535.48	
2730.26	3022.92	3308.10	3508.58	3624.44	3667.68	3677.36	3678.90	3681.66	3693.04	3698.90	3703.46	3694.14	3692.12	3697.04	3695.72	
3693.62	3723.94	3711.02	3715.14	3718.40	3722.44	3725.82	3721.80	3723.84	3726.80	3723.54	3723.38	3727.10	3723.28	3720.48	3731.98	
3735.04	3738.42	3736.72	3737.80	3727.46	3732.54	3726.54	3722.68	3731.58	3724.90	3734.96	3730.64	3737.34	3736.76	3737.12	3741.40	
3741.24	3745.00	3742.32	3739.90	3746.96	3748.40	3742.56	3749.62	3741.16	3750.86	3747.62	3747.42	3754.76	3754.36	3754.64	3759.00	
3758.32	3640.80	3711.98	3749.08	3749.58	3751.62	3753.24	3757.92	3753.84	3747.88	3753.58	3751.86	3754.78	3757.26	3751.96	3750.86	
3749.84	3740.34	3730.56	3733.22	3748.10	3746.42	3745.24	3743.62	3736.40	3726.44	3742.16	3737.94	3745.20	3747.20	3761.06	3720.60	

*******************************************2025/07/27;10:34:56
Probe number 452
Concentration entered by User 1.99% (Compensated: 2.99% at temperature 32.9)
1300.44	1318.70	1331.94	1346.26	1362.78	1376.74	1395.50	1412.00	1432.28	1451.70	1475.66	1500.58	1529.00	1556.78	1576.96	1597.40	
1621.54	1662.42	1697.74	1752.76	1786.82	1820.84	1857.20	1902.62	1947.90	1995.88	2046.88	2106.30	2182.74	2261.10	2400.64	2537.50	
2734.64	3024.26	3314.14	3513.72	3627.42	3665.94	3676.22	3678.20	3680.56	3691.54	3697.82	3702.30	3692.82	3690.82	3696.18	3694.28	
3691.74	3722.04	3709.38	3713.76	3717.12	3721.06	3724.70	3720.36	3722.78	3725.70	3722.04	3722.02	3725.78	3721.92	3719.00	3731.00	
3733.88	3737.14	3735.68	3736.50	3726.14	3731.28	3725.20	3721.60	3730.44	3723.68	3734.28	3729.22	3736.04	3735.94	3735.76	3739.96	
3739.78	3743.82	3740.96	3738.82	3746.32	3747.16	3741.82	3748.74	3740.16	3749.56	3746.28	3746.18	3753.62	3753.24	3753.74	3758.20	
3757.60	3639.24	3710.80	3748.16	3748.32	3750.62	3752.20	3756.88	3753.08	3747.22	3752.56	3750.96	3753.86	3755.92	3751.04	3749.84	
3749.02	3739.30	3729.24	3731.68	3747.40	3745.44	3744.14	3742.52	3735.10	3725.62	3741.32	3737.00	3744.44	3746.50	3760.08	3719.60	

*******************************************2025/07/27;10:39:56
Probe number 453
Concentration entered by User 1.97% (Compensated: 2.97% at temperature 33.0)
1301.20	1319.60	1332.82	1346.70	1363.48	1378.58	1396.40	1412.74	1432.18	1451.84	1476.70	1499.70	1527.18	1555.68	1579.14	1599.78	
1625.16	1664.24	1700.98	1754.12	1787.00	1822.90	1861.02	1906.06	1945.70	1999.20	2046.62	2106.82	2183.06	2264.96	2393.48	2543.66	
2737.08	3032.16	3316.30	3520.42	3628.24	3666.74	3677.20	3679.94	3682.58	3692.96	3700.12	3704.52	3694.28	3692.38	3697.74	3695.86	
3694.04	3723.52	3710.90	3715.24	3718.48	3722.72	3725.66	3721.52	3724.46	3727.10	3723.66	3723.70	3727.26	3723.56	3720.54	3732.30	
3735.22	3738.52	3736.94	3737.98	3727.54	3732.86	3726.84	3722.86	3731.82	3724.96	3735.48	3730.70	3737.52	3737.26	3736.98	3741.52	
3741.12	3745.28	3742.40	3740.12	3747.14	3748.68	3743.00	3749.76	3741.30	3751.06	3747.74	3747.36	3754.46	3754.72	3754.80	3759.16	
3758.64	3640.92	3712.14	3749.50	3749.82	3751.88	3753.48	3758.24	3754.38	3748.22	3753.76	3752.16	3755.14	3757.40	3752.46	3750.94	
3750.54	3740.52	3730.70	3733.06	3748.62	3746.66	3745.28	3744.16	3736.54	3726.90	3742.50	3738.64	3745.48	3747.80	3761.20	3721.36	

*******************************************2025/07/27;10:44:56
Probe number 454
Concentration entered by User 1.98% (Compensated: 2.99% at temperature 33.0)
1301.82	1320.38	1332.72	1346.94	1363.86	1377.74	1395.24	1411.66	1432.58	1451.44	1476.26	1502.14	1530.40	1559.60	1580.64	1600.40	
1625.82	1665.98	1700.82	1754.10	1786.56	1820.56	1859.04	1901.48	1946.10	1991.70	2047.78	2110.30	2193.42	2266.12	2387.48	2527.76	
2728.64	3017.84	3317.08	3522.04	3630.72	3666.16	3676.00	3677.46	3680.80	3691.68	3698.04	3703.00	3693.40	3690.84	3695.64	3694.14	
3691.78	3721.86	3708.84	3713.38	3717.02	3720.78	3724.60	3720.26	3722.86	3725.62	3722.30	3722.12	3725.98	3722.24	3719.20	3731.00	
3733.72	3737.38	3735.66	3736.48	3726.42	3731.68	3725.30	3721.78	3730.92	3723.90	3734.70	3729.40	3736.44	3735.96	3735.84	3740.50	
3740.18	3744.06	3741.40	3739.00	3746.18	3747.34	3741.84	3748.70	3740.20	3749.86	3746.60	3746.64	3753.44	3753.58	3754.02	3758.04	
3757.88	3639.46	3710.70	3748.38	3748.72	3750.94	3752.36	3757.44	3753.16	3747.44	3752.86	3750.82	3753.98	3756.42	3751.46	3749.80	
3749.44	3739.40	3729.82	3732.26	3747.36	3745.66	3744.38	3743.00	3735.48	3725.90	3741.56	3737.36	3744.60	3747.02	3760.18	3720.10	

*******************************************2025/07/27;10:49:56
Probe number 455
Concentration entered by User 2.03% (Compensated: 3.04% at temperature 33.0)
1300.22	1319.60	1332.24	1345.84	1361.78	1376.26	1393.94	1409.82	1429.82	1449.84	1474.30	1498.88	1526.88	1556.52	1577.54	1599.26	
1622.18	1663.08	1700.86	1752.78	1786.88	1818.96	1858.48	1901.94	1945.76	1991.04	2039.22	2105.16	2179.76	2263.26	2389.64	2530.72	
2729.04	3010.28	3299.34	3511.66	3618.50	3655.08	3667.46	3669.92	3674.52	3685.62	3691.96	3696.94	3687.04	3684.82	3689.98	3687.98	
3686.32	3716.68	3703.64	3708.02	3711.52	3715.90	3719.40	3715.30	3718.20	3720.82	3717.48	3717.52	3720.98	3717.06	3714.28	3726.40	
3729.20	3733.02	3731.34	3732.34	3721.62	3726.98	3720.44	3717.32	3725.94	3719.06	3729.70	3724.78	3731.98	3731.76	3731.70	3736.16	
3735.66	3739.80	3736.92	3734.82	3741.66	3743.60	3737.26	3744.70	3735.96	3745.92	3742.80	3742.44	3749.74	3749.66	3750.16	3754.50	
3754.42	3632.74	3705.40	3744.50	3744.76	3747.06	3748.44	3753.62	3749.28	3743.28	3748.72	3747.28	3750.10	3752.64	3747.36	3746.06	
3745.28	3734.92	3724.94	3727.36	3743.42	3741.62	3740.26	3738.66	3730.88	3721.24	3737.38	3732.88	3740.42	3742.62	3756.64	3715.24	

*******************************************2025/07/27;10:54:55
Probe number 456
Concentration entered by User 2.04% (Compensated: 3.05% at temperature 33.1)
1299.66	1318.82	1331.28	1345.72	1362.38	1376.10	1393.02	1410.38	1430.16	1450.96	1475.02	1498.60	1526.48	1557.30	1579.38	1600.22	
1623.50	1662.84	1697.60	1748.06	1785.38	1818.74	1856.92	1896.86	1944.64	1988.94	2043.08	2105.44	2185.48	2259.86	2387.30	2531.98	
2720.44	3016.12	3300.72	3503.16	3615.00	3652.84	3666.42	3667.76	3672.34	3683.64	3690.26	3695.34	3685.22	3683.04	3688.56	3687.02	
3684.82	3715.58	3702.38	3707.06	3710.58	3714.56	3718.46	3714.14	3716.24	3719.84	3715.92	3715.88	3719.98	3715.56	3712.84	3725.22	
3727.70	3731.52	3729.82	3730.82	3720.14	3725.80	3719.40	3715.02	3724.52	3717.58	3728.18	3723.46	3730.52	3730.38	3730.24	3734.72	
3734.50	3738.48	3735.52	3733.26	3740.42	3741.96	3736.26	3743.58	3734.62	3744.84	3741.44	3741.46	3748.54	3748.36	3748.86	3753.56	
3753.02	3630.66	3704.10	3743.02	3743.50	3745.86	3747.48	3752.40	3747.96	3742.18	3747.48	3745.88	3749.04	3751.54	3745.74	3744.82	
3743.96	3733.92	3723.24	3726.22	3742.28	3740.32	3738.82	3737.50	3729.42	3719.52	3736.10	3731.62	3738.96	3741.60	3755.66	3713.88	

*******************************************2025/07/27;10:59:56
Probe number 457
Concentration entered by User 2.01% (Compensated: 3.02% at temperature 33.1)
1300.74	1319.72	1331.96	1346.56	1363.22	1377.02	1394.46	1412.08	1432.70	1451.70	1476.38	1500.20	1529.96	1557.00	1578.14	1600.28	
1625.66	1663.46	1703.18	1753.62	1787.12	1826.30	1861.68	1904.46	1950.50	2000.32	2050.10	2106.78	2189.82	2267.56	2395.86	2537.02	
2726.78	3015.46	3309.22	3516.78	3626.02	3663.98	3676.50	3677.62	3682.58	3693.60	3699.28	3704.28	3694.68	3692.96	3698.20	3696.28	
3694.28	3723.88	3711.38	3715.80	3719.04	3722.74	3726.28	3722.38	3724.84	3727.92	3724.12	3724.08	3727.80	3724.04	3721.04	3732.58	
3735.84	3739.12	3737.44	3738.06	3728.16	3733.36	3727.10	3724.12	3732.56	3725.56	3736.34	3731.02	3738.02	3737.88	3737.68	3742.02	
3741.54	3745.78	3743.02	3740.56	3747.88	3749.04	3743.38	3750.14	3741.86	3751.26	3748.28	3748.46	3755.16	3755.00	3755.66	3759.70	
3759.32	3642.58	3713.12	3750.12	3750.46	3752.72	3754.00	3758.68	3754.78	3749.12	3754.24	3752.84	3755.68	3757.94	3752.98	3751.68	
3750.86	3741.16	3731.48	3734.28	3749.08	3747.50	3746.20	3744.54	3737.02	3727.76	3743.20	3739.02	3746.42	3748.34	3761.78	3721.90	

*******************************************2025/07/27;11:04:55
Probe number 458
Concentration entered by User 2.10% (Compensated: 3.11% at temperature 33.0)
1298.54	1316.38	1328.92	1343.72	1359.22	1373.90	1391.90	1408.52	1428.60	1447.18	1471.80	1496.94	1524.68	1551.12	1572.64	1593.04	
1617.52	1658.84	1693.54	1744.50	1779.88	1815.90	1851.46	1894.24	1944.00	1990.98	2037.72	2105.32	2190.34	2255.52	2387.14	2527.78	
2711.70	2994.58	3283.98	3495.84	3605.06	3648.20	3660.20	3661.96	3666.78	3677.86	3683.80	3689.56	3680.12	3677.40	3682.82	3681.36	
3679.38	3710.96	3697.32	3701.86	3705.50	3710.16	3713.52	3709.48	3711.68	3715.02	3711.12	3711.54	3715.70	3711.18	3708.16	3720.72	
3723.80	3727.26	3725.76	3726.80	3715.66	3721.54	3714.72	3710.86	3720.26	3712.92	3724.22	3719.10	3726.64	3726.52	3726.02	3730.80	
3730.34	3734.48	3731.70	3729.52	3736.90	3738.34	3732.26	3739.96	3730.72	3741.10	3737.48	3737.28	3744.88	3744.96	3745.38	3750.08	
3749.56	3624.88	3699.16	3739.58	3739.68	3742.08	3743.86	3748.86	3744.56	3738.12	3743.80	3742.50	3745.40	3747.86	3742.38	3741.04	
3740.46	3729.92	3719.10	3721.80	3738.54	3736.38	3734.60	3733.24	3725.56	3715.18	3731.68	3727.40	3735.08	3737.78	3752.32	3708.80	

*******************************************2025/07/27;11:09:56
Probe number 459
Concentration entered by User 1.99% (Compensated: 3.01% at temperature 33.1)
1300.78	1319.08	1330.72	1346.20	1362.72	1376.82	1394.40	1411.10	1431.48	1449.62	1474.88	1500.06	1528.38	1556.74	1578.22	1599.86	
1621.48	1663.74	1702.52	1754.96	1788.66	1823.50	1860.54	1900.96	1950.48	1995.82	2046.66	2116.38	2188.04	2265.38	2398.34	2539.36	
2728.18	3020.08	3313.00	3520.20	3624.62	3665.10	3677.86	3678.14	3683.04	3694.26	3699.62	3703.94	3694.82	3692.80	3698.26	3696.36	
3694.30	3723.64	3711.46	3715.82	3718.80	3723.22	3726.34	3722.16	3724.64	3727.76	3723.88	3724.06	3727.72	3724.12	3721.12	3732.82	
3735.48	3739.02	3737.28	3738.46	3728.40	3733.52	3727.04	3723.56	3732.52	3725.54	3736.02	3731.26	3738.08	3737.56	3737.70	3742.00	
3741.48	3746.04	3743.00	3740.42	3747.68	3748.90	3743.36	3750.06	3742.30	3751.46	3748.42	3748.38	3755.20	3754.98	3755.66	3759.72	
3759.38	3641.96	3712.98	3750.06	3750.48	3752.32	3754.24	3758.74	3754.52	3748.98	3754.14	3752.56	3755.56	3757.94	3752.58	3751.42	
3750.78	3741.06	3731.30	3734.14	3748.98	3747.68	3745.92	3744.62	3736.90	3727.56	3743.28	3739.14	3746.12	3748.52	3761.80	3721.76	

*******************************************2025/07/27;11:14:56
Probe number 460
Concentration entered by User 2.02% (Compensated: 3.03% at temperature 33.1)
1301.54	1319.86	1332.18	1346.52	1363.44	1377.48	1394.76	1411.28	1432.34	1451.24	1475.70	1500.64	1527.64	1556.10	1576.84	1600.34	
1623.50	1666.56	1704.14	1753.44	1788.00	1822.74	1862.98	1903.20	1949.36	1997.68	2043.12	2119.10	2201.06	2271.66	2394.60	2544.00	
2736.08	3009.24	3302.52	3518.58	3626.96	3666.10	3677.74	3678.52	3682.82	3693.94	3700.12	3704.30	3695.02	3692.36	3697.62	3696.20	
3694.06	3723.58	3711.08	3715.56	3718.80	3723.24	3726.24	3722.64	3724.82	3727.96	3724.22	3724.26	3728.18	3723.80	3721.00	3732.96	
3735.68	3739.10	3737.22	3738.22	3728.54	3733.06	3727.48	3723.96	3732.38	3725.68	3735.70	3731.16	3738.22	3737.56	3737.64	3741.84	
3741.62	3745.62	3742.68	3740.96	3747.74	3748.92	3743.50	3750.54	3742.28	3751.76	3748.36	3748.40	3755.12	3755.16	3755.50	3759.78	
3759.42	3642.50	3712.98	3749.78	3750.50	3752.98	3754.04	3758.68	3754.62	3749.10	3754.20	3752.86	3755.72	3757.66	3753.02	3751.60	
3751.02	3740.96	3731.32	3734.10	3749.04	3747.44	3745.82	3744.44	3737.18	3727.50	3743.34	3738.80	3745.98	3748.46	3761.70	3721.82	

*******************************************2025/07/27;11:19:56
Probe number 461
Concentration entered by User 2.00% (Compensated: 3.01% at temperature 33.1)
1300.78	1319.02	1331.74	1346.26	1363.26	1377.44	1395.42	1412.32	1432.48	1450.80	1475.40	1501.48	1528.42	1556.00	1578.90	1603.08	
1626.42	1667.82	1703.38	1755.68	1788.54	1823.44	1862.50	1905.50	1954.24	2000.22	2049.28	2104.94	2188.46	2273.04	2394.00	2549.82	
2728.38	3019.66	3310.88	3517.04	3623.58	3663.78	3677.24	3678.64	3683.06	3693.98	3699.72	3704.10	3694.74	3692.72	3697.80	3696.50	
3694.42	3723.90	3711.42	3715.68	3719.14	3723.08	3726.68	3722.34	3725.14	3727.78	3724.24	3724.26	3728.30	3724.04	3721.20	3732.82	
3735.76	3739.20	3737.44	3738.54	3728.44	3733.62	3727.30	3724.02	3732.54	3725.94	3736.14	3731.04	3738.40	3738.02	3737.82	3742.20	
3741.88	3746.00	3743.30	3740.74	3747.78	3749.28	3743.34	3750.72	3742.18	3751.72	3748.60	3748.60	3755.42	3754.96	3755.60	3759.74	
3759.56	3641.92	3713.32	3750.16	3750.66	3752.80	3754.16	3758.84	3755.00	3749.20	3754.12	3752.86	3755.80	3757.90	3753.02	3752.04	
3751.06	3741.50	3731.62	3734.32	3749.16	3747.62	3746.20	3744.74	3737.12	3727.92	3743.28	3738.84	3746.00	3748.76	3761.98	3721.96	

*******************************************2025/07/27;11:24:56
Probe number 462
Concentration entered by User 2.00% (Compensated: 3.02% at temperature 33.1)
1300.06	1318.12	1331.40	1345.40	1362.04	1375.78	1393.44	1410.60	1431.20	1449.90	1475.20	1499.88	1528.48	1556.58	1576.80	1598.46	
1623.40	1665.24	1700.54	1753.80	1786.94	1821.16	1856.76	1900.62	1948.90	1997.38	2047.66	2106.70	2191.34	2269.26	2394.28	2537.66	
2728.68	3029.28	3306.36	3511.60	3627.12	3665.94	3677.48	3678.26	3682.82	3693.30	3699.88	3704.44	3694.26	3692.08	3696.98	3695.38	
3693.40	3722.94	3710.54	3714.84	3717.96	3721.96	3725.48	3721.74	3723.86	3726.80	3723.18	3723.32	3726.74	3722.96	3720.14	3731.96	
3734.76	3738.22	3736.52	3737.66	3727.60	3732.56	3726.44	3723.14	3731.70	3724.86	3735.02	3730.28	3737.46	3737.22	3737.24	3741.34	
3741.08	3745.18	3742.18	3740.26	3747.10	3748.44	3742.66	3749.62	3741.16	3750.92	3747.82	3747.72	3754.82	3754.40	3754.76	3759.20	
3758.78	3641.04	3711.64	3749.22	3749.66	3752.06	3753.28	3758.04	3754.14	3748.42	3753.34	3752.10	3755.06	3757.22	3751.92	3750.90	
3750.24	3740.74	3730.52	3733.18	3748.32	3746.64	3745.04	3743.76	3736.26	3726.96	3742.62	3738.72	3745.50	3747.78	3761.24	3721.24	

*******************************************2025/07/27;11:29:56
Probe number 463
Concentration entered by User 2.00% (Compensated: 3.02% at temperature 33.1)
1299.80	1319.26	1331.66	1346.32	1362.34	1376.32	1394.08	1410.70	1432.22	1453.40	1477.10	1501.32	1528.46	1554.42	1576.32	1598.66	
1623.26	1665.98	1702.38	1757.42	1790.80	1822.18	1859.66	1906.28	1949.86	1996.38	2045.52	2107.40	2198.08	2273.44	2403.84	2547.82	
2737.30	3019.34	3314.74	3513.62	3622.62	3662.40	3674.54	3675.58	3680.22	3691.04	3697.08	3701.70	3691.82	3689.44	3694.64	3693.22	
3691.20	3720.98	3708.14	3713.04	3716.72	3720.68	3723.92	3720.10	3722.66	3725.36	3722.12	3721.80	3725.30	3721.42	3718.90	3730.52	
3733.24	3737.00	3735.20	3736.26	3725.96	3731.10	3724.88	3721.40	3730.08	3723.06	3733.88	3728.68	3736.14	3735.76	3735.58	3739.94	
3739.92	3743.86	3741.38	3738.78	3745.60	3747.46	3741.22	3748.52	3739.94	3749.92	3746.40	3746.80	3753.54	3753.26	3753.56	3758.24	
3757.64	3638.94	3710.50	3748.20	3748.48	3750.90	3752.42	3757.16	3753.24	3747.26	3752.44	3750.84	3754.12	3756.00	3750.92	3749.86	
3749.22	3739.48	3729.46	3731.84	3747.28	3745.32	3744.06	3742.26	3735.20	3725.54	3741.60	3736.96	3744.16	3746.62	3760.10	3720.14	

*******************************************2025/07/27;11:34:56
Probe number 464
Concentration entered by User 2.03% (Compensated: 3.05% at temperature 33.2)
1298.58	1316.32	1329.92	1343.42	1360.32	1374.26	1392.38	1409.56	1431.16	1449.60	1473.80	1497.42	1524.96	1553.24	1574.20	1597.52	
1620.72	1661.44	1698.44	1750.58	1783.88	1822.00	1858.90	1895.56	1940.24	1989.08	2045.34	2107.48	2186.64	2264.78	2396.86	2534.44	
2715.76	3016.26	3304.82	3510.82	3614.38	3653.48	3666.56	3667.12	3671.64	3682.92	3689.00	3693.92	3684.68	3681.30	3687.34	3684.96	
3682.98	3714.04	3700.88	3705.24	3709.24	3713.26	3717.36	3713.20	3715.62	3718.54	3714.78	3714.86	3718.90	3714.70	3711.70	3723.94	
3727.14	3730.78	3729.02	3730.04	3719.36	3725.06	3718.18	3714.50	3723.60	3716.32	3727.72	3722.50	3730.20	3729.56	3729.14	3733.94	
3733.46	3738.14	3734.90	3732.84	3740.12	3741.80	3735.46	3742.88	3734.24	3744.02	3740.82	3740.68	3748.20	3747.82	3748.52	3753.00	
3752.38	3629.92	3703.30	3742.92	3743.16	3745.22	3746.82	3751.90	3747.68	3741.70	3746.60	3745.52	3748.46	3751.02	3745.44	3744.32	
3743.42	3733.14	3722.58	3725.48	3741.44	3739.34	3738.04	3737.06	3728.70	3719.24	3735.48	3730.76	3738.60	3741.02	3755.30	3712.92	

*******************************************2025/07/27;11:39:55
Probe number 465
Concentration entered by User 2.06% (Compensated: 3.08% at temperature 33.2)
1298.66	1316.70	1329.52	1343.54	1359.92	1374.80	1391.86	1409.30	1429.76	1449.32	1472.16	1496.36	1523.10	1552.44	1574.00	1595.32	
1619.20	1661.96	1699.30	1749.66	1782.66	1816.36	1852.84	1892.90	1938.66	1987.82	2040.46	2102.50	2187.36	2271.28	2393.78	2537.40	
2722.50	3007.52	3296.76	3502.62	3610.34	3649.96	3662.80	3663.20	3668.64	3679.10	3685.86	3690.28	3680.94	3678.50	3684.28	3682.10	
3679.80	3711.14	3697.36	3702.60	3706.38	3710.38	3714.10	3709.80	3712.62	3715.70	3712.18	3711.86	3715.90	3712.00	3708.70	3721.02	
3724.20	3727.84	3725.90	3727.00	3716.46	3722.02	3715.00	3711.44	3721.04	3713.72	3724.76	3719.82	3727.28	3726.70	3726.46	3731.28	
3730.88	3735.36	3732.32	3730.04	3737.50	3739.04	3732.32	3740.30	3731.30	3741.52	3738.34	3738.04	3745.80	3745.60	3745.96	3750.54	
3750.20	3625.74	3700.04	3740.04	3740.52	3742.90	3744.52	3749.62	3744.74	3738.98	3744.34	3743.04	3746.12	3748.38	3742.88	3741.58	
3740.92	3730.62	3720.04	3722.66	3739.14	3737.08	3735.52	3734.24	3726.38	3716.34	3732.60	3728.22	3736.02	3738.74	3752.58	3710.26	

*******************************************2025/07/27;11:44:56
Probe number 466
Concentration entered by User 2.02% (Compensated: 3.04% at temperature 33.2)
1299.50	1317.92	1330.10	1345.04	1360.30	1374.76	1393.04	1409.64	1431.50	1449.62	1474.66	1498.94	1526.44	1553.24	1574.88	1596.68	
1621.14	1663.66	1699.72	1753.20	1785.70	1822.00	1859.94	1898.06	1940.08	1988.58	2035.98	2103.98	2190.20	2263.74	2393.42	2538.54	
2733.44	3023.32	3302.44	3512.42	3616.52	3654.92	3666.64	3667.04	3671.88	3683.12	3689.64	3693.80	3684.32	3681.54	3687.26	3684.88	
3683.02	3714.24	3700.66	3705.88	3709.30	3713.58	3717.06	3713.22	3715.64	3718.62	3714.98	3714.80	3718.90	3714.84	3711.62	3724.26	
3727.10	3730.90	3728.86	3729.98	3719.40	3725.06	3718.30	3714.46	3724.10	3716.72	3728.04	3722.44	3730.16	3729.94	3729.30	3734.22	
3733.72	3737.92	3735.32	3733.12	3740.16	3741.98	3735.56	3743.12	3734.20	3744.26	3740.78	3740.68	3748.36	3748.08	3748.66	3753.18	
3752.40	3630.34	3703.62	3742.82	3743.14	3745.46	3747.00	3751.88	3747.76	3741.68	3746.88	3745.40	3748.26	3751.14	3745.64	3744.50	
3743.46	3733.30	3722.68	3725.84	3742.02	3739.98	3738.22	3736.96	3729.18	3719.38	3735.64	3730.86	3738.62	3741.18	3755.36	3713.50	

*******************************************2025/07/27;11:49:56
Probe number 467
Concentration entered by User 2.01% (Compensated: 3.04% at temperature 33.3)
1300.56	1319.16	1331.82	1347.02	1362.68	1377.10	1395.20	1412.32	1433.20	1451.66	1476.58	1501.58	1527.70	1554.98	1577.56	1600.34	
1626.80	1667.20	1704.46	1754.26	1787.00	1826.52	1862.84	1901.98	1948.02	1992.84	2044.34	2114.02	2192.44	2273.72	2398.98	2546.12	
2734.86	3027.38	3303.88	3511.26	3622.12	3662.36	3673.30	3674.22	3679.54	3690.20	3696.18	3701.10	3690.98	3689.24	3694.32	3692.68	
3691.08	3720.46	3707.60	3712.44	3716.12	3720.26	3723.86	3719.48	3721.92	3725.40	3721.68	3721.92	3725.54	3721.82	3718.28	3730.46	
3733.04	3736.84	3735.22	3736.12	3725.50	3731.36	3724.72	3721.72	3730.64	3723.06	3733.86	3729.22	3736.14	3735.64	3735.60	3740.42	
3739.64	3743.56	3741.28	3738.76	3745.54	3747.58	3741.40	3748.70	3739.96	3749.94	3746.42	3746.66	3753.58	3753.30	3753.72	3758.24	
3757.66	3639.64	3710.62	3748.42	3748.66	3750.92	3752.30	3757.24	3752.96	3747.24	3752.40	3750.98	3754.04	3756.28	3751.12	3749.88	
3749.00	3739.22	3729.28	3732.14	3747.42	3745.58	3744.12	3743.20	3735.30	3726.22	3741.34	3737.08	3744.16	3747.06	3759.96	3720.30	

*******************************************2025/07/27;11:54:55
Probe number 468
Concentration entered by User 2.03% (Compensated: 3.06% at temperature 33.3)
1298.74	1317.04	1330.00	1345.12	1361.00	1375.20	1393.44	1411.76	1430.18	1449.18	1473.00	1497.02	1524.28	1552.66	1575.18	1595.90	
1619.74	1661.90	1697.24	1751.54	1783.82	1814.06	1853.22	1899.74	1944.04	1992.30	2042.18	2099.92	2181.60	2266.78	2393.04	2545.10	
2731.00	3017.06	3304.04	3504.54	3614.40	3654.18	3666.42	3667.30	3672.54	3684.00	3690.00	3694.30	3684.10	3681.94	3687.42	3685.32	
3682.96	3713.80	3700.74	3705.74	3709.74	3713.82	3716.96	3712.88	3715.60	3718.92	3715.12	3715.12	3719.26	3714.94	3711.52	3724.06	
3727.12	3730.80	3728.94	3730.16	3719.36	3725.00	3718.20	3715.06	3723.82	3716.62	3727.52	3722.44	3729.86	3729.54	3729.30	3734.14	
3733.78	3737.76	3735.02	3732.84	3740.04	3741.64	3735.58	3743.14	3733.82	3744.24	3740.94	3740.92	3748.28	3747.88	3748.54	3752.80	
3752.18	3630.14	3703.38	3742.50	3743.04	3745.08	3746.88	3751.88	3747.62	3741.54	3746.90	3745.62	3748.50	3750.74	3745.68	3744.46	
3743.54	3732.96	3722.84	3725.66	3741.70	3739.88	3738.16	3736.84	3729.10	3719.18	3735.16	3730.78	3738.64	3741.38	3755.16	3712.88	

*******************************************2025/07/27;11:59:56
Probe number 469
Concentration entered by User 2.00% (Compensated: 3.03% at temperature 33.3)
1299.62	1317.80	1330.52	1344.40	1361.26	1376.46	1393.84	1411.14	1430.00	1449.30	1474.46	1500.08	1527.70	1555.42	1576.24	1598.00	
1621.40	1663.68	1699.16	1753.32	1787.68	1822.36	1860.02	1901.10	1947.98	1994.66	2047.04	2112.04	2189.78	2272.24	2395.28	2539.64	
2726.52	3020.88	3311.26	3515.52	3621.90	3661.90	3673.92	3675.40	3679.36	3690.04	3696.68	3701.40	3690.96	3688.58	3694.38	3692.44	
3690.70	3720.84	3707.66	3712.26	3715.86	3720.14	3723.68	3719.22	3721.96	3725.04	3721.36	3721.10	3725.06	3721.04	3717.74	3729.78	
3732.48	3736.04	3734.52	3735.62	3725.04	3730.68	3724.06	3720.52	3729.42	3722.26	3733.24	3728.24	3735.20	3735.28	3735.08	3739.40	
3738.76	3743.26	3740.22	3738.20	3744.96	3746.88	3740.54	3748.12	3739.34	3749.14	3746.18	3745.94	3753.02	3752.48	3753.30	3757.48	
3757.14	3637.84	3709.94	3747.78	3748.04	3750.34	3751.76	3756.70	3752.66	3746.70	3751.72	3750.28	3753.66	3755.60	3750.44	3749.18	
3748.36	3738.72	3728.72	3731.52	3746.76	3745.14	3743.54	3742.30	3734.68	3725.26	3740.96	3736.24	3743.68	3746.10	3759.54	3719.14	

*******************************************2025/07/27;12:04:56
Probe number 470
Concentration entered by User 1.98% (Compensated: 3.01% at temperature 33.2)
1298.54	1317.50	1330.30	1344.96	1361.00	1375.32	1393.60	1408.92	1430.78	1451.28	1474.16	1498.10	1526.22	1553.86	1576.58	1598.04	
1623.60	1664.26	1698.94	1752.22	1788.78	1822.44	1861.40	1901.92	1939.02	1989.80	2042.56	2103.56	2183.48	2264.20	2388.74	2542.22	
2731.32	3028.24	3317.10	3515.82	3620.46	3659.26	3671.78	3671.94	3676.96	3687.92	3694.26	3699.02	3689.16	3686.92	3692.62	3690.18	
3688.38	3718.74	3705.32	3710.38	3713.56	3717.90	3721.30	3716.98	3719.66	3722.70	3718.76	3718.88	3722.54	3718.54	3715.48	3727.80	
3730.40	3734.10	3732.50	3733.28	3722.92	3728.18	3721.88	3718.42	3727.42	3720.24	3730.92	3725.84	3733.40	3733.04	3732.66	3737.26	
3736.80	3741.00	3738.60	3736.32	3743.10	3745.06	3738.74	3746.06	3737.36	3747.30	3744.16	3744.14	3751.18	3750.78	3751.20	3755.70	
3755.38	3635.16	3707.62	3745.94	3746.10	3748.48	3750.06	3754.88	3750.72	3744.68	3750.08	3748.50	3751.50	3753.92	3748.44	3747.20	
3746.56	3736.56	3726.56	3728.96	3744.64	3743.20	3741.46	3740.22	3732.50	3722.70	3738.98	3734.46	3741.90	3744.26	3758.20	3716.74	

*******************************************2025/07/27;12:09:56
Probe number 471
Concentration entered by User 2.01% (Compensated: 3.04% at temperature 33.2)
1298.72	1317.04	1330.20	1344.52	1360.98	1374.50	1391.74	1408.44	1430.68	1450.42	1473.74	1497.72	1525.78	1555.68	1576.58	1596.40	
1621.88	1663.72	1699.40	1753.06	1786.52	1819.28	1858.28	1901.98	1944.42	1987.44	2035.56	2103.02	2181.92	2265.94	2394.52	2532.80	
2725.84	3013.32	3313.18	3512.84	3615.80	3659.00	3670.08	3670.96	3675.96	3687.06	3692.78	3697.38	3687.76	3685.78	3691.22	3689.20	
3687.10	3717.28	3704.24	3708.76	3712.78	3716.72	3720.72	3716.12	3718.48	3721.70	3717.76	3717.82	3721.36	3717.58	3714.52	3726.62	
3729.58	3733.12	3731.38	3732.56	3722.02	3727.52	3720.74	3717.40	3726.12	3719.30	3730.04	3725.20	3732.54	3731.96	3731.90	3736.48	
3735.76	3740.20	3737.66	3735.62	3742.42	3744.08	3737.78	3745.22	3736.52	3746.32	3743.30	3743.10	3750.14	3750.12	3750.66	3754.78	
3754.78	3634.10	3706.30	3744.70	3745.56	3747.44	3749.20	3754.00	3749.82	3743.82	3749.12	3747.54	3750.50	3752.96	3747.86	3746.58	
3745.82	3735.68	3725.20	3728.34	3743.82	3742.12	3740.54	3739.34	3731.16	3721.52	3737.98	3733.46	3740.76	3743.62	3757.48	3716.04	

*******************************************2025/07/27;12:14:56
Probe number 472
Concentration entered by User 2.04% (Compensated: 3.06% at temperature 33.2)
1299.32	1317.54	1330.38	1344.48	1361.34	1376.30	1392.22	1408.96	1429.66	1449.24	1473.72	1498.90	1525.68	1554.76	1574.78	1597.14	
1621.82	1664.04	1698.50	1753.90	1787.54	1824.36	1859.82	1901.36	1942.04	1985.70	2039.66	2104.46	2185.28	2274.72	2381.14	2529.62
2729.20	3015.22	3298.00	3507.08	3618.02	3658.04	3670.16	3671.32	3676.04	3687.38	3693.18	3697.94	3688.06	3753.08	3747.86	3746.58
3745.90	3735.70	3725.50	3728.20	3743.80	3742.26	3740.74	3739.18	3731.60	3722.08	3737.66	3733.40	3740.86	3743.44	3757.02	3715.92	

*******************************************2025/07/27;12:19:56
Probe number 473
Concentration entered by User 2.03% (Compensated: 3.05% at temperature 33.1)
1298.08	1316.62	1328.90	1343.24	1359.24	1373.82	1390.12	1407.00	1428.32	1448.10	1472.98	1497.72	1524.02	1554.36	1576.80	1597.78	
1621.50	1664.04	1696.58	1751.32	1786.52	1821.00	1854.72	1899.94	1941.04	1986.38	2032.92	2102.90	2188.08	2266.78	2377.26	2533.62	
2727.98	3014.42	3305.56	3503.60	3616.60	3655.50	3667.26	3668.92	3674.14	3685.62	3691.04	3695.58	3685.86	3683.24	3688.74	3686.86	
3685.00	3715.72	3701.98	3707.00	3710.32	3714.70	3718.22	3714.18	3716.82	3719.88	3715.92	3715.82	3719.76	3715.74	3712.66	3724.66	
3727.66	3731.48	3729.58	3730.74	3719.84	3725.56	3719.06	3715.14	3724.60	3717.06	3728.22	3723.16	3730.58	3730.18	3730.08	3734.76	
3734.56	3738.84	3735.68	3733.52	3740.54	3742.16	3736.22	3743.54	3734.64	3744.56	3741.28	3741.54	3748.72	3748.48	3748.94	3753.56	
3753.26	3631.36	3704.06	3743.40	3743.94	3745.94	3747.42	3752.58	3748.20	3742.22	3747.56	3745.92	3749.22	3751.30	3746.02	3744.86	
3744.14	3733.76	3723.56	3726.48	3742.14	3740.70	3738.88	3737.70	3729.54	3719.94	3736.18	3731.50	3739.18	3741.72	3755.80	3714.24	

*******************************************2025/07/27;12:24:55
Probe number 474
Concentration entered by User 2.00% (Compensated: 3.02% at temperature 33.2)
1299.14	1317.62	1329.84	1344.80	1361.48	1375.28	1392.12	1409.46	1431.28	1451.10	1473.92	1497.76	1525.58	1554.18	1574.22	1596.16	
1619.80	1660.44	1695.92	1750.52	1788.66	1825.84	1861.50	1901.90	1949.20	1991.66	2039.26	2108.76	2191.06	2268.14	2379.88	2538.52	
2731.92	3020.28	3313.10	3513.28	3621.26	3659.76	3671.28	3671.52	3676.74	3688.36	3694.00	3698.46	3688.72	3686.28	3691.78	3689.76	
3687.72	3718.14	3705.22	3709.82	3713.70	3717.34	3721.00	3716.74	3719.40	3722.22	3718.50	3718.66	3721.96	3717.86	3714.76	3727.38	
3729.72	3733.64	3731.76	3732.76	3722.02	3728.08	3721.32	3717.90	3726.64	3719.56	3730.36	3725.56	3732.76	3732.48	3732.36	3736.78	
3736.16	3740.66	3737.70	3735.44	3742.52	3744.24	3737.98	3745.62	3736.72	3746.78	3743.24	3743.02	3750.92	3750.38	3750.90	3755.20	
3754.66	3634.16	3706.76	3744.82	3745.64	3747.94	3749.22	3754.40	3750.14	3743.94	3749.46	3747.62	3750.98	3753.16	3747.80	3746.88	
3745.98	3735.94	3725.94	3728.56	3743.98	3742.58	3740.94	3739.48	3731.90	3722.08	3738.22	3733.54	3741.12	3743.38	3757.56	3716.14	

*******************************************2025/07/27;12:29:56
Probe number 475
Concentration entered by User 1.99% (Compensated: 3.00% at temperature 33.1)
1299.82	1318.08	1331.60	1345.22	1361.12	1376.62	1394.54	1410.96	1431.80	1451.22	1476.82	1499.06	1526.56	1554.14	1576.98	1600.18	
1625.02	1665.66	1700.72	1752.60	1788.80	1822.94	1857.48	1896.32	1945.40	1991.48	2039.88	2105.62	2188.30	2267.48	2386.74	2550.16	
2744.22	3015.20	3311.88	3524.18	3625.54	3663.06	3675.20	3675.78	3680.92	3692.34	3697.90	3702.26	3692.72	3690.46	3695.68	3693.70	
3691.92	3722.14	3708.66	3713.66	3716.54	3720.84	3724.34	3720.22	3722.74	3725.12	3721.78	3721.64	3725.20	3721.54	3718.34	3730.28	
3733.14	3736.58	3734.62	3735.82	3725.76	3730.88	3724.78	3721.02	3729.74	3722.80	3733.56	3728.42	3735.54	3735.28	3735.24	3739.88	
3739.56	3743.36	3740.56	3738.64	3745.32	3747.00	3740.94	3748.34	3739.56	3749.26	3746.02	3745.88	3753.26	3752.84	3753.34	3757.70	
3757.42	3638.74	3710.18	3747.92	3748.22	3750.52	3752.02	3756.86	3752.90	3746.86	3752.26	3750.60	3753.54	3755.88	3750.72	3749.44	
3748.92	3739.04	3728.88	3731.62	3746.92	3745.30	3743.70	3742.54	3734.96	3725.62	3741.04	3736.88	3744.24	3746.56	3759.98	3719.54	

*******************************************2025/07/27;12:34:56
Probe number 476
Concentration entered by User 1.99% (Compensated: 3.01% at temperature 33.1)
1299.40	1317.26	1329.36	1343.80	1360.06	1374.98	1392.70	1409.16	1429.88	1449.12	1473.46	1496.66	1524.50	1551.26	1573.72	1596.16	
1620.38	1663.26	1699.04	1750.66	1786.36	1822.28	1857.36	1900.28	1947.62	1993.00	2043.82	2109.12	2187.34	2266.76	2387.26	2552.50	
2731.70	3020.56	3313.66	3516.92	3621.74	3661.42	3672.44	3673.82	3677.92	3690.16	3696.32	3700.14	3690.32	3688.12	3693.10	3690.76	
3689.30	3719.20	3706.64	3711.52	3714.80	3718.90	3722.52	3718.32	3720.80	3723.26	3719.98	3719.86	3723.68	3719.50	3716.64	3728.58	
3731.44	3735.02	3733.26	3734.56	3723.58	3729.34	3722.60	3719.18	3728.06	3721.28	3732.18	3726.80	3734.26	3733.58	3733.44	3738.08	
3737.44	3742.18	3739.10	3736.98	3743.98	3745.70	3739.56	3746.90	3738.02	3748.08	3744.60	3744.64	3752.00	3751.76	3752.00	3756.48	
3755.74	3636.22	3708.12	3746.52	3746.82	3749.10	3750.22	3755.40	3751.68	3745.48	3750.54	3749.20	3752.24	3754.44	3749.28	3748.26	
3747.64	3737.46	3727.30	3729.96	3745.34	3743.72	3742.20	3740.96	3733.24	3723.86	3739.70	3735.08	3742.56	3744.74	3758.64	3717.66	

*******************************************2025/07/27;12:39:56
Probe number 477
Concentration entered by User 1.96% (Compensated: 2.98% at temperature 33.1)
1300.42	1318.96	1331.58	1344.98	1361.24	1375.78	1393.16	1409.94	1430.84	1451.80	1475.82	1500.54	1526.38	1553.60	1576.92	1600.16	
1624.32	1664.86	1699.48	1752.52	1787.30	1824.82	1862.22	1905.04	1950.00	1992.76	2042.06	2111.04	2196.86	2266.04	2383.00	2535.82	
2732.94	3035.66	3322.30	3514.04	3625.20	3665.70	3676.70	3678.24	3683.04	3694.42	3700.26	3704.90	3695.36	3693.00	3698.10	3695.74	
3693.80	3723.28	3710.68	3715.06	3718.92	3723.00	3726.60	3722.18	3724.66	3727.48	3723.88	3723.72	3727.62	3723.46	3720.76	3732.30	
3735.06	3738.62	3737.02	3738.10	3727.70	3732.82	3727.12	3722.86	3731.88	3725.06	3735.50	3730.90	3737.62	3737.18	3737.08	3741.76	
3741.38	3745.52	3742.72	3740.48	3747.26	3748.96	3742.96	3750.26	3741.56	3751.24	3748.42	3748.06	3755.12	3754.54	3755.10	3759.42	
3759.22	3641.54	3712.48	3749.86	3750.32	3752.32	3753.86	3758.40	3754.64	3748.72	3753.88	3752.38	3755.42	3757.64	3752.54	3751.52	
3750.62	3740.92	3731.46	3733.64	3748.84	3747.12	3745.28	3744.70	3737.16	3727.34	3743.26	3738.68	3745.78	3748.28	3761.70	3722.00	

*******************************************2025/07/27;12:44:56
Probe number 478
Concentration entered by User 1.98% (Compensated: 2.99% at temperature 33.0)
1299.74	1318.20	1330.36	1344.58	1361.18	1375.76	1393.24	1409.26	1429.42	1448.04	1473.50	1498.26	1526.14	1554.62	1576.92	1600.82	
1623.12	1663.32	1697.94	1750.52	1788.22	1823.30	1858.56	1898.72	1948.80	1995.84	2040.72	2109.12	2190.14	2271.00	2393.66	2546.24	
2738.50	3030.02	3320.16	3511.98	3622.10	3663.06	3675.52	3677.68	3681.94	3693.22	3699.32	3703.46	3694.06	3691.38	3696.72	3695.42	
3693.22	3722.62	3709.88	3714.08	3717.64	3721.82	3725.36	3721.30	3723.64	3726.26	3723.16	3722.78	3726.70	3722.52	3719.28	3731.38	
3734.04	3737.32	3736.08	3736.88	3726.70	3731.64	3726.02	3722.24	3730.92	3724.12	3734.56	3729.66	3736.88	3736.66	3736.48	3741.04	
3740.32	3744.76	3741.90	3739.54	3746.36	3747.86	3742.30	3749.36	3740.72	3750.52	3747.28	3747.04	3754.18	3753.86	3754.56	3758.74	
3758.18	3640.20	3711.42	3748.98	3749.38	3751.40	3752.66	3757.66	3753.76	3747.96	3753.10	3751.84	3754.60	3756.56	3751.88	3750.56	
3749.94	3740.04	3730.26	3732.76	3748.10	3746.16	3744.96	3743.54	3736.08	3726.66	3742.40	3737.82	3745.20	3747.48	3760.94	3721.00	

*******************************************2025/07/27;12:49:56
Probe number 479
Concentration entered by User 1.99% (Compensated: 3.00% at temperature 33.0)
1300.42	1319.38	1331.78	1345.58	1361.34	1376.62	1394.10	1409.60	1430.58	1451.62	1474.58	1497.78	1524.90	1553.84	1577.74	1599.80	
1624.42	1665.60	1700.12	1753.76	1788.70	1825.86	1863.32	1904.20	1949.46	1992.16	2043.68	2112.64	2189.56	2270.30	2392.48	2552.66	
2741.98	3021.54	3315.12	3513.62	3623.84	3665.36	3677.36	3679.08	3683.38	3695.34	3700.86	3705.76	3696.46	3693.92	3698.96	3696.96	
3695.12	3724.40	3712.08	3716.12	3719.48	3723.44	3727.14	3722.98	3725.46	3728.24	3724.56	3724.22	3728.00	3723.86	3721.12	3733.12	
3735.86	3739.22	3737.36	3738.62	3728.32	3733.50	3727.28	3723.76	3732.30	3725.56	3736.00	3731.42	3738.26	3737.80	3737.64	3742.12	
3741.98	3746.06	3743.34	3740.90	3747.94	3749.62	3743.64	3750.76	3742.32	3751.72	3748.76	3748.62	3755.68	3754.96	3755.50	3759.96	
3759.22	3642.66	3713.18	3750.34	3750.58	3752.76	3754.08	3758.92	3754.90	3748.90	3754.42	3753.06	3755.60	3758.04	3752.98	3751.78	
3751.28	3741.60	3732.14	3734.20	3749.34	3747.88	3746.54	3745.08	3737.86	3728.02	3743.74	3739.32	3746.48	3748.60	3762.14	3722.10	

*******************************************2025/07/27;12:54:56
Probe number 480
Concentration entered by User 2.03% (Compensated: 3.04% at temperature 32.9)
1300.40	1319.10	1331.18	1344.36	1360.68	1375.16	1393.98	1410.58	1430.90	1451.20	1474.58	1498.02	1525.24	1553.90	1577.62	1599.50	
1623.94	1666.62	1699.86	1752.36	1787.34	1825.26	1859.74	1900.00	1950.20	1998.60	2042.84	2105.16	2187.08	2278.32	2392.28	2537.70	
2723.06	3021.14	3302.14	3502.14	3616.98	3660.58	3673.72	3676.02	3680.64	3692.26	3698.58	3702.84	3693.04	3690.68	3696.20	3694.42	
3692.54	3722.34	3709.84	3713.98	3717.60	3721.88	3725.12	3721.04	3723.46	3726.28	3723.02	3722.32	3726.40	3722.26	3719.44	3731.34	
3734.12	3737.86	3736.18	3737.06	3726.64	3731.92	3726.02	3721.80	3730.96	3723.96	3734.46	3729.76	3736.82	3736.64	3736.36	3740.72	
3740.58	3744.24	3741.72	3739.38	3746.46	3748.18	3742.14	3749.36	3740.96	3750.50	3747.14	3747.08	3754.26	3753.84	3754.48	3758.64	
3758.52	3640.36	3711.54	3748.86	3748.98	3751.44	3753.08	3757.64	3754.04	3747.76	3752.90	3751.48	3754.66	3756.84	3751.80	3750.72	
3749.78	3739.88	3730.08	3732.96	3747.92	3746.34	3744.78	3743.66	3736.04	3726.50	3742.40	3737.88	3745.10	3747.40	3760.86	3720.44	

*******************************************2025/07/27;12:59:56
Probe number 481
Concentration entered by User 2.01% (Compensated: 3.02% at temperature 33.0)
1300.60	1318.70	1330.38	1345.02	1361.06	1376.18	1394.16	1410.54	1431.32	1450.36	1474.12	1499.14	1524.82	1554.80	1577.94	1599.58	
1621.48	1663.92	1703.14	1752.90	1788.24	1824.20	1860.68	1900.84	1941.56	1990.98	2047.24	2115.24	2191.90	2274.74	2398.22	2545.84	
2734.88	3023.62	3307.96	3504.92	3620.18	3663.14	3676.02	3677.24	3681.98	3694.30	3699.84	3704.10	3695.22	3692.64	3697.82	3695.78	
3693.44	3723.20	3710.08	3714.72	3718.46	3722.36	3726.00	3721.78	3724.22	3726.88	3723.38	3723.22	3726.86	3723.26	3720.08	3731.90	
3734.68	3738.36	3736.44	3737.84	3727.30	3732.80	3726.56	3722.76	3731.92	3725.18	3735.22	3730.44	3737.84	3737.12	3737.30	3741.58	
3741.28	3745.16	3742.16	3740.18	3747.28	3748.76	3742.80	3749.92	3741.36	3751.08	3747.68	3747.88	3754.92	3754.40	3755.08	3759.32	
3758.76	3641.18	3712.34	3749.62	3749.96	3752.04	3753.46	3758.02	3754.26	3748.42	3753.54	3752.22	3755.24	3757.22	3752.46	3751.06	
3750.38	3740.88	3730.84	3733.66	3748.42	3746.96	3745.30	3744.08	3736.82	3727.22	3742.88	3738.84	3745.66	3748.18	3761.44	3721.48	

*******************************************2025/07/27;13:04:56
Probe number 482
Concentration entered by User 2.01% (Compensated: 3.03% at temperature 33.1)
1300.16	1317.82	1330.60	1345.38	1361.52	1376.12	1392.44	1410.26	1429.80	1450.44	1474.80	1498.38	1527.42	1556.12	1579.96	1602.88	
1624.42	1665.28	1700.74	1754.28	1789.34	1825.50	1864.60	1908.00	1947.48	1992.50	2046.50	2109.36	2193.54	2271.56	2391.80	2535.50	
2732.06	3025.92	3311.70	3501.04	3619.64	3661.08	3673.34	3675.48	3680.24	3691.16	3697.68	3702.46	3693.24	3690.88	3696.38	3694.26	
3692.12	3721.58	3708.92	3713.38	3717.10	3720.70	3724.48	3720.12	3722.74	3725.74	3722.12	3721.88	3725.70	3721.90	3718.90	3730.84	
3733.14	3737.14	3735.16	3736.36	3726.26	3731.52	3725.50	3721.46	3730.20	3723.82	3734.08	3729.14	3736.38	3735.88	3736.00	3740.44	
3740.00	3744.20	3741.32	3739.12	3746.00	3747.72	3741.68	3748.98	3740.40	3750.26	3746.90	3746.80	3753.62	3753.30	3753.98	3758.26	
3757.92	3639.78	3711.16	3748.58	3748.90	3751.36	3752.72	3757.20	3753.14	3747.52	3752.70	3751.02	3754.34	3756.70	3751.38	3750.18	
3749.56	3739.62	3729.78	3732.60	3747.80	3745.90	3744.44	3743.16	3735.52	3726.36	3742.04	3737.58	3744.76	3747.30	3760.70	3720.48	

*******************************************2025/07/27;13:09:56
Probe number 483
Concentration entered by User 2.09% (Compensated: 3.11% at temperature 33.2)
1298.44	1316.62	1329.72	1343.88	1359.06	1373.82	1391.14	1407.74	1428.60	1448.62	1471.84	1496.16	1524.00	1554.40	1576.48	1598.02	
1621.12	1660.44	1696.06	1748.88	1782.30	1818.36	1852.14	1896.58	1942.68	1988.30	2037.26	2104.28	2181.04	2271.82	2391.06	2535.72	
2723.24	3008.24	3291.98	3484.86	3605.60	3649.66	3663.30	3664.72	3669.70	3682.12	3688.40	3693.18	3683.50	3681.02	3686.82	3684.22	
3682.20	3713.56	3699.66	3704.66	3708.36	3712.80	3716.36	3712.36	3714.64	3717.30	3713.72	3713.58	3717.84	3713.66	3710.36	3722.86	
3725.88	3729.60	3727.94	3729.14	3718.12	3723.88	3717.30	3713.72	3722.86	3715.86	3726.76	3721.64	3729.36	3728.56	3728.22	3733.26	
3732.52	3736.90	3734.44	3732.04	3739.08	3741.20	3734.52	3742.28	3732.92	3743.44	3739.68	3739.70	3747.44	3746.96	3747.74	3752.34	
3751.62	3628.92	3702.56	3741.86	3742.40	3744.62	3746.10	3751.48	3746.96	3740.68	3746.14	3744.74	3747.88	3750.16	3744.78	3743.34	
3742.86	3732.52	3722.04	3724.98	3740.90	3739.30	3737.42	3736.30	3728.18	3718.58	3734.90	3730.24	3737.68	3740.44	3754.50	3712.08	

*******************************************2025/07/27;13:14:56
Probe number 484
Concentration entered by User 2.02% (Compensated: 3.04% at temperature 33.2)
1300.30	1318.14	1331.54	1345.22	1361.20	1376.20	1393.98	1411.64	1432.06	1450.74	1474.96	1499.12	1525.52	1555.18	1578.10	1600.62	
1624.30	1665.42	1701.24	1753.78	1790.68	1829.16	1861.10	1902.90	1945.58	1992.70	2046.04	2116.58	2198.28	2281.16	2398.94	2546.08	
2735.26	3026.40	3306.70	3505.68	3615.44	3658.84	3672.30	3674.32	3678.44	3690.92	3696.76	3701.38	3692.12	3689.90	3695.28	3693.38	
3691.20	3721.12	3708.30	3712.90	3716.82	3720.44	3723.86	3719.94	3722.24	3725.20	3721.66	3721.34	3725.20	3721.10	3718.16	3730.22	
3733.06	3736.58	3735.10	3736.22	3725.62	3731.20	3724.76	3721.60	3730.16	3723.04	3733.86	3729.12	3735.98	3735.68	3735.42	3740.12	
3739.58	3743.74	3740.98	3739.02	3745.62	3747.48	3741.58	3748.42	3739.76	3749.74	3746.46	3746.62	3753.54	3753.24	3753.66	3757.84	
3757.58	3639.30	3710.44	3748.24	3748.84	3750.94	3752.34	3757.00	3753.24	3747.34	3752.44	3750.98	3753.76	3756.06	3751.08	3749.74	
3749.34	3739.26	3729.86	3732.36	3747.36	3745.80	3744.12	3743.18	3735.24	3725.98	3741.86	3737.44	3744.30	3746.94	3760.32	3720.06	

*******************************************2025/07/27;13:19:56
Probe number 485
Concentration entered by User 2.05% (Compensated: 3.08% at temperature 33.2)
1298.08	1317.64	1330.00	1344.54	1360.14	1375.52	1393.54	1409.80	1430.52	1449.84	1475.00	1500.06	1526.38	1554.24	1577.08	1599.42	
1625.00	1664.78	1700.30	1751.02	1787.82	1822.62	1859.56	1904.20	1949.20	1993.10	2048.82	2109.32	2187.10	2271.00	2395.64	2545.72	
2726.32	3019.54	3297.62	3496.26	3611.80	3655.84	3668.58	3670.82	3676.06	3687.62	3693.84	3699.22	3689.64	3687.22	3692.52	3690.66	
3688.66	3718.78	3705.56	3710.64	3714.44	3718.40	3721.76	3717.74	3720.18	3722.84	3719.62	3719.34	3722.92	3719.48	3716.32	3728.28	
3731.24	3734.96	3732.70	3734.28	3723.44	3729.24	3722.70	3719.16	3728.06	3721.32	3732.14	3726.72	3734.12	3733.70	3733.50	3738.06	
3737.60	3741.90	3739.14	3736.98	3743.72	3745.38	3739.48	3746.82	3737.80	3747.80	3744.84	3744.64	3751.88	3751.56	3752.10	3756.46	
3755.98	3636.20	3708.50	3746.50	3747.00	3749.22	3750.48	3755.26	3751.42	3745.20	3750.34	3749.02	3752.00	3754.10	3748.90	3747.56	
3747.30	3737.52	3727.12	3730.34	3745.70	3744.20	3742.26	3740.96	3733.16	3724.18	3739.64	3735.18	3742.28	3745.18	3758.66	3717.96	

*******************************************2025/07/27;13:24:56
Probe number 486
Concentration entered by User 2.07% (Compensated: 3.10% at temperature 33.3)
1298.84	1317.42	1329.34	1343.98	1360.12	1374.96	1392.04	1408.96	1429.04	1448.24	1473.96	1499.26	1526.08	1553.22	1577.30	1596.90	
1620.40	1661.12	1694.84	1750.78	1785.04	1818.94	1853.18	1899.94	1948.54	1992.88	2049.08	2110.12	2194.96	2277.10	2402.56	2548.26	
2719.62	3021.50	3297.12	3487.52	3605.44	3649.88	3664.76	3666.06	3671.20	3683.66	3690.02	3694.98	3685.26	3683.28	3688.70	3686.68	
3684.54	3715.82	3702.06	3707.16	3710.64	3714.80	3718.54	3714.60	3716.88	3719.58	3715.94	3715.80	3719.84	3716.00	3712.66	3725.10	
3728.00	3731.62	3729.92	3731.02	3720.20	3725.76	3719.24	3715.90	3724.98	3717.86	3728.80	3723.76	3731.04	3730.64	3730.54	3735.26	
3734.30	3738.80	3736.08	3734.14	3740.96	3742.52	3736.42	3744.02	3735.18	3745.34	3742.00	3741.92	3749.24	3748.60	3749.14	3753.74	
3753.42	3631.88	3704.72	3743.74	3744.20	3746.38	3747.98	3752.48	3748.60	3742.64	3747.94	3746.38	3749.14	3751.46	3746.06	3745.10	
3744.44	3734.48	3724.34	3727.20	3742.88	3741.10	3739.14	3738.14	3730.20	3720.82	3737.02	3731.86	3739.46	3742.30	3756.34	3715.02	

*******************************************2025/07/27;13:29:56
Probe number 487
Concentration entered by User 2.05% (Compensated: 3.09% at temperature 33.3)
1299.22	1317.68	1330.00	1344.86	1360.50	1375.34	1392.42	1410.00	1431.46	1450.66	1475.00	1500.02	1527.76	1556.66	1576.96	1599.76	
1624.38	1665.16	1698.70	1750.76	1785.62	1821.42	1860.06	1906.56	1948.62	2000.22	2046.00	2105.26	2191.84	2274.00	2409.50	2554.68	
2732.40	3016.06	3299.66	3493.82	3610.68	3652.52	3667.82	3670.92	3675.12	3687.00	3692.88	3698.10	3688.44	3686.24	3691.42	3689.48	
3687.44	3718.42	3705.12	3709.70	3713.36	3717.48	3721.50	3717.06	3719.20	3722.26	3718.72	3718.64	3722.40	3718.26	3715.06	3727.66	
3730.14	3733.98	3731.84	3733.60	3722.90	3728.08	3722.00	3718.66	3727.46	3720.52	3731.22	3726.24	3733.30	3732.90	3732.50	3737.80	
3736.98	3741.22	3738.32	3736.00	3743.10	3744.86	3738.40	3746.22	3737.20	3747.46	3744.44	3744.40	3751.22	3750.88	3751.44	3755.68	
3755.58	3635.16	3707.68	3745.94	3746.34	3748.44	3750.16	3755.00	3750.58	3744.90	3749.88	3748.14	3751.50	3753.88	3748.60	3747.50	
3746.62	3736.84	3726.38	3729.62	3745.16	3743.48	3741.54	3740.64	3732.76	3723.24	3739.04	3734.66	3742.22	3744.60	3758.22	3717.42	

*******************************************2025/07/27;13:34:56
Probe number 488
Concentration entered by User 2.04% (Compensated: 3.07% at temperature 33.3)
1299.88	1318.04	1331.02	1345.20	1361.08	1375.06	1393.80	1410.90	1430.36	1451.12	1474.38	1499.02	1527.04	1554.94	1576.04	1599.62	
1625.30	1665.12	1699.18	1750.92	1788.18	1824.42	1860.82	1906.90	1944.76	1988.06	2042.60	2104.50	2189.34	2279.40	2398.14	2545.54	
2730.02	3022.74	3309.66	3489.34	3611.92	3654.70	3667.82	3669.90	3674.56	3686.66	3693.16	3698.42	3688.72	3686.12	3691.76	3689.86	
3687.04	3718.24	3704.62	3709.76	3713.58	3717.60	3721.32	3717.14	3719.82	3722.42	3718.62	3718.34	3722.18	3718.44	3715.14	3727.70	
3729.92	3733.76	3732.00	3733.30	3722.94	3728.44	3722.08	3718.42	3727.32	3720.28	3731.14	3725.92	3733.76	3732.88	3733.12	3737.38	
3736.68	3741.04	3738.26	3736.04	3743.16	3744.90	3738.66	3746.24	3737.12	3747.26	3744.06	3743.84	3751.28	3750.84	3751.36	3755.90	
3755.60	3635.20	3707.48	3746.00	3746.26	3748.48	3749.98	3754.78	3750.58	3744.60	3749.80	3748.40	3751.32	3753.60	3748.32	3747.22	
3746.86	3736.50	3726.74	3729.54	3744.90	3743.40	3741.36	3740.24	3732.70	3723.34	3739.22	3734.60	3741.86	3744.62	3758.34	3717.16	

*******************************************2025/07/27;13:39:56
Probe number 489
Concentration entered by User 2.08% (Compensated: 3.12% at temperature 33.3)
1299.12	1317.48	1330.78	1345.10	1361.38	1376.68	1394.24	1410.96	1431.86	1451.10	1475.22	1499.44	1527.02	1556.14	1578.58	1597.88	
1623.10	1662.34	1699.66	1754.04	1788.24	1819.66	1859.72	1901.84	1945.54	1994.50	2049.38	2105.02	2189.70	2286.46	2407.98	2547.66	
2721.78	3014.18	3292.24	3487.76	3610.50	3653.82	3668.98	3671.36	3675.00	3687.50	3694.24	3699.50	3689.98	3687.66	3692.76	3690.86	
3689.06	3719.40	3706.78	3711.18	3714.36	3719.00	3722.40	3718.26	3720.92	3723.58	3719.86	3720.08	3723.64	3720.04	3716.68	3728.74	
3731.62	3735.16	3733.44	3734.92	3724.26	3729.90	3723.30	3719.94	3729.16	3721.70	3732.14	3727.40	3734.98	3734.54	3734.44	3738.66	
3738.10	3742.56	3739.64	3737.42	3744.30	3745.90	3740.28	3747.38	3738.44	3748.28	3745.06	3745.24	3752.58	3752.22	3752.64	3756.96	
3756.52	3637.30	3709.16	3747.02	3747.58	3749.54	3751.08	3755.98	3751.92	3745.86	3751.08	3749.74	3752.58	3754.88	3749.68	3748.44	
3747.74	3738.22	3727.70	3730.94	3746.20	3744.60	3742.90	3741.64	3733.86	3724.80	3740.64	3736.02	3742.96	3745.90	3759.26	3718.84	

*******************************************2025/07/27;13:44:56
Probe number 490
Concentration entered by User 2.07% (Compensated: 3.11% at temperature 33.4)
1298.28	1316.76	1330.06	1343.78	1359.32	1373.34	1391.52	1409.40	1430.86	1449.86	1473.96	1497.72	1525.74	1553.76	1576.70	1598.80	
1621.96	1663.76	1698.84	1750.50	1784.36	1817.04	1857.82	1900.40	1945.10	1988.04	2045.68	2098.12	2183.76	2279.22	2400.74	2557.06	
2749.68	3018.62	3290.68	3489.06	3610.44	3654.64	3666.90	3668.96	3673.16	3685.36	3691.40	3697.18	3687.60	3685.50	3690.80	3688.96	
3686.54	3717.06	3704.04	3708.90	3712.92	3716.56	3720.38	3716.06	3718.44	3721.28	3717.62	3718.04	3721.60	3717.78	3714.38	3727.18	
3729.72	3733.04	3731.50	3732.70	3722.18	3727.92	3721.38	3717.84	3727.02	3719.66	3730.52	3725.80	3732.66	3732.42	3732.12	3736.92	
3736.26	3740.30	3737.60	3735.32	3742.56	3744.20	3738.18	3745.66	3736.76	3746.52	3743.32	3743.52	3750.50	3750.28	3750.70	3755.38	
3754.80	3634.32	3706.94	3745.54	3745.68	3748.04	3749.42	3754.26	3750.10	3744.08	3749.20	3747.84	3750.78	3753.08	3748.02	3746.90	
3746.20	3736.32	3725.84	3729.16	3744.18	3742.70	3740.90	3739.96	3732.26	3722.76	3738.60	3733.92	3741.40	3743.90	3757.84	3716.58	

*******************************************2025/07/27;13:49:56
Probe number 491
Concentration entered by User 2.02% (Compensated: 3.07% at temperature 33.4)
1298.94	1317.38	1330.92	1345.20	1360.48	1374.84	1392.26	1408.80	1430.06	1450.42	1474.36	1498.90	1526.80	1555.26	1577.04	1599.92	
1622.44	1665.90	1702.28	1752.16	1786.44	1820.54	1858.22	1904.48	1955.40	1995.06	2047.14	2107.66	2195.62	2279.44	2394.66	2545.78	
2739.86	3028.72	3305.86	3497.16	3610.62	3654.90	3668.68	3670.16	3675.50	3687.64	3693.60	3699.18	3689.56	3686.98	3692.82	3690.06	
3688.38	3718.56	3706.04	3710.36	3713.86	3718.58	3721.98	3717.58	3720.14	3722.84	3719.42	3719.36	3723.10	3719.12	3716.06	3728.18	
3730.66	3734.46	3733.04	3734.18	3723.64	3729.06	3722.50	3719.50	3728.54	3721.20	3732.00	3726.94	3734.50	3734.02	3733.64	3738.30	
3737.70	3741.86	3739.06	3737.24	3743.72	3745.58	3739.38	3746.78	3737.80	3748.00	3744.58	3744.76	3752.16	3751.66	3751.88	3756.40	
3756.16	3636.44	3708.72	3746.80	3747.18	3749.22	3750.54	3755.68	3751.56	3745.50	3750.46	3748.92	3752.04	3754.36	3749.28	3748.08	
3747.48	3737.52	3727.28	3730.72	3745.74	3743.82	3742.40	3741.24	3733.40	3724.46	3739.98	3735.50	3742.82	3745.48	3758.90	3718.48	

*******************************************2025/07/27;13:54:56
Probe number 492
Concentration entered by User 2.01% (Compensated: 3.06% at temperature 33.4)
1299.52	1317.88	1330.92	1344.84	1361.14	1375.42	1392.82	1409.90	1430.68	1450.90	1476.22	1499.12	1527.80	1556.78	1577.96	1599.52	
1623.84	1664.26	1702.40	1755.62	1786.26	1822.12	1863.66	1904.12	1946.64	1989.32	2049.98	2106.10	2189.76	2280.54	2401.48	2554.16	
2745.50	3018.52	3311.80	3504.54	3616.26	3656.26	3669.42	3671.18	3675.78	3687.76	3694.08	3699.86	3690.46	3688.32	3693.86	3691.66	
3689.72	3719.88	3706.76	3711.82	3715.40	3719.56	3722.90	3719.06	3721.46	3724.20	3720.68	3720.22	3724.22	3720.38	3717.22	3729.26	
3731.72	3735.62	3733.86	3735.26	3724.80	3730.34	3723.88	3720.88	3729.66	3722.44	3733.22	3728.44	3735.60	3734.84	3734.72	3739.28	
3738.78	3743.00	3740.14	3738.04	3744.86	3746.68	3740.48	3748.14	3739.04	3749.28	3745.72	3745.88	3753.26	3752.66	3753.28	3757.30	
3757.06	3638.36	3709.96	3747.82	3748.26	3750.42	3751.92	3756.60	3752.42	3746.68	3751.70	3750.00	3753.16	3755.18	3750.38	3749.06	
3748.40	3738.72	3728.52	3731.78	3746.80	3745.04	3743.62	3742.66	3734.88	3725.50	3741.18	3736.78	3744.10	3746.74	3759.74	3719.56	

*******************************************2025/07/27;13:59:56
Probe number 493
Concentration entered by User 2.00% (Compensated: 3.05% at temperature 33.5)
1299.66	1318.36	1331.38	1345.90	1360.32	1375.28	1393.28	1409.72	1430.44	1449.90	1474.50	1499.30	1527.18	1555.82	1576.34	1599.80	
1624.42	1666.46	1700.38	1753.32	1790.34	1821.22	1857.54	1905.64	1945.34	1992.32	2046.54	2107.42	2188.30	2275.72	2397.66	2558.70	
2754.82	3034.36	3312.78	3501.60	3613.08	3652.60	3665.62	3668.00	3673.14	3685.30	3691.86	3697.26	3688.06	3685.50	3691.20	3689.18	
3686.94	3716.96	3703.94	3708.66	3713.12	3716.70	3720.22	3716.18	3718.56	3721.52	3718.04	3717.62	3721.42	3717.62	3714.88	3726.76	
3729.70	3733.30	3731.50	3733.02	3722.42	3727.90	3721.44	3718.14	3727.24	3719.60	3730.62	3726.06	3733.48	3732.54	3732.24	3737.06	
3736.26	3740.60	3737.84	3735.76	3742.42	3744.30	3738.36	3745.86	3736.94	3746.96	3743.66	3743.58	3750.84	3750.80	3751.08	3755.42	
3755.30	3634.92	3707.20	3745.90	3746.32	3748.38	3749.84	3754.56	3750.02	3744.52	3749.28	3748.08	3750.88	3753.38	3748.28	3747.02	
3746.34	3736.72	3725.96	3729.54	3744.88	3742.82	3741.40	3740.32	3732.40	3723.04	3738.88	3734.22	3741.92	3744.68	3757.92	3717.30	

*******************************************2025/07/27;14:04:56
Probe number 494
Concentration entered by User 1.99% (Compensated: 3.05% at temperature 33.5)
1299.70	1318.02	1331.30	1345.52	1362.30	1376.52	1394.48	1410.90	1430.90	1451.46	1477.10	1502.14	1528.78	1557.30	1579.10	1600.94	
1625.62	1668.30	1704.06	1755.34	1789.62	1824.52	1862.20	1909.80	1951.64	1994.66	2047.50	2109.84	2194.54	2273.40	2403.80	2560.18	
2751.28	3029.66	3315.02	3507.90	3616.40	3658.24	3671.14	3672.46	3677.64	3689.74	3696.06	3701.12	3691.80	3689.36	3695.10	3692.62	
3691.08	3720.86	3708.02	3713.04	3716.70	3720.56	3724.36	3720.04	3722.62	3725.28	3721.76	3721.82	3725.18	3721.46	3718.48	3730.38	
3733.10	3736.74	3735.38	3736.54	3725.80	3731.70	3725.08	3721.78	3730.50	3723.78	3734.06	3729.30	3736.52	3735.92	3735.92	3740.60	
3739.80	3743.94	3741.00	3738.88	3745.90	3747.64	3741.54	3748.74	3740.20	3749.98	3746.92	3746.86	3754.02	3753.60	3753.92	3758.36	
3758.18	3639.48	3711.16	3748.66	3749.20	3751.30	3752.68	3757.38	3753.44	3747.50	3752.48	3750.78	3753.90	3756.40	3751.14	3750.14	
3749.52	3739.50	3729.92	3733.06	3747.92	3746.32	3744.66	3743.42	3735.88	3727.10	3742.18	3737.62	3744.96	3747.70	3760.72	3721.08	

*******************************************2025/07/27;14:09:56
Probe number 495
Concentration entered by User 2.00% (Compensated: 3.06% at temperature 33.6)
1299.76	1318.16	1331.20	1345.68	1361.74	1375.68	1394.18	1410.62	1431.02	1451.08	1476.06	1501.10	1527.88	1556.60	1578.08	1599.54	
1623.94	1667.20	1703.02	1756.82	1790.96	1824.16	1860.80	1906.48	1952.60	1999.52	2051.42	2112.94	2196.54	2275.48	2400.02	2556.48	
2746.34	3030.46	3312.38	3503.96	3617.40	3657.72	3670.32	3672.16	3676.98	3689.38	3695.98	3700.58	3691.68	3689.48	3695.04	3692.70	
3690.40	3720.24	3707.32	3712.66	3716.38	3720.02	3723.60	3719.32	3721.96	3724.84	3720.94	3721.08	3725.22	3721.00	3717.98	3730.22	
3732.66	3736.42	3734.76	3736.26	3725.76	3731.32	3724.88	3721.56	3730.20	3723.08	3733.78	3728.86	3736.44	3735.98	3735.48	3740.12	
3739.36	3743.48	3740.94	3738.66	3745.68	3747.32	3741.06	3748.54	3739.96	3749.56	3746.40	3746.74	3753.52	3753.44	3753.90	3758.12	
3757.78	3639.68	3710.54	3748.66	3749.04	3751.02	3752.34	3757.06	3753.14	3747.54	3751.90	3750.66	3753.64	3756.00	3750.70	3749.86	
3749.18	3739.42	3729.44	3732.76	3747.70	3745.82	3744.34	3743.06	3735.38	3726.48	3741.68	3737.26	3744.74	3747.62	3760.54	3720.72	

*******************************************2025/07/27;14:14:56
Probe number 496
Concentration entered by User 2.02% (Compensated: 3.08% at temperature 33.6)
1300.18	1318.72	1331.60	1346.32	1361.98	1376.80	1394.42	1411.36	1431.94	1452.12	1476.58	1501.40	1528.64	1555.76	1579.12	1600.30	
1624.14	1665.02	1703.58	1757.68	1788.14	1821.36	1862.50	1909.42	1952.78	2002.48	2053.90	2109.52	2189.32	2284.90	2402.62	2549.34	
2739.84	3028.68	3303.98	3501.86	3611.40	3654.26	3668.22	3670.44	3675.36	3687.62	3694.06	3699.44	3690.46	3688.48	3693.78	3691.98	
3690.06	3720.06	3707.26	3712.38	3715.80	3719.56	3722.78	3718.72	3721.38	3724.22	3720.90	3720.76	3724.48	3720.62	3717.46	3729.54	
3732.42	3736.26	3734.40	3735.88	3725.20	3730.66	3724.22	3721.12	3729.80	3723.02	3733.70	3728.36	3736.14	3735.36	3735.32	3740.08	
3739.22	3743.26	3740.48	3738.52	3745.08	3747.10	3740.68	3748.22	3739.60	3749.54	3746.42	3746.32	3753.26	3752.98	3753.64	3757.70	
3757.68	3638.52	3710.74	3748.30	3748.42	3750.80	3752.30	3757.00	3752.70	3747.34	3752.08	3750.60	3753.50	3755.76	3750.84	3749.50	
3748.72	3739.06	3729.14	3732.04	3747.40	3745.62	3743.94	3743.12	3735.06	3726.24	3741.50	3736.98	3744.28	3747.10	3760.38	3720.12	

*******************************************2025/07/27;14:19:56
Probe number 497
Concentration entered by User 2.03% (Compensated: 3.09% at temperature 33.6)
1298.30	1316.72	1329.44	1344.84	1360.40	1374.70	1391.24	1408.50	1428.64	1448.02	1473.20	1497.72	1525.58	1554.12	1574.78	1597.64	
1621.98	1663.28	1699.94	1753.30	1789.22	1822.30	1858.44	1904.42	1950.50	1994.04	2049.94	2111.94	2195.26	2279.16	2396.88	2547.34	
2741.12	3020.68	3304.38	3497.98	3611.92	3654.76	3667.60	3669.72	3674.28	3686.46	3692.80	3698.26	3688.58	3686.70	3692.10	3690.12	
3688.16	3718.62	3705.18	3710.24	3713.72	3717.84	3721.38	3717.08	3719.58	3722.60	3718.98	3718.82	3722.50	3718.70	3715.94	3728.38	
3730.86	3734.54	3732.80	3734.20	3723.60	3729.42	3722.86	3719.38	3728.44	3721.36	3731.68	3727.06	3734.42	3733.74	3733.78	3738.42	
3737.60	3741.96	3739.06	3737.14	3743.68	3745.74	3739.46	3746.72	3738.10	3747.94	3744.76	3744.96	3751.64	3751.54	3752.14	3756.20	
3756.24	3636.84	3708.34	3747.02	3746.94	3749.40	3750.76	3755.62	3751.36	3745.66	3750.64	3749.02	3752.04	3754.64	3749.30	3748.04	
3747.32	3737.66	3727.74	3730.70	3745.92	3744.16	3742.38	3741.42	3733.44	3724.42	3740.32	3735.58	3742.90	3745.40	3759.16	3718.72	

*******************************************2025/07/27;14:24:56
Probe number 498
Concentration entered by User 2.01% (Compensated: 3.07% at temperature 33.6)
1298.96	1317.14	1329.60	1344.50	1360.56	1374.52	1391.62	1408.50	1429.14	1449.40	1474.66	1498.76	1525.66	1553.92	1576.74	1596.22	
1621.90	1662.20	1698.72	1752.52	1783.96	1821.58	1862.14	1902.94	1942.10	1992.98	2048.16	2117.44	2200.22	2288.20	2413.90	2556.18	
2748.58	3021.96	3310.18	3507.74	3615.20	3654.10	3669.72	3671.02	3676.46	3688.34	3694.82	3699.74	3690.38	3688.40	3693.14	3691.40	
3689.76	3719.66	3706.70	3711.68	3715.46	3719.34	3722.52	3718.52	3721.06	3723.70	3720.36	3720.32	3724.08	3719.76	3717.20	3729.04	
3731.98	3735.70	3734.22	3735.32	3725.00	3730.56	3723.98	3720.98	3729.36	3722.54	3733.32	3728.20	3735.62	3734.98	3734.88	3739.46	
3738.82	3742.80	3740.10	3738.18	3744.64	3746.68	3740.56	3747.94	3739.18	3749.08	3745.88	3745.78	3752.96	3752.84	3753.06	3757.34	
3757.28	3637.92	3709.78	3747.82	3748.30	3750.38	3751.60	3756.52	3752.54	3746.68	3751.68	3750.00	3752.98	3755.36	3750.30	3749.00	
3748.48	3738.58	3728.58	3731.96	3746.86	3745.58	3743.44	3742.36	3734.70	3725.66	3741.08	3736.36	3743.88	3746.80	3759.94	3719.70	

*******************************************2025/07/27;14:29:56
Probe number 499
Concentration entered by User 2.04% (Compensated: 3.11% at temperature 33.6)
1297.48	1316.50	1329.06	1342.84	1359.22	1373.32	1392.02	1407.92	1428.28	1448.02	1473.16	1497.72	1525.10	1553.00	1574.04	1595.16	
1619.26	1661.88	1697.90	1748.18	1781.04	1819.20	1858.22	1898.88	1940.92	1987.36	2042.80	2102.46	2196.60	2288.98	2405.54	2547.88	
2740.30	3015.84	3302.84	3496.36	3609.18	3648.24	3662.10	3664.02	3669.02	3680.68	3687.50	3692.74	3683.40	3681.26	3686.24	3684.34	
3682.82	3713.48	3699.94	3705.22	3708.90	3713.12	3716.22	3712.46	3714.86	3717.56	3714.26	3714.18	3717.90	3714.12	3710.98	3723.46	
3726.26	3730.34	3728.38	3729.78	3718.86	3724.78	3717.72	3714.24	3723.58	3716.46	3727.38	3722.20	3730.00	3729.52	3729.18	3734.20	
3733.34	3737.52	3734.66	3732.80	3739.68	3741.80	3735.26	3742.98	3733.74	3743.90	3740.74	3740.70	3748.22	3747.76	3748.10	3753.18	
3752.58	3630.14	3703.36	3742.84	3743.24	3745.54	3746.62	3751.74	3747.50	3741.60	3747.10	3744.90	3748.40	3750.68	3745.24	3743.96	
3743.28	3733.60	3722.60	3726.34	3741.80	3739.74	3738.22	3737.26	3729.22	3719.84	3735.86	3730.88	3738.58	3741.60	3755.40	3713.42	

*******************************************2025/07/27;14:34:56
Probe number 500
Concentration entered by User 2.01% (Compensated: 3.07% at temperature 33.6)
1299.80	1318.70	1332.48	1346.00	1361.68	1377.12	1394.74	1410.28	1431.18	1450.66	1475.82	1499.66	1525.96	1555.30	1576.96	1598.26	
1623.18	1664.96	1700.36	1753.38	1784.68	1820.52	1859.00	1902.12	1946.24	1998.90	2049.72	2115.62	2206.40	2290.42	2404.70	2555.48	
2747.34	3027.18	3308.04	3508.72	3615.84	3656.14	3670.58	3673.04	3678.50	3690.12	3696.54	3701.66	3691.98	3689.96	3695.56	3693.84	
3692.22	3721.36	3708.86	3713.34	3717.16	3721.30	3724.08	3720.38	3722.70	3725.56	3722.06	3721.94	3725.62	3721.72	3719.02	3730.82	
3733.48	3737.28	3735.66	3737.00	3726.62	3732.10	3725.56	3722.36	3731.22	3724.18	3734.72	3730.00	3737.26	3736.72	3736.64	3741.16	
3740.26	3744.30	3741.74	3739.76	3746.30	3748.24	3742.40	3749.54	3740.92	3750.64	3747.36	3747.54	3754.38	3754.14	3754.64	3758.80	
3758.62	3640.94	3711.78	3749.34	3749.74	3751.84	3753.28	3758.02	3753.96	3748.44	3753.10	3751.72	3754.48	3756.62	3751.74	3750.76	
3750.18	3740.54	3730.22	3733.68	3748.54	3746.94	3745.26	3744.26	3736.64	3727.60	3742.80	3738.38	3745.26	3748.28	3761.72	3721.88	

*******************************************2025/07/27;14:39:56
Probe number 501
Concentration entered by User 1.98% (Compensated: 3.04% at temperature 33.6)
1300.90	1319.04	1331.82	1346.78	1363.08	1378.26	1395.82	1412.14	1432.42	1451.98	1476.88	1499.82	1527.78	1556.62	1578.24	1599.30	
1625.00	1664.46	1700.66	1752.12	1786.42	1824.06	1861.90	1906.74	1957.62	1994.96	2051.94	2116.00	2201.00	2284.30	2410.42	2553.70	
2752.36	3034.44	3317.96	3508.38	3620.04	3659.36	3672.06	3673.80	3678.14	3689.74	3696.94	3701.60	3692.84	3690.56	3695.78	3693.60	
3692.02	3721.24	3708.46	3713.60	3717.14	3721.06	3724.60	3720.74	3722.94	3725.66	3722.02	3721.94	3725.82	3721.88	3719.12	3731.16	
3733.74	3737.30	3735.66	3737.26	3727.10	3732.50	3725.82	3723.02	3731.24	3724.34	3735.10	3730.14	3737.54	3736.60	3736.50	3741.38	
3740.62	3744.66	3741.98	3740.06	3746.44	3748.38	3742.50	3749.54	3740.90	3751.02	3747.56	3747.78	3754.62	3754.56	3754.82	3758.80	
3758.82	3640.82	3712.30	3749.76	3750.06	3752.16	3753.54	3758.18	3754.26	3748.52	3753.38	3751.94	3754.70	3756.80	3751.98	3751.16	
3750.08	3740.70	3730.52	3734.04	3748.70	3747.24	3745.20	3744.26	3736.68	3728.14	3743.14	3738.80	3745.82	3748.28	3761.30	3722.08	

*******************************************2025/07/27;14:44:56
Probe number 502
Concentration entered by User 1.99% (Compensated: 3.06% at temperature 33.7)
1299.54	1317.30	1330.06	1344.36	1359.98	1374.62	1392.34	1408.76	1430.18	1450.88	1474.64	1497.30	1523.56	1553.36	1576.92	1598.60	
1624.40	1662.46	1698.14	1751.10	1782.52	1820.58	1861.66	1900.54	1945.44	1995.98	2047.60	2114.08	2196.96	2287.70	2396.40	2552.06	
2748.72	3042.76	3310.74	3506.52	3615.24	3653.52	3667.14	3669.02	3673.34	3684.52	3691.70	3697.20	3687.92	3685.60	3691.00	3688.78	
3686.96	3716.86	3703.86	3708.80	3712.92	3716.82	3720.50	3715.88	3718.68	3720.96	3717.82	3717.52	3721.58	3717.54	3714.56	3726.78	
3729.90	3733.42	3731.58	3733.42	3722.36	3728.08	3721.58	3718.48	3727.02	3720.36	3730.90	3725.76	3733.68	3732.70	3732.82	3737.62	
3736.72	3740.84	3738.12	3736.10	3743.16	3744.72	3738.54	3746.02	3737.26	3747.20	3743.88	3744.20	3751.34	3750.94	3751.54	3755.70	
3755.54	3635.04	3707.60	3746.14	3746.70	3748.80	3749.94	3754.96	3750.86	3744.92	3749.90	3748.18	3751.26	3753.74	3748.42	3747.36	
3746.64	3737.00	3726.32	3730.10	3745.16	3743.70	3741.48	3740.78	3732.64	3724.04	3739.32	3734.50	3742.36	3745.06	3758.40	3717.70	

*******************************************2025/07/27;14:49:56
Probe number 503
Concentration entered by User 1.99% (Compensated: 3.06% at temperature 33.7)
1298.98	1316.68	1329.74	1345.12	1361.42	1375.34	1393.36	1410.18	1431.40	1450.76	1475.50	1499.16	1526.72	1555.66	1576.42	1596.28	
1621.52	1662.44	1698.48	1754.14	1787.94	1820.58	1862.60	1904.60	1948.94	1996.12	2043.56	2112.36	2202.38	2292.46	2412.62	2554.74	
2742.62	3040.42	3312.34	3508.42	3614.72	3654.38	3667.52	3668.90	3673.82	3685.48	3691.44	3696.80	3687.66	3686.04	3691.36	3689.06	
3687.28	3717.60	3704.72	3709.88	3713.32	3717.52	3720.96	3716.60	3719.24	3722.00	3718.46	3718.14	3722.12	3718.12	3715.38	3727.34	
3730.04	3734.20	3732.44	3734.26	3722.94	3728.84	3721.92	3718.94	3727.86	3720.96	3731.30	3726.54	3734.24	3733.30	3733.34	3738.12	
3736.98	3741.46	3738.68	3736.80	3743.26	3745.24	3738.96	3746.62	3737.76	3747.64	3744.50	3744.46	3751.60	3751.42	3751.96	3756.26	
3756.36	3636.46	3708.58	3746.58	3747.12	3749.24	3750.74	3755.52	3751.38	3745.44	3750.34	3749.04	3751.56	3754.08	3748.80	3747.90	
3746.94	3737.44	3727.04	3730.56	3745.56	3744.30	3742.22	3741.28	3733.22	3724.52	3740.10	3735.34	3742.60	3745.62	3758.80	3718.74	

*******************************************2025/07/27;14:54:56
Probe number 504
Concentration entered by User 1.97% (Compensated: 3.04% at temperature 33.8)
1300.22	1318.98	1331.16	1345.92	1362.54	1377.20	1393.48	1410.84	1431.54	1450.54	1475.08	1499.78	1526.62	1557.36	1578.66	1598.96	
1623.78	1666.40	1701.50	1755.04	1785.52	1822.50	1864.08	1905.68	1949.96	1996.54	2049.28	2110.06	2196.46	2280.50	2413.06	2566.80	
2749.00	3038.02	3319.04	3513.76	3623.78	3660.24	3672.54	3673.80	3678.14	3689.70	3695.74	3701.08	3691.76	3689.78	3695.46	3693.08	
3691.42	3720.86	3707.62	3713.34	3717.08	3720.70	3724.54	3720.06	3722.72	3725.38	3721.48	3721.66	3725.60	3722.20	3718.58	3730.90	
3733.64	3737.16	3735.68	3736.78	3726.46	3732.34	3725.66	3722.76	3730.94	3724.42	3734.92	3729.96	3737.68	3736.46	3736.20	3741.24	
3740.20	3744.62	3741.70	3740.02	3746.56	3748.12	3742.16	3749.38	3740.92	3750.62	3747.70	3747.56	3754.46	3754.16	3754.92	3758.92	
3758.80	3641.32	3712.24	3749.72	3749.92	3752.44	3753.46	3758.34	3754.06	3748.32	3753.20	3751.54	3754.64	3756.92	3751.86	3750.74	
3749.96	3740.60	3730.48	3733.62	3748.74	3746.98	3745.00	3744.42	3736.62	3728.54	3743.02	3738.84	3745.84	3748.60	3761.46	3721.90	

*******************************************2025/07/27;14:59:56
Probe number 505
Concentration entered by User 1.96% (Compensated: 3.04% at temperature 33.8)
1300.60	1319.30	1332.10	1346.78	1362.86	1377.90	1394.64	1412.16	1433.36	1451.70	1476.52	1499.24	1528.88	1558.60	1579.38	1598.22	
1625.80	1668.32	1704.70	1754.50	1788.82	1826.44	1865.00	1905.68	1950.62	1998.92	2047.54	2119.70	2204.58	2286.52	2414.12	2561.26	
2750.34	3035.88	3321.80	3515.16	3621.06	3658.28	3670.04	3671.04	3675.74	3687.16	3692.78	3698.02	3688.86	3687.24	3692.64	3690.06	
3688.42	3718.50	3705.28	3710.74	3714.28	3718.38	3721.74	3717.80	3719.90	3723.02	3719.68	3718.96	3723.20	3719.40	3716.28	3728.60	
3731.24	3735.14	3733.44	3734.98	3724.04	3729.82	3723.02	3720.42	3728.60	3722.00	3732.58	3727.64	3735.12	3734.36	3734.36	3739.02	
3738.18	3742.38	3739.74	3737.44	3744.08	3746.20	3740.26	3747.46	3738.68	3748.40	3745.36	3745.68	3752.74	3752.20	3752.66	3756.92	
3756.92	3637.84	3709.68	3747.62	3747.84	3749.92	3751.54	3756.52	3752.10	3746.20	3751.02	3749.60	3752.74	3755.14	3750.14	3748.82	
3748.10	3738.36	3728.34	3731.68	3746.66	3745.18	3743.16	3742.30	3734.44	3725.96	3741.08	3736.44	3743.64	3746.46	3759.56	3719.80	

*******************************************2025/07/27;15:04:56
Probe number 506
Concentration entered by User 2.03% (Compensated: 3.11% at temperature 33.8)
1298.06	1316.68	1329.60	1344.56	1360.38	1374.94	1392.64	1409.00	1429.42	1449.16	1473.54	1497.90	1527.06	1556.58	1577.94	1598.16	
1621.02	1662.90	1697.46	1750.18	1787.42	1824.88	1862.34	1904.26	1945.52	1992.54	2046.40	2117.46	2204.94	2278.72	2391.44	2549.42	
2745.60	3031.18	3301.74	3493.14	3611.22	3650.08	3663.16	3665.44	3669.80	3681.88	3688.76	3694.22	3684.76	3683.66	3688.60	3686.72	
3684.44	3714.78	3701.80	3707.50	3710.86	3715.42	3718.76	3714.66	3716.98	3719.80	3716.34	3716.34	3719.98	3716.18	3713.12	3725.68	
3728.34	3732.42	3730.46	3732.18	3721.38	3727.14	3720.30	3717.00	3725.62	3718.98	3730.06	3724.60	3732.36	3731.58	3731.56	3736.20	
3735.36	3739.62	3737.12	3735.48	3741.80	3743.80	3737.74	3744.84	3736.10	3745.88	3743.08	3742.86	3750.12	3749.92	3750.62	3754.70	
3754.62	3633.54	3706.26	3745.26	3745.66	3747.78	3749.16	3754.00	3749.78	3743.96	3749.08	3747.28	3750.40	3752.56	3747.60	3746.44	
3745.70	3736.02	3725.54	3728.92	3744.28	3742.88	3740.56	3739.84	3731.54	3723.00	3738.14	3733.44	3741.10	3744.02	3757.34	3716.66	

*******************************************2025/07/27;15:09:56
Probe number 507
Concentration entered by User 1.96% (Compensated: 3.05% at temperature 33.8)
1299.40	1317.62	1331.26	1346.48	1362.42	1377.04	1394.06	1410.54	1431.56	1451.76	1476.34	1500.78	1527.54	1557.12	1577.96	1599.26	
1625.26	1666.46	1703.12	1753.36	1787.12	1828.30	1865.08	1902.54	1949.82	1999.32	2050.16	2125.00	2203.52	2286.62	2409.16	2567.30	
2756.10	3039.10	3318.26	3512.68	3623.16	3661.98	3674.82	3675.66	3679.82	3691.56	3697.44	3702.54	3693.06	3691.28	3696.26	3694.24	
3691.90	3721.82	3709.28	3714.82	3718.36	3722.02	3725.14	3721.22	3724.16	3726.60	3723.24	3723.00	3727.10	3723.24	3720.26	3732.14	
3734.68	3738.36	3736.90	3738.48	3727.82	3733.56	3726.60	3723.72	3732.32	3725.66	3735.92	3731.40	3738.84	3737.78	3737.94	3742.36	
3741.50	3745.68	3743.20	3740.80	3747.58	3749.60	3743.36	3750.58	3742.36	3751.56	3748.70	3748.58	3755.54	3755.12	3755.70	3760.00	
3759.82	3642.98	3713.42	3750.78	3751.06	3753.26	3754.32	3759.16	3755.02	3749.50	3754.24	3752.96	3755.66	3757.88	3752.98	3752.02	
3750.90	3741.88	3731.72	3735.20	3749.94	3748.30	3746.40	3745.44	3737.74	3729.42	3744.36	3739.62	3746.82	3749.76	3762.34	3723.32	

*******************************************2025/07/27;15:14:56
Probe number 508
Concentration entered by User 1.97% (Compensated: 3.06% at temperature 33.9)
1300.36	1318.46	1331.50	1345.88	1363.02	1377.56	1394.12	1409.94	1430.24	1450.72	1474.52	1498.74	1528.08	1556.72	1576.58	1595.84	
1623.72	1665.10	1703.98	1758.68	1789.86	1823.50	1863.44	1909.88	1954.34	1997.34	2054.08	2119.30	2207.18	2290.22	2412.96	2561.98	
2759.22	3040.12	3315.80	3507.82	3620.86	3660.52	3672.48	3673.20	3678.44	3689.80	3695.64	3700.70	3691.44	3690.54	3695.36	3693.18	
3691.54	3721.10	3708.22	3713.18	3717.10	3721.20	3724.26	3720.46	3723.26	3725.98	3722.34	3722.14	3726.60	3722.62	3719.66	3731.30	
3734.02	3738.18	3736.16	3737.50	3726.98	3733.12	3726.30	3723.22	3731.60	3725.14	3735.46	3730.68	3738.26	3737.10	3737.20	3741.90	
3741.14	3745.06	3742.58	3740.66	3747.32	3748.94	3742.96	3750.18	3741.70	3751.30	3748.32	3748.44	3755.16	3754.72	3755.30	3759.66	
3759.38	3642.28	3713.00	3750.40	3750.70	3752.72	3754.00	3758.72	3754.72	3749.20	3754.02	3752.24	3755.36	3757.60	3752.56	3751.66	
3750.82	3741.60	3731.14	3734.86	3749.24	3748.00	3745.96	3745.10	3737.38	3729.00	3743.90	3739.34	3746.46	3749.44	3762.12	3722.94	

*******************************************2025/07/27;15:19:56
Probe number 509
Concentration entered by User 1.97% (Compensated: 3.05% at temperature 33.9)
1299.88	1318.34	1331.24	1345.44	1360.84	1375.46	1393.64	1410.10	1429.98	1449.80	1474.10	1497.42	1525.88	1555.86	1577.58	1599.50	
1625.42	1667.66	1702.18	1753.56	1783.64	1822.34	1863.24	1907.88	1951.58	2001.66	2050.12	2115.30	2198.14	2284.76	2415.88	2554.44	
2747.36	3046.70	3319.58	3508.88	3619.14	3658.92	3671.12	3672.76	3677.14	3689.26	3695.02	3700.08	3690.78	3688.78	3694.60	3692.10	
3690.40	3720.06	3707.22	3712.48	3716.18	3719.94	3723.50	3719.58	3722.00	3724.60	3720.74	3720.98	3725.22	3721.10	3717.92	3729.94	
3732.96	3736.54	3734.90	3736.44	3725.76	3731.60	3724.56	3721.80	3730.28	3723.78	3733.94	3729.50	3736.84	3735.76	3735.78	3740.86	
3739.60	3743.86	3741.46	3739.44	3745.90	3747.62	3741.68	3748.82	3740.14	3750.06	3747.18	3747.24	3753.94	3753.76	3754.22	3758.52	
3758.24	3640.36	3711.52	3749.14	3749.40	3751.48	3753.02	3757.68	3753.30	3748.00	3752.70	3750.84	3753.94	3756.34	3751.30	3750.20	
3749.58	3740.20	3729.94	3733.06	3748.00	3746.68	3744.36	3743.82	3736.04	3727.36	3742.76	3738.04	3745.18	3748.08	3760.98	3721.46	

*******************************************2025/07/27;15:24:56
Probe number 510
Concentration entered by User 2.01% (Compensated: 3.09% at temperature 33.9)
1300.92	1319.58	1331.54	1345.78	1361.12	1375.74	1394.56	1411.22	1431.26	1451.06	1477.40	1501.76	1527.98	1557.52	1579.48	1602.64	
1625.08	1665.22	1702.64	1754.62	1787.72	1828.02	1864.96	1909.86	1954.30	2000.94	2054.04	2120.40	2205.02	2295.78	2410.66	2556.58	
2753.92	3029.76	3306.98	3505.18	3615.64	3658.18	3671.06	3671.92	3676.50	3689.08	3695.20	3700.80	3691.34	3689.68	3694.72	3692.66	
3690.34	3720.38	3707.68	3712.88	3716.48	3720.24	3723.90	3719.70	3722.60	3725.32	3721.64	3721.64	3725.34	3721.52	3718.56	3730.54	
3733.22	3736.92	3735.04	3736.52	3726.12	3732.08	3725.40	3722.70	3730.56	3723.96	3734.40	3729.56	3736.94	3736.42	3736.18	3740.80	
3740.18	3744.40	3741.56	3739.58	3746.06	3748.00	3742.10	3749.18	3740.26	3750.14	3747.26	3747.36	3754.32	3753.94	3754.48	3758.76	
3758.34	3640.54	3711.72	3749.66	3749.76	3751.84	3753.36	3757.82	3754.10	3748.18	3752.88	3751.42	3754.38	3756.90	3751.90	3750.76	
3749.68	3740.46	3730.32	3733.72	3748.48	3747.16	3744.82	3744.28	3736.60	3728.00	3742.98	3738.50	3745.46	3748.56	3761.16	3722.12	

*******************************************2025/07/27;15:29:56
Probe number 511
Concentration entered by User 1.96% (Compensated: 3.05% at temperature 33.9)
1299.94	1318.22	1330.96	1346.24	1362.32	1376.78	1393.88	1410.60	1431.38	1450.26	1475.54	1500.86	1527.84	1557.04	1576.28	1600.14	
1623.70	1665.52	1703.78	1755.46	1789.80	1823.14	1864.16	1909.44	1951.66	1995.22	2046.72	2112.52	2208.18	2292.78	2410.26	2560.40	
2764.26	3035.92	3320.04	3514.10	3619.70	3659.48	3671.24	3673.26	3677.68	3688.80	3695.52	3700.80	3691.50	3690.04	3694.94	3692.94	
3690.94	3720.46	3707.22	3712.70	3716.74	3720.44	3724.00	3720.20	3722.26	3725.38	3721.68	3721.72	3725.56	3721.84	3718.32	3730.52	
3733.32	3737.08	3735.66	3736.98	3726.14	3731.90	3725.42	3722.84	3730.92	3724.28	3734.98	3730.00	3737.52	3736.78	3736.72	3741.14	
3740.46	3744.44	3742.10	3739.98	3746.56	3748.34	3742.00	3749.40	3740.94	3750.56	3747.82	3747.50	3754.54	3754.22	3754.62	3758.88	
3758.80	3640.78	3711.92	3749.72	3750.34	3752.18	3753.74	3758.28	3753.98	3748.48	3753.12	3751.64	3754.58	3756.92	3751.64	3750.80	
3749.92	3740.60	3730.30	3733.96	3748.72	3747.32	3745.06	3744.58	3736.48	3728.46	3743.36	3738.64	3745.88	3748.86	3761.40	3722.12	

*******************************************2025/07/27;15:34:56
Probe number 512
Concentration entered by User 1.99% (Compensated: 3.09% at temperature 34.0)
1298.92	1317.24	1330.30	1344.86	1360.92	1375.82	1392.48	1408.64	1429.62	1450.20	1475.08	1497.46	1523.80	1554.42	1577.00	1597.64	
1622.04	1663.78	1702.12	1751.26	1783.10	1821.16	1860.34	1906.92	1948.96	1992.68	2043.70	2108.12	2195.56	2280.26	2400.80	2545.70	
2743.76	3035.52	3312.44	3506.46	3613.04	3652.90	3663.52	3664.56	3669.76	3681.22	3687.78	3693.38	3684.06	3682.06	3687.34	3685.16	
3683.26	3713.40	3700.00	3705.32	3709.64	3713.38	3716.94	3713.46	3716.14	3718.72	3714.90	3714.70	3719.22	3714.90	3711.94	3724.30	
3726.88	3731.14	3729.44	3730.86	3719.74	3726.06	3718.64	3715.90	3724.68	3717.80	3728.68	3723.76	3731.36	3730.64	3730.44	3735.50	
3734.32	3738.58	3736.34	3734.02	3740.70	3742.70	3736.36	3743.98	3735.30	3744.98	3741.96	3742.02	3749.36	3748.92	3749.50	3753.80	
3753.82	3632.30	3705.30	3744.30	3744.70	3746.72	3748.24	3753.20	3748.84	3742.56	3747.80	3746.26	3749.18	3751.68	3746.32	3745.20	
3744.56	3734.48	3723.84	3727.64	3743.24	3741.42	3739.38	3738.70	3730.38	3721.94	3737.46	3732.56	3740.12	3743.46	3756.56	3715.58	

*******************************************2025/07/27;15:39:55
Probe number 513
Concentration entered by User 1.98% (Compensated: 3.08% at temperature 34.0)
1299.48	1317.58	1331.78	1346.36	1361.12	1376.20	1393.28	1408.74	1429.52	1449.10	1473.32	1496.96	1526.22	1557.12	1578.30	1596.78	
1622.62	1662.08	1697.98	1749.20	1784.40	1825.62	1864.74	1906.32	1954.46	1995.14	2049.28	2112.12	2200.22	2279.14	2407.86	2565.62	
2758.88	3038.86	3312.18	3509.50	3616.98	3652.80	3664.38	3665.10	3670.30	3682.50	3688.74	3694.10	3684.58	3683.12	3688.36	3685.98	
3683.82	3714.28	3700.78	3706.34	3710.62	3714.28	3717.58	3713.68	3716.28	3719.30	3715.90	3715.60	3719.84	3715.58	3712.58	3725.12	
3727.76	3731.86	3729.82	3731.68	3720.64	3726.48	3719.78	3716.84	3725.32	3718.72	3729.38	3724.30	3732.00	3731.00	3731.18	3736.00	
3735.18	3739.58	3736.82	3734.76	3741.38	3743.36	3737.34	3744.64	3735.52	3746.08	3742.74	3742.84	3749.76	3749.38	3750.26	3754.46	
3754.32	3633.36	3706.08	3745.18	3745.44	3747.56	3749.06	3753.70	3749.22	3743.54	3748.52	3746.94	3749.80	3752.16	3747.16	3745.80	
3745.28	3735.46	3724.88	3728.60	3743.66	3742.46	3740.22	3739.40	3731.38	3722.80	3737.94	3733.28	3740.94	3744.10	3757.02	3716.34	

*******************************************2025/07/27;15:44:56
Probe number 514
Concentration entered by User 1.96% (Compensated: 3.06% at temperature 34.0)
1299.46	1317.66	1331.22	1345.62	1362.40	1376.52	1393.46	1409.42	1429.82	1449.36	1473.70	1497.52	1525.14	1553.90	1575.30	1599.78	
1624.72	1666.98	1701.78	1753.40	1786.82	1821.68	1862.16	1907.12	1950.22	1993.46	2051.30	2117.34	2193.06	2283.06	2400.28	2563.00	
2754.50	3045.80	3317.88	3510.12	3616.84	3655.76	3667.94	3668.68	3673.88	3685.08	3691.12	3696.32	3687.10	3684.34	3690.30	3688.28	
3686.30	3716.76	3703.06	3708.72	3713.06	3716.94	3720.18	3716.20	3719.18	3721.60	3718.02	3717.94	3722.24	3718.02	3715.02	3727.36	
3729.94	3733.94	3732.38	3733.86	3723.06	3729.30	3721.52	3719.44	3727.64	3720.86	3731.60	3726.88	3734.64	3733.42	3733.30	3738.26	
3737.20	3741.80	3738.82	3737.10	3743.54	3745.34	3739.46	3746.54	3737.84	3747.76	3744.96	3744.86	3751.92	3751.64	3752.16	3756.28	
3756.24	3636.68	3708.72	3747.26	3747.44	3749.56	3750.92	3755.80	3751.22	3745.60	3750.56	3749.02	3751.64	3754.40	3749.20	3748.18	
3747.20	3737.88	3727.40	3730.98	3745.82	3744.42	3742.20	3741.86	3733.58	3725.32	3740.44	3735.78	3743.12	3746.36	3759.18	3718.86	

*******************************************2025/07/27;15:49:56
Probe number 515
Concentration entered by User 1.92% (Compensated: 3.02% at temperature 34.0)
1300.14	1318.86	1332.46	1348.04	1363.26	1377.70	1396.02	1413.04	1432.98	1452.32	1477.14	1501.20	1530.16	1557.28	1578.04	1602.24	
1628.86	1669.00	1704.66	1758.26	1790.04	1823.14	1863.72	1907.04	1954.36	1999.90	2052.88	2118.48	2205.02	2292.94	2409.36	2563.88	
2760.66	3050.18	3328.00	3520.78	3627.44	3664.14	3674.26	3675.22	3680.66	3691.60	3697.70	3702.88	3693.38	3691.52	3697.08	3694.94	
3693.76	3722.64	3709.50	3715.10	3719.00	3723.10	3726.16	3722.50	3725.24	3727.70	3724.32	3724.12	3728.28	3724.44	3721.48	3733.16	
3735.76	3739.46	3737.80	3739.34	3728.78	3734.64	3727.96	3725.58	3733.68	3727.20	3737.50	3732.56	3740.18	3738.80	3739.26	3743.66	
3742.88	3746.74	3744.34	3742.50	3748.82	3750.52	3744.46	3751.72	3743.52	3752.74	3750.04	3749.96	3756.84	3756.46	3757.02	3761.12	
3761.04	3645.16	3715.68	3752.38	3752.62	3754.68	3755.72	3760.40	3756.20	3750.70	3755.40	3753.92	3756.72	3759.00	3753.92	3753.04	
3752.36	3743.16	3732.92	3736.50	3750.96	3750.00	3747.62	3747.12	3739.20	3731.30	3745.78	3741.02	3748.40	3751.22	3763.40	3725.46	

*******************************************2025/07/27;15:54:56
Probe number 516
Concentration entered by User 1.95% (Compensated: 3.06% at temperature 34.1)
1299.50	1317.30	1330.88	1346.26	1362.30	1375.62	1392.94	1409.62	1430.42	1450.54	1475.54	1500.26	1526.76	1555.74	1577.14	1600.48	
1624.34	1664.24	1699.80	1751.90	1785.16	1823.24	1861.12	1903.42	1952.22	1995.40	2043.42	2115.74	2204.20	2288.70	2409.06	2568.96	
2744.34	3041.68	3325.62	3516.12	3623.08	3658.44	3670.70	3671.24	3676.42	3687.88	3693.26	3698.60	3689.04	3687.34	3692.60	3690.14	
3688.28	3718.10	3704.60	3710.34	3714.76	3718.18	3721.82	3718.00	3720.52	3723.20	3720.08	3719.98	3723.80	3719.52	3716.82	3729.06	
3731.62	3735.38	3733.92	3735.48	3724.34	3730.58	3723.40	3720.82	3729.26	3722.60	3732.98	3728.24	3736.02	3734.88	3735.10	3739.44	
3738.48	3742.84	3740.38	3738.60	3744.80	3746.80	3740.60	3748.06	3739.28	3748.90	3745.92	3746.00	3753.04	3752.94	3753.30	3757.48	
3757.70	3638.46	3709.94	3748.58	3748.58	3750.92	3752.28	3756.72	3752.70	3747.06	3751.60	3750.24	3752.82	3755.56	3750.46	3749.26	
3748.44	3739.20	3728.68	3732.34	3747.06	3745.78	3743.78	3743.40	3734.96	3726.90	3741.56	3737.08	3744.30	3747.48	3760.08	3720.56	

*******************************************2025/07/27;15:59:56
Probe number 517
Concentration entered by User 1.96% (Compensated: 3.07% at temperature 34.1)
1300.56	1319.60	1333.26	1348.40	1363.72	1378.02	1396.26	1412.68	1433.06	1452.20	1475.66	1500.80	1527.70	1557.24	1579.10	1600.06	
1627.18	1669.84	1702.10	1752.62	1789.26	1826.54	1866.36	1907.64	1949.64	1997.76	2045.24	2117.16	2204.30	2282.62	2410.54	2563.50	
2749.28	3032.24	3325.12	3517.70	3623.62	3660.30	3672.60	3673.80	3678.66	3690.52	3696.18	3700.92	3691.56	3689.42	3695.04	3692.54	
3689.70	3719.96	3706.42	3712.28	3716.70	3720.28	3723.24	3719.72	3722.26	3724.76	3721.04	3721.08	3725.58	3721.70	3718.40	3730.58	
3732.72	3737.04	3735.30	3736.66	3726.16	3731.98	3725.22	3722.56	3730.66	3724.20	3734.46	3729.58	3737.12	3736.20	3736.26	3741.08	
3739.62	3743.96	3741.50	3739.56	3746.10	3748.10	3742.04	3749.20	3740.82	3750.40	3747.54	3747.66	3754.60	3753.90	3754.70	3758.72	
3758.84	3640.98	3712.26	3749.70	3749.90	3752.06	3753.54	3758.00	3753.66	3748.62	3752.96	3751.66	3754.26	3756.64	3751.94	3750.80	
3749.74	3740.46	3730.24	3734.04	3748.72	3747.16	3745.12	3744.32	3736.48	3728.42	3742.84	3738.46	3745.80	3748.78	3760.98	3722.42	

*******************************************2025/07/27;16:04:56
Probe number 518
Concentration entered by User 1.98% (Compensated: 3.09% at temperature 34.1)
1298.74	1317.28	1331.12	1344.92	1360.52	1374.54	1393.10	1409.20	1429.14	1448.96	1473.08	1498.08	1525.52	1553.78	1574.90	1597.78	
1624.80	1665.16	1701.04	1749.16	1784.20	1822.24	1860.84	1905.62	1955.46	1997.82	2046.94	2115.48	2204.50	2280.94	2409.08	2563.18	
2746.34	3031.82	3316.62	3513.90	3619.58	3655.30	3666.70	3667.74	3672.60	3684.20	3690.14	3695.32	3685.30	3683.60	3689.44	3686.70	
3684.68	3714.68	3701.26	3707.12	3711.30	3715.26	3718.66	3714.66	3717.30	3720.06	3716.36	3716.32	3720.74	3716.00	3713.32	3725.76	
3728.60	3732.62	3730.86	3732.30	3721.32	3727.32	3720.24	3717.60	3725.76	3719.26	3730.24	3725.12	3732.96	3731.70	3731.94	3736.62	
3735.48	3739.96	3737.16	3735.34	3741.92	3744.18	3737.94	3745.30	3736.20	3746.16	3743.42	3743.36	3750.70	3750.22	3750.66	3755.10	
3755.10	3634.40	3706.94	3745.58	3746.10	3748.26	3749.52	3754.30	3750.00	3744.38	3749.12	3747.56	3750.54	3753.00	3747.82	3746.48	
3745.92	3736.36	3725.32	3728.90	3744.58	3743.22	3741.14	3740.00	3731.88	3723.46	3738.82	3734.06	3741.56	3744.66	3757.84	3717.50	

*******************************************2025/07/27;16:09:56
Probe number 519
Concentration entered by User 1.94% (Compensated: 3.05% at temperature 34.1)
1300.58	1318.98	1332.02	1345.98	1362.08	1376.84	1395.50	1412.06	1431.60	1450.78	1475.00	1499.12	1527.16	1556.08	1577.64	1601.12	
1625.82	1666.36	1702.04	1753.78	1788.96	1826.20	1864.50	1908.60	1953.34	1997.70	2050.90	2120.72	2211.72	2289.54	2418.26	2571.92	
2751.12	3043.52	3327.60	3517.70	3627.20	3662.58	3673.76	3675.16	3680.32	3691.34	3697.12	3701.96	3692.24	3690.26	3695.60	3693.48	
3691.46	3720.96	3707.82	3713.80	3717.54	3721.22	3724.52	3720.98	3723.30	3725.80	3722.34	3722.44	3726.54	3722.40	3719.28	3731.64	
3733.98	3737.86	3736.42	3737.90	3727.20	3733.32	3726.12	3723.32	3731.80	3725.16	3735.64	3731.02	3738.44	3737.16	3737.30	3741.96	
3740.86	3745.36	3742.74	3740.86	3747.38	3749.14	3743.16	3750.48	3741.72	3751.46	3748.56	3748.56	3755.48	3754.96	3755.74	3759.74	
3760.00	3642.84	3713.40	3750.68	3751.06	3753.26	3754.60	3759.14	3754.94	3749.22	3754.26	3752.64	3755.48	3757.84	3752.80	3751.50	
3750.90	3741.64	3731.46	3735.18	3749.46	3748.16	3746.18	3745.68	3737.90	3729.38	3744.10	3739.78	3746.82	3749.82	3762.16	3723.66	

*******************************************2025/07/27;16:14:56
Probe number 520
Concentration entered by User 1.96% (Compensated: 3.07% at temperature 34.1)
1300.36	1318.10	1331.58	1346.20	1362.24	1376.54	1394.74	1411.70	1431.76	1450.52	1475.48	1499.36	1525.22	1554.10	1576.80	1599.66	
1624.90	1667.46	1703.58	1754.48	1789.66	1826.24	1863.98	1905.26	1952.26	1999.84	2051.38	2126.58	2212.42	2293.60	2414.86	2568.04	
2749.58	3036.84	3323.56	3513.82	3622.30	3659.88	3672.36	3673.30	3678.14	3690.12	3695.30	3700.46	3691.28	3689.34	3694.46	3692.24	
3690.32	3719.80	3706.68	3712.32	3716.18	3720.20	3723.30	3719.58	3722.02	3725.18	3721.14	3721.12	3725.44	3721.30	3718.20	3730.32	
3732.94	3737.40	3735.48	3736.76	3725.96	3732.12	3725.00	3722.62	3730.66	3724.18	3734.54	3729.54	3737.30	3736.04	3736.50	3740.94	
3740.00	3744.34	3741.52	3739.60	3746.08	3748.12	3742.16	3749.54	3740.70	3750.46	3747.58	3747.48	3754.44	3754.28	3754.94	3758.78	
3758.70	3641.02	3712.16	3749.82	3750.02	3752.36	3753.44	3758.24	3753.82	3748.36	3753.20	3751.72	3754.68	3756.72	3751.76	3750.58	
3749.86	3740.96	3730.46	3733.94	3748.40	3747.24	3745.02	3744.56	3736.64	3728.62	3743.10	3738.64	3745.88	3748.50	3761.40	3722.34	

*******************************************2025/07/27;16:19:56
Probe number 521
Concentration entered by User 1.94% (Compensated: 3.05% at temperature 34.1)
1299.90	1319.20	1332.30	1346.02	1361.02	1376.52	1393.66	1410.28	1430.94	1450.94	1475.66	1499.82	1526.34	1554.38	1578.38	1598.90	
1625.58	1669.02	1704.20	1753.14	1785.74	1822.78	1862.50	1904.30	1948.48	2000.46	2048.56	2115.56	2200.48	2294.96	2427.52	2575.12	
2765.14	3045.24	3323.30	3520.56	3625.52	3662.02	3674.32	3674.74	3679.40	3690.98	3696.74	3701.76	3692.60	3689.94	3695.46	3693.30	
3691.32	3720.74	3707.78	3713.38	3717.24	3721.10	3724.22	3720.58	3723.46	3725.62	3722.50	3722.56	3726.48	3722.48	3719.28	3731.48	
3734.26	3737.86	3736.26	3737.86	3727.30	3732.84	3726.12	3723.54	3731.72	3725.04	3735.56	3730.68	3738.46	3737.50	3737.42	3741.94	
3741.10	3745.22	3742.58	3740.76	3747.26	3749.04	3743.22	3750.12	3741.62	3751.20	3748.54	3748.48	3755.46	3754.94	3755.64	3759.78	
3759.72	3643.00	3713.36	3750.94	3750.90	3753.14	3754.42	3759.00	3754.94	3749.44	3754.06	3752.66	3755.16	3757.62	3752.80	3751.70	
3750.76	3741.78	3731.36	3735.22	3749.38	3748.50	3745.94	3745.54	3737.78	3729.38	3744.26	3739.66	3746.80	3749.70	3762.38	3723.60	

*******************************************2025/07/27;16:24:56
Probe number 522
Concentration entered by User 1.93% (Compensated: 3.05% at temperature 34.2)
1301.76	1319.60	1332.28	1346.74	1362.96	1377.82	1395.10	1410.36	1430.32	1451.24	1476.24	1500.70	1528.64	1556.08	1577.62	1598.04	
1625.10	1670.80	1706.94	1756.22	1790.70	1828.68	1868.16	1908.66	1954.64	1998.12	2055.24	2124.58	2205.84	2295.32	2407.76	2563.96	
2752.08	3042.46	3323.90	3524.18	3629.60	3663.88	3675.20	3675.92	3680.34	3691.52	3697.30	3702.02	3692.56	3690.38	3696.26	3694.18	
3691.78	3721.76	3708.64	3713.96	3718.16	3721.56	3725.22	3721.32	3723.62	3726.38	3722.66	3722.82	3726.78	3723.00	3719.66	3731.86	
3734.32	3738.20	3736.76	3738.30	3727.40	3733.62	3726.50	3724.20	3732.24	3725.80	3736.32	3731.32	3738.76	3737.74	3737.82	3742.66	
3741.54	3745.94	3743.02	3741.16	3747.60	3749.54	3743.54	3750.74	3742.22	3751.64	3749.16	3749.00	3755.78	3755.42	3756.16	3760.00	
3760.06	3643.50	3713.90	3751.30	3751.52	3753.52	3754.82	3759.20	3755.32	3749.96	3754.34	3752.98	3755.84	3757.98	3753.30	3751.76	
3751.06	3742.10	3731.66	3735.60	3750.02	3748.48	3746.12	3746.04	3738.28	3730.16	3744.80	3740.12	3747.44	3750.32	3762.74	3724.02	

*******************************************2025/07/27;16:29:56
Probe number 523
Concentration entered by User 1.99% (Compensated: 3.11% at temperature 34.2)
1298.54	1317.02	1329.34	1343.38	1358.48	1373.64	1391.68	1408.20	1428.50	1448.02	1472.60	1495.86	1523.18	1551.64	1574.78	1597.26	
1621.28	1664.86	1699.28	1752.04	1784.64	1820.58	1859.04	1905.10	1951.86	1993.56	2045.60	2105.76	2187.76	2279.10	2396.08	2557.84	
2760.12	3039.54	3312.10	3503.92	3612.62	3648.72	3661.04	3661.10	3665.66	3677.76	3683.80	3688.84	3679.52	3677.18	3683.14	3680.84	
3678.40	3709.58	3695.54	3701.32	3705.92	3710.02	3713.18	3709.34	3712.10	3715.04	3711.58	3711.28	3715.26	3711.10	3707.98	3721.08	
3723.90	3727.80	3725.78	3727.78	3716.36	3722.90	3715.14	3712.66	3721.42	3714.30	3725.62	3720.50	3728.46	3727.08	3727.32	3732.38	
3731.14	3735.74	3732.72	3731.06	3738.00	3739.94	3733.64	3741.20	3732.10	3742.36	3739.52	3739.30	3746.82	3746.38	3747.22	3751.28	
3751.64	3628.12	3701.90	3741.74	3742.04	3744.54	3745.82	3750.70	3746.28	3740.52	3745.42	3743.62	3746.82	3749.34	3743.64	3742.44	
3741.86	3731.90	3721.20	3725.02	3740.64	3739.24	3736.48	3736.18	3727.76	3719.10	3734.62	3729.76	3737.34	3741.08	3753.94	3712.50	

*******************************************2025/07/27;16:34:56
Probe number 524
Concentration entered by User 1.93% (Compensated: 3.05% at temperature 34.3)
1299.96	1318.90	1332.04	1346.44	1362.64	1376.84	1394.42	1409.88	1430.02	1450.36	1475.46	1500.26	1527.44	1555.30	1578.52	1601.12	
1626.12	1669.68	1705.40	1756.18	1791.16	1825.02	1862.96	1911.40	1959.02	2002.36	2053.98	2121.08	2202.32	2287.66	2411.78	2572.58	
2764.20	3050.56	3325.38	3518.66	3621.44	3657.36	3669.08	3670.22	3675.78	3687.26	3692.74	3698.14	3689.30	3686.16	3692.14	3690.06	
3688.30	3717.96	3704.28	3710.34	3714.58	3718.46	3721.66	3718.04	3720.58	3722.80	3719.86	3719.84	3723.92	3719.30	3716.50	3728.94	
3731.48	3735.44	3733.92	3735.42	3724.82	3730.40	3723.64	3721.02	3729.44	3722.90	3733.08	3728.28	3736.08	3734.94	3735.08	3739.84	
3738.60	3743.00	3740.50	3738.70	3745.00	3747.10	3740.98	3748.14	3739.72	3748.94	3746.38	3746.52	3753.12	3753.04	3753.72	3757.58	
3757.88	3638.82	3710.92	3748.66	3749.12	3751.30	3752.30	3756.98	3752.60	3747.14	3751.72	3750.46	3753.08	3755.56	3750.48	3749.54	
3748.68	3739.44	3728.70	3732.76	3747.30	3746.18	3743.72	3743.18	3735.28	3727.10	3742.00	3737.60	3744.66	3747.72	3760.48	3721.08	

*******************************************2025/07/27;16:39:56
Probe number 525
Concentration entered by User 1.96% (Compensated: 3.08% at temperature 34.3)
1299.32	1317.28	1330.20	1345.46	1361.78	1375.66	1393.96	1411.08	1429.66	1448.56	1474.10	1498.36	1526.78	1555.34	1577.88	1599.14	
1624.84	1665.22	1702.64	1752.76	1784.66	1823.92	1863.12	1904.00	1952.88	1997.96	2047.90	2114.34	2201.76	2283.70	2405.72	2568.36	
2764.80	3042.04	3317.88	3514.30	3618.78	3653.98	3665.20	3666.08	3670.68	3682.42	3688.26	3693.46	3684.00	3682.08	3688.02	3686.10	
3683.70	3713.48	3699.56	3706.38	3710.56	3714.24	3717.76	3714.12	3716.48	3719.02	3715.54	3715.64	3719.52	3715.30	3712.38	3724.92	
3727.72	3731.80	3729.74	3731.86	3720.58	3726.96	3719.54	3717.16	3725.26	3718.58	3729.78	3724.62	3732.40	3731.00	3731.64	3736.22	
3735.12	3739.52	3736.74	3735.04	3741.22	3743.66	3737.02	3744.72	3736.04	3745.84	3743.26	3742.94	3750.42	3749.82	3750.90	3754.86	
3754.92	3633.86	3706.48	3745.30	3745.74	3747.82	3749.36	3753.84	3749.54	3743.90	3748.60	3747.34	3749.92	3752.54	3747.38	3746.26	
3745.38	3735.62	3724.94	3729.06	3744.22	3742.98	3740.28	3739.92	3731.46	3723.54	3738.64	3733.88	3741.00	3744.42	3757.36	3717.38	

*******************************************2025/07/27;16:44:56
Probe number 526
Concentration entered by User 1.89% (Compensated: 3.02% at temperature 34.3)
1299.88	1317.42	1331.46	1346.90	1362.70	1377.30	1395.14	1410.76	1430.66	1449.36	1475.44	1499.70	1527.48	1556.82	1579.76	1601.00	
1625.32	1665.48	1702.48	1756.96	1789.50	1826.26	1865.24	1910.10	1959.36	2004.70	2050.00	2116.54	2207.16	2294.54	2411.62	2568.72	
2763.82	3055.88	3333.44	3529.54	3627.16	3661.86	3673.50	3672.78	3678.36	3689.26	3695.20	3700.02	3690.56	3688.50	3694.62	3692.52	
3690.14	3719.22	3706.20	3711.90	3715.96	3719.84	3723.10	3719.44	3721.96	3724.48	3720.78	3721.36	3725.08	3721.12	3718.04	3730.44	
3732.98	3736.74	3735.20	3737.28	3726.28	3732.44	3724.74	3722.24	3730.72	3724.38	3734.80	3730.08	3737.46	3736.30	3736.48	3741.12	
3740.00	3744.28	3741.66	3739.76	3746.50	3748.10	3742.06	3749.26	3740.76	3750.28	3747.78	3747.66	3754.62	3754.42	3754.58	3759.02	
3758.90	3641.66	3712.36	3750.10	3750.26	3752.28	3753.86	3758.34	3754.02	3748.58	3753.00	3751.68	3754.58	3756.78	3751.74	3750.80	
3749.80	3740.50	3730.50	3733.98	3748.90	3747.36	3744.80	3744.66	3736.64	3728.84	3743.44	3738.44	3745.70	3749.08	3761.38	3722.76	

*******************************************2025/07/27;16:49:56
Probe number 527
Concentration entered by User 2.00% (Compensated: 3.13% at temperature 34.4)
1297.90	1316.74	1330.54	1344.68	1360.32	1375.06	1391.80	1407.84	1428.10	1447.68	1470.92	1495.12	1524.62	1553.30	1574.38	1597.20	
1622.84	1665.28	1698.02	1751.54	1779.90	1819.96	1859.58	1903.20	1948.52	1997.24	2048.24	2111.50	2198.56	2279.30	2397.38	2559.62	
2745.60	3031.70	3312.66	3504.88	3608.12	3645.74	3657.88	3658.78	3664.16	3675.36	3682.20	3687.44	3677.18	3674.92	3681.24	3678.98	
3676.38	3707.70	3693.58	3699.62	3704.20	3708.20	3711.54	3708.18	3710.54	3713.32	3709.58	3709.78	3713.70	3709.68	3706.46	3719.26	
3722.42	3726.60	3724.90	3726.46	3714.72	3721.64	3713.74	3711.38	3719.68	3712.52	3724.24	3718.82	3727.30	3726.00	3726.34	3731.34	
3729.86	3734.82	3731.62	3729.82	3736.76	3738.72	3732.54	3739.90	3731.04	3741.32	3738.20	3738.32	3745.84	3744.98	3746.08	3750.50	
3750.58	3626.06	3700.36	3740.76	3741.00	3743.48	3744.52	3749.72	3744.90	3739.12	3744.02	3742.54	3745.32	3748.02	3742.78	3741.34	
3740.60	3730.56	3719.62	3723.60	3739.44	3738.22	3735.32	3734.80	3726.62	3717.82	3733.42	3728.52	3736.36	3739.90	3753.10	3711.30	

*******************************************2025/07/27;16:54:56
Probe number 528
Concentration entered by User 2.00% (Compensated: 3.13% at temperature 34.4)
1296.52	1314.02	1327.10	1342.14	1358.94	1374.40	1390.14	1406.22	1426.64	1444.38	1469.84	1494.56	1523.36	1552.30	1574.38	1595.66	
1617.20	1659.14	1699.62	1749.56	1780.56	1817.36	1858.26	1902.92	1948.40	1993.58	2046.70	2114.90	2201.22	2279.36	2398.22	2554.26	
2753.90	3031.86	3309.66	3506.42	3611.00	3646.56	3659.32	3660.62	3665.82	3677.12	3684.10	3689.76	3680.08	3677.44	3683.70	3680.98	
3679.38	3710.02	3696.14	3702.24	3706.22	3709.94	3714.02	3709.86	3712.84	3715.36	3711.90	3712.10	3716.00	3711.48	3708.22	3721.14	
3724.40	3728.06	3726.30	3728.04	3716.36	3722.90	3715.70	3712.96	3721.28	3714.74	3726.04	3720.64	3729.00	3727.68	3727.84	3732.98	
3731.50	3736.26	3733.12	3731.54	3738.08	3740.34	3734.06	3741.64	3732.54	3742.92	3739.64	3739.84	3747.00	3746.68	3747.30	3751.78	
3751.80	3628.24	3702.28	3741.88	3742.40	3744.58	3745.80	3751.08	3746.28	3740.50	3745.44	3743.88	3746.94	3749.20	3743.82	3743.04	
3742.02	3731.98	3721.24	3725.32	3741.10	3739.54	3737.08	3736.58	3727.98	3719.62	3735.02	3730.24	3737.72	3741.28	3754.50	3713.16	

*******************************************2025/07/27;16:59:56
Probe number 529
Concentration entered by User 1.99% (Compensated: 3.11% at temperature 34.3)
1298.60	1316.02	1329.44	1343.54	1360.02	1374.92	1391.96	1406.94	1427.58	1447.52	1472.08	1495.82	1524.26	1553.78	1578.14	1602.12	
1622.02	1662.98	1700.50	1754.40	1789.02	1825.62	1865.34	1901.80	1948.90	1996.30	2044.88	2111.56	2199.90	2274.44	2400.98	2560.30	
2750.82	3033.12	3314.08	3509.40	3616.44	3651.32	3663.82	3663.92	3669.14	3680.92	3686.26	3691.94	3682.02	3680.20	3686.16	3683.88	
3681.50	3711.60	3698.00	3704.36	3708.24	3712.08	3715.84	3711.68	3714.42	3717.30	3713.36	3713.26	3717.68	3713.42	3709.88	3722.90	
3725.72	3729.94	3727.44	3729.74	3718.32	3724.82	3717.30	3714.88	3723.46	3716.08	3727.80	3722.36	3730.22	3728.96	3729.34	3734.28	
3733.24	3737.84	3734.38	3733.06	3739.52	3741.58	3735.32	3743.02	3733.78	3744.20	3741.20	3741.04	3748.54	3747.84	3748.56	3752.92	
3752.78	3631.10	3703.72	3743.70	3743.86	3746.06	3747.20	3752.08	3747.62	3741.88	3746.80	3745.00	3748.38	3750.86	3745.16	3744.56	
3743.56	3733.86	3722.90	3726.74	3742.12	3741.06	3738.44	3737.88	3729.14	3721.18	3736.46	3731.58	3739.04	3742.64	3755.82	3714.92	

*******************************************2025/07/27;17:04:56
Probe number 530
Concentration entered by User 1.92% (Compensated: 3.05% at temperature 34.3)
1298.80	1317.14	1329.88	1344.34	1360.46	1375.84	1392.66	1409.14	1428.98	1450.16	1474.56	1497.88	1524.82	1553.70	1576.86	1598.40	
1624.28	1665.66	1700.64	1756.62	1790.90	1825.92	1865.00	1907.38	1951.60	1998.48	2056.76	2117.44	2205.58	2293.42	2403.32	2552.96	
2749.06	3049.34	3327.54	3523.74	3625.86	3659.60	3671.26	3671.58	3676.24	3687.36	3693.28	3698.50	3689.34	3687.64	3693.62	3690.94	
3688.58	3718.00	3704.66	3710.88	3714.82	3718.84	3721.94	3718.14	3720.62	3723.20	3719.44	3719.74	3723.84	3719.92	3716.78	3728.98	
3731.48	3735.68	3733.88	3735.40	3724.62	3730.80	3723.76	3721.16	3729.36	3722.46	3733.24	3728.30	3736.36	3734.76	3735.24	3739.88	
3738.68	3743.18	3740.54	3738.60	3744.96	3746.92	3740.92	3748.38	3739.46	3749.20	3746.56	3746.46	3753.64	3753.06	3753.78	3757.98	
3757.92	3639.52	3710.92	3748.66	3749.16	3751.54	3752.80	3757.10	3752.92	3747.40	3752.02	3750.42	3753.40	3755.74	3750.74	3749.58	
3749.08	3739.62	3728.88	3732.80	3747.52	3746.48	3744.02	3743.52	3735.38	3727.12	3742.06	3737.54	3744.54	3747.94	3760.34	3721.26	

*******************************************2025/07/27;17:09:56
Probe number 531
Concentration entered by User 1.93% (Compensated: 3.05% at temperature 34.2)
1300.04	1318.82	1331.22	1345.14	1361.56	1376.16	1393.16	1409.78	1430.84	1449.98	1473.70	1498.68	1527.40	1555.92	1578.78	1600.92	
1627.98	1667.64	1702.12	1752.94	1787.92	1824.40	1865.70	1905.82	1954.68	1998.94	2054.44	2117.62	2207.96	2299.12	2419.92	2567.52	
2748.80	3041.58	3329.14	3521.86	3628.70	3663.28	3674.76	3675.08	3680.18	3691.26	3696.76	3701.96	3693.10	3691.00	3696.74	3694.38	
3691.98	3721.10	3708.30	3713.64	3718.10	3721.66	3724.78	3721.12	3723.58	3726.28	3722.96	3722.76	3726.46	3722.64	3719.40	3731.48	
3734.20	3737.84	3736.52	3738.00	3727.70	3733.46	3726.40	3724.02	3731.78	3725.38	3735.82	3731.32	3738.42	3737.68	3737.62	3742.42	
3741.08	3745.54	3742.88	3741.04	3747.30	3749.12	3743.40	3750.70	3742.32	3751.66	3748.92	3748.78	3755.66	3755.58	3756.18	3759.92	
3759.96	3643.32	3713.78	3751.18	3751.54	3753.52	3754.78	3759.14	3755.04	3749.54	3754.00	3752.70	3755.74	3757.78	3753.00	3751.96	
3751.16	3742.00	3731.68	3735.36	3749.80	3748.54	3746.50	3745.70	3738.26	3730.00	3744.82	3739.92	3747.18	3750.12	3762.44	3724.14	

*******************************************2025/07/27;17:14:56
Probe number 532
Concentration entered by User 1.98% (Compensated: 3.09% at temperature 34.2)
1298.96	1318.12	1330.18	1343.50	1359.94	1375.36	1393.08	1408.56	1429.68	1447.90	1472.58	1497.70	1525.78	1555.54	1576.06	1596.84	
1622.10	1666.70	1702.14	1752.04	1787.34	1823.42	1863.64	1907.26	1955.48	1998.98	2049.80	2121.78	2203.06	2282.98	2404.52	2555.52	
2744.64	3033.58	3315.50	3515.02	3622.62	3657.80	3669.30	3669.74	3676.02	3686.72	3692.24	3697.42	3688.02	3685.96	3691.78	3689.16	
3687.02	3716.82	3703.54	3709.10	3713.26	3716.96	3720.44	3716.38	3718.76	3721.54	3718.04	3717.96	3722.22	3717.86	3714.64	3726.94	
3729.82	3733.92	3732.26	3733.68	3722.62	3728.76	3721.32	3719.12	3727.62	3720.88	3731.50	3726.66	3734.72	3732.96	3733.64	3738.32	
3737.24	3741.62	3738.98	3736.90	3743.18	3745.56	3739.40	3747.00	3737.98	3747.80	3745.08	3745.14	3752.06	3751.68	3752.46	3756.48	
3756.52	3636.82	3708.90	3747.16	3747.70	3749.82	3750.92	3755.82	3751.38	3745.84	3750.42	3748.72	3751.66	3754.32	3749.12	3748.28	
3747.54	3738.02	3727.28	3730.98	3745.88	3744.58	3742.30	3741.54	3733.86	3725.34	3740.28	3735.62	3742.88	3746.06	3759.24	3719.30	

*******************************************2025/07/27;17:19:56
Probe number 533
Concentration entered by User 1.91% (Compensated: 3.02% at temperature 34.2)
1299.12	1317.76	1330.86	1344.62	1360.98	1375.64	1393.52	1409.50	1430.12	1449.88	1474.90	1498.14	1525.68	1555.12	1578.34	1600.78	
1625.04	1664.74	1700.62	1753.40	1787.42	1825.72	1863.42	1905.64	1952.60	1998.78	2053.34	2121.44	2208.12	2286.54	2404.46	2547.90	
2751.34	3047.20	3336.46	3525.76	3627.04	3663.34	3674.46	3674.94	3679.74	3690.48	3696.52	3701.90	3692.30	3691.14	3696.28	3694.28	
3691.98	3720.94	3707.68	3713.78	3717.64	3721.52	3724.56	3721.10	3723.06	3725.68	3722.44	3722.32	3726.46	3722.44	3719.22	3731.44	
3733.84	3737.82	3736.34	3738.08	3727.20	3733.14	3726.38	3723.44	3731.56	3725.22	3735.86	3730.64	3738.40	3737.12	3737.32	3742.18	
3741.20	3745.52	3742.90	3740.88	3747.00	3749.12	3743.18	3750.24	3741.98	3751.24	3748.68	3748.94	3755.38	3755.34	3755.82	3759.82	
3759.62	3643.04	3713.52	3750.76	3750.88	3753.24	3754.52	3759.12	3755.02	3749.50	3753.94	3752.30	3755.36	3757.48	3752.84	3751.78	
3751.00	3741.86	3731.24	3735.06	3749.74	3748.44	3746.02	3745.58	3737.88	3729.36	3744.40	3739.66	3746.78	3749.96	3762.26	3723.50	

*******************************************2025/07/27;17:24:56
Probe number 534
Concentration entered by User 1.95% (Compensated: 3.06% at temperature 34.1)
1298.24	1316.42	1329.94	1344.26	1360.62	1375.16	1392.58	1407.24	1428.28	1447.06	1473.42	1497.30	1524.68	1554.14	1576.86	1597.72	
1624.22	1666.28	1702.66	1753.80	1788.08	1825.68	1861.38	1905.72	1953.56	1992.38	2048.04	2115.54	2197.24	2285.66	2402.88	2560.48	
2753.42	3040.04	3320.44	3517.66	3626.38	3659.92	3671.74	3671.86	3677.02	3687.22	3693.34	3698.52	3688.40	3686.58	3692.18	3689.92	
3688.26	3717.50	3703.88	3710.38	3714.16	3717.90	3721.24	3717.38	3720.26	3722.58	3719.02	3719.36	3722.94	3719.16	3715.76	3727.98	
3730.88	3734.76	3733.06	3734.64	3724.02	3729.72	3722.82	3720.34	3728.24	3721.56	3732.66	3727.82	3735.40	3734.54	3734.68	3739.30	
3738.24	3742.44	3739.70	3737.90	3744.32	3746.22	3740.54	3747.40	3738.92	3748.32	3745.96	3745.80	3752.78	3752.40	3753.08	3757.44	
3757.24	3638.02	3710.06	3748.00	3748.48	3750.60	3751.82	3756.66	3752.18	3746.58	3751.50	3749.98	3752.60	3755.30	3750.46	3749.00	
3748.20	3738.84	3727.80	3731.64	3746.68	3745.50	3743.32	3742.30	3734.68	3726.10	3741.44	3736.56	3743.46	3747.14	3759.60	3720.38	

*******************************************2025/07/27;17:29:56
Probe number 535
Concentration entered by User 1.96% (Compensated: 3.07% at temperature 34.1)
1298.52	1316.22	1329.44	1343.80	1359.86	1374.20	1391.74	1407.70	1428.30	1448.10	1472.06	1496.94	1524.44	1552.14	1575.72	1599.80	
1625.04	1665.54	1701.46	1754.30	1785.46	1825.74	1865.30	1904.86	1954.48	1993.26	2050.12	2116.16	2201.98	2290.20	2406.72	2559.20	
2746.48	3036.24	3324.14	3516.58	3623.86	3659.06	3670.96	3671.72	3676.92	3687.48	3693.46	3698.44	3689.10	3686.34	3692.38	3690.18	
3688.24	3717.32	3704.36	3710.08	3714.50	3718.12	3721.50	3717.58	3719.88	3722.62	3718.86	3719.44	3723.14	3719.22	3716.04	3728.52	
3731.04	3735.02	3733.22	3734.98	3724.04	3729.90	3722.98	3720.02	3728.10	3721.70	3732.70	3727.42	3735.12	3734.08	3734.14	3739.32	
3738.16	3742.58	3739.72	3737.88	3744.40	3746.52	3740.32	3747.56	3739.02	3748.66	3745.96	3745.96	3752.66	3752.64	3753.10	3757.28	
3757.08	3638.18	3710.14	3747.96	3748.50	3750.38	3751.90	3756.48	3752.28	3746.68	3750.98	3749.54	3752.76	3754.98	3749.84	3749.10	
3748.28	3738.66	3728.02	3731.62	3746.88	3745.54	3743.40	3742.48	3734.70	3726.50	3740.98	3736.66	3744.20	3747.24	3759.84	3720.50	

*******************************************2025/07/27;17:34:56
Probe number 536
Concentration entered by User 1.91% (Compensated: 3.02% at temperature 34.1)
1299.18	1317.82	1331.12	1344.76	1361.04	1375.90	1394.02	1410.26	1430.06	1450.22	1474.84	1498.10	1525.64	1554.84	1579.60	1600.10	
1626.24	1668.98	1702.06	1753.44	1790.34	1824.92	1862.34	1905.48	1954.60	2001.34	2054.04	2119.96	2199.08	2290.26	2412.08	2560.12	
2759.28	3048.98	3332.88	3521.60	3628.66	3664.08	3675.14	3675.46	3680.74	3691.96	3697.38	3702.08	3693.18	3690.64	3696.94	3694.52	
3692.16	3721.60	3708.46	3714.54	3717.82	3721.90	3725.00	3721.14	3723.64	3726.16	3722.48	3722.96	3726.68	3722.64	3720.00	3731.90	
3734.50	3738.42	3736.34	3738.36	3727.58	3733.22	3726.20	3723.98	3732.04	3725.40	3735.66	3731.22	3738.70	3737.64	3737.72	3742.46	
3741.36	3745.46	3742.72	3741.38	3747.44	3749.46	3743.58	3750.76	3742.12	3751.80	3748.98	3748.88	3755.68	3755.42	3756.08	3760.14	
3760.00	3643.32	3714.00	3751.18	3751.56	3753.64	3755.08	3759.38	3755.06	3749.78	3754.32	3752.76	3755.68	3757.94	3753.22	3751.86	
3751.32	3741.92	3731.62	3735.60	3750.02	3748.52	3746.34	3745.70	3738.00	3729.72	3744.56	3739.98	3747.20	3749.90	3762.46	3724.18	

*******************************************2025/07/27;17:39:56
Probe number 537
Concentration entered by User 1.91% (Compensated: 3.02% at temperature 34.1)
1299.16	1317.78	1330.08	1343.82	1360.88	1377.34	1395.12	1409.58	1429.72	1449.90	1474.74	1498.54	1526.76	1557.48	1578.10	1600.96	
1626.24	1667.72	1702.82	1754.90	1788.70	1824.64	1869.18	1910.02	1953.06	1990.10	2052.82	2112.74	2201.48	2287.02	2402.76	2556.80	
2754.94	3047.62	3332.38	3525.02	3629.44	3664.52	3675.80	3675.94	3680.84	3692.44	3697.82	3702.16	3693.72	3691.78	3697.14	3694.64	
3692.60	3721.82	3708.54	3714.52	3718.14	3722.24	3725.38	3721.74	3724.10	3726.68	3723.08	3723.18	3726.80	3723.16	3720.06	3732.14	
3734.58	3738.50	3736.52	3738.46	3727.90	3733.52	3726.78	3724.16	3732.08	3725.78	3736.10	3731.34	3738.88	3737.90	3738.08	3742.92	
3741.72	3745.86	3743.20	3741.54	3747.60	3749.72	3743.76	3750.86	3742.38	3751.90	3749.06	3749.20	3755.96	3755.54	3756.16	3760.36	
3760.26	3643.64	3714.30	3751.36	3751.76	3753.94	3755.04	3759.68	3755.36	3749.92	3754.34	3753.14	3755.98	3757.96	3753.26	3752.40	
3751.62	3742.20	3731.58	3735.48	3750.24	3748.80	3746.74	3746.22	3738.26	3730.14	3744.78	3740.20	3747.30	3750.26	3762.76	3724.30	

*******************************************2025/07/27;17:44:56
Probe number 538
Concentration entered by User 1.89% (Compensated: 2.99% at temperature 34.0)
1299.62	1318.04	1331.74	1345.76	1361.50	1376.04	1393.84	1410.34	1430.66	1449.88	1474.74	1498.96	1527.06	1556.78	1578.08	1600.86	
1627.44	1667.86	1704.04	1754.18	1788.10	1826.60	1865.40	1906.88	1958.68	2003.16	2060.04	2122.28	2196.78	2289.18	2411.44	2557.72	
2751.96	3050.52	3341.46	3530.82	3632.38	3666.08	3677.44	3677.14	3682.04	3692.92	3698.60	3703.80	3694.32	3692.86	3698.02	3695.18	
3693.24	3722.36	3709.58	3715.02	3718.86	3722.70	3725.58	3722.32	3724.68	3727.12	3723.44	3723.32	3727.28	3723.20	3720.36	3732.52	
3735.12	3738.90	3737.04	3739.10	3728.12	3733.90	3727.22	3724.76	3732.38	3726.18	3736.78	3732.00	3739.28	3738.18	3738.44	3743.32	
3741.90	3746.40	3743.74	3742.20	3748.38	3750.16	3744.14	3751.34	3743.10	3752.44	3749.72	3749.76	3756.32	3756.30	3756.70	3760.64	
3760.68	3644.58	3714.74	3751.88	3752.24	3754.34	3755.18	3759.92	3755.88	3750.22	3754.98	3753.42	3756.32	3758.62	3753.62	3752.80	
3751.74	3742.64	3732.40	3736.00	3750.80	3749.40	3747.16	3746.38	3738.54	3730.64	3745.30	3740.62	3747.72	3750.72	3763.20	3724.78	

*******************************************2025/07/27;17:49:56
Probe number 539
Concentration entered by User 1.89% (Compensated: 2.99% at temperature 34.0)
1300.00	1318.12	1331.22	1345.44	1361.12	1376.28	1394.04	1409.90	1430.60	1450.02	1475.14	1498.14	1527.46	1556.14	1577.78	1597.88	
1622.86	1665.00	1701.60	1756.42	1788.84	1823.68	1865.66	1904.86	1950.60	1994.22	2054.40	2117.08	2203.78	2293.14	2409.76	2568.22	
2758.54	3052.72	3336.20	3532.68	3631.98	3664.24	3676.54	3676.26	3680.34	3691.34	3697.26	3702.76	3692.94	3691.42	3696.64	3694.02	
3692.00	3721.58	3708.42	3714.28	3717.90	3721.70	3724.86	3721.30	3723.60	3725.96	3722.24	3722.50	3726.30	3722.38	3719.46	3731.32	
3734.12	3738.00	3735.86	3737.80	3727.42	3732.90	3726.00	3723.38	3731.36	3725.04	3735.76	3731.00	3738.48	3737.62	3737.26	3742.46	
3741.20	3745.42	3742.54	3740.74	3747.76	3749.22	3742.92	3750.52	3742.14	3751.62	3748.60	3749.00	3755.60	3754.96	3755.78	3759.72	
3759.94	3642.84	3713.70	3750.90	3751.20	3753.26	3754.62	3759.06	3754.88	3749.36	3754.18	3752.60	3755.40	3757.68	3753.02	3751.96	
3750.92	3741.68	3731.04	3734.72	3749.68	3748.28	3746.24	3745.26	3737.84	3729.80	3744.24	3739.76	3746.82	3749.68	3762.30	3723.42	

*******************************************2025/07/27;17:54:56
Probe number 540
Concentration entered by User 1.92% (Compensated: 3.02% at temperature 34.0)
1298.34	1316.38	1329.50	1344.60	1361.06	1375.14	1392.06	1409.02	1429.06	1447.74	1472.66	1497.68	1524.74	1554.00	1577.02	1598.36	
1622.36	1664.70	1700.30	1751.70	1785.80	1818.18	1859.56	1904.72	1951.12	1999.78	2049.76	2113.08	2204.38	2284.56	2401.92	2557.56	
2758.30	3055.34	3328.08	3520.04	3624.56	3659.72	3671.78	3671.88	3676.72	3688.40	3694.22	3699.58	3690.16	3687.94	3693.06	3690.48	
3688.50	3718.40	3704.64	3710.90	3714.56	3718.36	3721.84	3717.92	3719.98	3722.90	3719.30	3719.16	3723.40	3719.22	3716.46	3728.28	
3731.36	3734.78	3733.10	3734.76	3724.14	3729.92	3723.20	3720.54	3728.72	3721.96	3732.92	3727.82	3735.28	3734.64	3734.72	3739.36	
3738.42	3742.22	3739.70	3737.92	3744.88	3746.52	3740.48	3747.80	3739.08	3748.96	3745.98	3746.02	3753.06	3752.66	3753.30	3757.52	
3757.30	3638.88	3710.12	3748.26	3748.72	3750.78	3751.90	3756.58	3752.42	3746.64	3751.34	3750.10	3753.02	3755.56	3750.36	3749.14	
3748.42	3738.64	3728.16	3731.90	3746.84	3745.80	3743.54	3742.68	3734.70	3726.72	3741.64	3736.82	3744.58	3747.22	3759.94	3720.46	

*******************************************2025/07/27;17:59:56
Probe number 541
Concentration entered by User 1.94% (Compensated: 3.03% at temperature 34.0)
1298.22	1316.22	1329.02	1343.22	1359.52	1375.04	1391.84	1408.04	1428.58	1447.98	1470.58	1495.90	1524.12	1553.04	1576.40	1597.82	
1621.82	1660.70	1700.40	1752.12	1782.16	1818.34	1862.20	1903.70	1950.12	2000.20	2054.30	2111.68	2195.90	2283.76	2395.92	2564.62	
2750.66	3046.76	3322.12	3520.22	3622.84	3658.14	3670.42	3670.82	3675.92	3687.12	3693.14	3698.38	3688.74	3686.54	3691.68	3690.12	
3687.90	3717.44	3704.40	3709.90	3713.80	3717.46	3721.04	3716.90	3719.34	3722.14	3718.32	3718.40	3722.22	3718.36	3715.22	3727.68	
3730.32	3734.00	3732.28	3733.84	3723.22	3728.96	3722.16	3719.46	3727.70	3720.74	3731.84	3726.68	3734.60	3733.64	3733.48	3738.48	
3737.64	3741.82	3739.20	3736.94	3743.88	3745.74	3739.80	3747.20	3738.64	3748.06	3745.24	3745.22	3752.44	3751.80	3752.56	3756.82	
3756.86	3637.30	3709.36	3747.44	3747.80	3750.00	3751.40	3755.70	3751.70	3745.90	3750.66	3749.10	3752.26	3754.36	3749.44	3748.44	
3747.72	3738.18	3727.18	3730.90	3746.30	3744.90	3742.96	3741.96	3733.78	3725.62	3740.66	3736.00	3743.36	3746.40	3759.06	3719.24	

*******************************************2025/07/27;18:04:56
Probe number 542
Concentration entered by User 1.92% (Compensated: 3.01% at temperature 33.9)
1297.96	1316.44	1329.18	1342.54	1359.10	1374.76	1391.68	1407.84	1429.74	1447.10	1472.52	1496.22	1523.70	1553.40	1576.52	1596.98	
1622.00	1663.00	1700.00	1755.02	1785.22	1817.92	1857.30	1903.80	1951.24	1997.58	2054.82	2113.40	2196.58	2282.86	2399.78	2560.24	
2754.40	3044.86	3332.06	3522.44	3624.04	3657.28	3669.46	3670.00	3675.54	3686.80	3692.70	3697.76	3688.40	3686.34	3691.80	3689.00	
3686.78	3716.80	3703.04	3708.76	3712.42	3716.92	3720.22	3716.16	3718.30	3721.04	3717.06	3717.90	3721.02	3717.40	3713.92	3726.68	
3729.40	3733.24	3731.50	3733.30	3722.22	3727.94	3721.24	3718.50	3726.76	3720.14	3731.12	3726.14	3733.56	3732.90	3732.96	3737.50	
3736.66	3741.02	3738.34	3736.26	3743.08	3745.06	3738.96	3746.76	3737.66	3747.38	3744.76	3744.68	3751.50	3750.98	3751.80	3756.20	
3756.04	3635.98	3708.18	3746.68	3746.90	3749.40	3750.80	3755.38	3751.00	3745.34	3750.10	3748.36	3751.62	3753.86	3748.66	3747.28	
3746.86	3737.00	3726.36	3730.22	3745.68	3744.22	3742.26	3740.98	3733.02	3724.78	3740.02	3735.14	3742.60	3745.40	3758.48	3718.70	

*******************************************2025/07/27;18:09:56
Probe number 543
Concentration entered by User 1.89% (Compensated: 2.98% at temperature 33.9)
1298.44	1317.72	1330.58	1344.14	1360.66	1375.28	1392.78	1409.30	1429.88	1449.08	1473.86	1497.66	1525.92	1555.48	1578.64	1599.60	
1622.36	1665.30	1704.76	1753.16	1786.90	1823.98	1861.12	1903.88	1954.12	2001.92	2053.20	2119.64	2200.56	2282.32	2406.12	2568.96	
2765.60	3055.80	3333.30	3530.00	3629.84	3664.54	3676.50	3676.84	3681.64	3692.76	3698.42	3703.26	3693.82	3692.12	3696.92	3694.90	
3692.48	3721.66	3708.66	3714.00	3717.62	3721.88	3725.04	3721.12	3723.54	3726.22	3722.28	3722.78	3726.22	3722.38	3719.48	3731.24	
3734.14	3737.64	3736.06	3737.72	3727.10	3732.56	3726.36	3723.40	3731.36	3725.04	3735.74	3730.84	3738.26	3737.58	3737.48	3742.32	
3741.18	3745.28	3742.50	3740.88	3747.44	3749.40	3743.28	3750.62	3741.92	3751.66	3748.56	3748.66	3755.62	3754.86	3755.66	3759.88	
3760.04	3642.96	3713.62	3750.64	3751.22	3753.22	3754.74	3758.96	3754.96	3749.48	3754.00	3752.46	3755.44	3757.66	3752.94	3751.60	
3751.02	3742.10	3731.38	3734.82	3749.88	3748.16	3746.30	3745.42	3738.10	3729.64	3744.36	3739.58	3747.08	3749.80	3762.34	3723.56	

*******************************************2025/07/27;18:14:56
Probe number 544
Concentration entered by User 1.94% (Compensated: 3.03% at temperature 34.0)
1298.00	1316.06	1328.02	1342.48	1359.32	1374.36	1391.60	1407.44	1428.36	1446.76	1471.44	1496.12	1522.30	1550.96	1574.40	1596.74	
1619.94	1662.32	1699.52	1749.38	1783.44	1821.48	1860.50	1900.34	1950.16	1996.60	2044.84	2106.46	2192.72	2268.16	2398.92	2561.28	
2745.22	3048.22	3323.80	3521.02	3622.10	3654.90	3667.92	3668.10	3672.82	3683.82	3689.96	3694.86	3684.84	3682.68	3687.72	3685.50	
3683.60	3713.66	3700.18	3705.96	3709.68	3713.68	3717.18	3712.88	3715.62	3718.66	3714.68	3714.24	3718.42	3714.82	3711.56	3723.96	
3726.62	3731.04	3729.04	3730.88	3719.96	3725.68	3718.60	3715.30	3724.46	3717.58	3728.42	3723.54	3731.30	3730.20	3730.42	3735.44	
3734.04	3738.66	3736.22	3734.16	3740.98	3742.94	3736.68	3744.04	3735.24	3745.22	3742.16	3742.36	3749.46	3749.20	3749.74	3754.12	
3753.92	3632.30	3705.16	3744.62	3745.02	3747.24	3748.46	3753.34	3748.74	3743.08	3747.82	3746.14	3749.34	3752.04	3746.36	3745.78	
3744.42	3734.80	3724.22	3727.44	3743.30	3742.10	3739.46	3738.84	3730.76	3722.14	3737.78	3732.78	3740.32	3743.38	3756.64	3715.60	

*******************************************2025/07/27;18:19:56
Probe number 545
Concentration entered by User 1.92% (Compensated: 3.01% at temperature 33.9)
1298.80	1317.14	1329.84	1344.44	1360.48	1375.42	1392.82	1408.84	1429.50	1448.08	1472.42	1498.34	1526.30	1553.94	1576.82	1597.42	
1621.48	1662.68	1698.60	1750.36	1782.14	1819.08	1859.94	1905.66	1951.86	1996.14	2053.42	2121.66	2203.62	2280.58	2407.34	2562.68	
2746.94	3052.30	3330.02	3521.68	3625.60	3661.74	3673.48	3673.22	3678.06	3688.94	3694.64	3699.68	3689.46	3688.12	3693.42	3690.70	
3688.16	3718.16	3704.54	3710.28	3713.86	3718.04	3721.60	3717.36	3719.66	3722.70	3718.82	3718.74	3722.76	3718.84	3715.34	3727.98	
3730.74	3734.46	3732.90	3734.66	3723.64	3729.38	3722.72	3719.62	3728.24	3721.30	3732.30	3727.28	3735.04	3734.22	3734.16	3739.12	
3737.96	3742.16	3739.52	3737.56	3744.20	3746.14	3740.00	3747.56	3738.76	3748.48	3745.50	3745.70	3752.78	3752.24	3752.98	3757.24	
3757.04	3638.12	3709.86	3747.86	3748.32	3750.50	3751.84	3756.26	3752.12	3746.28	3751.04	3749.62	3752.72	3755.04	3750.00	3749.02	
3748.48	3738.50	3727.92	3731.44	3746.88	3745.34	3743.18	3742.32	3734.46	3725.88	3741.10	3736.38	3743.90	3746.92	3759.60	3719.68	

*******************************************2025/07/27;18:24:56
Probe number 546
Concentration entered by User 1.92% (Compensated: 3.01% at temperature 33.9)
1298.72	1317.24	1330.56	1344.78	1360.98	1374.90	1392.36	1408.82	1429.12	1447.60	1472.46	1495.34	1524.06	1555.26	1577.66	1599.56	
1623.90	1663.08	1700.90	1751.20	1784.34	1819.92	1858.56	1897.86	1950.96	1994.22	2052.76	2122.62	2204.38	2282.14	2413.52	2567.46	
2743.78	3049.56	3331.16	3525.92	3627.88	3661.76	3673.12	3674.02	3678.70	3689.46	3695.44	3699.88	3690.28	3688.12	3693.24	3690.86	
3688.46	3718.68	3704.90	3710.94	3714.38	3718.54	3721.80	3717.82	3720.24	3722.94	3719.26	3719.38	3723.10	3719.22	3716.32	3728.14	
3731.34	3734.88	3733.36	3734.68	3724.12	3729.68	3723.34	3720.00	3728.20	3721.80	3732.54	3727.76	3735.28	3734.74	3734.60	3739.44	
3738.26	3742.64	3739.72	3738.22	3744.44	3746.60	3740.70	3747.78	3739.14	3748.96	3746.08	3745.98	3753.00	3752.44	3753.08	3757.52	
3757.62	3638.36	3710.22	3748.16	3748.58	3750.86	3752.12	3756.62	3752.64	3746.72	3751.60	3750.02	3752.84	3755.38	3750.30	3749.38	
3748.34	3738.84	3728.28	3731.76	3747.14	3745.90	3743.20	3742.60	3735.00	3726.54	3741.46	3736.80	3743.70	3747.10	3759.90	3719.68	

*******************************************2025/07/27;18:29:56
Probe number 547
Concentration entered by User 1.89% (Compensated: 2.98% at temperature 33.9)
1297.82	1315.58	1327.50	1341.64	1357.92	1372.98	1390.78	1406.36	1426.62	1446.48	1471.52	1495.08	1523.20	1552.46	1573.36	1594.18	
1619.64	1661.34	1696.12	1749.88	1782.76	1816.00	1861.92	1900.12	1950.16	1991.56	2047.12	2114.16	2192.04	2281.80	2403.46	2566.34	
2749.32	3061.12	3335.44	3526.34	3626.34	3659.86	3672.18	3672.86	3676.84	3687.82	3693.44	3698.32	3688.24	3686.26	3691.62	3689.34	
3687.04	3716.68	3703.38	3708.94	3712.82	3716.90	3720.34	3716.26	3718.66	3721.40	3717.64	3717.56	3721.62	3717.30	3714.52	3726.76	
3729.52	3733.60	3731.46	3733.40	3722.42	3728.30	3721.40	3718.34	3727.30	3719.94	3731.28	3726.10	3733.70	3733.00	3732.84	3738.06	
3737.00	3741.04	3738.40	3736.16	3743.04	3745.08	3738.96	3746.34	3737.72	3747.44	3744.64	3744.82	3751.84	3751.20	3752.10	3756.30	
3755.96	3636.38	3708.40	3746.82	3747.06	3749.48	3750.54	3755.16	3751.12	3745.12	3750.26	3748.32	3751.78	3754.04	3748.82	3747.94	
3747.06	3737.44	3726.64	3730.46	3745.94	3744.42	3741.94	3741.18	3733.38	3725.08	3739.96	3735.18	3742.74	3745.74	3758.82	3718.50	

*******************************************2025/07/27;18:34:56
Probe number 548
Concentration entered by User 1.87% (Compensated: 2.96% at temperature 33.8)
1298.36	1317.04	1328.74	1343.98	1360.70	1374.36	1392.16	1408.60	1429.56	1448.06	1473.80	1498.96	1524.30	1553.28	1575.42	1598.90	
1623.12	1663.84	1701.88	1752.96	1790.32	1821.74	1856.24	1900.08	1954.02	2004.20	2052.82	2118.80	2195.56	2277.68	2408.76	2566.28	
2759.56	3062.12	3339.40	3533.30	3631.70	3665.04	3677.18	3677.38	3681.94	3692.08	3697.68	3702.70	3693.10	3690.66	3696.00	3693.30	
3691.18	3720.68	3707.74	3713.10	3716.58	3720.72	3724.02	3719.72	3722.36	3725.12	3721.34	3721.56	3725.30	3721.50	3718.44	3730.60	
3733.18	3736.90	3735.38	3736.78	3726.06	3732.04	3725.34	3721.92	3730.88	3723.88	3734.56	3729.84	3737.02	3736.56	3736.52	3741.10	
3740.30	3744.12	3741.88	3739.74	3746.18	3748.18	3742.32	3749.70	3741.24	3750.68	3747.58	3747.88	3754.44	3754.36	3754.86	3759.06	
3758.94	3641.22	3712.46	3749.46	3750.32	3752.56	3753.62	3758.08	3754.12	3748.64	3753.02	3751.48	3754.52	3756.96	3751.92	3751.04	
3750.36	3740.86	3730.24	3734.02	3748.86	3747.30	3745.36	3744.30	3736.76	3728.60	3743.28	3738.54	3745.90	3748.72	3761.62	3722.10	

*******************************************2025/07/27;18:39:56
Probe number 549
Concentration entered by User 1.91% (Compensated: 2.98% at temperature 33.7)
1296.70	1314.98	1327.28	1341.52	1358.06	1372.00	1388.94	1406.08	1427.56	1446.32	1470.96	1495.08	1521.74	1549.34	1572.56	1593.96	
1619.36	1663.34	1698.92	1750.00	1784.94	1819.46	1856.64	1898.40	1947.80	1997.68	2049.30	2111.12	2191.40	2276.08	2408.24	2554.82	
2743.98	3049.88	3335.58	3527.68	3627.00	3660.50	3671.28	3672.16	3676.26	3686.88	3692.60	3696.96	3687.32	3685.02	3690.70	3687.92	
3685.72	3715.56	3702.50	3708.04	3711.96	3716.02	3719.54	3715.30	3717.60	3720.52	3716.68	3716.60	3720.40	3716.86	3713.44	3725.80	
3728.56	3732.50	3730.82	3732.30	3721.38	3727.36	3720.20	3717.04	3726.20	3719.26	3730.12	3724.98	3732.50	3732.40	3732.12	3737.00	
3736.04	3740.20	3737.54	3735.62	3742.40	3744.56	3738.40	3745.68	3736.74	3746.64	3743.70	3743.66	3750.96	3750.56	3751.42	3755.42	
3755.20	3634.70	3707.62	3745.86	3745.90	3748.40	3749.62	3754.60	3750.28	3744.64	3749.38	3747.32	3750.82	3753.08	3748.28	3747.32	
3746.36	3736.32	3725.70	3729.28	3744.80	3743.28	3740.92	3740.22	3732.36	3723.98	3739.18	3734.56	3741.96	3744.56	3758.02	3717.40	

*******************************************2025/07/27;18:44:56
Probe number 550
Concentration entered by User 1.89% (Compensated: 2.96% at temperature 33.7)
1297.98	1315.82	1329.48	1343.56	1359.44	1373.50	1391.10	1408.00	1428.74	1447.30	1471.76	1497.22	1524.66	1552.40	1576.36	1598.84	
1622.34	1662.88	1699.00	1750.08	1782.60	1820.18	1859.10	1901.84	1951.24	1996.60	2040.64	2109.18	2192.42	2269.88	2398.00	2549.90	
2747.16	3053.66	3341.98	3529.56	3627.66	3661.92	3674.76	3674.48	3679.08	3689.66	3695.34	3700.18	3690.66	3688.42	3693.66	3690.66	
3688.18	3718.36	3705.14	3711.14	3714.32	3718.58	3721.64	3717.86	3720.38	3722.88	3719.06	3719.34	3723.14	3719.34	3716.44	3728.14	
3730.84	3734.84	3733.12	3734.88	3723.86	3729.64	3722.74	3720.08	3728.78	3721.56	3732.14	3727.78	3735.28	3734.56	3734.52	3739.20	
3738.02	3742.36	3739.76	3737.76	3744.54	3746.36	3740.50	3747.86	3739.18	3748.92	3745.90	3746.08	3752.94	3752.74	3753.24	3757.58	
3757.28	3638.52	3710.04	3747.92	3748.44	3750.68	3751.78	3756.60	3752.46	3746.60	3751.68	3749.80	3752.76	3755.32	3750.16	3749.20	
3748.54	3738.88	3728.12	3731.74	3747.26	3745.70	3743.38	3742.54	3734.78	3726.50	3741.38	3736.94	3744.00	3746.88	3759.80	3719.66	

*******************************************2025/07/27;18:49:56
Probe number 551
Concentration entered by User 1.87% (Compensated: 2.95% at temperature 33.8)
1299.52	1317.14	1329.34	1343.92	1361.12	1375.00	1392.52	1409.76	1429.34	1448.12	1473.76	1498.20	1526.18	1556.36	1578.52	1601.18	
1623.80	1664.16	1698.60	1749.18	1783.60	1821.42	1864.64	1903.86	1951.52	2001.30	2053.00	2113.50	2191.88	2283.40	2403.92	2566.34	
2754.06	3056.14	3344.06	3534.60	3632.74	3666.80	3678.50	3678.24	3683.18	3693.72	3699.22	3704.02	3694.74	3692.78	3697.54	3694.78	
3692.78	3721.96	3709.20	3714.46	3718.04	3722.02	3725.24	3721.56	3724.00	3726.52	3722.80	3722.50	3726.40	3723.08	3719.48	3731.54	
3734.32	3737.92	3736.30	3738.06	3727.50	3732.90	3726.66	3723.48	3731.78	3724.86	3735.72	3730.90	3738.18	3737.90	3737.64	3742.20	
3741.58	3745.18	3742.76	3740.72	3747.42	3749.48	3743.36	3750.78	3742.06	3751.82	3748.42	3748.90	3755.64	3755.22	3755.84	3760.06	
3760.00	3643.34	3713.82	3750.82	3751.24	3753.40	3755.02	3758.94	3755.06	3749.46	3754.08	3752.78	3755.68	3757.76	3753.02	3751.88	
3751.26	3742.14	3731.18	3734.96	3749.90	3748.26	3746.42	3745.28	3738.06	3729.46	3744.38	3739.80	3746.76	3749.66	3762.34	3722.98	

*******************************************2025/07/27;18:54:56
Probe number 552
Concentration entered by User 1.90% (Compensated: 2.97% at temperature 33.7)
1299.94	1318.36	1331.12	1345.44	1362.06	1376.98	1393.78	1410.90	1431.24	1449.38	1473.72	1498.18	1526.90	1555.86	1577.30	1598.78	
1622.34	1663.86	1699.78	1750.94	1784.50	1823.36	1862.48	1904.68	1952.34	2001.34	2051.78	2113.94	2197.38	2285.92	2406.68	2562.48	
2752.96	3048.76	3340.98	3526.84	3629.20	3664.74	3676.42	3677.46	3682.02	3692.78	3698.36	3703.36	3693.64	3691.22	3696.42	3694.30	
3691.92	3721.14	3708.42	3713.72	3717.46	3721.34	3724.36	3720.58	3723.24	3725.76	3721.78	3722.10	3725.66	3721.68	3718.80	3730.84	
3733.58	3737.06	3735.46	3736.98	3726.76	3732.20	3725.46	3722.48	3731.20	3724.28	3734.82	3729.90	3737.58	3736.82	3737.04	3741.54	
3740.40	3744.56	3742.06	3740.30	3746.52	3748.98	3742.90	3749.86	3741.42	3750.86	3748.06	3748.02	3755.04	3754.64	3755.10	3759.26	
3759.16	3642.10	3712.84	3750.24	3750.66	3752.80	3753.98	3758.52	3754.28	3748.68	3753.54	3752.10	3754.80	3757.06	3752.30	3751.20	
3750.26	3740.92	3730.62	3734.36	3749.20	3747.74	3745.66	3744.74	3737.30	3728.74	3743.42	3739.02	3746.02	3748.78	3761.84	3722.52	

*******************************************2025/07/27;18:59:56
Probe number 553
Concentration entered by User 1.91% (Compensated: 2.98% at temperature 33.7)
1297.62	1316.38	1330.18	1344.38	1360.52	1375.08	1392.86	1407.52	1428.36	1446.82	1471.82	1496.28	1524.42	1553.62	1576.06	1598.64	
1621.70	1660.22	1696.12	1749.38	1781.00	1817.36	1860.82	1903.72	1950.52	1993.22	2051.34	2115.68	2192.20	2273.72	2397.28	2558.86	
2756.04	3053.66	3336.28	3519.92	3622.24	3658.70	3672.26	3672.80	3677.30	3688.64	3694.54	3699.50	3689.74	3687.62	3692.12	3690.24	
3688.18	3717.94	3704.20	3710.16	3713.72	3717.92	3721.24	3717.24	3719.78	3722.54	3718.62	3718.44	3722.22	3718.54	3715.28	3727.42	
3730.18	3734.06	3732.52	3733.96	3723.12	3728.82	3721.88	3719.24	3727.58	3720.98	3731.78	3726.52	3734.48	3733.76	3733.60	3738.52	
3737.44	3741.72	3739.02	3737.18	3743.80	3746.02	3739.84	3747.32	3738.02	3748.16	3745.00	3745.26	3752.04	3751.74	3752.36	3756.92	
3756.72	3636.92	3709.06	3747.60	3747.68	3750.12	3751.34	3756.04	3751.62	3745.90	3750.74	3748.84	3752.20	3754.30	3749.44	3748.46	
3747.62	3738.04	3727.16	3730.84	3746.04	3744.90	3742.54	3741.90	3733.80	3725.42	3740.52	3735.78	3743.18	3746.24	3759.22	3718.76	

*******************************************2025/07/27;19:04:56
Probe number 554
Concentration entered by User 1.91% (Compensated: 2.98% at temperature 33.7)
1297.12	1316.00	1329.02	1343.22	1359.38	1374.14	1391.42	1406.62	1427.96	1447.94	1472.68	1496.74	1523.98	1552.86	1574.84	1597.88	
1620.22	1661.78	1696.92	1750.00	1781.20	1820.48	1860.64	1903.74	1948.30	1992.70	2049.06	2107.50	2193.82	2274.74	2404.12	2568.60	
2753.78	3046.28	3336.30	3523.86	3628.78	3662.02	3674.06	3674.32	3678.00	3689.52	3694.84	3699.64	3690.34	3687.36	3692.84	3690.18	
3688.30	3718.22	3705.30	3710.74	3714.22	3718.04	3721.62	3717.40	3719.84	3722.66	3718.72	3718.68	3722.54	3718.94	3715.18	3727.66	
3730.60	3734.58	3732.36	3734.00	3723.34	3729.02	3722.32	3719.38	3727.94	3721.06	3731.86	3726.94	3734.70	3734.12	3733.86	3738.40	
3737.66	3741.64	3739.12	3737.20	3744.20	3745.96	3739.84	3747.34	3738.38	3748.50	3745.24	3745.72	3752.50	3752.08	3752.72	3756.94	
3756.92	3637.64	3709.22	3747.44	3747.88	3749.82	3751.32	3756.24	3751.98	3745.84	3750.82	3749.66	3752.20	3754.80	3749.66	3748.36	
3748.00	3738.10	3727.38	3730.88	3746.40	3744.84	3742.94	3742.14	3734.30	3725.62	3740.66	3736.02	3743.88	3746.28	3759.46	3718.96	

*******************************************2025/07/27;19:09:56
Probe number 555
Concentration entered by User 1.90% (Compensated: 2.96% at temperature 33.6)
1299.38	1317.66	1332.10	1346.52	1361.74	1376.22	1394.44	1410.14	1430.32	1449.26	1473.32	1498.96	1526.70	1556.78	1578.80	1599.50	
1623.26	1661.70	1698.94	1751.12	1784.76	1824.66	1862.16	1905.40	1951.74	2000.46	2056.96	2116.04	2203.60	2284.24	2406.16	2554.22	
2741.76	3047.44	3338.30	3531.82	3633.36	3667.34	3678.70	3679.02	3683.10	3693.94	3699.46	3704.26	3694.32	3693.16	3697.72	3695.48	
3692.80	3722.56	3709.78	3714.98	3718.54	3722.64	3725.56	3721.84	3724.28	3726.80	3723.10	3723.02	3726.56	3722.92	3719.86	3731.66	
3734.52	3738.04	3736.24	3737.74	3727.68	3733.02	3726.66	3723.54	3732.20	3725.18	3735.74	3731.06	3738.40	3737.96	3737.78	3742.32	
3741.54	3745.76	3742.92	3741.22	3747.72	3749.68	3743.52	3750.96	3742.36	3751.84	3748.96	3749.12	3755.68	3755.24	3755.98	3760.34	
3759.98	3643.08	3713.90	3750.90	3751.48	3753.64	3755.02	3759.28	3755.30	3749.42	3754.00	3752.70	3755.66	3758.12	3753.24	3752.34	
3751.50	3742.18	3731.54	3735.22	3749.80	3748.76	3746.76	3745.48	3738.24	3729.78	3744.46	3740.00	3746.98	3749.68	3762.56	3723.54	

*******************************************2025/07/27;19:14:56
Probe number 556
Concentration entered by User 1.88% (Compensated: 2.95% at temperature 33.7)
1299.60	1318.90	1331.64	1346.40	1361.06	1375.96	1392.56	1408.82	1430.06	1450.66	1475.04	1498.26	1525.38	1554.88	1578.32	1599.62	
1623.48	1664.80	1701.66	1754.02	1786.70	1822.20	1860.02	1900.86	1948.82	1996.44	2047.82	2121.62	2201.88	2285.76	2407.92	2558.28	
2755.24	3055.64	3340.74	3529.74	3632.16	3667.62	3678.22	3679.56	3683.70	3694.22	3700.16	3704.48	3695.18	3693.60	3698.62	3696.08	
3693.76	3722.62	3709.96	3715.02	3718.86	3722.74	3725.84	3721.94	3724.40	3727.02	3723.08	3723.10	3727.08	3723.26	3720.14	3731.90	
3735.22	3738.64	3737.10	3738.20	3727.52	3733.12	3727.12	3723.92	3732.10	3725.52	3736.10	3731.24	3738.78	3738.18	3738.06	3742.74	
3741.72	3745.98	3743.24	3741.36	3747.72	3749.94	3744.10	3751.20	3742.58	3752.06	3749.26	3749.40	3755.92	3755.70	3756.26	3760.42	
3760.22	3643.74	3714.16	3751.08	3751.46	3753.94	3755.12	3759.58	3755.46	3750.02	3754.50	3753.04	3755.92	3758.16	3753.52	3752.66	
3751.84	3742.30	3732.14	3735.34	3750.16	3749.16	3747.06	3745.92	3738.44	3729.98	3744.74	3740.34	3747.50	3750.08	3762.78	3723.46	

*******************************************2025/07/27;19:19:56
Probe number 557
Concentration entered by User 1.95% (Compensated: 3.01% at temperature 33.6)
1296.70	1314.42	1327.58	1341.86	1357.58	1371.94	1389.64	1404.98	1426.16	1446.32	1471.10	1494.70	1519.92	1549.40	1573.86	1593.86	
1618.22	1658.88	1691.96	1743.34	1777.72	1817.04	1857.20	1894.68	1949.54	1992.64	2040.78	2104.52	2190.22	2266.96	2391.68	2542.22	
2741.76	3038.60	3324.74	3518.02	3621.98	3656.64	3668.14	3668.18	3672.58	3683.54	3689.94	3694.08	3684.38	3681.96	3687.40	3685.10	
3682.58	3713.16	3699.56	3704.96	3709.10	3713.16	3716.56	3712.44	3714.74	3717.70	3713.70	3713.86	3718.00	3713.88	3710.34	3723.24	
3726.14	3729.74	3727.98	3729.68	3718.68	3724.34	3717.62	3714.18	3723.26	3716.34	3727.44	3722.28	3730.26	3729.54	3729.66	3734.60	
3733.26	3737.50	3734.76	3733.06	3739.98	3741.98	3735.56	3743.40	3734.06	3744.66	3741.62	3741.20	3748.74	3748.16	3748.74	3753.42	
3752.90	3630.88	3704.42	3743.30	3743.94	3746.10	3747.54	3752.24	3748.20	3741.92	3746.84	3745.14	3748.42	3750.82	3745.76	3744.72	
3743.82	3733.80	3722.84	3726.40	3742.44	3741.00	3738.74	3737.48	3730.00	3720.92	3736.50	3731.50	3739.36	3742.06	3755.96	3713.96	

*******************************************2025/07/27;19:24:56
Probe number 558
Concentration entered by User 1.87% (Compensated: 2.93% at temperature 33.6)
1298.98	1316.92	1329.68	1343.96	1359.58	1374.24	1391.98	1408.48	1429.00	1449.20	1475.32	1499.12	1524.72	1553.72	1578.60	1598.32	
1621.44	1660.56	1695.18	1745.88	1783.92	1826.58	1859.44	1901.70	1951.08	1996.52	2049.06	2113.26	2199.42	2287.44	2402.48	2565.92	
2764.50	3062.08	3342.10	3530.84	3632.04	3665.74	3677.66	3678.72	3683.38	3694.22	3699.42	3703.96	3694.80	3692.26	3697.22	3694.92	
3692.96	3721.78	3709.40	3714.72	3717.98	3721.92	3725.12	3721.20	3723.56	3726.56	3722.52	3722.54	3726.04	3722.36	3719.34	3731.30	
3734.36	3737.48	3736.06	3737.76	3726.94	3732.52	3726.14	3723.22	3731.44	3724.80	3735.36	3730.64	3737.88	3737.38	3737.32	3741.62	
3741.04	3745.22	3742.40	3740.64	3747.04	3749.24	3743.34	3750.56	3741.98	3751.48	3748.52	3748.60	3755.32	3755.02	3755.62	3759.66	
3759.62	3642.34	3713.40	3750.46	3750.84	3753.20	3754.24	3758.72	3754.72	3748.96	3754.02	3752.52	3755.42	3757.66	3752.96	3751.58	
3751.02	3741.30	3730.88	3734.48	3749.66	3748.14	3746.22	3745.14	3737.68	3729.26	3743.80	3739.38	3746.68	3749.02	3762.00	3722.92	

*******************************************2025/07/27;19:29:56
Probe number 559
Concentration entered by User 1.88% (Compensated: 2.94% at temperature 33.6)
1297.66	1315.94	1329.30	1343.26	1358.94	1374.22	1391.04	1406.54	1427.84	1447.12	1471.90	1496.26	1525.22	1551.84	1576.22	1596.96	
1621.02	1661.14	1694.68	1747.82	1782.98	1821.62	1859.70	1902.20	1946.06	1996.22	2049.60	2115.32	2202.02	2279.42	2403.86	2563.50	
2761.80	3054.84	3339.24	3533.24	3630.04	3663.72	3675.12	3675.72	3680.70	3691.98	3697.52	3702.44	3692.88	3690.76	3695.48	3693.10	
3690.64	3720.48	3707.54	3712.92	3716.52	3720.08	3723.22	3719.66	3722.00	3724.68	3720.98	3721.20	3724.56	3720.72	3717.30	3729.50	
3732.62	3735.98	3734.44	3736.22	3725.18	3730.74	3724.12	3721.44	3729.52	3723.00	3733.54	3728.62	3736.60	3736.02	3735.72	3740.18	
3739.46	3743.72	3740.94	3738.82	3745.60	3747.66	3741.60	3749.00	3740.26	3749.98	3746.98	3747.12	3754.04	3753.50	3754.36	3758.56	
3758.34	3639.70	3711.40	3748.82	3749.44	3751.44	3752.98	3757.44	3753.54	3747.68	3752.44	3750.94	3753.80	3756.16	3751.16	3750.36	
3749.58	3739.80	3729.38	3732.56	3748.22	3746.66	3744.48	3743.60	3735.80	3727.34	3742.48	3737.80	3745.24	3747.96	3760.82	3720.88	

*******************************************2025/07/27;19:34:56
Probe number 560
Concentration entered by User 1.94% (Compensated: 3.00% at temperature 33.5)
1296.98	1315.00	1327.78	1342.14	1358.38	1372.38	1389.98	1405.12	1426.32	1445.94	1468.98	1494.14	1523.38	1551.58	1574.72	1593.74	
1617.58	1658.56	1692.96	1746.42	1783.84	1816.56	1856.98	1894.80	1945.76	1992.48	2041.56	2110.02	2193.50	2274.34	2398.38	2551.52	
2753.36	3049.44	3326.52	3509.94	3619.32	3654.74	3666.96	3667.52	3671.26	3682.86	3689.38	3693.64	3684.18	3681.86	3686.90	3684.20	
3681.56	3712.94	3699.02	3704.74	3708.24	3712.58	3715.88	3711.74	3714.26	3717.04	3712.98	3713.08	3717.14	3713.06	3709.52	3722.22	
3724.86	3728.72	3727.38	3729.16	3717.92	3723.48	3717.04	3713.54	3722.28	3715.56	3726.52	3721.50	3729.48	3728.72	3728.76	3733.38	
3732.42	3736.98	3734.10	3732.22	3739.08	3741.36	3735.06	3742.46	3733.20	3743.88	3740.58	3740.36	3747.94	3747.46	3748.12	3752.60	
3752.62	3629.64	3703.30	3742.48	3743.12	3745.46	3746.58	3751.62	3747.24	3741.32	3746.38	3744.70	3747.48	3750.28	3744.80	3744.12	
3743.38	3733.02	3721.88	3725.74	3741.78	3740.12	3738.02	3736.88	3729.36	3719.82	3735.56	3731.16	3738.62	3741.40	3755.16	3713.34	

*******************************************2025/07/27;19:39:56
Probe number 561
Concentration entered by User 1.88% (Compensated: 2.93% at temperature 33.6)
1298.18	1315.62	1329.48	1343.78	1360.42	1375.42	1392.88	1406.86	1428.40	1447.90	1471.44	1496.22	1523.68	1552.60	1574.72	1596.56	
1621.14	1663.32	1696.32	1749.88	1785.08	1819.96	1860.24	1905.00	1947.98	1993.72	2046.38	2118.92	2204.86	2285.70	2402.30	2556.78	
2752.34	3059.38	3342.16	3531.04	3631.04	3665.32	3677.70	3677.66	3682.00	3692.84	3698.00	3702.60	3693.48	3691.20	3696.12	3693.86	
3691.44	3721.04	3708.18	3713.64	3716.82	3720.84	3724.08	3720.16	3722.94	3725.24	3721.46	3721.36	3725.18	3721.32	3718.38	3730.14	
3733.00	3736.36	3734.90	3736.60	3725.84	3731.42	3725.08	3721.92	3730.28	3723.40	3734.26	3729.50	3736.86	3736.42	3736.56	3740.98	
3740.12	3744.30	3741.60	3739.84	3746.30	3748.28	3742.16	3749.62	3741.06	3750.48	3747.36	3747.86	3754.40	3754.08	3754.82	3758.88	
3758.68	3641.02	3711.86	3749.42	3750.06	3752.02	3753.26	3757.96	3754.02	3748.22	3753.00	3751.52	3754.36	3756.72	3751.64	3751.00	
3750.20	3740.52	3730.10	3733.44	3748.84	3747.32	3745.34	3744.12	3736.32	3728.02	3743.08	3738.10	3745.72	3748.40	3761.36	3722.00	

*******************************************2025/07/27;19:44:56
Probe number 562
Concentration entered by User 1.91% (Compensated: 2.97% at temperature 33.5)
1297.22	1315.48	1328.96	1343.00	1359.08	1373.94	1391.32	1407.98	1428.58	1446.62	1470.58	1495.90	1523.10	1550.82	1574.24	1595.44	
1618.94	1659.96	1695.64	1746.14	1781.46	1818.42	1851.46	1900.06	1949.42	1992.78	2042.20	2121.12	2191.30	2272.36	2399.88	2551.06	
2739.98	3047.98	3339.68	3523.84	3622.46	3657.68	3670.30	3670.88	3674.10	3685.88	3691.98	3696.84	3687.24	3685.36	3689.86	3687.52	
3685.14	3715.48	3702.48	3707.78	3711.26	3715.44	3718.82	3714.80	3717.06	3720.06	3715.82	3715.66	3720.00	3715.92	3712.56	3725.14	
3727.96	3731.78	3730.06	3731.68	3720.90	3726.34	3719.80	3716.64	3725.28	3718.18	3728.96	3724.28	3732.08	3731.26	3731.12	3736.04	
3735.28	3739.44	3736.88	3734.88	3741.66	3743.58	3737.56	3745.16	3736.10	3746.04	3742.96	3743.08	3750.14	3749.68	3750.26	3754.94	
3754.66	3633.22	3706.30	3744.92	3745.64	3747.98	3748.94	3753.90	3749.34	3743.50	3748.56	3747.24	3750.06	3752.34	3747.22	3746.44	
3745.44	3735.62	3724.66	3728.14	3744.10	3742.74	3740.40	3739.54	3731.74	3722.72	3738.22	3733.50	3741.26	3743.78	3757.46	3716.04	

*******************************************2025/07/27;19:49:56
Probe number 563
Concentration entered by User 1.89% (Compensated: 2.94% at temperature 33.5)
1298.06	1316.60	1329.32	1342.88	1358.90	1374.30	1391.90	1407.40	1428.36	1446.88	1471.36	1495.90	1524.26	1553.06	1576.58	1597.88	
1622.56	1660.68	1698.68	1751.10	1788.18	1824.68	1859.12	1897.04	1949.38	1995.12	2049.38	2118.56	2199.68	2277.26	2401.78	2540.84	
2741.56	3060.20	3336.92	3528.90	3631.18	3663.76	3675.86	3676.78	3681.20	3691.96	3697.90	3702.42	3692.44	3690.46	3695.52	3692.52	
3690.52	3720.16	3707.54	3712.62	3715.66	3720.20	3723.34	3719.84	3722.04	3724.54	3720.80	3720.82	3724.70	3720.56	3717.44	3729.36	
3732.24	3735.98	3734.56	3735.74	3725.36	3730.88	3724.34	3721.02	3729.70	3722.90	3733.52	3728.64	3736.40	3735.74	3735.60	3740.30	
3739.38	3743.60	3740.98	3738.96	3745.64	3747.84	3741.54	3748.94	3740.14	3750.16	3747.06	3746.82	3753.94	3753.60	3754.24	3758.40	
3758.26	3639.46	3711.50	3748.96	3749.38	3751.74	3752.92	3757.38	3753.28	3747.76	3752.28	3751.04	3753.84	3756.10	3751.20	3750.20	
3749.78	3739.96	3729.58	3732.62	3747.92	3746.68	3744.50	3743.26	3735.94	3727.26	3742.52	3737.58	3745.20	3747.68	3760.78	3720.72	

*******************************************2025/07/27;19:54:56
Probe number 564
Concentration entered by User 1.92% (Compensated: 2.97% at temperature 33.5)
1297.16	1315.76	1328.44	1342.74	1358.58	1373.66	1391.64	1406.90	1426.36	1446.06	1468.76	1493.12	1521.94	1551.24	1573.78	1595.76	
1617.64	1659.26	1690.88	1742.80	1781.56	1821.64	1858.16	1900.30	1945.04	2000.72	2051.66	2110.22	2187.42	2271.12	2397.02	2549.96	
2749.58	3051.48	3331.88	3519.66	3621.94	3657.96	3670.94	3671.08	3675.20	3686.88	3693.14	3697.12	3687.64	3685.38	3690.38	3687.74	
3685.44	3715.86	3702.60	3708.06	3711.78	3715.72	3719.22	3715.36	3717.74	3720.56	3716.72	3716.18	3720.44	3716.38	3713.00	3725.36	
3728.60	3732.02	3730.24	3731.76	3721.34	3726.86	3719.94	3716.82	3725.46	3718.56	3729.60	3724.66	3732.20	3731.78	3731.56	3736.40	
3735.60	3739.82	3737.30	3735.08	3742.24	3744.22	3737.78	3745.52	3736.22	3746.66	3743.18	3743.58	3750.66	3750.32	3750.72	3755.14	
3754.92	3634.28	3706.84	3745.34	3746.16	3747.98	3749.50	3754.26	3749.76	3743.84	3748.92	3747.56	3750.36	3752.86	3747.60	3747.02	
3746.06	3735.96	3725.36	3728.80	3744.08	3743.08	3741.40	3739.80	3732.22	3723.32	3738.88	3733.84	3741.46	3744.14	3757.70	3716.58	

*******************************************2025/07/27;19:59:56
Probe number 565
Concentration entered by User 1.96% (Compensated: 3.01% at temperature 33.5)
1297.08	1315.60	1327.30	1341.50	1357.56	1372.88	1390.72	1406.02	1425.42	1445.24	1469.90	1494.86	1521.74	1550.82	1574.04	1594.22	
1620.34	1658.02	1689.18	1742.68	1779.74	1819.00	1854.74	1894.32	1945.72	1993.46	2046.72	2110.06	2187.86	2270.52	2397.08	2547.58	
2746.24	3040.50	3320.36	3513.88	3617.46	3655.34	3668.48	3668.72	3672.46	3684.18	3689.82	3694.56	3684.50	3682.26	3687.64	3684.42	
3681.72	3713.06	3699.80	3704.76	3708.40	3712.80	3716.48	3712.36	3714.78	3717.52	3713.24	3713.40	3717.20	3713.14	3709.88	3722.74	
3725.68	3729.18	3727.72	3729.38	3718.30	3723.84	3717.28	3714.10	3723.10	3715.42	3726.98	3721.88	3730.06	3729.28	3728.98	3734.18	
3733.22	3737.60	3734.20	3732.48	3739.50	3741.60	3735.48	3743.00	3733.98	3744.22	3740.76	3741.18	3748.04	3747.74	3748.54	3752.92	
3752.78	3630.66	3703.68	3742.80	3743.72	3745.78	3747.08	3752.00	3747.70	3741.20	3746.50	3745.12	3748.26	3750.58	3745.42	3744.20	
3743.58	3733.56	3722.56	3725.78	3741.96	3740.62	3738.50	3737.02	3729.42	3720.24	3735.92	3731.12	3739.00	3741.84	3755.48	3713.38	

*******************************************2025/07/27;20:04:56
Probe number 566
Concentration entered by User 1.89% (Compensated: 2.93% at temperature 33.4)
1297.46	1314.90	1328.02	1341.64	1358.34	1373.88	1392.04	1407.94	1428.66	1447.38	1472.08	1496.54	1524.14	1552.24	1576.48	1597.32	
1621.22	1661.64	1695.40	1746.56	1781.86	1820.56	1859.44	1904.02	1952.04	1998.84	2049.26	2111.50	2191.14	2270.44	2390.24	2541.64	
2752.14	3058.10	3337.62	3528.24	3629.90	3664.06	3675.88	3676.36	3680.38	3691.68	3696.98	3701.74	3692.42	3690.02	3694.82	3692.08	
3690.00	3719.56	3707.30	3711.78	3715.58	3719.68	3722.70	3718.58	3721.32	3723.96	3720.04	3719.96	3723.80	3720.16	3716.76	3728.94	
3732.00	3735.32	3733.78	3735.26	3724.70	3730.16	3723.70	3720.26	3728.88	3722.46	3733.14	3728.24	3735.76	3735.16	3735.00	3739.84	
3739.12	3743.16	3740.26	3738.38	3745.20	3747.22	3741.18	3748.54	3739.84	3749.46	3746.58	3746.48	3753.52	3752.98	3753.60	3758.08	
3757.84	3639.00	3710.76	3748.46	3749.22	3751.10	3752.60	3756.90	3752.92	3746.94	3751.76	3750.34	3753.42	3755.82	3750.92	3749.72	
3749.22	3739.46	3728.70	3732.28	3747.58	3745.86	3744.00	3742.62	3735.46	3726.52	3741.90	3737.18	3744.62	3747.12	3760.36	3719.94	

*******************************************2025/07/27;20:09:56
Probe number 567
Concentration entered by User 1.92% (Compensated: 2.97% at temperature 33.4)
1297.36	1315.36	1329.08	1343.34	1359.10	1373.44	1390.94	1406.48	1427.48	1446.92	1471.28	1494.40	1523.26	1553.10	1576.42	1599.04	
1621.76	1661.42	1695.76	1745.70	1785.22	1824.78	1859.72	1903.76	1950.60	1994.34	2046.32	2113.76	2185.12	2272.46	2398.36	2538.72	
2740.36	3044.16	3334.66	3523.34	3624.68	3660.90	3673.52	3673.32	3677.26	3688.70	3694.74	3698.78	3689.34	3687.02	3692.08	3689.52	
3687.34	3717.76	3704.14	3709.54	3712.98	3717.36	3720.48	3716.56	3718.62	3721.98	3717.82	3717.84	3721.52	3717.70	3714.30	3726.64	
3729.54	3733.30	3731.32	3733.18	3722.52	3728.14	3721.34	3717.96	3726.54	3720.20	3730.68	3726.24	3733.76	3732.94	3732.80	3737.44	
3736.66	3740.68	3738.32	3736.36	3743.24	3745.06	3739.02	3746.66	3737.70	3747.64	3744.40	3744.64	3751.66	3751.40	3751.64	3756.20	
3755.92	3635.70	3708.04	3746.38	3746.94	3749.20	3750.40	3755.16	3751.02	3744.86	3750.06	3748.64	3751.36	3753.58	3748.70	3747.82	
3747.02	3737.28	3726.36	3729.78	3745.56	3744.00	3741.76	3740.70	3733.32	3724.40	3739.80	3734.94	3742.62	3745.08	3758.54	3717.76	

*******************************************2025/07/27;20:14:56
Probe number 568
Concentration entered by User 1.91% (Compensated: 2.96% at temperature 33.4)
1297.84	1315.20	1328.72	1343.02	1359.06	1372.98	1390.88	1405.92	1427.36	1447.66	1472.26	1496.10	1523.86	1553.18	1576.60	1597.98	
1622.64	1660.76	1698.40	1745.18	1782.42	1825.22	1859.46	1903.62	1954.82	2001.66	2046.40	2104.08	2189.64	2273.34	2406.86	2553.58	
2751.00	3048.54	3332.76	3525.04	3629.98	3665.36	3677.52	3677.28	3681.04	3692.78	3697.90	3702.28	3692.88	3691.04	3695.62	3693.66	
3690.90	3720.72	3708.04	3712.84	3716.60	3720.38	3723.90	3719.64	3722.32	3724.68	3720.68	3720.78	3724.24	3720.58	3718.08	3729.24	
3732.64	3736.14	3734.22	3735.88	3725.52	3730.72	3724.56	3721.22	3729.64	3722.72	3733.60	3728.90	3736.44	3735.90	3735.40	3740.08	
3739.52	3743.50	3740.86	3739.12	3745.56	3747.68	3741.96	3748.96	3740.34	3750.20	3746.92	3747.14	3753.82	3753.58	3754.22	3758.58	
3758.20	3639.98	3711.24	3748.70	3749.66	3751.66	3752.90	3757.34	3753.38	3747.46	3752.56	3750.96	3754.08	3756.12	3751.30	3750.30	
3749.62	3739.90	3729.70	3732.68	3748.24	3746.56	3744.72	3743.42	3736.22	3727.60	3742.20	3737.60	3744.92	3747.74	3760.78	3720.82	

*******************************************2025/07/27;20:19:56
Probe number 569
Concentration entered by User 1.93% (Compensated: 2.97% at temperature 33.4)
1298.56	1316.78	1329.82	1344.04	1360.38	1374.84	1393.72	1409.44	1430.20	1448.56	1473.18	1497.48	1524.52	1554.30	1577.30	1598.64	
1623.74	1664.46	1700.20	1747.80	1783.42	1823.10	1860.74	1903.22	1951.74	2000.46	2048.26	2115.28	2196.88	2281.50	2394.50	2546.76	
2748.82	3040.98	3324.20	3530.64	3633.32	3666.70	3680.40	3680.30	3684.12	3695.32	3700.36	3704.88	3695.56	3693.22	3697.74	3695.64	
3693.30	3723.26	3710.34	3715.14	3718.40	3722.38	3725.90	3721.72	3724.14	3726.90	3723.10	3723.04	3726.62	3722.38	3719.84	3731.72	
3734.46	3737.78	3736.54	3737.80	3727.42	3732.86	3726.58	3723.16	3731.68	3725.10	3735.40	3730.90	3738.32	3737.88	3737.54	3742.08	
3741.22	3745.16	3742.82	3740.82	3747.68	3749.34	3743.42	3750.68	3742.28	3751.84	3748.90	3748.86	3755.38	3754.94	3755.90	3760.10	
3759.86	3642.82	3713.54	3750.62	3751.24	3753.38	3754.56	3759.12	3754.96	3749.38	3754.00	3752.66	3755.62	3757.92	3753.02	3751.62	
3751.42	3741.62	3731.34	3735.16	3749.90	3748.36	3746.34	3745.06	3738.04	3729.34	3744.16	3739.58	3746.86	3749.32	3762.56	3722.68	

*******************************************2025/07/27;20:24:56
Probe number 570
Concentration entered by User 1.91% (Compensated: 2.95% at temperature 33.4)
1298.58	1317.08	1329.98	1344.10	1360.50	1375.40	1392.48	1408.44	1430.06	1449.22	1472.48	1497.06	1523.98	1553.98	1577.38	1596.98	
1620.88	1660.48	1695.82	1746.08	1782.84	1823.88	1858.18	1900.56	1952.54	1996.58	2042.50	2104.88	2189.54	2277.16	2402.00	2540.30	
2745.56	3047.92	3334.54	3525.04	3629.28	3662.82	3675.74	3676.20	3679.52	3690.26	3695.88	3700.68	3690.66	3688.96	3693.20	3691.26	
3688.68	3718.56	3705.70	3710.78	3714.20	3718.24	3721.56	3717.80	3720.30	3723.08	3719.04	3719.04	3722.82	3718.56	3715.70	3728.34	
3730.84	3734.46	3732.66	3734.20	3723.68	3729.30	3722.56	3719.22	3727.80	3720.92	3731.68	3727.18	3734.60	3733.96	3733.88	3738.46	
3737.88	3741.58	3739.28	3737.56	3744.10	3745.92	3740.02	3747.40	3738.78	3748.38	3745.60	3745.38	3752.62	3751.82	3752.46	3757.12	
3756.80	3637.54	3709.54	3747.34	3748.04	3750.14	3751.44	3756.16	3752.06	3745.96	3750.88	3749.58	3752.24	3754.82	3749.62	3748.52	
3748.00	3738.02	3727.36	3730.80	3746.50	3744.90	3743.00	3741.62	3734.26	3725.44	3740.56	3736.06	3743.52	3746.10	3759.38	3719.00	

*******************************************2025/07/27;20:29:56
Probe number 571
Concentration entered by User 1.94% (Compensated: 2.98% at temperature 33.3)
1296.38	1314.24	1327.34	1342.22	1358.38	1373.54	1389.58	1405.72	1426.24	1445.36	1470.36	1495.04	1523.22	1551.00	1573.66	1594.86	
1618.40	1658.14	1691.96	1742.84	1779.06	1820.58	1856.54	1901.34	1944.98	1992.98	2042.70	2113.28	2184.38	2272.40	2389.62	2539.42	
2740.38	3045.44	3323.76	3518.80	3622.96	3656.82	3668.64	3669.18	3673.28	3684.56	3690.38	3694.80	3685.20	3683.02	3688.06	3685.60	
3682.40	3713.52	3700.40	3705.30	3709.38	3713.32	3716.72	3712.88	3715.26	3717.56	3714.26	3713.66	3717.72	3713.70	3710.54	3722.82	
3726.04	3729.82	3727.88	3729.36	3718.94	3724.40	3717.56	3714.10	3723.28	3715.90	3727.42	3722.08	3730.20	3729.56	3729.24	3733.92	
3733.24	3737.52	3734.94	3733.08	3739.92	3741.66	3735.82	3743.26	3734.08	3744.38	3741.20	3741.24	3748.54	3748.24	3748.98	3753.18	
3752.70	3630.70	3703.86	3742.94	3743.82	3745.98	3747.58	3752.30	3747.96	3741.84	3746.72	3745.66	3748.50	3750.76	3745.66	3744.84	
3744.26	3733.76	3722.88	3725.96	3742.44	3740.76	3738.68	3737.50	3730.00	3720.66	3736.30	3731.58	3739.14	3741.80	3755.76	3713.82	

*******************************************2025/07/27;20:34:56
Probe number 572
Concentration entered by User 1.92% (Compensated: 2.96% at temperature 33.3)
1297.70	1316.22	1329.20	1343.38	1358.50	1374.22	1392.16	1407.62	1428.02	1447.24	1471.58	1496.70	1524.74	1553.34	1574.14	1596.22	
1621.42	1659.92	1692.94	1742.26	1780.12	1819.88	1858.58	1903.44	1953.24	1996.12	2045.08	2112.48	2188.74	2271.84	2397.00	2548.48	
2747.00	3043.60	3332.00	3526.44	3627.80	3664.08	3676.58	3676.82	3680.98	3690.86	3697.26	3701.24	3691.98	3689.50	3694.72	3691.64	
3689.32	3719.50	3706.66	3711.22	3715.04	3718.58	3722.26	3718.34	3720.96	3723.46	3719.44	3719.28	3722.78	3719.04	3716.12	3728.30	
3731.32	3734.48	3733.08	3734.50	3723.96	3729.22	3723.00	3719.56	3728.48	3721.52	3732.16	3727.22	3734.94	3734.50	3734.42	3738.78	
3737.94	3742.18	3739.34	3737.74	3744.50	3746.54	3740.70	3747.76	3739.10	3749.00	3745.68	3745.80	3752.60	3752.12	3753.12	3757.42	
3756.98	3638.06	3709.62	3747.60	3748.42	3750.52	3751.50	3756.30	3752.14	3746.02	3751.44	3749.88	3752.78	3754.90	3750.10	3748.94	
3748.68	3738.44	3727.96	3731.36	3746.96	3745.28	3743.28	3742.22	3734.74	3725.86	3741.16	3736.56	3743.70	3746.50	3759.84	3719.28	

*******************************************2025/07/27;20:39:56
Probe number 573
Concentration entered by User 1.94% (Compensated: 2.97% at temperature 33.3)
1296.98	1315.74	1329.44	1343.38	1358.70	1373.92	1391.10	1407.50	1428.04	1445.80	1471.02	1495.86	1524.46	1553.38	1576.58	1598.02	
1621.44	1658.62	1695.10	1744.26	1783.30	1824.38	1857.38	1900.34	1947.62	1987.78	2046.96	2114.06	2186.36	2284.68	2406.94	2539.82	
2742.12	3043.36	3324.70	3523.18	3628.40	3663.76	3677.02	3676.48	3680.16	3691.14	3696.80	3701.76	3691.82	3689.30	3694.06	3691.48	
3689.18	3719.10	3706.36	3711.68	3714.78	3719.06	3722.44	3717.90	3720.72	3723.36	3719.44	3719.14	3722.74	3719.08	3716.08	3728.18	
3731.30	3734.90	3733.12	3734.54	3724.00	3729.62	3723.22	3719.70	3728.40	3721.48	3732.46	3727.36	3735.00	3734.80	3734.12	3738.96	
3738.18	3742.50	3739.80	3737.86	3744.88	3746.52	3740.74	3747.72	3739.10	3748.98	3745.64	3746.06	3752.70	3752.60	3753.28	3757.58	
3757.10	3638.16	3710.16	3747.64	3748.58	3750.36	3751.64	3756.44	3752.66	3746.34	3751.58	3749.82	3752.68	3754.86	3750.34	3749.18	
3748.52	3738.50	3727.90	3731.34	3746.74	3745.50	3743.40	3742.14	3734.78	3725.90	3741.32	3736.58	3744.08	3746.36	3759.88	3719.44	

*******************************************2025/07/27;20:44:56
Probe number 574
Concentration entered by User 1.95% (Compensated: 2.98% at temperature 33.3)
1296.64	1314.78	1328.96	1343.18	1358.86	1374.62	1392.24	1408.08	1428.68	1446.78	1471.74	1496.94	1524.82	1553.50	1577.02	1597.28	
1621.64	1660.38	1696.80	1745.64	1780.70	1822.62	1857.52	1902.42	1951.56	1994.28	2046.50	2100.60	2190.30	2279.48	2397.66	2544.48	
2744.14	3035.28	3322.80	3522.46	3628.24	3661.96	3674.54	3674.88	3678.84	3689.88	3695.36	3700.20	3690.86	3688.20	3692.88	3690.68	
3688.20	3718.00	3705.26	3709.96	3714.14	3718.12	3721.04	3717.10	3719.60	3722.02	3718.28	3717.64	3721.72	3717.94	3715.02	3727.26	
3730.08	3733.92	3732.10	3733.36	3722.78	3728.04	3721.98	3718.08	3727.38	3720.04	3731.10	3726.32	3734.00	3733.66	3733.44	3737.96	
3737.28	3741.42	3738.72	3736.56	3743.42	3745.56	3739.34	3747.04	3737.80	3748.20	3744.68	3744.92	3751.78	3751.52	3752.08	3756.34	
3756.20	3636.72	3708.46	3746.92	3747.50	3749.54	3750.90	3755.56	3751.58	3745.42	3750.58	3748.88	3751.86	3754.32	3749.18	3748.16	
3747.60	3737.66	3727.16	3730.36	3745.80	3744.58	3742.24	3741.10	3733.50	3724.72	3740.04	3735.38	3742.92	3745.16	3758.62	3718.26	

*******************************************2025/07/27;20:49:56
Probe number 575
Concentration entered by User 1.94% (Compensated: 2.97% at temperature 33.3)
1296.66	1315.42	1328.40	1342.96	1359.04	1373.16	1391.06	1407.80	1427.52	1446.36	1469.42	1495.02	1523.68	1552.66	1576.50	1598.32	
1621.92	1661.54	1697.60	1744.24	1783.02	1821.88	1858.88	1902.72	1947.38	1992.76	2045.10	2107.76	2191.72	2278.78	2400.52	2551.48	
2751.70	3044.62	3322.30	3518.94	3628.46	3664.62	3676.84	3677.16	3680.68	3691.50	3697.32	3702.28	3692.98	3690.54	3695.20	3692.48	
3690.04	3720.02	3707.46	3712.08	3715.76	3719.70	3722.98	3719.14	3721.42	3724.06	3719.96	3719.96	3723.90	3719.88	3716.82	3728.88	
3731.64	3735.54	3734.04	3735.06	3724.68	3729.98	3723.88	3719.94	3728.60	3722.12	3733.04	3728.12	3735.74	3735.24	3734.90	3739.26	
3739.00	3743.08	3740.38	3738.42	3745.44	3747.20	3741.42	3748.30	3739.56	3749.42	3746.50	3746.44	3753.46	3753.06	3753.96	3758.02	
3757.88	3638.86	3710.54	3748.18	3748.84	3750.94	3752.36	3756.80	3753.02	3746.88	3752.10	3750.24	3753.42	3755.58	3750.80	3749.78	
3749.16	3739.06	3728.94	3731.82	3747.50	3746.10	3743.86	3742.62	3735.52	3726.30	3741.66	3737.00	3744.50	3747.16	3760.50	3720.12	

*******************************************2025/07/27;20:54:56
Probe number 576
Concentration entered by User 1.96% (Compensated: 2.99% at temperature 33.3)
1296.78	1315.32	1327.86	1343.52	1358.48	1372.62	1390.44	1406.38	1428.32	1447.08	1469.76	1494.62	1523.30	1552.14	1575.44	1595.36	
1619.98	1660.36	1694.66	1745.52	1785.44	1820.52	1854.64	1893.58	1942.04	1990.88	2044.14	2104.30	2185.88	2273.40	2393.58	2554.50	
2740.44	3041.78	3316.54	3517.70	3626.02	3660.56	3672.44	3672.48	3676.24	3687.28	3692.76	3697.48	3687.56	3685.44	3690.24	3687.74	
3685.08	3715.52	3702.82	3707.54	3711.16	3715.68	3718.74	3714.78	3717.18	3719.62	3716.10	3715.54	3719.38	3715.56	3712.68	3725.10	
3727.82	3731.46	3729.90	3731.30	3720.36	3726.18	3719.54	3716.00	3724.92	3717.54	3729.00	3724.06	3731.92	3731.02	3730.80	3735.72	
3735.22	3739.06	3736.66	3734.06	3741.46	3743.40	3737.20	3744.80	3735.60	3745.84	3742.72	3742.76	3749.70	3749.46	3750.10	3754.84	
3754.38	3633.12	3705.82	3744.40	3745.14	3747.18	3748.84	3753.62	3749.42	3743.04	3748.44	3746.72	3749.64	3752.12	3747.30	3746.08	
3745.80	3735.00	3724.66	3728.16	3743.86	3741.94	3740.40	3738.96	3731.52	3722.24	3737.94	3733.32	3740.74	3743.32	3757.14	3715.56	

*******************************************2025/07/27;20:59:56
Probe number 577
Concentration entered by User 1.93% (Compensated: 2.96% at temperature 33.2)
1296.68	1314.52	1327.64	1342.48	1358.24	1372.80	1389.92	1406.74	1426.50	1445.02	1470.98	1496.68	1524.92	1555.02	1575.20	1596.42	
1619.64	1659.88	1693.32	1743.60	1779.86	1822.74	1857.98	1900.06	1948.68	1992.20	2045.38	2106.64	2184.64	2275.32	2400.90	2540.46	
2742.90	3047.24	3327.64	3519.26	3628.46	3663.10	3675.24	3674.76	3677.92	3688.94	3694.86	3699.84	3690.04	3688.10	3692.90	3690.28	
3687.30	3717.76	3704.64	3709.70	3713.14	3717.26	3720.70	3716.62	3719.18	3721.40	3717.64	3717.52	3721.24	3716.96	3714.18	3726.60	
3729.60	3733.18	3731.36	3732.86	3722.36	3727.38	3721.44	3717.40	3726.74	3719.12	3730.46	3725.82	3732.96	3732.94	3732.36	3737.18	
3736.46	3740.80	3737.84	3736.18	3742.92	3744.88	3738.76	3746.42	3737.34	3747.66	3744.34	3744.30	3751.14	3751.16	3751.64	3756.34	
3755.72	3635.46	3707.64	3746.20	3746.90	3748.82	3750.38	3754.66	3750.92	3744.72	3750.26	3748.08	3751.38	3753.52	3748.56	3747.64	
3746.82	3736.80	3726.22	3729.70	3745.62	3743.84	3741.72	3740.48	3732.80	3723.90	3739.40	3734.96	3742.32	3744.64	3758.54	3717.00	

*******************************************2025/07/27;21:04:56
Probe number 578
Concentration entered by User 1.92% (Compensated: 2.95% at temperature 33.3)
1297.56	1314.60	1327.10	1341.86	1358.40	1373.02	1391.66	1408.86	1428.72	1446.92	1471.78	1495.22	1523.34	1552.90	1575.44	1596.04	
1618.80	1656.88	1691.12	1746.20	1784.00	1823.90	1861.52	1902.74	1946.16	1991.92	2045.46	2110.02	2188.92	2280.86	2401.30	2545.58	
2741.00	3046.72	3329.02	3529.20	3631.96	3663.76	3676.14	3676.68	3680.28	3691.60	3697.40	3701.96	3692.64	3690.30	3694.66	3691.76	
3688.78	3719.66	3706.74	3711.72	3715.30	3719.20	3722.38	3718.24	3720.88	3723.32	3719.58	3719.30	3723.00	3719.10	3716.00	3728.20	
3731.12	3734.96	3733.04	3734.70	3723.96	3729.42	3723.10	3719.24	3728.42	3721.34	3732.26	3727.20	3735.04	3734.88	3734.10	3738.86	
3738.36	3742.30	3739.38	3737.98	3744.76	3746.30	3740.52	3747.80	3739.04	3749.08	3746.02	3745.86	3752.86	3752.52	3753.20	3757.52	
3757.10	3637.96	3709.96	3747.76	3748.46	3750.26	3751.52	3756.22	3752.22	3746.38	3751.32	3749.78	3753.00	3755.14	3750.14	3749.18	
3748.50	3738.40	3728.34	3731.50	3746.78	3745.16	3743.36	3742.12	3734.62	3725.96	3740.82	3736.44	3743.62	3746.42	3760.12	3719.14	

*******************************************2025/07/27;21:09:56
Probe number 579
Concentration entered by User 1.95% (Compensated: 2.98% at temperature 33.2)
1296.76	1314.14	1327.14	1341.96	1358.12	1372.70	1389.92	1406.70	1425.86	1445.16	1469.50	1494.94	1522.82	1552.44	1575.32	1595.48	
1617.46	1660.78	1694.08	1742.70	1781.32	1822.26	1858.18	1902.92	1944.80	1984.54	2046.90	2106.74	2183.60	2270.36	2393.86	2539.06	
2734.32	3039.40	3319.86	3522.80	3627.16	3661.78	3673.70	3674.26	3677.22	3688.40	3694.58	3698.92	3689.30	3687.16	3691.76	3688.98	
3686.10	3716.82	3703.76	3708.96	3712.24	3716.50	3719.72	3715.70	3718.22	3720.52	3716.80	3716.54	3720.44	3716.50	3713.30	3725.40	
3728.62	3732.02	3730.78	3732.20	3721.10	3726.70	3720.54	3717.18	3726.00	3718.60	3729.62	3724.86	3732.56	3732.36	3731.78	3736.34	
3735.86	3739.88	3737.08	3735.38	3742.36	3744.24	3738.20	3745.70	3736.66	3747.00	3743.60	3743.58	3750.36	3750.32	3750.84	3755.34	
3754.76	3634.60	3706.98	3745.52	3745.92	3748.02	3749.52	3754.26	3750.02	3743.64	3749.26	3747.56	3750.68	3753.12	3747.82	3747.02	
3746.28	3736.10	3725.20	3728.62	3744.60	3742.76	3740.84	3739.62	3732.16	3722.96	3738.62	3733.84	3741.44	3744.08	3758.02	3716.58	

*******************************************2025/07/27;21:14:56
Probe number 580
Concentration entered by User 1.91% (Compensated: 2.94% at temperature 33.2)
1295.08	1313.12	1326.30	1340.04	1356.56	1370.78	1388.90	1405.86	1427.10	1446.28	1470.78	1496.16	1524.08	1550.72	1572.94	1593.04	
1615.80	1657.36	1693.80	1742.78	1781.76	1820.46	1860.06	1900.62	1948.80	1987.98	2040.64	2103.68	2184.04	2278.90	2391.00	2538.96	
2741.74	3048.18	3334.62	3523.44	3628.12	3662.00	3674.04	3673.70	3676.54	3688.08	3694.46	3699.26	3689.48	3686.96	3691.48	3688.98	
3686.34	3716.86	3703.62	3708.60	3712.48	3716.20	3719.74	3715.60	3717.90	3720.66	3716.56	3716.70	3720.50	3716.34	3713.60	3725.74	
3728.58	3732.30	3730.60	3732.26	3721.42	3726.88	3720.58	3716.76	3725.84	3718.66	3729.72	3724.86	3732.30	3731.94	3731.64	3736.24	
3735.90	3739.80	3737.22	3735.24	3742.46	3744.20	3738.32	3745.50	3736.68	3746.82	3743.44	3743.40	3750.70	3750.20	3750.80	3755.36	
3755.00	3634.18	3706.98	3745.46	3746.06	3748.22	3749.70	3754.26	3750.44	3744.32	3749.06	3747.56	3750.82	3753.26	3748.10	3747.16	
3746.42	3736.36	3725.48	3728.88	3744.76	3742.96	3741.18	3739.78	3732.36	3723.16	3738.46	3734.12	3741.50	3744.00	3757.74	3716.68	

*******************************************2025/07/27;21:19:56
Probe number 581
Concentration entered by User 1.91% (Compensated: 2.93% at temperature 33.2)
1297.38	1315.80	1328.76	1342.30	1358.76	1374.56	1392.36	1408.98	1428.72	1445.90	1470.76	1496.52	1523.48	1551.82	1576.78	1597.44	
1620.14	1661.16	1695.84	1744.90	1785.52	1823.58	1865.52	1902.42	1952.76	1990.12	2042.80	2110.70	2187.68	2272.24	2394.44	2544.52	
2743.22	3050.62	3334.20	3527.00	3630.00	3664.84	3676.38	3676.74	3680.16	3691.40	3697.28	3701.90	3691.98	3689.74	3694.44	3691.98	
3689.48	3719.28	3706.58	3710.78	3714.86	3719.00	3721.98	3718.00	3720.52	3722.62	3719.10	3718.74	3722.62	3718.66	3715.40	3727.88	
3730.62	3734.48	3732.76	3734.06	3724.00	3728.84	3722.80	3718.88	3727.72	3720.92	3731.56	3727.04	3734.62	3734.12	3733.90	3738.56	
3737.96	3742.14	3739.28	3737.20	3744.44	3746.08	3740.04	3747.48	3738.36	3748.54	3745.44	3745.40	3752.56	3752.06	3752.52	3756.96	
3756.62	3637.24	3709.24	3747.10	3747.84	3750.16	3751.42	3755.92	3752.04	3745.96	3751.02	3749.20	3752.48	3754.62	3749.70	3748.90	
3748.18	3738.30	3727.66	3730.58	3746.50	3744.78	3742.86	3741.78	3734.50	3724.94	3740.62	3735.92	3743.54	3745.98	3759.54	3718.72	

*******************************************2025/07/27;21:24:56
Probe number 582
Concentration entered by User 1.94% (Compensated: 2.96% at temperature 33.2)
1295.88	1313.78	1327.04	1341.18	1357.50	1371.78	1389.98	1406.38	1427.08	1444.92	1468.24	1493.38	1520.40	1549.98	1573.48	1595.20	
1618.68	1658.52	1691.50	1743.10	1780.74	1816.74	1855.38	1897.72	1950.04	1989.62	2051.66	2106.50	2187.68	2267.78	2395.12	2535.04	
2744.02	3040.08	3328.20	3517.58	3625.62	3660.00	3671.84	3670.92	3673.82	3685.48	3692.02	3696.78	3686.40	3684.24	3689.40	3686.46	
3683.88	3714.88	3701.36	3706.34	3709.92	3714.14	3717.78	3713.24	3715.76	3718.08	3714.78	3713.88	3718.22	3714.48	3710.96	3723.64	
3726.98	3730.08	3728.76	3730.20	3719.00	3724.82	3718.58	3714.74	3723.80	3716.44	3727.84	3722.70	3730.36	3729.78	3729.70	3734.36	
3734.06	3738.10	3735.58	3733.26	3740.60	3742.58	3736.24	3743.86	3734.84	3745.12	3741.50	3741.66	3748.88	3748.58	3749.24	3753.50	
3753.34	3631.42	3704.50	3743.52	3744.48	3746.18	3747.60	3752.56	3748.16	3742.12	3747.44	3745.78	3748.78	3751.28	3746.02	3745.16	
3744.80	3734.38	3723.22	3727.04	3742.74	3740.82	3738.94	3737.58	3730.40	3720.90	3736.48	3731.74	3739.76	3742.16	3756.36	3714.08	

*******************************************2025/07/27;21:29:56
Probe number 583
Concentration entered by User 1.96% (Compensated: 2.98% at temperature 33.1)
1297.10	1315.16	1327.66	1341.72	1357.42	1372.82	1391.16	1407.06	1428.08	1444.76	1468.46	1493.36	1523.12	1551.70	1574.42	1593.84	
1616.14	1658.46	1692.48	1741.18	1777.24	1820.28	1860.18	1901.40	1946.54	1986.58	2042.66	2108.50	2190.28	2278.24	2393.10	2527.92	
2732.54	3033.32	3323.48	3521.10	3623.12	3658.40	3671.50	3671.64	3674.94	3686.44	3692.34	3696.98	3687.28	3684.92	3690.26	3687.34	
3684.92	3715.24	3702.22	3707.20	3710.56	3714.84	3718.00	3713.96	3716.70	3718.90	3715.24	3714.72	3718.70	3715.04	3711.62	3724.00	
3727.56	3730.88	3729.08	3730.66	3719.50	3725.22	3719.02	3715.34	3724.08	3717.10	3728.24	3723.04	3730.84	3730.54	3730.22	3734.84	
3734.42	3738.26	3735.76	3733.86	3740.86	3742.78	3736.64	3744.16	3734.96	3745.16	3742.16	3742.00	3749.50	3749.00	3749.60	3754.02	
3753.92	3631.94	3705.02	3744.30	3744.88	3746.50	3748.38	3753.10	3749.06	3742.44	3747.84	3746.14	3749.42	3751.62	3746.80	3745.76	
3744.92	3734.52	3723.78	3727.04	3743.12	3741.70	3739.68	3738.12	3730.84	3721.30	3737.40	3732.30	3740.16	3742.64	3756.64	3714.72	

*******************************************2025/07/27;21:34:56
Probe number 584
Concentration entered by User 1.99% (Compensated: 3.01% at temperature 33.1)
1295.16	1313.30	1326.38	1340.38	1356.26	1371.06	1388.88	1405.06	1425.12	1444.32	1468.34	1493.18	1520.00	1547.74	1571.10	1592.70	
1616.22	1656.34	1689.88	1740.62	1778.42	1815.24	1856.54	1901.20	1944.08	1988.56	2045.06	2100.42	2181.80	2275.10	2392.00	2532.66	
2737.58	3020.62	3321.78	3509.64	3616.64	3653.02	3665.88	3666.08	3669.08	3681.04	3687.06	3691.78	3682.04	3679.30	3684.34	3681.86	
3678.92	3710.26	3697.04	3702.20	3705.20	3709.92	3713.14	3709.14	3711.54	3714.16	3709.98	3709.88	3713.66	3709.68	3706.58	3719.34	
3722.58	3726.16	3724.72	3726.18	3714.96	3720.48	3713.98	3709.94	3719.52	3712.02	3723.46	3718.48	3726.30	3726.22	3725.70	3730.58	
3729.84	3734.52	3731.36	3729.30	3736.76	3738.74	3732.48	3739.84	3730.80	3741.52	3738.02	3737.74	3745.38	3745.12	3745.58	3750.38	
3750.32	3625.42	3699.98	3739.84	3740.78	3742.68	3744.36	3749.32	3744.86	3738.56	3744.20	3742.30	3745.56	3747.92	3742.66	3741.46	
3741.00	3730.38	3719.26	3722.58	3739.10	3737.40	3735.54	3733.92	3726.60	3716.74	3733.12	3728.36	3735.90	3738.58	3752.94	3709.82	

*******************************************2025/07/27;21:39:56
Probe number 585
Concentration entered by User 1.95% (Compensated: 2.97% at temperature 33.1)
1296.22	1314.32	1327.96	1343.30	1359.46	1374.18	1390.34	1405.94	1427.08	1445.44	1470.04	1495.12	1522.32	1550.76	1575.02	1595.56	
1618.94	1661.62	1697.52	1744.20	1782.98	1824.44	1861.74	1896.60	1944.30	1991.26	2045.92	2106.88	2189.46	2275.98	2403.02	2547.90	
2736.30	3030.88	3325.32	3522.28	3627.04	3663.86	3676.16	3676.22	3679.12	3690.40	3696.22	3700.54	3691.10	3689.14	3693.78	3691.04	
3688.54	3718.46	3705.94	3710.52	3714.10	3718.46	3721.44	3717.34	3720.02	3722.16	3718.38	3718.48	3721.98	3718.14	3715.32	3727.76	
3730.28	3733.64	3732.28	3733.70	3723.10	3728.14	3722.02	3718.46	3727.64	3720.20	3731.18	3726.62	3734.20	3734.08	3733.36	3737.92	
3737.26	3741.62	3738.86	3736.60	3743.82	3745.84	3739.90	3746.90	3738.14	3748.06	3745.10	3744.96	3751.96	3751.42	3752.10	3756.82	
3756.64	3636.44	3708.52	3746.64	3747.66	3749.48	3750.94	3755.38	3751.64	3745.44	3750.70	3748.88	3752.12	3754.20	3749.40	3748.34	
3747.68	3737.78	3726.96	3730.06	3745.90	3744.46	3742.52	3741.16	3734.06	3724.66	3740.00	3735.52	3742.84	3745.34	3759.12	3717.98	

*******************************************2025/07/27;21:44:56
Probe number 586
Concentration entered by User 1.96% (Compensated: 2.98% at temperature 33.1)
1297.38	1315.30	1327.70	1343.06	1358.20	1373.78	1391.12	1407.70	1427.06	1444.98	1470.98	1496.74	1524.18	1552.62	1572.46	1594.58	
1620.26	1661.40	1696.36	1745.98	1782.96	1822.34	1857.32	1900.88	1947.68	1991.52	2043.06	2107.06	2188.74	2287.84	2392.60	2532.54	
2731.84	3032.70	3320.72	3520.14	3628.18	3665.50	3676.64	3676.50	3679.72	3690.88	3696.96	3701.82	3691.32	3689.44	3694.68	3691.72	
3689.08	3719.20	3706.84	3711.02	3714.58	3718.60	3722.16	3717.96	3720.44	3722.98	3719.08	3718.76	3722.34	3718.80	3715.78	3727.90	
3730.88	3734.26	3732.96	3734.34	3723.58	3728.76	3722.54	3719.14	3728.00	3721.40	3731.66	3727.06	3734.96	3734.06	3734.02	3738.44	
3737.80	3742.08	3739.32	3737.42	3744.24	3746.12	3740.34	3747.32	3738.80	3748.72	3745.54	3745.60	3752.40	3752.02	3752.72	3757.32	
3756.78	3637.46	3709.26	3747.20	3748.26	3750.12	3751.54	3756.10	3752.06	3745.94	3751.20	3749.32	3752.34	3755.00	3750.10	3748.86	
3748.42	3738.34	3727.80	3730.76	3746.58	3744.78	3743.34	3741.70	3734.58	3725.12	3740.54	3735.98	3743.32	3745.88	3759.72	3718.70	

*******************************************2025/07/27;21:49:56
Probe number 587
Concentration entered by User 2.02% (Compensated: 3.04% at temperature 33.0)
1294.58	1312.16	1325.48	1340.62	1356.56	1371.14	1388.04	1403.60	1423.80	1442.18	1466.24	1491.34	1517.90	1547.80	1568.86	1588.50	
1614.52	1657.18	1691.26	1741.90	1779.98	1816.90	1855.98	1896.56	1945.78	1989.80	2035.76	2099.12	2175.96	2273.42	2389.18	2529.76	
2737.00	3021.80	3302.82	3504.68	3615.48	3651.96	3664.90	3665.16	3668.18	3680.06	3686.38	3691.34	3680.98	3678.76	3683.42	3681.16	
3677.82	3709.38	3696.20	3701.24	3704.82	3709.18	3712.62	3708.46	3710.78	3713.52	3709.04	3709.10	3712.72	3709.02	3705.72	3718.60	
3721.96	3725.54	3723.92	3725.20	3714.16	3719.66	3713.48	3709.24	3718.70	3711.36	3722.76	3717.74	3725.46	3725.40	3725.10	3729.80	
3729.26	3733.74	3730.78	3728.82	3736.50	3738.24	3731.86	3739.28	3729.94	3740.54	3737.42	3737.26	3744.70	3744.38	3744.96	3749.80	
3749.28	3624.24	3699.30	3739.04	3740.04	3742.04	3743.64	3748.56	3744.20	3737.74	3743.36	3741.36	3744.54	3747.32	3741.82	3740.86	
3740.16	3729.18	3718.62	3721.60	3738.50	3736.48	3734.56	3733.18	3725.68	3715.84	3731.90	3726.96	3735.34	3737.90	3752.48	3709.08	

*******************************************2025/07/27;21:54:56
Probe number 588
Concentration entered by User 1.98% (Compensated: 3.00% at temperature 33.1)
1296.92	1314.46	1327.76	1342.06	1357.80	1372.52	1390.72	1407.62	1427.94	1445.96	1469.36	1495.66	1523.16	1551.58	1574.96	1596.00	
1619.92	1658.94	1696.70	1746.66	1783.18	1820.06	1856.48	1900.34	1947.96	1992.92	2041.30	2099.02	2180.72	2274.34	2409.86	2541.82	
2737.64	3031.64	3314.14	3516.98	3623.54	3661.66	3673.42	3674.30	3676.96	3688.24	3695.10	3698.82	3688.80	3687.12	3691.58	3689.44	
3686.14	3716.68	3703.78	3708.32	3712.28	3716.28	3719.36	3715.56	3718.00	3720.40	3716.54	3716.18	3720.02	3716.40	3713.20	3725.30	
3728.20	3731.78	3730.40	3731.96	3721.46	3726.48	3720.56	3716.50	3725.64	3718.18	3729.38	3724.66	3732.44	3731.94	3731.46	3736.36	
3735.84	3739.96	3736.98	3734.96	3742.52	3744.06	3738.20	3745.34	3736.26	3746.38	3743.22	3743.62	3750.44	3750.22	3750.78	3755.06	
3754.82	3633.80	3706.46	3744.76	3745.82	3747.90	3749.40	3754.20	3750.08	3744.00	3749.10	3747.46	3750.48	3752.86	3747.98	3746.94	
3746.32	3735.90	3725.46	3728.68	3744.44	3742.92	3740.78	3739.46	3732.16	3722.74	3738.32	3733.94	3741.24	3743.60	3757.76	3716.10	

*******************************************2025/07/27;21:59:56
Probe number 589
Concentration entered by User 1.91% (Compensated: 2.92% at temperature 33.0)
1298.54	1317.32	1330.36	1344.46	1360.44	1376.00	1394.30	1409.44	1429.52	1447.88	1472.08	1496.64	1524.74	1554.30	1577.14	1599.36	
1623.36	1665.22	1699.66	1749.74	1788.06	1823.16	1859.98	1905.68	1954.32	2000.00	2055.44	2109.92	2191.48	2276.66	2409.94	2553.54	
2751.24	3040.00	3336.32	3531.42	3636.32	3671.88	3684.34	3684.90	3686.24	3697.34	3703.64	3707.78	3698.82	3696.62	3701.76	3698.94	
3695.80	3725.14	3712.68	3717.36	3721.00	3724.74	3727.78	3723.54	3725.96	3728.36	3724.76	3724.48	3728.00	3724.74	3721.22	3733.32	
3736.14	3739.52	3738.10	3739.32	3729.22	3734.26	3728.70	3724.98	3733.36	3726.52	3737.06	3732.40	3739.82	3739.26	3739.30	3743.28	
3742.94	3746.96	3744.46	3742.40	3749.64	3750.84	3745.50	3751.98	3743.76	3753.38	3750.50	3749.98	3757.06	3756.48	3757.10	3761.50	
3760.98	3645.14	3715.54	3752.10	3752.80	3754.70	3755.94	3760.34	3756.70	3750.70	3755.74	3754.16	3757.18	3759.42	3754.52	3753.78	
3752.86	3743.62	3733.18	3736.16	3751.44	3749.54	3748.12	3746.76	3739.68	3730.74	3745.84	3741.14	3748.60	3750.62	3763.92	3724.48	

*******************************************2025/07/27;22:04:56
Probe number 590
Concentration entered by User 2.01% (Compensated: 3.02% at temperature 33.0)
1296.38	1315.00	1327.60	1342.54	1358.62	1372.84	1390.48	1408.36	1427.96	1447.12	1470.06	1493.84	1520.18	1549.36	1572.02	1594.78	
1619.08	1659.74	1693.12	1744.58	1778.48	1818.26	1857.76	1900.26	1948.58	1993.76	2042.32	2106.76	2185.18	2274.98	2395.88	2540.62	
2737.08	3026.66	3305.78	3508.88	3620.48	3658.84	3671.72	3672.18	3674.90	3686.74	3692.84	3698.02	3688.12	3685.80	3690.70	3688.42	
3685.18	3716.00	3703.06	3707.64	3711.24	3715.30	3718.66	3714.32	3716.92	3719.26	3715.30	3715.10	3719.08	3715.06	3711.62	3724.38	
3727.68	3731.18	3729.66	3730.90	3720.12	3725.44	3719.62	3715.68	3724.90	3717.30	3728.32	3723.80	3731.42	3731.22	3730.52	3735.36	
3734.72	3738.70	3736.16	3734.14	3741.40	3743.16	3737.22	3744.42	3735.58	3745.96	3742.70	3742.68	3749.58	3748.98	3749.76	3754.54	
3754.10	3632.38	3705.30	3744.28	3745.38	3747.26	3748.56	3753.12	3749.30	3742.92	3748.26	3746.60	3749.78	3752.00	3746.82	3746.10	
3745.48	3735.18	3724.56	3727.42	3743.50	3741.86	3739.94	3738.36	3731.20	3721.74	3737.60	3732.84	3740.48	3743.04	3756.94	3715.34	

*******************************************2025/07/27;22:09:56
Probe number 591
Concentration entered by User 1.94% (Compensated: 2.94% at temperature 33.0)
1297.82	1316.38	1329.38	1343.36	1359.50	1374.68	1393.04	1409.94	1430.48	1449.58	1472.82	1498.00	1524.40	1553.78	1576.76	1599.14	
1623.28	1663.22	1696.20	1748.72	1788.46	1826.32	1861.80	1905.66	1949.66	1997.24	2047.36	2101.92	2188.64	2284.10	2407.26	2550.76	
2747.06	3043.26	3322.90	3525.58	3632.30	3669.74	3681.32	3683.14	3685.58	3697.10	3702.66	3707.10	3697.44	3695.32	3699.94	3698.04	
3694.94	3724.26	3711.84	3716.72	3719.92	3724.06	3727.12	3723.18	3725.50	3727.74	3724.22	3723.72	3727.56	3723.82	3720.76	3732.24	
3735.84	3738.80	3737.38	3738.46	3728.56	3733.38	3727.80	3723.86	3732.46	3726.08	3736.30	3731.62	3739.08	3738.72	3738.18	3742.88	
3742.20	3746.20	3743.62	3741.74	3748.68	3750.22	3744.66	3751.30	3742.88	3752.96	3749.86	3749.58	3756.30	3756.06	3756.56	3760.60	
3760.36	3644.12	3714.32	3751.24	3752.00	3754.12	3755.32	3759.56	3755.92	3749.94	3755.30	3753.42	3756.54	3758.70	3753.94	3752.84	
3752.18	3742.76	3732.62	3735.28	3750.62	3749.06	3747.36	3745.70	3738.86	3730.16	3744.92	3740.48	3747.66	3750.08	3763.20	3723.58	

*******************************************2025/07/27;22:14:56
Probe number 592
Concentration entered by User 1.98% (Compensated: 2.98% at temperature 33.0)
1296.54	1314.72	1327.00	1341.84	1358.28	1372.20	1390.70	1406.56	1427.50	1446.08	1470.80	1493.94	1521.74	1552.24	1574.68	1595.52	
1621.14	1659.96	1693.56	1744.32	1779.44	1817.02	1855.40	1896.38	1942.70	1993.32	2047.04	2110.72	2195.70	2287.14	2390.46	2541.58	
2734.42	3029.78	3317.50	3513.68	3625.24	3663.34	3675.38	3675.88	3678.42	3689.60	3696.06	3701.32	3691.12	3688.90	3693.82	3691.26	
3688.12	3718.08	3705.80	3710.78	3713.88	3717.68	3721.16	3717.14	3719.62	3721.92	3718.12	3717.82	3721.36	3717.50	3714.06	3726.66	
3729.96	3733.44	3731.86	3733.02	3722.60	3727.76	3721.84	3718.04	3726.72	3719.94	3730.90	3725.90	3733.56	3733.18	3732.94	3737.36	
3737.08	3741.20	3738.28	3736.50	3743.70	3745.40	3739.50	3746.50	3737.56	3747.84	3744.66	3744.50	3751.72	3751.24	3751.90	3756.36	
3755.88	3635.66	3708.18	3746.40	3747.08	3749.14	3750.36	3755.24	3751.04	3744.96	3750.36	3748.64	3751.76	3754.04	3749.08	3748.18	
3747.54	3737.16	3726.82	3729.88	3745.50	3743.88	3742.16	3740.76	3733.12	3724.10	3739.28	3735.10	3742.60	3744.96	3758.80	3717.68	

*******************************************2025/07/27;22:19:56
Probe number 593
Concentration entered by User 1.98% (Compensated: 2.98% at temperature 32.9)
1297.38	1315.62	1328.84	1343.14	1359.02	1373.76	1391.90	1407.64	1428.66	1447.34	1472.06	1496.64	1523.60	1553.60	1576.68	1596.46	
1621.38	1661.70	1695.68	1747.96	1783.22	1823.72	1861.16	1900.24	1945.86	1991.32	2043.70	2109.52	2189.60	2286.10	2400.38	2555.36	
2742.22	3025.64	3312.54	3519.32	3629.32	3665.92	3678.46	3679.70	3682.56	3694.22	3700.26	3705.02	3694.74	3693.08	3697.62	3695.56	
3692.18	3722.00	3709.30	3713.92	3717.38	3721.36	3724.66	3720.66	3722.94	3725.42	3721.88	3721.10	3725.02	3721.12	3718.30	3730.20	
3733.02	3736.42	3735.16	3736.26	3725.90	3730.60	3725.30	3721.34	3730.28	3723.58	3734.02	3729.00	3736.50	3736.42	3736.30	3740.50	
3740.16	3744.04	3741.64	3739.50	3746.46	3748.50	3742.42	3749.16	3740.80	3750.66	3747.58	3747.56	3754.42	3753.98	3754.62	3758.80	
3758.76	3640.30	3711.84	3749.20	3749.78	3751.72	3753.28	3757.76	3753.82	3747.80	3752.92	3751.40	3754.48	3756.76	3751.84	3750.76	
3750.56	3740.38	3730.18	3732.68	3748.56	3746.78	3745.14	3743.76	3736.70	3727.30	3742.68	3738.22	3745.36	3747.74	3761.34	3720.90	

*******************************************2025/07/27;22:24:56
Probe number 594
Concentration entered by User 1.97% (Compensated: 2.97% at temperature 33.0)
1297.04	1315.42	1327.84	1342.12	1358.70	1373.80	1390.98	1407.68	1428.60	1446.90	1471.60	1495.42	1523.20	1550.22	1572.24	1596.78	
1621.92	1661.90	1695.14	1746.08	1781.92	1823.18	1860.62	1900.00	1946.10	1995.54	2046.16	2105.72	2197.60	2281.40	2389.78	2543.62	
2741.56	3039.72	3314.20	3516.20	3630.64	3666.48	3679.14	3680.54	3682.92	3694.18	3700.28	3705.06	3694.94	3692.96	3697.70	3695.18	
3692.02	3722.04	3709.40	3714.00	3717.54	3721.36	3724.78	3720.88	3722.88	3725.74	3721.74	3721.58	3724.96	3721.30	3718.18	3730.46	
3733.40	3736.68	3735.30	3736.54	3726.56	3731.04	3725.50	3721.52	3730.24	3723.30	3733.92	3729.32	3736.90	3736.46	3736.16	3740.56	
3740.38	3744.44	3741.62	3739.66	3746.80	3748.28	3742.76	3749.44	3741.02	3750.84	3747.64	3747.52	3754.54	3754.16	3754.66	3759.16	
3758.84	3640.70	3711.70	3749.32	3750.32	3752.20	3753.24	3757.98	3754.04	3748.14	3753.06	3751.58	3754.70	3756.84	3751.92	3751.16	
3750.64	3740.62	3730.44	3733.16	3748.72	3747.16	3745.58	3743.82	3736.76	3727.48	3743.08	3738.34	3745.72	3747.92	3761.40	3721.10	

*******************************************2025/07/27;22:29:55
Probe number 595
Concentration entered by User 2.06% (Compensated: 3.06% at temperature 32.9)
1294.64	1313.06	1325.28	1339.06	1354.86	1370.94	1389.00	1404.50	1423.76	1442.92	1466.58	1490.82	1519.44	1547.14	1569.88	1591.26	
1615.52	1656.12	1689.42	1739.74	1776.08	1811.88	1851.16	1894.72	1939.04	1985.38	2038.14	2096.02	2176.56	2268.18	2381.38	2525.26	
2710.82	3020.34	3294.88	3493.92	3610.24	3649.64	3662.58	3663.50	3666.38	3678.32	3684.78	3689.66	3678.92	3676.62	3682.14	3679.40	
3676.30	3708.20	3694.34	3699.52	3703.18	3707.54	3711.22	3706.62	3709.02	3711.82	3707.44	3707.36	3711.34	3707.18	3703.82	3717.00	
3720.18	3723.84	3722.36	3723.60	3712.52	3717.64	3711.58	3707.32	3717.02	3709.56	3720.96	3716.12	3723.94	3723.68	3723.32	3728.20	
3727.50	3732.20	3729.16	3726.98	3734.76	3736.68	3730.08	3737.82	3728.48	3739.28	3735.76	3735.62	3743.46	3742.74	3743.42	3748.10	
3747.74	3621.64	3697.14	3737.70	3738.58	3740.56	3742.10	3747.18	3742.98	3736.06	3741.92	3740.14	3743.40	3745.96	3740.46	3739.56	
3738.76	3727.80	3717.06	3719.62	3736.80	3735.14	3733.46	3731.42	3723.66	3713.76	3730.46	3725.50	3733.60	3736.14	3750.98	3706.98	

*******************************************2025/07/27;22:34:56
Probe number 596
Concentration entered by User 1.96% (Compensated: 2.96% at temperature 32.9)
1296.74	1314.54	1328.14	1342.76	1358.90	1374.34	1391.50	1407.76	1427.60	1445.78	1469.90	1494.84	1521.42	1550.80	1572.48	1597.38	
1622.56	1662.90	1697.16	1747.38	1783.76	1825.26	1862.62	1904.20	1946.56	1994.58	2040.94	2103.26	2186.50	2278.34	2387.94	2537.50	
2737.44	3033.36	3318.88	3519.30	3629.26	3666.46	3678.72	3680.18	3682.58	3693.32	3699.32	3703.90	3694.16	3692.18	3696.70	3694.18	
3690.82	3720.98	3708.36	3713.18	3716.80	3720.80	3723.92	3719.80	3722.26	3724.40	3720.56	3720.40	3724.24	3720.18	3717.14	3729.34	
3732.02	3735.98	3734.46	3735.72	3724.96	3730.12	3724.52	3720.54	3729.30	3722.24	3733.04	3728.42	3736.12	3735.70	3735.18	3739.62	
3739.40	3743.64	3740.76	3738.66	3745.76	3747.14	3741.54	3748.88	3740.10	3750.00	3746.62	3746.60	3753.70	3753.22	3753.86	3758.36	
3757.92	3639.34	3711.32	3748.48	3749.44	3751.20	3752.54	3757.14	3753.18	3747.14	3752.54	3750.80	3753.74	3756.22	3751.26	3750.16	
3749.50	3739.40	3729.42	3732.44	3747.98	3745.94	3744.28	3742.78	3735.72	3726.50	3741.96	3737.40	3744.84	3747.00	3760.84	3720.16	

*******************************************2025/07/27;22:39:56
Probe number 597
Concentration entered by User 1.95% (Compensated: 2.95% at temperature 32.9)
1297.82	1316.02	1329.78	1343.68	1359.64	1375.22	1393.88	1409.62	1429.84	1448.38	1472.72	1496.16	1523.52	1552.30	1575.98	1597.12	
1622.50	1661.14	1697.92	1751.26	1787.80	1823.58	1864.66	1906.90	1952.84	1993.86	2047.62	2115.12	2188.26	2285.84	2402.74	2545.82	
2735.34	3031.10	3321.12	3529.44	3635.84	3672.02	3683.06	3683.62	3685.56	3697.14	3703.22	3707.58	3698.18	3696.08	3700.62	3697.96	
3695.72	3725.02	3712.46	3717.14	3720.56	3724.18	3727.66	3723.56	3726.20	3728.28	3724.46	3724.40	3727.92	3724.04	3721.18	3732.98	
3735.92	3739.40	3737.92	3739.04	3728.94	3733.82	3728.44	3724.34	3732.86	3726.20	3736.72	3732.20	3739.24	3739.20	3738.40	3743.22	
3742.60	3746.66	3744.00	3742.00	3749.06	3750.68	3744.98	3751.70	3743.68	3752.88	3749.96	3750.24	3756.64	3756.52	3757.06	3761.14	
3760.76	3644.76	3715.26	3751.58	3752.44	3754.28	3755.62	3760.02	3756.34	3750.40	3755.70	3753.96	3756.64	3759.00	3754.54	3753.48	
3752.76	3743.22	3732.86	3735.64	3751.06	3749.44	3747.90	3746.06	3739.40	3730.16	3745.20	3741.00	3747.92	3750.06	3763.68	3724.28	

*******************************************2025/07/27;22:44:56
Probe number 598
Concentration entered by User 1.98% (Compensated: 2.98% at temperature 32.9)
1296.36	1314.14	1326.84	1341.52	1358.68	1373.58	1390.78	1406.34	1427.56	1446.22	1470.42	1493.32	1520.94	1550.74	1572.96	1595.76	
1620.48	1660.00	1696.18	1747.32	1784.32	1820.28	1858.60	1898.78	1946.70	1994.58	2040.74	2100.28	2185.82	2272.70	2394.68	2548.00	
2724.08	3036.04	3312.44	3515.80	3623.78	3663.30	3676.16	3677.38	3678.88	3690.96	3696.88	3701.02	3690.88	3689.02	3693.46	3691.26	
3688.18	3718.72	3706.28	3710.54	3714.32	3718.00	3721.20	3717.28	3719.68	3722.22	3718.22	3717.74	3721.58	3717.84	3714.58	3726.72	
3729.92	3733.38	3732.10	3733.18	3722.46	3727.50	3721.76	3717.92	3726.84	3719.82	3730.72	3726.16	3733.68	3733.24	3732.86	3737.38	
3736.86	3741.02	3738.48	3736.60	3743.70	3745.38	3739.54	3746.34	3737.78	3747.70	3744.78	3744.62	3751.54	3751.18	3751.90	3756.42	
3755.84	3635.92	3708.10	3746.34	3747.06	3749.24	3750.36	3755.28	3751.22	3744.96	3750.28	3748.86	3751.74	3753.98	3749.18	3748.08	
3747.72	3737.50	3727.02	3729.72	3745.64	3743.96	3742.12	3740.80	3733.24	3723.94	3739.34	3734.98	3742.80	3744.80	3758.90	3717.52	

*******************************************2025/07/27;22:49:56
Probe number 599
Concentration entered by User 1.97% (Compensated: 2.96% at temperature 32.8)
1297.10	1315.46	1328.60	1343.26	1358.30	1372.86	1392.36	1408.24	1427.78	1446.58	1471.32	1494.76	1523.50	1553.06	1575.78	1597.30	
1622.30	1662.86	1696.24	1747.74	1784.00	1823.82	1863.58	1903.62	1944.80	1998.34	2040.60	2101.42	2184.52	2286.78	2402.24	2548.68	
2741.42	3032.70	3314.42	3520.80	3631.76	3670.10	3682.34	3682.94	3684.98	3696.30	3703.02	3707.14	3697.38	3695.44	3699.98	3697.56	
3694.62	3724.30	3711.76	3716.14	3719.72	3723.80	3726.52	3722.58	3725.10	3727.12	3723.38	3723.28	3726.92	3723.02	3719.70	3732.04	
3735.12	3738.44	3737.08	3738.22	3728.08	3732.80	3727.30	3723.38	3732.16	3725.48	3735.78	3731.34	3738.60	3738.12	3737.84	3741.98	
3741.78	3745.92	3743.44	3741.52	3748.46	3749.74	3744.30	3750.78	3742.50	3752.40	3749.36	3749.14	3756.02	3755.28	3756.32	3760.34	
3760.14	3643.26	3713.94	3750.92	3751.62	3753.50	3754.80	3759.36	3755.78	3749.56	3754.70	3753.06	3755.90	3758.32	3753.56	3752.72	
3751.94	3742.24	3732.16	3734.58	3750.40	3748.56	3747.00	3745.18	3738.78	3729.30	3744.22	3739.98	3747.30	3749.38	3762.68	3722.60	

*******************************************2025/07/27;22:54:56
Probe number 600
Concentration entered by User 1.96% (Compensated: 2.94% at temperature 32.8)
1297.70	1315.46	1328.48	1342.66	1359.02	1374.58	1392.76	1409.30	1429.90	1449.24	1472.16	1495.56	1523.42	1554.42	1575.46	1597.50	
1621.42	1663.36	1696.98	1746.68	1783.58	1823.48	1861.74	1905.20	1952.54	1997.66	2042.38	2102.82	2187.42	2283.58	2390.02	2544.28	
2733.50	3040.44	3320.72	3517.98	3629.66	3668.02	3680.94	3682.32	3684.62	3695.94	3702.32	3706.12	3696.60	3693.78	3698.76	3696.76	
3693.58	3722.96	3710.90	3715.32	3718.52	3722.32	3725.72	3721.44	3723.88	3726.48	3722.38	3722.00	3725.50	3721.84	3718.92	3730.94	
3734.02	3737.30	3736.12	3737.00	3726.84	3731.88	3726.10	3722.50	3731.10	3724.18	3734.60	3730.08	3737.60	3737.50	3736.50	3741.18	
3740.68	3744.90	3742.38	3740.22	3747.14	3748.90	3743.28	3750.28	3741.80	3751.38	3748.50	3748.44	3755.20	3754.60	3755.42	3759.60	
3759.28	3641.90	3712.56	3749.70	3750.64	3752.72	3753.76	3758.60	3754.70	3748.62	3753.80	3752.12	3755.12	3757.34	3752.60	3751.80	
3751.18	3741.26	3731.26	3734.02	3749.32	3747.42	3746.12	3744.22	3737.58	3728.08	3743.50	3738.90	3746.16	3748.52	3762.16	3721.96	

*******************************************2025/07/27;22:59:56
Probe number 601
Concentration entered by User 2.02% (Compensated: 3.01% at temperature 32.8)
1296.60	1314.42	1327.12	1341.10	1358.06	1372.74	1389.82	1405.84	1427.06	1446.24	1470.08	1494.36	1522.24	1552.66	1572.96	1595.60	
1619.72	1659.90	1695.76	1744.74	1780.84	1822.06	1860.96	1903.04	1946.56	1989.62	2043.90	2101.20	2184.58	2271.28	2397.70	2537.16	
2726.30	3019.18	3301.84	3513.76	3622.84	3661.50	3674.90	3675.68	3678.14	3690.32	3696.62	3701.06	3690.84	3688.58	3693.34	3690.92	
3687.94	3718.14	3705.50	3710.38	3713.76	3717.56	3721.26	3716.98	3719.14	3721.58	3717.80	3717.30	3721.06	3716.98	3714.28	3726.56	
3729.36	3733.04	3731.38	3732.82	3722.50	3727.24	3721.30	3717.82	3726.64	3719.26	3730.24	3725.82	3733.44	3732.82	3732.36	3736.98	
3736.82	3740.64	3738.34	3736.08	3743.14	3744.90	3739.16	3746.24	3737.76	3747.38	3744.28	3744.18	3751.34	3750.88	3751.32	3756.18	
3755.60	3635.18	3708.00	3745.96	3746.68	3748.78	3750.26	3754.84	3750.72	3744.76	3750.20	3748.44	3751.40	3753.96	3749.00	3747.84	
3747.38	3736.96	3726.32	3729.52	3745.12	3743.56	3742.36	3740.30	3733.44	3723.26	3739.46	3734.60	3742.14	3744.46	3758.62	3717.22	

*******************************************2025/07/27;23:04:56
Probe number 602
Concentration entered by User 1.96% (Compensated: 2.95% at temperature 32.8)
1297.66	1315.86	1329.08	1344.02	1359.92	1374.26	1391.72	1408.10	1430.00	1449.10	1471.74	1493.88	1522.56	1553.34	1576.26	1597.58	
1622.96	1661.78	1695.14	1746.86	1783.88	1820.78	1863.74	1904.56	1950.92	2002.22	2048.96	2105.78	2187.36	2275.20	2395.90	2543.76	
2736.50	3035.48	3316.54	3522.44	3632.38	3669.66	3681.20	3682.34	3684.46	3696.38	3702.28	3706.98	3697.26	3695.04	3699.52	3697.42	
3694.64	3724.16	3711.72	3716.40	3719.42	3723.10	3726.34	3722.44	3724.34	3726.78	3723.22	3722.98	3726.66	3722.78	3720.02	3731.86	
3734.54	3738.00	3736.98	3737.90	3727.74	3732.48	3727.30	3723.08	3731.96	3724.72	3735.60	3730.64	3738.20	3738.08	3737.84	3741.94	
3741.42	3745.56	3743.18	3741.08	3748.18	3749.68	3744.36	3750.86	3742.34	3752.34	3749.06	3748.90	3755.86	3755.48	3756.00	3760.36	
3759.76	3642.96	3713.60	3750.30	3751.32	3753.42	3754.76	3759.00	3755.24	3749.18	3754.50	3752.86	3755.74	3758.18	3753.38	3752.36	
3752.10	3742.06	3731.70	3734.54	3749.96	3748.46	3747.02	3745.02	3738.32	3728.92	3744.24	3739.60	3747.00	3749.08	3762.60	3722.56	

*******************************************2025/07/27;23:09:56
Probe number 603
Concentration entered by User 2.00% (Compensated: 2.98% at temperature 32.8)
1296.90	1315.36	1329.32	1342.84	1358.94	1373.68	1391.08	1407.56	1428.42	1446.76	1470.26	1495.24	1523.60	1553.86	1577.32	1598.06	
1621.06	1662.86	1695.60	1749.94	1784.72	1822.40	1864.76	1908.16	1950.84	1997.56	2041.74	2105.18	2187.44	2284.66	2393.96	2542.32	
2729.42	3015.94	3313.62	3517.82	3628.80	3666.72	3679.22	3680.44	3682.96	3694.66	3701.24	3705.96	3695.26	3693.36	3698.00	3695.80	
3692.88	3722.62	3710.58	3714.90	3718.14	3722.02	3725.02	3721.26	3723.56	3725.78	3722.06	3722.14	3725.28	3721.70	3718.44	3730.88	
3733.52	3737.00	3735.62	3736.84	3726.64	3731.04	3725.82	3721.86	3730.54	3723.46	3734.36	3730.06	3737.06	3736.56	3736.32	3740.86	
3740.42	3744.40	3741.92	3739.58	3746.78	3748.50	3742.60	3749.64	3741.24	3750.96	3747.90	3747.90	3754.92	3754.32	3755.04	3759.26	
3758.82	3640.86	3712.38	3749.38	3750.20	3752.22	3753.62	3758.00	3754.26	3748.10	3753.40	3751.94	3754.90	3757.26	3752.36	3751.50	
3750.90	3740.74	3730.78	3733.20	3748.82	3746.84	3745.54	3744.10	3737.20	3727.36	3742.88	3738.54	3745.72	3748.10	3761.86	3721.10	

*******************************************2025/07/27;23:14:56
Probe number 604
Concentration entered by User 2.00% (Compensated: 2.99% at temperature 32.7)
1296.02	1313.54	1325.92	1340.14	1356.76	1370.78	1388.64	1405.28	1427.40	1446.40	1469.52	1492.16	1520.22	1550.56	1571.28	1593.04	
1617.32	1660.96	1695.24	1744.62	1779.92	1813.90	1854.64	1898.06	1946.68	1993.56	2034.58	2101.76	2188.22	2275.52	2386.80	2534.06	
2730.30	3027.14	3310.28	3508.88	3621.76	3661.90	3674.66	3675.86	3678.20	3689.82	3696.26	3700.70	3690.34	3687.90	3692.44	3690.56	
3687.48	3717.96	3705.22	3709.42	3713.24	3717.38	3720.30	3716.28	3718.68	3720.98	3717.16	3716.62	3720.42	3716.66	3713.00	3725.96	
3729.18	3732.30	3730.94	3731.82	3721.64	3726.48	3720.72	3717.04	3725.96	3718.54	3729.92	3724.82	3732.72	3732.50	3731.82	3736.46	
3735.84	3740.14	3737.68	3735.52	3743.02	3744.68	3738.56	3745.84	3736.98	3747.04	3743.60	3743.62	3750.94	3750.38	3750.96	3755.62	
3755.04	3634.22	3707.12	3745.30	3746.34	3748.10	3749.44	3754.36	3750.32	3743.94	3749.50	3748.02	3751.08	3753.32	3748.48	3747.36	
3746.86	3736.66	3725.90	3728.24	3744.76	3743.14	3741.34	3739.66	3732.84	3722.74	3738.72	3733.98	3741.70	3743.76	3758.26	3716.08	

*******************************************2025/07/27;23:19:56
Probe number 605
Concentration entered by User 1.97% (Compensated: 2.95% at temperature 32.7)
1297.10	1315.48	1328.04	1342.16	1358.96	1372.50	1390.42	1406.96	1428.94	1448.02	1471.62	1496.46	1524.32	1552.30	1574.58	1597.26	
1623.12	1663.98	1697.52	1748.06	1780.80	1818.98	1861.00	1901.92	1950.50	1996.36	2039.96	2104.98	2191.70	2271.70	2397.44	2536.74	
2737.00	3024.32	3322.64	3520.20	3629.44	3667.78	3680.16	3682.44	3684.70	3696.26	3702.58	3706.88	3696.78	3694.82	3698.92	3697.14	
3694.04	3723.48	3710.94	3715.70	3718.74	3722.82	3726.22	3721.64	3724.10	3726.32	3722.76	3722.30	3726.06	3721.98	3719.10	3731.04	
3734.02	3737.84	3736.50	3737.36	3727.24	3731.94	3726.74	3722.58	3731.36	3724.14	3734.70	3730.20	3737.52	3737.66	3736.90	3741.34	
3741.02	3745.26	3742.74	3740.56	3747.40	3749.30	3743.54	3750.14	3741.80	3751.72	3748.70	3748.10	3755.18	3754.68	3755.60	3759.52	
3759.28	3641.70	3712.94	3749.86	3750.58	3752.74	3754.00	3758.60	3754.82	3748.78	3753.92	3752.34	3755.64	3757.68	3752.92	3752.10	
3751.40	3741.36	3731.24	3733.82	3749.64	3747.74	3746.26	3744.22	3737.60	3728.14	3743.56	3739.16	3746.52	3748.34	3762.26	3722.18	

*******************************************2025/07/27;23:24:56
Probe number 606
Concentration entered by User 2.02% (Compensated: 3.01% at temperature 32.7)
1296.36	1313.84	1327.04	1341.46	1357.30	1371.36	1389.74	1406.42	1427.60	1446.44	1470.00	1493.34	1522.14	1552.02	1574.40	1593.58	
1617.62	1660.24	1695.94	1745.02	1779.00	1816.78	1862.20	1899.08	1947.22	1984.56	2035.68	2107.22	2191.34	2274.92	2395.82	2541.34	
2728.14	3015.26	3305.44	3507.96	3623.14	3662.82	3675.42	3677.46	3679.84	3691.52	3698.00	3702.78	3692.22	3690.28	3695.26	3692.86	
3689.66	3720.12	3707.68	3711.94	3715.76	3719.64	3723.10	3718.54	3720.88	3722.94	3719.34	3719.10	3723.30	3718.82	3715.54	3727.82	
3731.06	3734.64	3733.60	3734.64	3723.92	3728.76	3723.16	3719.14	3728.08	3720.96	3731.88	3727.14	3734.60	3734.30	3733.76	3738.70	
3738.10	3742.40	3739.54	3737.28	3745.20	3746.32	3740.72	3747.46	3738.72	3748.78	3745.66	3745.78	3752.64	3752.18	3752.82	3757.22	
3756.98	3637.30	3709.76	3747.06	3748.14	3750.34	3751.46	3756.02	3752.30	3746.38	3751.30	3749.74	3752.80	3755.08	3750.30	3749.08	
3748.62	3738.52	3728.20	3730.80	3746.82	3744.78	3743.08	3741.60	3734.78	3725.02	3740.54	3736.18	3743.74	3745.84	3759.76	3718.38	

*******************************************2025/07/27;23:29:56
Probe number 607
Concentration entered by User 2.00% (Compensated: 2.98% at temperature 32.7)
1296.86	1314.98	1327.60	1341.96	1358.70	1372.64	1391.04	1407.26	1427.80	1446.58	1471.54	1494.94	1524.84	1554.72	1576.42	1598.38	
1621.04	1662.04	1698.36	1750.10	1782.38	1821.32	1862.30	1902.04	1947.74	1992.26	2045.88	2111.18	2183.80	2276.54	2393.42	2544.04	
2726.04	3020.74	3310.88	3514.98	3629.80	3666.92	3679.24	3681.02	3683.68	3694.70	3700.60	3705.00	3695.60	3693.08	3697.56	3695.72	
3692.82	3722.46	3710.08	3714.58	3718.00	3721.92	3725.06	3720.84	3722.92	3725.64	3722.10	3721.70	3724.94	3721.46	3717.92	3730.28	
3733.00	3736.58	3735.34	3736.36	3726.22	3730.92	3725.58	3721.66	3730.22	3723.56	3734.04	3729.08	3737.00	3736.86	3735.94	3740.44	
3740.36	3744.28	3741.74	3739.52	3746.82	3748.34	3742.64	3749.64	3741.16	3750.78	3747.70	3747.44	3754.64	3753.96	3754.80	3759.24	
3758.54	3640.56	3712.08	3749.24	3750.30	3752.08	3753.44	3757.92	3754.20	3747.62	3753.20	3751.66	3754.76	3756.94	3752.18	3751.10	
3750.68	3740.78	3730.24	3733.04	3748.82	3747.12	3745.46	3743.80	3736.98	3727.06	3742.76	3738.20	3745.98	3747.68	3761.54	3720.98	

*******************************************2025/07/27;23:34:56
Probe number 608
Concentration entered by User 2.01% (Compensated: 2.99% at temperature 32.7)
1296.50	1314.82	1327.38	1341.22	1357.60	1372.60	1391.00	1407.80	1427.68	1446.30	1469.40	1493.52	1521.84	1551.32	1574.50	1595.16	
1617.60	1659.10	1694.76	1750.40	1783.52	1816.86	1857.10	1900.54	1946.12	1989.32	2041.40	2105.20	2183.04	2267.14	2394.56	2535.94	
2727.32	3019.72	3306.26	3510.90	3623.52	3664.42	3675.94	3677.50	3679.80	3691.32	3697.84	3702.22	3692.18	3689.60	3694.56	3692.40	
3689.42	3719.48	3707.30	3711.48	3715.46	3719.04	3722.30	3718.08	3720.18	3722.76	3719.04	3718.56	3722.26	3718.32	3715.06	3727.12	
3730.56	3734.12	3732.72	3733.88	3723.76	3728.06	3722.78	3718.50	3727.54	3720.22	3731.58	3726.66	3734.02	3733.64	3733.42	3738.22	
3737.78	3742.12	3739.32	3737.14	3744.26	3746.04	3740.16	3747.14	3738.50	3748.58	3745.34	3745.04	3752.10	3751.86	3752.20	3756.86	
3756.60	3636.78	3708.74	3746.82	3747.64	3749.72	3750.86	3755.74	3751.62	3745.60	3750.92	3749.50	3752.48	3754.72	3749.98	3748.36	
3748.22	3738.14	3727.64	3730.32	3746.60	3744.36	3743.08	3741.22	3734.30	3724.24	3740.10	3735.58	3743.06	3745.08	3759.20	3717.98	

*******************************************2025/07/27;23:39:56
Probe number 609
Concentration entered by User 1.97% (Compensated: 2.95% at temperature 32.7)
1297.60	1315.60	1328.68	1342.84	1360.08	1374.98	1392.54	1408.64	1429.64	1447.46	1470.24	1495.08	1524.06	1553.48	1575.54	1597.02	
1620.64	1661.42	1700.30	1752.58	1783.30	1817.80	1861.04	1904.04	1949.46	1994.06	2040.60	2109.66	2188.74	2273.60	2388.88	2548.54	
2728.46	3028.32	3317.74	3520.04	3634.14	3670.08	3682.00	3682.96	3685.02	3696.42	3702.34	3706.80	3696.94	3694.60	3698.88	3696.90	
3694.32	3723.42	3711.22	3715.66	3718.86	3722.94	3726.16	3721.64	3724.12	3726.64	3722.90	3722.36	3726.06	3722.30	3719.00	3730.94	
3733.92	3737.92	3736.74	3737.34	3727.18	3731.94	3726.68	3722.46	3731.24	3724.70	3734.74	3730.58	3737.96	3737.52	3737.12	3741.54	
3741.20	3745.30	3742.60	3740.44	3747.76	3749.00	3743.48	3750.08	3742.18	3751.82	3748.48	3748.34	3755.40	3754.92	3755.72	3759.66	
3759.42	3641.80	3712.92	3749.94	3750.66	3752.78	3754.22	3758.60	3754.90	3749.04	3754.06	3752.70	3755.54	3757.58	3753.22	3751.66	
3751.38	3741.48	3731.34	3734.14	3749.72	3747.64	3746.32	3744.64	3737.72	3727.98	3743.86	3739.28	3746.12	3748.60	3762.58	3721.82	

*******************************************2025/07/27;23:44:56
Probe number 610
Concentration entered by User 2.01% (Compensated: 2.99% at temperature 32.6)
1296.54	1314.38	1326.52	1341.18	1357.06	1371.74	1390.18	1405.14	1426.16	1443.68	1468.12	1493.38	1522.00	1551.02	1572.86	1594.72	
1619.80	1663.32	1696.36	1748.76	1784.40	1816.76	1857.46	1898.08	1947.30	1989.82	2036.18	2100.24	2180.28	2272.38	2393.98	2538.20	
2729.48	3016.28	3309.30	3509.14	3625.12	3663.74	3676.64	3678.68	3680.74	3692.44	3699.00	3703.76	3693.26	3691.32	3696.10	3693.48	
3690.38	3720.32	3707.84	3712.20	3715.88	3719.66	3723.00	3718.80	3720.74	3723.32	3719.74	3719.46	3722.82	3718.96	3715.78	3728.02	
3731.20	3735.04	3733.54	3734.66	3724.22	3728.88	3723.22	3719.42	3728.22	3721.16	3732.02	3727.30	3735.04	3734.42	3734.04	3738.54	
3738.26	3742.48	3739.66	3737.60	3744.84	3746.42	3740.60	3747.62	3739.02	3748.96	3745.92	3745.78	3752.98	3752.14	3753.08	3757.38	
3756.94	3637.58	3709.44	3747.46	3748.38	3750.32	3751.66	3756.22	3752.54	3746.20	3751.40	3749.86	3753.02	3755.36	3750.22	3749.50	
3748.78	3738.72	3728.22	3730.88	3746.70	3744.92	3743.56	3741.86	3734.98	3724.84	3740.74	3736.22	3743.88	3745.82	3759.96	3718.30	

*******************************************2025/07/27;23:49:56
Probe number 611
Concentration entered by User 2.06% (Compensated: 3.03% at temperature 32.6)
1296.40	1314.18	1326.24	1340.14	1355.86	1371.04	1390.10	1406.10	1426.22	1443.98	1467.08	1491.70	1518.06	1548.24	1570.22	1591.86	
1618.68	1657.86	1691.40	1741.82	1780.80	1815.04	1855.54	1894.34	1941.52	1981.70	2033.38	2099.70	2176.32	2271.10	2387.98	2527.16	
2723.40	3010.52	3294.28	3500.66	3615.68	3656.74	3669.06	3671.24	3673.54	3685.14	3691.84	3696.68	3686.32	3683.60	3688.48	3686.46	
3683.20	3714.18	3701.22	3705.60	3709.44	3713.54	3716.56	3712.14	3714.48	3716.94	3713.30	3712.70	3716.54	3712.34	3709.26	3721.88	
3725.16	3728.44	3727.40	3728.68	3717.94	3722.32	3717.20	3712.64	3721.94	3714.70	3726.12	3720.76	3728.88	3728.64	3728.46	3732.94	
3732.18	3736.78	3733.98	3731.80	3739.52	3741.14	3735.02	3742.40	3733.34	3743.70	3740.46	3740.22	3747.56	3746.92	3747.74	3752.52	
3752.00	3628.72	3702.64	3742.06	3743.00	3744.86	3746.28	3751.38	3747.02	3740.66	3746.20	3744.44	3747.80	3750.20	3744.92	3744.04	
3743.48	3732.92	3722.02	3724.58	3741.42	3739.24	3738.10	3735.70	3728.90	3718.52	3735.16	3730.30	3738.22	3740.18	3754.98	3712.16	

*******************************************2025/07/27;23:54:56
Probe number 612
Concentration entered by User 2.00% (Compensated: 2.97% at temperature 32.6)
1296.58	1314.46	1327.54	1342.70	1358.94	1373.66	1390.58	1407.10	1427.02	1445.18	1469.64	1495.34	1522.16	1552.84	1574.16	1594.26	
1619.36	1662.32	1695.14	1745.12	1781.62	1818.28	1859.92	1902.88	1944.60	1984.18	2035.58	2107.26	2188.62	2274.82	2392.92	2552.82	
2742.24	3019.70	3308.18	3512.56	3627.04	3666.46	3678.98	3680.92	3682.96	3694.16	3700.64	3704.92	3694.24	3691.82	3696.88	3694.86	
3691.54	3721.54	3708.98	3713.52	3716.90	3720.92	3723.92	3719.90	3721.96	3724.24	3720.40	3720.50	3723.92	3719.78	3717.04	3728.84	
3732.14	3735.64	3734.72	3735.42	3725.44	3729.82	3724.50	3720.26	3728.96	3722.02	3732.92	3728.04	3735.58	3735.60	3735.08	3739.60	
3739.14	3743.18	3740.76	3738.66	3745.68	3747.22	3741.60	3748.38	3740.12	3749.86	3746.70	3746.20	3753.68	3752.98	3753.98	3758.14	
3757.74	3638.50	3710.70	3748.08	3749.08	3750.96	3752.46	3757.12	3753.22	3747.04	3752.34	3750.66	3753.52	3756.02	3751.24	3750.06	
3749.54	3739.44	3729.32	3731.52	3747.76	3745.74	3744.42	3742.48	3735.70	3725.82	3741.78	3737.02	3744.38	3746.76	3760.48	3719.68	

*******************************************2025/07/27;23:59:56
Probe number 613
Concentration entered by User 1.97% (Compensated: 2.94% at temperature 32.6)
1296.34	1314.92	1327.32	1342.32	1358.58	1373.12	1391.24	1406.88	1428.18	1447.18	1470.30	1493.56	1521.76	1550.88	1571.98	1595.38	
1622.34	1665.22	1699.14	1748.58	1785.18	1821.22	1858.54	1902.00	1949.98	1991.60	2038.02	2106.74	2189.78	2276.02	2394.82	2540.02	
2739.18	3025.48	3316.28	3520.74	3631.62	3669.08	3682.40	3685.16	3687.04	3698.46	3703.78	3708.26	3698.30	3695.68	3700.42	3698.22	
3695.52	3724.66	3712.70	3717.14	3720.42	3724.22	3727.22	3723.04	3725.16	3727.50	3724.20	3723.60	3727.14	3723.32	3719.98	3731.86	
3735.50	3738.54	3737.58	3738.38	3728.24	3732.44	3727.58	3723.72	3732.06	3725.68	3736.12	3731.16	3738.40	3738.50	3737.82	3742.40	
3741.98	3745.98	3743.58	3741.50	3748.84	3750.18	3744.62	3751.12	3743.14	3752.46	3749.66	3749.18	3756.30	3755.66	3756.26	3760.54	
3760.24	3643.70	3714.10	3750.80	3751.70	3753.54	3755.04	3759.76	3755.76	3749.60	3754.98	3753.30	3756.40	3758.70	3753.84	3752.82	
3752.54	3742.50	3732.28	3734.68	3750.48	3748.68	3747.18	3745.42	3738.88	3728.76	3744.16	3739.80	3747.42	3749.22	3762.76	3722.80	

