*******************************************2024/08/02;18:49:12
Probe number 0
Concentration entered by User 1.77% at Temperature 0.00
1320.54	1336.46	1345.08	1363.56	1377.74	1403.76	1445.44	1482.92	1515.16	1537.92	1560.44	1584.44	1602.28	1618.44	1629.42	1652.34	
1681.76	1711.56	1749.28	1785.66	1818.94	1853.54	1889.52	1927.58	1971.96	2036.58	2095.28	2184.08	2320.88	2559.20	2824.82	3173.64	
3523.50	3606.86	3606.96	3615.40	3617.46	3644.44	3660.72	3666.14	3690.36	3704.08	3709.30	3705.28	3702.64	3701.30	3718.74	3719.12	
3726.58	3736.10	3731.44	3736.26	3733.80	3730.24	3722.64	3724.24	3717.92	3714.76	3716.58	3719.22	3724.46	3726.96	3724.86	3721.18	
3724.32	3733.52	3735.92	3741.86	3741.26	3732.94	3729.74	3733.08	3736.44	3731.56	3722.20	3725.68	3720.28	3724.56	3731.64	3738.34	
3738.34	3744.84	3741.96	3734.34	3727.84	3729.04	3718.92	3721.94	3718.04	3716.60	3715.42	3712.82	3707.48	3704.54	3701.80	3707.68	
3697.36	3698.10	3694.84	3692.74	3701.26	3696.54	3683.20	3677.52	3682.36	3687.44	3687.86	3686.36	3681.94	3681.28	3686.92	3687.66	
3676.36	3673.60	3677.58	3683.84	3672.96	3662.36	3646.44	3644.92	3652.06	3647.16	3664.70	3657.72	3672.32	3666.42	3682.72	3617.00	

*******************************************2024/08/02;19:19:12
Probe number 1
Concentration entered by User 3.06% at Temperature 29.22
1332.54	1351.06	1359.54	1376.16	1389.80	1409.76	1428.58	1446.52	1472.32	1492.36	1514.42	1538.86	1559.04	1584.76	1603.26	1628.08	
1654.74	1688.56	1724.54	1752.00	1774.64	1819.98	1857.10	1895.72	1932.58	2004.64	2077.36	2176.60	2302.68	2459.36	2671.06	2941.32	
3202.98	3384.16	3454.92	3504.92	3522.36	3564.82	3588.80	3605.34	3633.56	3652.98	3659.72	3661.80	3656.20	3662.14	3686.74	3687.62	
3700.12	3709.02	3705.86	3711.34	3707.70	3707.88	3704.62	3709.02	3705.70	3701.62	3703.60	3705.34	3708.24	3710.14	3714.06	3712.30	
3719.80	3727.52	3733.22	3739.04	3734.64	3727.80	3727.46	3734.22	3739.36	3732.58	3726.42	3732.02	3729.28	3730.14	3738.02	3743.56	
3740.50	3746.62	3742.78	3736.54	3733.48	3735.70	3725.42	3728.32	3728.44	3729.88	3727.08	3726.14	3725.44	3726.72	3721.50	3725.48	
3720.90	3720.86	3717.70	3718.90	3722.70	3717.58	3708.86	3704.94	3709.52	3713.18	3715.90	3713.36	3709.18	3712.98	3712.78	3710.54	
3704.84	3706.18	3710.96	3710.32	3700.16	3692.58	3685.48	3685.04	3685.80	3681.50	3698.18	3692.94	3701.00	3696.36	3713.70	3656.94	

*******************************************2024/08/02;19:49:12
Probe number 2
Concentration entered by User 3.65% at Temperature 32.25
1329.22	1346.18	1355.24	1370.90	1386.88	1407.16	1421.82	1443.04	1468.68	1487.88	1509.36	1531.62	1551.20	1574.28	1594.22	1620.34	
1648.66	1678.94	1715.60	1744.38	1771.98	1810.16	1848.82	1892.44	1932.20	1987.60	2057.66	2136.78	2251.80	2419.46	2586.36	2846.38	
3107.82	3297.14	3393.20	3453.48	3466.42	3520.94	3551.56	3567.42	3598.56	3626.16	3636.34	3635.82	3631.22	3638.20	3659.62	3658.60	
3674.02	3684.02	3681.14	3688.50	3686.22	3689.06	3687.92	3693.38	3692.00	3690.44	3693.98	3696.20	3700.70	3702.58	3709.10	3708.82	
3716.58	3724.46	3732.02	3737.98	3732.24	3726.04	3726.06	3733.32	3738.96	3731.76	3725.84	3730.14	3727.28	3728.78	3736.58	3742.00	
3738.26	3743.22	3739.56	3733.24	3732.12	3734.74	3723.64	3726.58	3726.36	3727.28	3724.36	3722.44	3723.46	3724.46	3718.72	3723.14	
3717.74	3718.02	3717.52	3718.16	3721.72	3717.18	3709.36	3705.60	3708.48	3713.92	3717.14	3714.14	3708.70	3712.62	3712.08	3709.12	
3702.66	3704.64	3711.58	3711.06	3700.36	3693.06	3686.94	3687.44	3688.76	3683.10	3699.54	3694.80	3702.52	3697.94	3715.26	3658.96	

*******************************************2024/08/02;20:19:12
Probe number 3
Concentration entered by User 3.50% at Temperature 32.42
1326.36	1343.20	1352.24	1368.78	1381.84	1402.94	1419.12	1440.08	1464.44	1483.42	1506.56	1529.70	1549.90	1570.54	1587.70	1613.90	
1641.64	1676.60	1710.54	1741.80	1767.80	1816.64	1856.52	1886.88	1919.14	1984.48	2058.64	2155.76	2252.90	2393.62	2596.64	2869.52	
3128.40	3316.64	3406.16	3467.36	3478.78	3531.52	3559.22	3576.58	3606.06	3630.08	3641.64	3642.48	3638.60	3643.64	3665.16	3665.26	
3678.40	3688.58	3686.10	3692.98	3691.76	3694.60	3692.72	3698.66	3696.26	3694.86	3698.12	3700.00	3705.22	3707.70	3713.70	3713.82	
3720.50	3728.76	3736.18	3740.80	3735.78	3729.94	3730.84	3736.92	3741.88	3735.08	3729.80	3733.80	3731.58	3732.46	3740.58	3745.88	
3741.62	3746.62	3742.34	3737.28	3736.50	3738.44	3727.90	3730.78	3731.22	3732.50	3728.78	3727.02	3728.30	3728.50	3723.12	3726.76	
3721.94	3722.40	3721.46	3722.46	3726.14	3721.40	3714.88	3710.38	3713.20	3718.72	3721.32	3718.28	3712.66	3716.66	3715.82	3713.56	
3707.70	3708.90	3716.02	3714.94	3704.28	3697.94	3692.22	3692.74	3693.70	3688.56	3704.52	3700.78	3708.28	3703.50	3720.26	3664.00	

*******************************************2024/08/02;20:49:12
Probe number 4
Concentration entered by User 3.54% at Temperature 32.32
1324.62	1341.40	1349.70	1366.88	1380.60	1399.88	1417.28	1437.62	1460.34	1482.06	1506.46	1529.88	1547.62	1570.42	1590.24	1615.12	
1646.80	1676.08	1711.68	1737.30	1760.96	1803.12	1848.80	1882.04	1924.28	1984.74	2050.38	2136.50	2260.46	2416.36	2605.68	2865.46	
3119.62	3316.40	3404.00	3459.40	3472.36	3526.46	3556.66	3573.98	3603.40	3626.90	3638.60	3639.72	3636.34	3641.02	3661.94	3662.86	
3675.90	3686.20	3683.68	3690.58	3689.46	3692.52	3691.48	3695.64	3694.06	3692.82	3696.58	3697.90	3703.26	3706.40	3712.22	3711.98	
3719.42	3726.92	3734.12	3739.26	3733.74	3727.90	3729.58	3734.98	3739.78	3733.20	3727.92	3732.40	3729.32	3730.54	3738.98	3743.70	
3740.06	3745.26	3740.92	3736.24	3734.88	3736.90	3725.44	3728.90	3729.60	3731.38	3726.98	3725.34	3727.02	3727.48	3721.56	3725.08	
3720.70	3720.92	3719.72	3720.82	3724.56	3719.38	3712.88	3708.66	3710.88	3716.52	3719.56	3715.92	3710.56	3715.10	3714.04	3711.64	
3706.08	3707.14	3713.92	3712.66	3701.92	3695.46	3691.02	3690.92	3691.64	3686.38	3701.64	3697.84	3705.38	3700.86	3717.72	3661.76	

*******************************************2024/08/02;21:19:12
Probe number 5
Concentration entered by User 3.50% at Temperature 32.17
1324.24	1341.66	1350.22	1366.70	1381.18	1402.38	1420.60	1439.20	1465.06	1484.70	1508.66	1532.64	1554.12	1575.80	1591.02	1621.72	
1644.16	1673.90	1714.70	1742.46	1768.30	1803.98	1847.04	1881.00	1923.46	1979.90	2054.08	2142.58	2262.74	2398.08	2589.28	2864.28	
3128.58	3320.14	3408.14	3465.26	3480.54	3532.14	3561.00	3578.20	3608.88	3634.14	3644.86	3646.00	3643.30	3647.62	3667.82	3668.28	
3681.46	3691.16	3689.44	3696.04	3694.22	3697.96	3696.52	3700.72	3699.00	3698.24	3701.42	3702.82	3707.94	3710.96	3716.74	3715.50	
3723.04	3730.52	3737.90	3742.58	3737.20	3731.50	3732.92	3738.36	3743.14	3737.02	3731.82	3736.40	3732.92	3734.42	3742.58	3747.60	
3742.84	3748.46	3744.54	3739.90	3738.22	3740.62	3729.48	3732.90	3732.82	3734.66	3730.76	3729.32	3730.56	3731.08	3725.78	3728.70	
3724.66	3724.38	3723.54	3724.30	3728.28	3723.00	3716.56	3712.86	3714.76	3720.12	3722.92	3719.74	3714.88	3718.56	3717.70	3714.94	
3709.52	3710.84	3717.58	3716.30	3706.04	3699.44	3694.74	3695.20	3696.18	3690.64	3705.84	3702.16	3709.22	3704.66	3721.30	3665.64	

*******************************************2024/08/02;21:49:12
Probe number 6
Concentration entered by User 3.53% at Temperature 32.04
1322.10	1339.66	1348.10	1365.14	1379.84	1399.32	1417.08	1436.26	1460.42	1480.42	1502.62	1526.64	1546.62	1566.58	1583.82	1608.88	
1637.74	1671.08	1704.32	1733.00	1759.16	1802.30	1846.28	1882.88	1921.46	1978.02	2045.40	2130.92	2251.84	2406.92	2595.28	2861.10	
3114.76	3311.38	3408.28	3466.08	3478.26	3530.72	3561.56	3578.58	3609.02	3635.06	3646.42	3647.18	3643.94	3648.36	3669.22	3669.78	
3682.78	3692.74	3690.92	3697.94	3697.04	3699.62	3698.36	3702.70	3701.10	3700.72	3704.00	3705.12	3710.72	3712.98	3718.86	3717.76	
3724.76	3732.46	3739.42	3744.46	3739.28	3733.78	3734.66	3740.10	3744.46	3738.66	3733.48	3737.84	3734.70	3735.62	3743.96	3748.66	
3744.44	3749.00	3745.44	3740.72	3739.72	3742.04	3731.14	3734.30	3734.32	3736.08	3732.06	3730.48	3731.84	3732.32	3726.66	3729.92	
3725.58	3725.28	3723.62	3724.96	3728.98	3723.52	3716.62	3712.74	3714.76	3720.08	3723.04	3719.28	3714.50	3718.26	3717.42	3714.62	
3709.36	3710.80	3717.44	3716.06	3705.30	3699.30	3694.70	3694.74	3695.98	3689.92	3705.46	3701.60	3708.74	3703.82	3720.64	3665.36	

*******************************************2024/08/02;22:19:12
Probe number 7
Concentration entered by User 3.54% at Temperature 31.92
1323.02	1340.30	1349.38	1366.10	1378.46	1394.60	1412.24	1431.90	1454.70	1477.66	1500.86	1527.04	1546.08	1564.36	1583.40	1613.62	
1638.18	1674.62	1707.74	1733.58	1759.56	1801.86	1848.56	1875.04	1919.22	1989.02	2056.14	2121.08	2248.12	2397.38	2595.18	2851.10	
3105.10	3311.84	3408.46	3466.96	3481.60	3533.48	3563.46	3583.32	3613.62	3639.12	3649.72	3651.50	3648.32	3652.22	3673.18	3673.34	
3686.68	3696.04	3694.52	3701.10	3699.60	3702.90	3700.70	3704.96	3704.18	3703.30	3705.98	3708.02	3713.28	3715.24	3720.64	3720.16	
3726.94	3734.44	3741.86	3746.74	3741.98	3736.24	3737.22	3742.84	3747.48	3741.98	3736.92	3741.10	3738.14	3739.22	3747.42	3752.20	
3748.26	3752.92	3749.48	3745.22	3744.06	3746.40	3736.08	3739.42	3739.18	3740.66	3736.92	3735.90	3736.72	3737.26	3731.60	3734.82	
3731.02	3730.78	3729.28	3730.30	3733.96	3728.96	3722.44	3718.52	3720.60	3725.86	3728.84	3725.14	3719.94	3724.10	3723.12	3720.50	
3714.92	3716.06	3722.54	3721.06	3710.98	3704.66	3700.34	3700.06	3701.46	3695.20	3710.62	3706.64	3712.98	3709.00	3724.82	3670.68	

*******************************************2024/08/02;22:49:12
Probe number 8
Concentration entered by User 3.56% at Temperature 31.79
1322.46	1340.16	1348.00	1364.00	1377.76	1396.24	1415.78	1433.62	1456.24	1475.70	1499.34	1522.00	1540.36	1561.14	1579.62	1606.36	
1634.74	1666.92	1704.48	1729.10	1761.00	1795.44	1836.54	1869.36	1920.00	1981.94	2052.84	2127.06	2258.30	2407.72	2566.92	2837.76	
3106.14	3313.44	3405.56	3464.68	3476.86	3530.22	3561.42	3580.28	3609.60	3635.38	3647.30	3648.14	3645.34	3649.42	3669.58	3670.14	
3683.36	3693.92	3691.72	3698.08	3697.42	3700.02	3698.60	3703.14	3701.48	3700.70	3704.16	3705.88	3711.04	3712.88	3718.48	3717.84	
3724.80	3732.38	3739.96	3744.64	3739.48	3733.70	3734.94	3740.34	3745.16	3739.24	3734.60	3738.64	3735.78	3736.74	3744.60	3749.16	
3745.72	3750.50	3746.74	3742.38	3741.62	3743.82	3733.50	3736.48	3736.46	3738.00	3733.94	3732.78	3733.86	3734.64	3728.98	3732.22	
3728.08	3727.30	3726.68	3727.96	3731.12	3725.94	3719.44	3715.80	3717.92	3723.48	3725.88	3722.34	3717.58	3721.54	3720.44	3717.58	
3712.12	3713.12	3719.90	3718.56	3708.16	3702.36	3697.48	3697.68	3698.86	3692.64	3708.30	3704.30	3711.00	3706.32	3722.34	3667.38	

*******************************************2024/08/02;23:19:12
Probe number 9
Concentration entered by User 3.70% at Temperature 31.67
1318.62	1335.04	1344.04	1360.00	1372.48	1390.18	1408.02	1430.96	1454.86	1471.52	1494.10	1519.94	1538.32	1558.84	1576.34	1601.80	
1626.98	1660.78	1695.30	1718.78	1749.58	1789.14	1828.70	1866.40	1905.48	1970.44	2040.10	2112.54	2238.76	2376.88	2545.40	2819.12	
3094.20	3292.64	3387.70	3449.34	3460.02	3512.76	3544.00	3562.60	3593.52	3620.98	3632.26	3634.58	3630.30	3634.74	3656.18	3656.86	
3670.98	3681.38	3679.06	3686.08	3685.56	3688.62	3686.64	3691.82	3690.14	3689.04	3693.26	3695.66	3700.52	3702.60	3708.80	3708.46	
3715.62	3723.60	3731.14	3736.38	3731.26	3725.12	3726.48	3732.60	3737.34	3731.96	3726.50	3730.92	3728.02	3729.30	3737.78	3743.30	
3739.20	3744.20	3740.78	3735.42	3734.60	3737.14	3726.46	3729.76	3730.12	3732.10	3728.30	3726.86	3727.86	3728.88	3722.38	3725.76	
3721.56	3720.68	3719.30	3720.28	3724.14	3718.46	3711.42	3708.08	3709.66	3715.00	3717.66	3713.80	3708.70	3712.12	3711.30	3707.88	
3701.86	3703.22	3710.18	3708.52	3697.42	3691.30	3685.94	3685.44	3686.70	3680.18	3695.84	3691.72	3698.64	3693.74	3710.78	3653.16	

*******************************************2024/08/02;23:49:12
Probe number 10
Concentration entered by User 3.88% at Temperature 31.54
1314.28	1331.48	1340.62	1356.46	1370.86	1387.86	1403.80	1427.10	1448.64	1470.48	1493.88	1520.38	1538.20	1558.00	1573.48	1596.22	
1623.86	1653.90	1687.84	1717.10	1746.52	1788.50	1825.08	1856.40	1900.54	1954.10	2022.16	2110.46	2234.62	2371.16	2549.64	2800.38	
3071.42	3275.16	3370.60	3432.02	3446.96	3500.44	3531.86	3550.90	3583.82	3611.28	3622.82	3624.72	3621.44	3626.04	3647.04	3648.16	
3662.76	3673.24	3671.74	3678.68	3678.48	3680.94	3678.58	3683.84	3682.10	3681.64	3685.60	3688.38	3693.36	3694.82	3701.26	3700.74	
3707.78	3715.48	3723.82	3729.12	3723.22	3716.62	3717.92	3724.42	3729.44	3723.08	3717.50	3722.24	3718.52	3720.52	3728.98	3734.18	
3730.46	3735.44	3731.80	3726.32	3724.90	3727.24	3715.74	3718.76	3719.74	3721.62	3717.38	3716.38	3717.56	3718.86	3712.36	3716.00	
3711.82	3710.72	3709.90	3711.02	3714.54	3709.10	3701.68	3697.56	3700.46	3706.18	3708.58	3704.28	3699.58	3703.34	3702.16	3699.06	
3693.32	3694.68	3701.94	3700.54	3688.64	3682.36	3677.20	3676.86	3678.02	3671.36	3687.72	3682.48	3689.60	3685.16	3702.42	3642.92	

*******************************************2024/08/03;00:19:12
Probe number 11
Concentration entered by User 3.73% at Temperature 31.44
1314.96	1333.18	1342.36	1359.18	1372.12	1388.18	1405.12	1434.30	1458.84	1476.76	1498.20	1524.14	1543.86	1558.42	1573.76	1596.44	
1625.16	1660.38	1696.66	1721.64	1747.86	1790.96	1834.98	1867.74	1904.14	1962.72	2022.22	2108.58	2229.00	2392.02	2563.22	2805.72	
3082.20	3288.10	3385.26	3450.44	3461.48	3513.48	3544.42	3563.40	3593.92	3620.36	3632.34	3634.84	3632.14	3636.80	3658.22	3658.24	
3672.14	3682.68	3680.54	3687.36	3687.12	3689.00	3686.78	3692.00	3690.56	3689.26	3693.36	3695.68	3701.18	3702.32	3708.38	3707.52	
3714.46	3722.06	3729.90	3735.52	3729.80	3723.58	3724.40	3730.40	3734.96	3729.06	3723.70	3728.70	3725.20	3726.48	3734.88	3739.82	
3736.26	3741.28	3737.52	3731.78	3730.58	3732.98	3722.00	3724.64	3725.28	3726.96	3722.86	3721.44	3722.28	3723.58	3717.10	3720.60	
3716.48	3715.12	3714.20	3715.10	3718.82	3713.18	3706.04	3702.48	3705.10	3710.50	3713.12	3709.14	3704.24	3708.30	3707.20	3704.86	
3698.66	3700.16	3707.54	3705.54	3694.80	3688.60	3683.92	3683.10	3684.74	3678.14	3693.70	3689.76	3696.62	3691.90	3708.82	3651.42	

*******************************************2024/08/03;00:49:12
Probe number 12
Concentration entered by User 3.71% at Temperature 31.31
1317.94	1335.10	1345.04	1361.24	1372.86	1390.82	1407.92	1435.32	1460.34	1478.04	1499.10	1522.34	1542.12	1558.50	1572.70	1597.38	
1623.14	1654.10	1691.04	1719.86	1752.34	1790.96	1831.38	1869.00	1901.86	1962.92	2034.18	2111.14	2224.38	2371.96	2563.42	2815.58	
3075.56	3289.48	3387.58	3451.74	3465.50	3519.16	3551.22	3570.34	3599.62	3628.08	3639.44	3641.88	3639.04	3643.82	3664.56	3664.02	
3678.00	3688.02	3686.50	3693.34	3692.94	3695.42	3693.04	3698.10	3696.92	3696.20	3700.20	3702.56	3707.62	3709.62	3714.84	3714.74	
3721.14	3728.64	3736.00	3741.54	3736.02	3730.00	3730.96	3736.68	3741.02	3735.36	3730.60	3734.64	3731.44	3732.70	3740.96	3745.74	
3742.48	3747.14	3743.34	3738.66	3736.90	3739.34	3728.54	3731.36	3732.00	3733.88	3729.80	3728.64	3729.76	3730.66	3724.32	3727.58	
3724.02	3722.90	3722.10	3722.94	3726.42	3720.90	3714.28	3710.78	3713.40	3718.16	3720.52	3716.96	3712.38	3716.02	3714.78	3712.40	
3706.58	3707.90	3714.84	3712.76	3702.54	3696.32	3691.76	3691.30	3692.84	3686.98	3701.60	3697.60	3704.30	3700.02	3716.52	3660.18	

*******************************************2024/08/03;01:19:12
Probe number 13
Concentration entered by User 3.66% at Temperature 31.22
1317.08	1334.02	1344.32	1362.62	1374.62	1390.36	1408.08	1430.74	1455.32	1475.52	1498.98	1519.82	1536.16	1557.78	1576.88	1598.74	
1628.92	1660.44	1694.34	1717.34	1744.72	1792.70	1835.24	1869.56	1903.48	1972.94	2036.88	2122.42	2225.18	2373.98	2561.90	2809.26	
3084.10	3296.74	3394.16	3456.90	3470.22	3522.58	3555.54	3574.14	3604.20	3631.90	3643.52	3645.60	3642.46	3647.00	3667.28	3667.38	
3681.30	3691.22	3689.38	3696.32	3695.60	3697.96	3695.40	3700.82	3699.92	3698.66	3702.60	3705.30	3711.00	3712.26	3717.92	3717.24	
3723.72	3730.66	3738.44	3743.66	3738.46	3732.34	3732.86	3738.92	3743.38	3737.96	3732.76	3736.88	3733.46	3735.06	3742.86	3747.68	
3744.38	3748.94	3745.34	3740.34	3739.50	3741.60	3731.38	3734.34	3734.58	3736.36	3732.38	3730.84	3732.40	3733.16	3726.68	3730.04	
3726.44	3725.30	3724.30	3725.14	3728.62	3723.20	3717.14	3713.58	3715.70	3720.72	3723.44	3719.70	3715.34	3719.00	3717.72	3715.20	
3710.04	3711.36	3717.84	3716.10	3706.12	3700.12	3695.96	3694.98	3696.84	3690.48	3705.30	3701.58	3708.40	3703.72	3719.82	3665.04	

*******************************************2024/08/03;01:49:12
Probe number 14
Concentration entered by User 3.91% at Temperature 31.15
1314.66	1330.92	1339.44	1356.50	1370.52	1390.18	1405.30	1425.98	1449.20	1468.74	1490.72	1513.42	1528.58	1551.90	1567.84	1591.58	
1620.26	1652.30	1685.32	1708.30	1732.88	1779.38	1826.24	1858.88	1896.48	1953.92	2024.44	2103.38	2201.32	2355.00	2537.90	2800.44	
3056.08	3260.80	3371.20	3434.92	3448.20	3501.78	3536.18	3554.52	3586.44	3614.30	3626.68	3628.44	3625.30	3630.00	3650.86	3650.98	
3666.18	3676.96	3674.88	3682.70	3682.02	3684.22	3681.52	3686.92	3685.74	3684.66	3689.18	3692.24	3697.94	3699.86	3705.36	3704.56	
3711.48	3719.20	3727.16	3733.24	3727.44	3720.76	3721.78	3727.62	3732.70	3726.76	3721.56	3725.76	3722.36	3723.80	3732.52	3738.22	
3734.60	3739.62	3735.86	3730.42	3729.08	3731.38	3720.34	3723.22	3723.88	3725.78	3721.76	3720.28	3721.74	3722.44	3715.76	3719.88	
3715.70	3714.74	3713.54	3714.46	3718.08	3712.46	3705.56	3702.22	3704.86	3710.20	3712.22	3708.52	3703.84	3707.48	3706.94	3704.42	
3698.30	3699.92	3706.42	3704.48	3693.88	3687.60	3682.80	3682.12	3684.22	3676.68	3693.08	3688.48	3695.86	3690.76	3707.78	3649.64	

*******************************************2024/08/03;02:19:12
Probe number 15
Concentration entered by User 3.86% at Temperature 31.09
1316.12	1333.88	1340.86	1356.30	1370.44	1387.46	1404.06	1427.88	1450.60	1469.30	1492.92	1514.20	1531.64	1554.68	1571.96	1596.36	
1622.02	1654.36	1686.68	1716.74	1740.74	1784.70	1828.76	1860.04	1901.86	1954.60	2009.70	2098.92	2205.32	2359.90	2540.22	2797.02	
3051.78	3268.66	3372.46	3441.06	3456.36	3512.28	3543.86	3563.26	3595.24	3622.38	3634.40	3636.72	3633.82	3638.74	3659.08	3659.10	
3673.90	3684.30	3682.36	3689.64	3688.96	3691.36	3689.06	3693.90	3693.44	3692.06	3696.48	3699.70	3705.56	3706.90	3712.28	3711.52	
3718.70	3725.90	3733.54	3738.88	3733.80	3727.58	3728.68	3734.26	3739.24	3733.14	3728.38	3732.84	3729.50	3730.94	3739.16	3744.14	
3740.74	3745.62	3741.90	3736.72	3735.64	3737.78	3726.76	3729.56	3730.26	3732.48	3728.00	3726.84	3727.96	3729.10	3723.10	3726.66	
3722.84	3722.08	3720.56	3721.78	3725.54	3720.04	3713.52	3709.70	3712.44	3717.48	3720.60	3716.56	3712.40	3715.32	3713.98	3711.60	
3706.20	3707.16	3713.70	3712.00	3701.40	3696.06	3690.66	3690.14	3692.02	3684.94	3700.40	3696.00	3702.94	3698.24	3714.60	3657.74	

*******************************************2024/08/03;02:49:12
Probe number 16
Concentration entered by User 3.77% at Temperature 31.03
1316.76	1333.18	1341.50	1359.30	1372.60	1389.64	1407.68	1430.26	1451.82	1470.46	1493.30	1515.66	1533.18	1556.48	1569.98	1591.38	
1620.82	1654.98	1692.32	1721.04	1745.58	1781.34	1829.46	1856.04	1897.60	1957.10	2027.00	2112.42	2211.58	2359.82	2547.96	2791.70	
3071.94	3282.90	3379.66	3446.98	3461.96	3518.18	3550.90	3568.88	3600.08	3628.44	3639.94	3642.28	3639.28	3644.40	3664.26	3664.26	
3678.88	3689.64	3687.26	3694.38	3694.18	3696.26	3693.72	3698.98	3698.08	3696.88	3701.52	3704.14	3709.74	3711.92	3716.86	3716.30	
3722.84	3729.96	3737.62	3743.26	3738.06	3731.70	3732.64	3738.00	3742.64	3737.08	3732.24	3736.42	3733.34	3734.68	3742.80	3747.50	
3744.42	3748.96	3745.28	3740.52	3739.38	3741.28	3731.00	3734.04	3734.30	3735.82	3731.74	3730.46	3732.00	3733.10	3726.52	3729.94	
3726.24	3725.04	3724.38	3725.24	3728.52	3723.52	3717.18	3713.90	3716.18	3721.26	3723.74	3720.26	3716.44	3719.56	3718.14	3716.04	
3710.72	3711.78	3717.98	3715.84	3706.20	3700.74	3696.32	3694.86	3697.18	3690.76	3705.62	3701.20	3708.28	3703.46	3719.64	3664.60	

*******************************************2024/08/03;03:19:12
Probe number 17
Concentration entered by User 3.77% at Temperature 30.98
1319.42	1336.94	1344.24	1362.54	1376.34	1393.12	1407.52	1431.96	1453.80	1471.70	1495.20	1517.56	1536.66	1558.04	1575.12	1597.92	
1624.58	1661.00	1694.82	1720.86	1750.08	1791.24	1837.48	1868.66	1911.50	1977.34	2034.66	2114.68	2219.52	2356.46	2535.76	2793.82	
3062.82	3275.86	3384.92	3449.44	3464.76	3521.88	3555.94	3574.60	3605.16	3632.60	3644.38	3645.34	3643.46	3648.02	3668.16	3668.56	
3682.24	3692.84	3690.38	3697.66	3697.12	3699.34	3697.44	3702.48	3701.22	3700.00	3704.72	3707.58	3713.22	3714.88	3720.40	3719.86	
3726.10	3732.84	3740.36	3746.04	3741.20	3734.94	3735.62	3741.04	3745.88	3740.44	3735.58	3739.86	3736.30	3738.02	3745.70	3750.60	
3747.72	3751.98	3748.42	3743.88	3742.68	3744.88	3734.92	3737.24	3737.34	3739.10	3735.30	3734.06	3735.34	3736.30	3729.86	3733.30	
3729.78	3728.80	3728.08	3729.00	3732.02	3726.96	3721.10	3717.84	3720.32	3725.24	3727.70	3724.40	3720.04	3723.14	3722.04	3719.70	
3714.60	3715.84	3722.50	3720.94	3711.14	3705.70	3701.54	3700.84	3702.18	3696.10	3710.10	3706.28	3713.06	3708.36	3723.56	3669.58	

*******************************************2024/08/03;03:49:12
Probe number 18
Concentration entered by User 4.04% at Temperature 30.93
1314.76	1330.32	1337.68	1356.20	1371.02	1388.56	1404.78	1428.32	1451.74	1471.90	1491.34	1512.34	1531.02	1551.94	1567.76	1594.48	
1624.26	1652.34	1687.96	1718.40	1740.94	1781.54	1824.38	1851.24	1886.96	1953.50	2022.06	2095.10	2207.02	2356.30	2521.64	2767.32	
3030.14	3247.80	3356.68	3424.36	3438.60	3496.78	3532.02	3551.78	3583.34	3612.70	3624.28	3626.26	3622.58	3627.84	3649.36	3649.78	
3664.64	3675.50	3673.50	3681.60	3680.90	3683.14	3680.94	3686.20	3684.98	3683.82	3688.76	3691.70	3697.74	3699.74	3705.68	3705.16	
3712.06	3719.38	3727.08	3733.26	3727.94	3721.10	3722.04	3728.38	3733.06	3726.90	3722.04	3726.78	3723.30	3724.92	3733.66	3738.78	
3735.68	3740.44	3736.18	3730.86	3730.12	3732.32	3721.38	3724.14	3724.14	3726.08	3721.82	3720.84	3722.14	3723.20	3716.58	3719.80	
3715.56	3714.92	3714.04	3715.24	3718.56	3713.12	3706.36	3703.12	3705.62	3710.94	3713.46	3709.84	3705.44	3709.08	3707.40	3705.12	
3699.14	3700.26	3707.14	3705.60	3695.36	3689.42	3684.80	3683.72	3685.30	3678.68	3694.44	3689.90	3697.30	3692.32	3708.88	3651.20	

*******************************************2024/08/03;04:19:12
Probe number 19
Concentration entered by User 3.79% at Temperature 30.87
1317.64	1334.74	1343.86	1361.28	1374.74	1392.70	1407.56	1429.82	1453.22	1472.80	1496.36	1518.54	1534.94	1558.48	1577.34	1601.56	
1628.32	1656.06	1691.86	1727.70	1748.24	1782.92	1830.04	1865.18	1898.16	1963.86	2029.52	2103.24	2222.10	2379.10	2549.00	2801.10	
3058.34	3274.86	3379.44	3449.18	3467.78	3523.28	3556.96	3577.36	3607.34	3635.12	3647.52	3649.30	3646.88	3651.46	3671.34	3670.92	
3684.58	3695.46	3693.44	3700.58	3700.28	3702.98	3700.72	3705.42	3704.56	3703.88	3708.34	3711.10	3716.82	3718.56	3723.86	3723.34	
3729.74	3736.42	3743.68	3749.40	3744.16	3738.60	3739.52	3744.82	3749.14	3743.84	3739.24	3743.28	3740.40	3741.62	3749.46	3754.12	
3751.48	3755.62	3752.24	3747.70	3747.16	3749.58	3739.52	3741.42	3741.94	3743.12	3739.82	3738.54	3739.72	3740.70	3734.52	3738.08	
3734.24	3733.40	3732.56	3733.40	3736.94	3732.08	3726.40	3723.12	3725.30	3730.40	3732.26	3729.56	3725.44	3728.40	3727.28	3725.06	
3719.48	3720.80	3727.04	3725.34	3716.16	3711.08	3706.70	3705.64	3707.58	3701.16	3715.42	3710.94	3718.02	3713.88	3728.66	3675.32	

*******************************************2024/08/03;04:49:12
Probe number 20
Concentration entered by User 4.18% at Temperature 30.82
1311.36	1327.90	1336.44	1353.02	1366.96	1385.46	1400.38	1422.36	1441.78	1461.92	1483.56	1504.20	1522.42	1544.78	1563.16	1588.98	
1614.36	1643.48	1674.84	1700.52	1733.60	1770.40	1814.56	1851.74	1885.66	1950.86	2012.58	2087.38	2198.52	2334.56	2528.20	2770.28	
3026.94	3239.90	3342.18	3412.10	3425.80	3482.88	3519.82	3539.18	3571.18	3600.48	3613.72	3615.98	3612.76	3618.40	3639.18	3638.44	
3655.06	3665.94	3664.50	3673.18	3672.72	3675.22	3673.02	3678.04	3677.96	3676.60	3681.12	3684.10	3690.52	3692.84	3698.52	3698.12	
3705.20	3713.08	3721.06	3727.70	3722.42	3715.44	3715.98	3722.96	3727.72	3721.56	3716.22	3721.34	3717.94	3719.92	3728.52	3734.26	
3730.52	3735.98	3732.24	3726.74	3725.50	3728.54	3716.46	3719.04	3719.68	3721.44	3717.06	3716.36	3717.38	3718.96	3712.00	3716.00	
3711.56	3710.52	3709.58	3710.62	3714.24	3709.28	3702.16	3698.98	3701.16	3706.66	3709.32	3705.64	3701.06	3704.96	3703.38	3700.52	
3694.78	3696.38	3703.08	3701.22	3690.96	3684.64	3679.84	3678.54	3680.52	3673.90	3689.26	3685.04	3692.54	3687.18	3704.24	3645.34	

*******************************************2024/08/03;05:13:02
Probe number 21
Concentration entered by User 3.98% at Temperature 30.78
1315.18	1332.04	1340.20	1357.48	1373.04	1388.94	1404.18	1426.80	1448.88	1469.98	1490.38	1513.36	1531.16	1550.62	1567.64	1593.72	
1624.76	1655.12	1689.98	1718.72	1741.42	1775.90	1822.28	1853.36	1891.82	1957.98	2016.60	2096.06	2199.64	2345.98	2542.68	2778.54	
3034.28	3252.36	3359.70	3429.88	3449.16	3504.64	3540.72	3560.14	3592.18	3621.14	3633.62	3635.92	3632.76	3637.98	3658.44	3658.14	
3673.00	3684.74	3682.52	3690.00	3689.88	3692.48	3690.30	3695.64	3694.62	3693.86	3698.38	3701.38	3707.48	3709.56	3715.16	3714.84	
3721.54	3728.86	3736.00	3742.20	3737.42	3730.96	3731.94	3737.78	3742.58	3736.72	3731.92	3736.42	3733.54	3735.36	3743.08	3748.04	
3744.94	3750.04	3746.32	3741.44	3740.92	3743.08	3732.84	3735.56	3735.58	3737.00	3733.60	3732.46	3733.72	3734.46	3728.22	3731.68	
3727.76	3727.24	3726.18	3727.46	3731.14	3726.04	3719.96	3716.72	3719.16	3724.06	3726.80	3723.46	3719.54	3722.74	3721.52	3719.02	
3713.54	3714.96	3721.12	3719.84	3710.06	3704.36	3700.26	3699.42	3701.14	3694.52	3709.30	3704.80	3712.42	3707.58	3722.90	3668.42	

*******************************************2024/08/03;05:19:12
Probe number 22
Concentration entered by User 4.21% at Temperature 30.74
1310.92	1327.44	1337.34	1354.72	1368.52	1385.14	1401.24	1423.46	1444.64	1462.04	1483.76	1508.32	1522.40	1543.70	1562.06	1584.68	
1612.92	1647.30	1677.58	1710.38	1734.74	1772.48	1809.84	1849.44	1889.32	1949.32	2005.54	2087.28	2198.62	2330.56	2518.40	2761.64	
3016.16	3236.28	3342.06	3408.00	3423.28	3481.08	3518.08	3538.60	3570.80	3599.90	3613.46	3615.32	3612.54	3617.60	3638.84	3639.14	
3654.70	3666.46	3664.52	3673.42	3672.38	3675.06	3673.12	3678.48	3677.54	3676.90	3681.42	3684.72	3690.94	3693.18	3699.10	3698.74	
3705.60	3713.78	3721.98	3728.24	3723.44	3716.02	3717.44	3724.12	3729.06	3722.58	3717.22	3722.64	3719.24	3720.84	3729.94	3735.44	
3732.00	3737.52	3733.82	3728.38	3727.18	3729.70	3718.74	3721.14	3721.38	3723.24	3719.32	3718.72	3719.70	3720.58	3713.96	3717.90	
3713.34	3712.66	3711.62	3712.40	3716.42	3711.42	3704.54	3701.10	3703.94	3709.06	3711.90	3708.36	3703.96	3707.62	3706.06	3703.30	
3697.80	3699.00	3705.78	3704.50	3693.58	3687.58	3683.20	3681.54	3683.56	3676.52	3692.46	3687.84	3695.44	3690.58	3707.24	3648.30	

*******************************************2024/08/03;05:49:12
Probe number 23
Concentration entered by User 4.15% at Temperature 30.73
1312.84	1329.00	1338.22	1356.18	1369.24	1387.56	1402.92	1420.64	1445.32	1464.96	1486.86	1507.54	1524.98	1545.72	1563.68	1589.22	
1613.52	1648.72	1682.90	1712.36	1739.88	1777.94	1817.22	1841.04	1884.56	1955.84	2026.14	2104.60	2193.88	2347.02	2516.76	2760.48	
3009.72	3231.86	3345.92	3416.62	3434.22	3491.34	3527.36	3547.08	3579.00	3609.16	3622.40	3623.86	3621.58	3626.32	3647.06	3646.68	
3662.80	3674.28	3672.30	3680.94	3680.42	3683.06	3680.74	3686.38	3685.30	3684.58	3689.22	3692.64	3698.96	3701.20	3707.22	3707.28	
3713.96	3721.14	3729.42	3735.80	3730.84	3724.10	3724.96	3731.66	3736.22	3730.12	3725.12	3729.80	3727.22	3728.88	3737.20	3742.62	
3739.48	3744.72	3741.08	3736.06	3735.24	3737.72	3726.80	3729.54	3729.78	3731.54	3727.54	3726.70	3727.98	3728.82	3722.44	3726.22	
3722.04	3721.40	3720.58	3721.72	3725.28	3720.58	3714.56	3711.44	3714.02	3719.20	3721.64	3718.44	3714.36	3718.22	3716.12	3714.04	
3708.54	3709.80	3716.72	3714.54	3704.90	3699.68	3694.92	3693.40	3694.98	3688.70	3703.34	3699.00	3706.58	3701.42	3717.36	3661.08	

*******************************************2024/08/03;06:19:12
Probe number 24
Concentration entered by User 4.29% at Temperature 30.68
1310.54	1326.96	1335.22	1352.22	1365.96	1383.32	1399.32	1421.82	1442.40	1462.64	1484.42	1504.16	1518.44	1542.82	1561.46	1584.38	
1610.54	1641.76	1676.74	1704.28	1731.16	1768.58	1809.92	1840.00	1874.40	1931.00	1999.58	2091.38	2194.54	2328.96	2510.86	2759.98	
3006.26	3223.10	3332.54	3402.52	3419.30	3477.54	3515.28	3534.92	3567.22	3597.34	3611.54	3612.94	3610.78	3615.78	3637.04	3636.30	
3653.14	3665.20	3663.18	3671.96	3671.66	3674.30	3672.72	3677.70	3676.96	3675.96	3681.06	3684.74	3691.44	3693.40	3699.60	3699.76	
3706.92	3714.74	3722.86	3729.40	3724.30	3717.64	3718.54	3725.28	3730.40	3723.98	3718.94	3724.02	3721.08	3723.22	3732.20	3737.56	
3734.40	3739.72	3736.12	3730.56	3729.84	3732.30	3721.34	3723.76	3724.36	3726.16	3722.18	3721.54	3722.60	3724.00	3717.20	3720.88	
3716.76	3716.18	3715.16	3716.28	3720.16	3715.52	3708.84	3706.04	3708.66	3714.32	3716.62	3713.10	3708.78	3712.32	3710.90	3708.20	
3702.88	3704.20	3710.78	3709.42	3699.32	3693.70	3688.98	3687.08	3689.14	3682.38	3697.52	3692.98	3700.56	3695.46	3711.86	3653.92	

*******************************************2024/08/03;06:49:12
Probe number 25
Concentration entered by User 4.35% at Temperature 30.63
1313.46	1330.84	1340.02	1357.46	1371.70	1388.74	1403.60	1426.14	1448.82	1464.54	1485.92	1507.02	1526.18	1548.74	1564.00	1591.24	
1618.12	1644.76	1683.90	1710.48	1740.26	1779.84	1817.12	1848.68	1891.82	1953.40	2021.20	2087.80	2180.88	2335.00	2496.26	2725.62	
2970.06	3200.34	3326.88	3399.76	3420.26	3480.58	3522.06	3543.92	3577.44	3608.86	3620.74	3621.96	3618.70	3623.84	3646.22	3646.04	
3662.02	3673.76	3674.38	3682.92	3682.76	3684.96	3683.86	3689.18	3689.22	3688.62	3693.28	3696.22	3702.80	3704.26	3710.58	3710.34	
3717.04	3724.96	3732.18	3738.80	3733.94	3727.92	3728.76	3735.24	3740.36	3734.40	3729.54	3734.44	3731.86	3733.50	3741.52	3746.70	
3743.54	3748.98	3745.14	3740.18	3739.74	3742.26	3731.54	3733.94	3734.00	3735.46	3732.12	3731.10	3731.98	3732.86	3727.34	3730.98	
3727.04	3726.18	3725.12	3726.64	3730.42	3725.28	3719.46	3716.34	3719.12	3724.38	3726.56	3723.28	3719.30	3722.64	3720.90	3718.54	
3713.08	3714.36	3721.04	3719.62	3710.20	3704.64	3700.20	3698.46	3700.56	3693.72	3709.04	3705.36	3712.04	3707.54	3722.78	3667.70	

*******************************************2024/08/03;07:19:12
Probe number 26
Concentration entered by User 4.81% at Temperature 30.55
1316.42	1333.26	1344.08	1361.22	1376.84	1393.78	1408.64	1430.52	1451.70	1473.22	1497.12	1520.70	1538.72	1556.34	1575.32	1595.44	
1624.78	1655.18	1688.70	1717.30	1743.76	1786.66	1830.54	1862.92	1901.92	1963.16	2028.26	2099.64	2183.48	2311.98	2469.08	2684.12	
2914.46	3142.26	3272.20	3357.30	3390.98	3457.46	3507.76	3531.04	3563.64	3600.20	3615.02	3616.54	3615.12	3619.84	3640.40	3639.74	
3655.74	3669.96	3671.00	3683.34	3683.62	3685.18	3684.74	3691.04	3691.80	3691.52	3696.84	3698.34	3704.84	3707.26	3713.38	3713.14	
3720.24	3728.24	3736.12	3741.82	3736.76	3730.20	3732.58	3739.02	3744.26	3738.46	3733.56	3738.24	3735.16	3737.12	3745.10	3749.82	
3747.20	3751.92	3747.86	3742.78	3742.24	3745.20	3734.02	3736.46	3736.50	3737.44	3734.72	3733.70	3733.40	3733.94	3728.48	3734.02	
3729.40	3728.48	3727.88	3728.98	3732.94	3727.12	3721.82	3717.78	3720.82	3726.02	3728.52	3725.34	3721.34	3724.62	3722.84	3720.42	
3715.26	3716.16	3723.10	3720.88	3711.98	3706.88	3702.64	3701.22	3702.74	3696.06	3711.08	3707.58	3714.54	3710.22	3725.62	3671.48	

*******************************************2024/08/03;07:49:12
Probe number 27
Concentration entered by User 5.54% at Temperature 30.34
1318.42	1334.64	1344.22	1361.06	1374.02	1392.90	1407.14	1428.44	1452.62	1470.44	1494.24	1515.14	1535.88	1556.08	1574.18	1599.74	
1622.16	1654.96	1690.80	1721.68	1745.80	1781.52	1826.22	1861.34	1904.88	1965.84	2012.24	2072.66	2166.92	2300.68	2441.08	2636.42	
2850.84	3054.86	3187.84	3295.26	3338.50	3409.42	3462.26	3493.98	3527.78	3567.00	3585.66	3589.08	3586.20	3587.02	3608.46	3609.86	
3628.78	3643.08	3647.72	3661.88	3664.70	3669.84	3673.18	3681.20	3683.26	3684.66	3693.34	3694.68	3701.44	3704.80	3710.42	3710.78	
3718.38	3725.20	3733.32	3738.64	3734.26	3729.84	3732.36	3738.60	3744.00	3739.10	3734.40	3738.26	3736.30	3738.22	3746.52	3751.40	
3749.20	3752.94	3748.40	3742.98	3743.56	3746.68	3735.14	3737.06	3736.86	3738.56	3735.60	3734.20	3734.90	3734.84	3729.56	3734.96	
3731.12	3730.60	3729.26	3730.78	3734.12	3728.14	3722.08	3717.92	3722.14	3727.90	3730.54	3727.56	3723.76	3726.52	3724.90	3722.74	
3717.26	3718.28	3725.00	3723.20	3715.10	3709.80	3705.80	3703.40	3705.30	3698.06	3712.38	3708.30	3716.30	3712.86	3727.70	3674.54	

*******************************************2024/08/03;08:19:12
Probe number 28
Concentration entered by User 6.63% at Temperature 30.57
1313.94	1331.12	1340.32	1357.74	1371.28	1389.46	1405.46	1426.74	1450.36	1468.30	1488.78	1507.06	1526.62	1550.46	1568.40	1595.12	
1621.08	1653.96	1688.34	1709.22	1737.12	1778.32	1823.32	1857.38	1896.32	1951.46	2000.90	2064.80	2151.98	2283.12	2404.22	2567.72	
2774.68	2969.44	3105.32	3211.42	3257.20	3336.98	3394.48	3424.66	3461.10	3505.82	3530.74	3539.36	3544.80	3551.18	3572.50	3572.44	
3591.78	3607.14	3613.96	3633.44	3636.70	3644.86	3649.82	3658.24	3661.96	3664.06	3675.32	3676.88	3684.78	3686.92	3694.30	3694.78	
3702.74	3710.98	3720.48	3727.02	3722.64	3718.72	3721.30	3728.34	3733.88	3728.68	3724.70	3729.00	3725.90	3728.58	3737.04	3741.26	
3739.22	3744.22	3740.06	3734.36	3734.60	3738.32	3724.70	3726.12	3726.42	3729.08	3726.00	3724.60	3724.82	3724.24	3718.96	3724.70	
3721.08	3720.92	3720.64	3721.62	3725.38	3720.14	3713.28	3709.76	3713.40	3719.24	3722.36	3720.00	3715.86	3718.74	3716.56	3713.82	
3708.20	3709.04	3716.94	3713.64	3706.54	3701.54	3697.08	3694.58	3696.74	3687.80	3702.94	3698.90	3707.30	3703.32	3719.30	3664.70	

*******************************************2024/08/03;08:49:12
Probe number 29
Concentration entered by User 7.85% at Temperature 30.50
1310.12	1326.20	1335.78	1354.40	1369.36	1386.70	1402.10	1422.88	1443.12	1462.12	1484.84	1507.62	1526.52	1548.94	1562.96	1589.72	
1616.14	1644.02	1675.90	1701.98	1726.36	1764.58	1811.40	1848.60	1879.84	1927.46	1979.16	2041.74	2132.38	2235.94	2341.94	2496.92	
2688.66	2877.32	3014.42	3124.32	3185.16	3266.28	3328.18	3357.20	3388.28	3435.52	3461.84	3478.84	3493.74	3500.34	3526.64	3528.46	
3549.10	3564.16	3572.30	3593.84	3598.92	3610.48	3616.84	3625.86	3632.14	3634.00	3644.46	3645.42	3653.06	3656.98	3666.16	3670.38	
3680.20	3689.56	3699.66	3707.98	3703.94	3699.18	3703.12	3713.18	3718.36	3713.48	3709.58	3714.08	3710.72	3715.62	3724.60	3728.14	
3726.40	3733.02	3728.42	3721.06	3721.38	3724.48	3710.04	3711.44	3711.40	3715.06	3712.22	3710.34	3710.00	3710.72	3705.48	3711.16	
3708.28	3708.16	3706.72	3707.72	3712.46	3707.04	3701.30	3697.62	3700.98	3706.64	3710.60	3708.12	3703.64	3706.24	3704.34	3701.44	
3695.76	3696.58	3705.22	3701.52	3693.98	3688.42	3682.96	3681.44	3683.30	3674.42	3690.26	3685.34	3694.70	3690.70	3707.20	3648.20	

*******************************************2024/08/03;09:19:12
Probe number 30
Concentration entered by User 8.32% at Temperature 30.73
1314.98	1331.76	1339.16	1359.10	1372.82	1388.08	1402.72	1424.66	1448.22	1467.10	1489.54	1508.68	1528.04	1550.50	1569.34	1593.74	
1618.64	1644.92	1681.76	1710.10	1738.20	1772.68	1809.98	1847.36	1887.64	1936.34	1990.44	2047.54	2135.62	2237.34	2345.20	2481.10	
2634.14	2802.14	2934.46	3056.06	3133.84	3228.18	3291.98	3327.12	3368.88	3422.40	3452.10	3472.18	3487.62	3494.12	3520.16	3523.88	
3545.40	3557.96	3570.52	3595.90	3601.18	3611.36	3617.62	3628.46	3635.68	3636.86	3647.30	3646.30	3654.72	3659.96	3669.32	3675.62	
3688.00	3696.96	3707.20	3715.90	3712.16	3707.06	3710.48	3720.88	3725.64	3722.04	3718.34	3722.44	3721.64	3726.88	3735.04	3737.34	
3736.00	3742.98	3738.64	3732.64	3733.06	3736.78	3723.80	3724.86	3723.04	3724.82	3722.04	3721.68	3722.14	3722.78	3718.24	3722.74	
3721.30	3721.02	3720.24	3721.82	3727.20	3722.68	3716.86	3712.44	3715.18	3721.30	3725.50	3724.22	3720.00	3722.62	3720.52	3718.42	
3713.34	3714.58	3722.20	3719.04	3711.84	3706.52	3702.10	3700.28	3702.76	3694.36	3708.72	3705.00	3713.12	3709.46	3724.22	3669.60	

*******************************************2024/08/03;09:49:12
Probe number 31
Concentration entered by User 7.85% at Temperature 30.79
1313.24	1330.20	1340.14	1358.10	1371.70	1388.04	1404.46	1424.38	1446.06	1467.10	1488.12	1507.30	1529.58	1557.40	1573.44	1595.92	
1616.04	1649.78	1687.78	1713.94	1747.08	1777.26	1812.32	1852.28	1890.02	1941.32	1995.82	2059.46	2154.08	2269.66	2373.02	2506.28	
2667.88	2838.30	2967.26	3080.64	3152.90	3254.88	3319.48	3355.66	3397.24	3451.22	3481.60	3501.04	3517.48	3525.20	3549.78	3550.58	
3569.40	3582.12	3595.48	3617.14	3621.68	3630.90	3635.86	3647.32	3654.28	3654.68	3666.52	3666.28	3674.72	3679.30	3687.64	3692.88	
3703.76	3713.40	3723.46	3731.68	3728.42	3723.98	3726.80	3735.46	3739.68	3736.30	3733.48	3737.10	3735.94	3741.40	3748.24	3750.44	
3748.62	3755.22	3751.34	3746.50	3747.20	3750.36	3738.60	3740.24	3738.50	3739.10	3736.86	3737.02	3737.16	3737.84	3733.58	3736.50	
3735.20	3735.22	3734.10	3735.92	3740.76	3737.50	3731.56	3727.84	3730.06	3735.34	3740.22	3738.66	3735.32	3737.36	3735.06	3733.14	
3728.90	3730.16	3736.82	3733.94	3727.80	3722.74	3718.40	3716.90	3719.12	3711.12	3724.84	3721.38	3728.90	3725.32	3738.92	3688.04	

*******************************************2024/08/03;10:19:12
Probe number 32
Concentration entered by User 8.39% at Temperature 30.81
1312.58	1328.74	1338.38	1354.32	1367.84	1386.98	1402.00	1422.70	1443.32	1463.26	1483.96	1503.78	1523.40	1548.60	1567.58	1590.42	
1614.24	1643.36	1672.64	1703.86	1734.74	1770.98	1808.82	1845.66	1879.44	1929.90	1984.16	2045.58	2138.38	2257.74	2361.70	2483.00	
2642.02	2806.46	2929.64	3048.26	3117.56	3215.36	3286.80	3325.60	3366.40	3420.50	3452.62	3475.04	3489.50	3496.62	3521.94	3523.66	
3544.34	3556.76	3570.40	3594.22	3600.26	3610.22	3616.08	3627.90	3634.36	3635.46	3646.72	3644.96	3655.22	3661.56	3670.12	3676.60	
3688.28	3698.00	3709.22	3718.00	3713.94	3709.00	3711.80	3722.48	3727.12	3724.00	3721.56	3724.92	3723.76	3729.42	3737.08	3739.12	
3737.62	3744.46	3739.66	3734.92	3735.44	3738.74	3724.70	3726.56	3724.38	3725.64	3723.36	3724.32	3724.36	3725.96	3721.38	3724.40	
3723.12	3722.86	3721.84	3723.60	3729.08	3725.06	3719.10	3715.16	3717.46	3722.84	3728.10	3726.70	3723.28	3725.18	3722.86	3721.08	
3716.04	3717.60	3724.66	3721.00	3713.90	3708.56	3704.40	3702.32	3704.76	3696.50	3710.96	3707.02	3714.58	3710.78	3725.90	3671.68	

*******************************************2024/08/03;10:49:12
Probe number 33
Concentration entered by User 9.00% at Temperature 30.74
1311.94	1327.76	1335.70	1352.32	1365.96	1383.60	1399.86	1420.62	1440.70	1460.10	1483.12	1501.80	1519.96	1546.48	1563.40	1585.82	
1613.76	1639.28	1670.24	1704.34	1735.72	1771.62	1804.16	1831.22	1861.32	1911.56	1969.88	2025.20	2121.88	2234.36	2327.48	2448.74	
2596.96	2736.34	2853.80	2988.42	3067.78	3164.36	3239.26	3287.10	3330.42	3377.60	3411.24	3432.46	3448.52	3457.76	3486.72	3487.14	
3503.02	3520.58	3543.56	3570.38	3575.04	3587.14	3597.20	3612.56	3621.44	3620.78	3632.94	3630.32	3638.06	3646.76	3656.00	3662.68	
3675.12	3685.42	3696.10	3706.98	3702.98	3698.64	3703.16	3714.92	3718.94	3716.24	3715.50	3718.56	3718.76	3726.80	3733.44	3734.56	
3732.86	3739.98	3735.74	3730.60	3732.42	3736.22	3722.30	3723.92	3720.84	3721.68	3719.86	3722.18	3721.70	3723.30	3717.76	3721.60	
3719.76	3720.04	3719.52	3721.66	3727.24	3722.86	3717.46	3713.22	3715.72	3720.24	3725.76	3724.46	3721.88	3723.64	3721.02	3719.54	
3714.56	3715.72	3723.02	3719.16	3712.10	3706.40	3702.32	3699.60	3702.76	3693.62	3709.58	3704.70	3713.08	3708.48	3724.56	3670.06	

*******************************************2024/08/03;11:19:12
Probe number 34
Concentration entered by User 9.12% at Temperature 30.68
1315.48	1330.62	1339.98	1358.92	1371.94	1389.36	1404.46	1426.18	1447.38	1466.20	1487.78	1507.16	1526.12	1554.52	1570.86	1591.22	
1613.08	1643.84	1675.32	1700.46	1732.48	1769.60	1814.76	1851.58	1881.02	1928.50	1973.40	2024.30	2118.12	2220.82	2325.88	2446.30	
2584.10	2715.98	2832.64	2969.00	3054.22	3156.04	3232.26	3272.94	3307.48	3359.62	3393.26	3416.82	3435.40	3448.12	3478.98	3481.12	
3500.10	3518.84	3539.88	3569.84	3581.60	3597.68	3609.34	3625.28	3633.82	3631.44	3644.32	3641.24	3650.20	3660.20	3668.00	3676.88	
3689.42	3700.16	3710.32	3721.34	3718.20	3714.48	3720.52	3731.20	3733.74	3732.14	3731.68	3734.08	3734.20	3741.26	3747.48	3748.18	
3746.16	3752.38	3748.88	3744.92	3747.10	3751.52	3739.76	3742.08	3738.30	3738.74	3737.02	3738.40	3738.80	3740.54	3735.66	3739.08	
3737.48	3737.72	3737.00	3739.44	3744.24	3740.60	3735.44	3731.36	3733.88	3737.92	3742.58	3741.24	3739.90	3741.58	3739.26	3738.22	
3733.96	3734.44	3741.20	3737.48	3731.40	3726.54	3722.76	3720.50	3723.48	3714.58	3729.22	3725.42	3731.78	3728.12	3741.82	3692.78	

*******************************************2024/08/03;11:49:12
Probe number 35
Concentration entered by User -1.00% at Temperature 30.84
1308.38	1325.16	1334.08	1352.52	1367.14	1381.72	1395.46	1419.32	1441.76	1461.76	1480.64	1501.70	1519.08	1542.28	1559.52	1584.30	
1609.98	1640.48	1669.94	1692.38	1723.02	1759.54	1799.28	1833.68	1871.70	1913.34	1959.66	2012.84	2090.10	2180.80	2283.60	2402.72	
2543.24	2671.42	2777.56	2902.90	2977.98	3086.62	3169.22	3209.82	3240.76	3293.16	3327.38	3356.30	3376.98	3396.10	3429.64	3432.92	
3455.00	3473.36	3497.66	3532.60	3543.94	3563.14	3578.04	3592.64	3599.68	3596.66	3612.32	3607.06	3614.92	3626.88	3638.16	3649.46	
3664.94	3676.74	3689.62	3702.06	3697.78	3696.04	3702.14	3714.82	3717.46	3715.06	3714.60	3716.30	3718.30	3725.98	3733.52	3734.28	
3731.46	3737.88	3734.24	3730.14	3733.34	3738.98	3725.70	3728.42	3725.10	3726.72	3724.64	3726.28	3727.96	3729.92	3724.48	3727.78	
3725.72	3726.60	3726.00	3729.12	3734.44	3730.06	3724.08	3719.64	3723.48	3727.72	3732.50	3730.92	3729.78	3731.38	3729.74	3728.58	
3723.86	3724.38	3731.70	3727.88	3721.72	3716.82	3712.00	3709.36	3712.48	3702.88	3717.50	3714.12	3721.06	3716.88	3731.68	3679.52	

*******************************************2024/08/03;12:17:02
Probe number 36
Concentration entered by User -1.00% at Temperature 31.05
1311.66	1328.10	1337.40	1355.76	1369.22	1388.50	1401.90	1422.78	1445.64	1464.22	1483.14	1503.46	1519.54	1542.88	1560.68	1585.70	
1611.74	1647.00	1675.30	1699.70	1723.76	1756.28	1800.46	1832.64	1860.72	1914.02	1972.64	2009.36	2079.68	2191.92	2295.48	2405.80	
2520.24	2638.90	2738.76	2873.68	2955.48	3057.04	3134.36	3174.70	3208.12	3257.84	3297.46	3331.50	3356.96	3380.46	3415.26	3413.60	
3436.36	3455.74	3483.20	3521.68	3536.62	3557.00	3570.50	3590.06	3600.24	3595.48	3610.66	3606.86	3616.84	3629.38	3639.80	3654.12	
3668.16	3680.36	3692.64	3705.96	3703.04	3700.90	3706.16	3718.86	3722.94	3721.70	3720.52	3723.02	3724.82	3732.98	3740.82	3741.30	
3736.92	3743.62	3741.24	3738.92	3741.46	3747.96	3735.08	3737.36	3734.36	3735.38	3733.50	3735.34	3737.40	3738.90	3733.74	3736.94	
3735.22	3736.02	3736.02	3738.38	3742.72	3738.42	3732.60	3728.68	3732.94	3736.70	3741.64	3740.60	3739.36	3740.36	3738.68	3737.70	
3733.30	3734.88	3741.92	3737.90	3732.54	3728.30	3723.68	3721.04	3724.22	3715.48	3729.80	3726.68	3733.70	3728.90	3742.08	3693.10	

*******************************************2024/08/03;12:19:12
Probe number 37
Concentration entered by User -1.00% at Temperature 31.25
1311.08	1328.06	1338.56	1356.04	1370.46	1386.26	1400.80	1422.38	1444.98	1464.92	1486.26	1504.54	1520.64	1543.62	1561.88	1587.26	
1613.94	1640.80	1668.68	1698.76	1724.82	1761.78	1803.06	1832.30	1862.28	1916.94	1973.84	2011.64	2081.00	2185.72	2293.02	2408.74	
2526.38	2639.30	2740.38	2871.52	2953.86	3055.24	3133.56	3170.46	3204.82	3255.02	3296.92	3330.94	3355.70	3378.08	3412.80	3411.18	
3434.20	3455.56	3481.96	3521.64	3537.92	3555.90	3570.04	3591.30	3601.76	3597.04	3611.62	3608.10	3617.32	3629.86	3640.68	3654.74	
3668.96	3680.32	3692.56	3706.42	3702.78	3701.06	3707.16	3719.28	3723.64	3722.92	3721.80	3724.02	3726.34	3734.06	3741.50	3742.14	
3738.08	3744.60	3741.58	3739.12	3742.60	3748.74	3735.56	3737.62	3734.50	3735.62	3733.86	3736.26	3738.24	3740.04	3734.62	3737.78	
3735.48	3736.74	3736.42	3739.14	3743.40	3739.44	3733.46	3729.60	3733.74	3737.56	3742.94	3741.44	3740.70	3741.50	3739.58	3738.40	
3734.56	3735.98	3742.86	3739.14	3733.46	3729.40	3724.70	3722.48	3725.36	3716.62	3731.04	3727.84	3734.70	3730.20	3743.50	3694.34	

*******************************************2024/08/03;12:49:12
Probe number 38
Concentration entered by User -1.00% at Temperature 31.27
1310.46	1327.30	1334.04	1351.16	1366.96	1383.40	1396.98	1417.44	1439.40	1460.66	1483.98	1504.84	1520.32	1539.36	1555.20	1579.12	
1604.62	1635.50	1663.48	1690.24	1719.16	1753.62	1794.76	1829.92	1857.64	1900.74	1954.48	1999.10	2064.72	2159.78	2257.38	2358.98	
2462.14	2578.72	2674.76	2803.32	2894.14	2995.94	3071.10	3110.18	3142.60	3193.62	3241.28	3277.98	3302.30	3327.96	3361.16	3359.06	
3385.54	3409.02	3440.78	3487.80	3505.52	3523.50	3535.70	3557.48	3572.00	3567.54	3584.62	3579.86	3591.52	3608.12	3620.26	3633.24	
3650.88	3663.46	3674.52	3690.92	3687.66	3686.06	3693.48	3707.44	3712.42	3712.42	3712.40	3714.82	3717.62	3724.56	3734.02	3733.90	
3730.28	3736.72	3733.58	3731.40	3735.48	3742.64	3727.98	3729.50	3725.86	3728.06	3726.68	3729.84	3731.88	3733.20	3728.14	3731.42	
3730.44	3731.94	3731.18	3732.94	3737.06	3732.80	3726.44	3722.80	3727.52	3732.54	3737.98	3736.22	3734.80	3736.32	3734.62	3733.72	
3729.72	3731.56	3739.16	3735.00	3729.46	3725.56	3720.92	3717.90	3720.94	3711.78	3726.88	3724.06	3730.88	3725.60	3738.86	3689.06	

*******************************************2024/08/03;13:19:12
Probe number 39
Concentration entered by User -1.00% at Temperature 31.42
1308.82	1325.68	1335.26	1352.12	1364.14	1381.18	1395.58	1416.84	1437.34	1456.94	1478.12	1496.04	1513.60	1536.14	1553.96	1576.88	
1599.20	1631.76	1655.64	1683.00	1712.92	1745.66	1784.38	1817.44	1854.12	1896.00	1942.16	1981.58	2058.78	2155.18	2243.16	2336.66	
2446.16	2559.24	2642.76	2764.44	2857.18	2960.10	3037.12	3074.16	3108.30	3155.82	3203.36	3243.10	3275.64	3300.82	3333.16	3335.92	
3363.56	3389.36	3418.36	3464.50	3485.32	3507.20	3520.32	3540.04	3554.94	3552.14	3570.00	3565.32	3581.90	3597.96	3614.26	3627.90	
3643.78	3655.80	3666.24	3682.48	3679.42	3680.92	3689.86	3704.02	3707.90	3707.96	3708.86	3711.64	3714.58	3722.86	3732.16	3730.62	
3727.82	3733.86	3731.50	3730.86	3735.64	3742.40	3726.90	3728.20	3724.94	3726.80	3724.20	3728.16	3730.04	3730.96	3725.18	3729.96	
3728.08	3729.12	3728.20	3731.46	3735.88	3732.60	3725.66	3723.06	3727.32	3732.26	3738.02	3735.82	3734.46	3736.28	3734.12	3733.40	
3730.16	3732.52	3738.92	3735.06	3730.30	3727.18	3722.96	3718.80	3721.94	3712.36	3727.42	3724.66	3731.00	3725.88	3739.54	3688.36	

*******************************************2024/08/03;13:49:12
Probe number 40
Concentration entered by User -1.00% at Temperature 31.67
1305.92	1322.24	1330.40	1348.32	1363.98	1380.94	1395.56	1416.46	1435.16	1453.46	1471.06	1493.64	1512.48	1533.00	1548.82	1570.02	
1595.16	1625.28	1651.52	1677.12	1709.22	1743.90	1778.16	1808.36	1842.68	1882.62	1937.82	1980.94	2042.26	2133.50	2225.98	2327.60	
2438.14	2541.90	2632.14	2756.56	2842.06	2935.10	3008.78	3050.72	3081.76	3131.10	3178.54	3221.22	3252.60	3272.84	3300.88	3302.66	
3335.24	3364.10	3398.68	3448.02	3472.44	3493.94	3509.40	3530.74	3543.04	3542.18	3562.50	3558.66	3574.42	3592.08	3607.32	3621.58	
3637.26	3648.72	3660.54	3676.78	3673.28	3675.08	3685.58	3701.72	3704.34	3704.04	3703.84	3706.58	3709.10	3719.32	3728.40	3726.48	
3723.28	3730.38	3729.64	3729.84	3735.58	3742.52	3726.22	3727.62	3724.86	3726.32	3724.14	3727.70	3728.28	3728.96	3722.66	3727.44	
3724.72	3726.48	3725.38	3729.56	3733.66	3730.26	3723.88	3721.78	3725.98	3731.78	3737.60	3735.68	3734.98	3735.96	3732.92	3733.32	
3730.00	3731.76	3738.52	3735.02	3731.18	3727.56	3723.16	3719.18	3722.92	3713.24	3728.42	3725.10	3731.88	3726.98	3740.58	3690.16	

*******************************************2024/08/03;14:00:53
Probe number 0
Concentration entered by User 10.74% at Temperature 0.00
1335.20	1354.18	1363.98	1380.84	1396.62	1413.24	1427.28	1446.76	1469.34	1488.44	1511.62	1535.40	1550.26	1575.06	1592.56	1614.12	
1644.80	1673.46	1704.34	1733.08	1764.80	1805.46	1837.58	1870.00	1908.14	1951.46	2003.20	2044.80	2122.44	2222.04	2320.36	2421.60	
2528.74	2636.34	2730.38	2864.34	2947.92	3052.04	3138.10	3182.68	3220.86	3279.92	3326.74	3369.98	3401.02	3419.54	3448.34	3453.64	
3488.94	3517.58	3548.52	3593.70	3615.98	3637.00	3649.70	3665.34	3675.38	3674.78	3690.74	3688.56	3701.52	3713.16	3723.42	3733.20	
3743.96	3751.18	3758.44	3768.28	3766.28	3767.32	3773.20	3781.88	3783.08	3782.60	3782.58	3784.04	3785.52	3790.62	3794.76	3794.22	
3792.14	3795.70	3795.30	3795.74	3797.96	3801.32	3793.72	3794.42	3793.32	3793.88	3792.80	3794.90	3795.26	3795.70	3792.64	3794.82	
3793.92	3794.74	3794.12	3796.12	3797.96	3796.46	3793.50	3792.10	3794.52	3796.90	3799.78	3798.80	3798.62	3798.96	3797.80	3797.80	
3796.54	3797.44	3800.02	3798.70	3796.72	3795.24	3793.12	3791.32	3793.24	3789.04	3795.76	3794.36	3797.48	3795.04	3801.44	3776.38	

*******************************************2024/08/03;14:01:04
Probe number 1
Concentration entered by User 10.50% at Temperature 31.73
1339.70	1358.92	1367.78	1385.82	1400.78	1418.32	1432.80	1453.68	1475.90	1494.06	1518.12	1540.90	1558.76	1580.92	1602.12	1623.32	
1652.46	1685.14	1712.76	1740.20	1774.78	1814.60	1848.72	1885.20	1919.36	1964.42	2011.94	2053.86	2135.76	2240.04	2338.42	2440.94	
2547.68	2656.18	2753.70	2887.00	2972.58	3077.06	3164.32	3207.26	3242.72	3299.48	3346.80	3391.12	3423.52	3442.94	3473.26	3477.70	
3511.52	3540.64	3571.98	3616.54	3636.30	3656.08	3668.74	3683.46	3692.54	3692.48	3707.50	3705.80	3717.94	3728.26	3737.78	3746.54	
3755.72	3762.78	3769.14	3777.64	3776.30	3777.44	3782.18	3789.82	3790.68	3790.58	3790.38	3791.70	3793.12	3797.52	3801.32	3800.72	
3799.32	3802.16	3801.98	3802.22	3804.20	3806.86	3800.48	3801.20	3800.06	3800.42	3799.72	3801.22	3801.72	3801.94	3799.36	3801.42	
3800.42	3801.22	3800.58	3802.64	3804.06	3802.74	3800.22	3799.04	3801.04	3803.16	3805.62	3804.84	3804.68	3804.96	3803.98	3803.96	
3802.72	3803.64	3805.88	3804.74	3803.18	3802.14	3800.16	3798.56	3800.36	3796.40	3802.26	3801.08	3803.74	3801.68	3807.02	3785.36	

*******************************************2024/08/03;14:31:05
Probe number 2
Concentration entered by User 10.40% at Temperature 31.73
1347.86	1366.58	1375.82	1394.98	1408.88	1425.24	1440.42	1461.94	1484.52	1504.88	1528.14	1553.52	1571.86	1593.54	1611.08	1633.46	
1662.90	1692.12	1721.70	1752.10	1788.36	1824.74	1860.84	1896.62	1928.64	1971.48	2024.30	2062.18	2135.56	2238.48	2338.88	2445.60	
2554.22	2662.20	2756.40	2885.66	2961.86	3063.38	3151.18	3203.88	3244.36	3307.08	3354.20	3398.70	3427.78	3450.78	3483.98	3488.06	
3522.58	3553.20	3582.96	3625.52	3646.20	3667.80	3679.40	3696.00	3703.76	3701.72	3714.72	3711.56	3724.30	3735.80	3746.22	3755.64	
3763.94	3770.58	3775.84	3783.50	3783.24	3785.26	3789.56	3796.02	3796.78	3796.70	3796.24	3797.40	3798.34	3802.60	3806.20	3805.70	
3804.42	3807.24	3807.22	3807.82	3809.24	3811.38	3806.28	3806.44	3805.56	3805.92	3805.12	3806.54	3807.10	3807.56	3805.44	3807.30	
3806.40	3806.76	3806.34	3807.96	3809.36	3808.12	3806.52	3805.56	3807.18	3809.00	3810.78	3810.12	3809.94	3810.24	3809.60	3809.64	
3808.78	3809.52	3811.10	3810.32	3809.18	3808.40	3806.76	3805.62	3807.08	3804.02	3808.30	3807.50	3809.68	3807.86	3811.82	3793.60	

*******************************************2024/08/03;15:01:04
Probe number 3
Concentration entered by User 11.05% at Temperature 32.01
1341.18	1359.66	1369.42	1387.54	1400.84	1417.28	1434.32	1457.08	1477.10	1491.44	1509.00	1537.08	1561.32	1584.78	1604.20	1625.20	
1651.18	1681.24	1706.34	1736.52	1775.22	1818.64	1856.30	1886.66	1908.74	1957.46	2009.98	2045.46	2111.60	2208.66	2309.82	2415.40	
2522.48	2625.28	2714.12	2842.76	2921.34	3019.18	3109.42	3164.78	3212.50	3273.64	3321.82	3369.36	3397.70	3421.32	3455.18	3461.78	
3496.70	3521.88	3555.26	3600.56	3623.34	3646.26	3658.86	3674.32	3680.16	3678.04	3691.46	3688.20	3703.48	3718.00	3731.44	3741.94	
3750.72	3756.92	3763.54	3772.52	3772.76	3776.18	3781.20	3788.92	3790.18	3790.22	3789.52	3790.96	3792.88	3797.10	3800.90	3800.12	
3798.34	3801.62	3801.78	3802.46	3804.60	3807.22	3800.86	3801.74	3800.90	3800.86	3799.88	3801.28	3801.82	3802.42	3800.02	3802.30	
3801.08	3801.86	3801.52	3803.06	3804.86	3803.46	3801.54	3800.50	3802.22	3804.38	3806.98	3806.28	3806.12	3806.64	3805.56	3805.66	
3804.60	3805.38	3807.38	3806.56	3805.10	3804.24	3802.14	3800.54	3802.08	3798.86	3804.08	3803.00	3805.32	3803.22	3808.08	3787.38	

*******************************************2024/08/03;15:31:04
Probe number 4
Concentration entered by User 10.98% at Temperature 32.14
1344.32	1361.42	1369.90	1386.64	1402.30	1421.10	1435.60	1456.74	1478.52	1496.36	1517.68	1544.08	1566.20	1588.10	1603.60	1622.34	
1649.90	1683.74	1712.38	1749.32	1781.10	1818.94	1853.86	1877.78	1908.32	1951.26	1999.56	2042.04	2121.66	2209.88	2305.44	2413.62	
2517.02	2621.88	2707.32	2829.14	2908.64	3005.92	3105.92	3166.60	3216.26	3278.82	3323.00	3369.16	3400.28	3426.22	3460.82	3466.00	
3503.76	3530.28	3563.90	3610.74	3635.24	3661.14	3672.64	3686.54	3692.02	3689.50	3703.04	3696.18	3710.12	3726.72	3740.86	3750.26	
3759.42	3766.62	3772.34	3780.82	3781.54	3784.96	3789.42	3796.14	3797.34	3797.52	3796.80	3798.30	3799.66	3803.48	3806.48	3805.84	
3804.82	3807.80	3807.72	3808.38	3810.22	3812.24	3807.06	3807.78	3807.02	3807.06	3806.28	3807.32	3807.40	3807.98	3806.16	3807.78	
3806.80	3807.32	3807.00	3808.36	3809.78	3808.62	3807.26	3806.54	3808.26	3809.78	3811.74	3811.14	3811.06	3811.42	3810.72	3810.72	
3810.22	3810.86	3812.28	3811.64	3810.68	3810.14	3808.80	3807.18	3808.36	3805.62	3809.58	3808.70	3810.52	3808.78	3812.32	3795.36	

*******************************************2024/08/03;16:01:04
Probe number 5
Concentration entered by User 10.68% at Temperature 32.37
1339.50	1357.50	1366.82	1384.34	1397.98	1414.86	1427.90	1449.92	1472.82	1490.54	1511.50	1533.32	1552.82	1577.64	1595.78	1617.80	
1641.74	1668.30	1699.44	1734.90	1773.78	1814.76	1854.56	1882.38	1904.60	1948.22	2004.24	2048.84	2123.92	2218.52	2319.36	2426.92	
2525.22	2629.60	2719.08	2843.08	2933.88	3036.12	3129.34	3187.22	3232.38	3290.02	3337.12	3385.56	3416.66	3441.50	3472.38	3479.30	
3515.02	3538.24	3569.88	3614.98	3639.28	3662.44	3673.56	3687.04	3691.12	3689.84	3702.94	3696.28	3711.16	3726.24	3740.42	3748.94	
3757.46	3764.56	3770.18	3779.02	3779.54	3783.12	3787.72	3794.58	3795.62	3795.34	3794.88	3796.24	3797.76	3802.00	3805.08	3804.44	
3803.16	3806.30	3806.16	3807.24	3809.00	3811.30	3805.60	3806.06	3805.46	3805.86	3804.82	3805.76	3805.94	3806.40	3804.54	3805.94	
3804.86	3805.40	3805.00	3806.64	3808.22	3806.98	3805.26	3804.56	3806.40	3808.18	3810.22	3809.54	3809.50	3809.88	3809.30	3809.14	
3808.38	3809.20	3810.56	3809.90	3808.82	3808.16	3806.68	3805.00	3806.38	3803.36	3807.96	3806.82	3808.84	3806.90	3810.80	3792.58	

*******************************************2024/08/03;16:31:04
Probe number 6
Concentration entered by User 10.82% at Temperature 32.24
1336.56	1354.48	1363.96	1381.02	1392.48	1407.54	1422.70	1448.44	1470.80	1486.12	1507.68	1531.86	1552.14	1577.44	1593.10	1613.16	
1640.98	1669.52	1696.86	1730.12	1771.86	1814.68	1851.28	1877.36	1904.62	1944.40	2002.12	2040.78	2117.38	2211.28	2310.16	2425.62	
2526.50	2626.66	2717.78	2843.96	2924.50	3024.86	3121.76	3179.32	3227.00	3286.96	3330.76	3374.58	3405.94	3435.12	3468.04	3474.20	
3509.80	3533.18	3564.06	3609.68	3632.16	3656.02	3668.52	3681.82	3686.20	3684.92	3699.16	3692.28	3706.28	3722.52	3736.72	3745.60	
3754.62	3761.76	3767.60	3776.52	3776.98	3780.52	3785.28	3792.44	3793.48	3793.38	3792.72	3794.16	3795.76	3800.18	3803.42	3802.64	
3801.34	3804.74	3804.90	3805.68	3807.74	3810.08	3803.90	3804.68	3803.78	3804.16	3803.06	3804.16	3804.32	3804.74	3802.62	3804.44	
3803.24	3803.60	3803.26	3805.10	3806.88	3805.38	3803.78	3802.82	3804.68	3806.74	3808.84	3808.26	3808.02	3808.50	3807.64	3807.58	
3806.94	3807.62	3809.30	3808.56	3807.24	3806.68	3805.00	3803.08	3804.56	3801.26	3806.26	3805.14	3807.22	3805.38	3809.66	3789.96	

*******************************************2024/08/03;17:01:04
Probe number 7
Concentration entered by User 10.43% at Temperature 32.16
1339.58	1357.74	1367.48	1384.96	1398.28	1414.88	1428.34	1450.42	1472.32	1490.72	1512.70	1534.12	1552.82	1581.38	1600.74	1616.60	
1644.00	1671.94	1703.46	1739.00	1776.76	1814.64	1853.70	1884.96	1908.74	1953.30	2009.20	2049.34	2127.28	2215.44	2321.70	2431.18	
2534.38	2643.16	2731.30	2858.56	2944.96	3046.84	3141.82	3201.24	3248.42	3304.86	3345.96	3395.28	3429.28	3453.14	3486.80	3491.92	
3526.82	3550.70	3582.90	3627.44	3649.92	3672.64	3683.88	3695.78	3700.62	3698.26	3711.44	3706.30	3719.90	3734.98	3747.12	3754.98	
3763.80	3770.06	3775.30	3783.32	3783.96	3787.26	3791.68	3797.90	3799.02	3798.82	3798.32	3799.52	3801.14	3804.90	3807.74	3806.98	
3805.92	3808.84	3808.70	3809.46	3811.08	3813.04	3808.14	3808.60	3807.74	3808.18	3807.28	3808.32	3808.36	3808.88	3806.98	3808.20	
3807.40	3807.88	3807.58	3808.92	3810.36	3809.12	3807.76	3806.98	3808.68	3810.20	3811.96	3811.64	3811.50	3811.92	3811.08	3811.10	
3810.56	3811.08	3812.34	3811.74	3810.96	3810.28	3808.80	3807.36	3808.40	3805.86	3809.86	3808.94	3810.64	3809.14	3812.52	3795.80	

*******************************************2024/08/03;17:31:04
Probe number 8
Concentration entered by User 11.12% at Temperature 32.11
1331.90	1349.42	1356.84	1373.78	1387.10	1404.44	1418.38	1440.76	1462.10	1478.98	1499.08	1521.16	1539.56	1563.14	1580.78	1601.84	
1632.12	1657.26	1685.42	1718.76	1756.96	1798.54	1837.88	1861.96	1884.66	1932.90	1982.72	2022.90	2104.34	2192.84	2294.32	2400.04	
2498.60	2605.80	2698.16	2821.70	2901.94	3005.18	3099.36	3158.74	3206.26	3260.94	3303.70	3348.66	3380.32	3408.68	3441.12	3447.16	
3482.16	3508.40	3541.18	3585.38	3608.98	3633.36	3646.80	3660.14	3663.66	3662.78	3678.10	3672.34	3687.96	3704.78	3719.98	3729.64	
3740.68	3747.82	3754.82	3765.18	3765.80	3769.20	3775.10	3783.20	3784.20	3784.12	3783.38	3785.10	3787.04	3791.88	3795.70	3794.68	
3792.84	3797.16	3797.20	3798.48	3801.12	3804.06	3796.30	3797.12	3796.34	3796.88	3795.38	3796.54	3796.54	3797.16	3794.66	3796.58	
3795.12	3795.78	3795.34	3797.64	3799.58	3797.84	3795.74	3794.86	3797.20	3799.54	3802.40	3801.60	3801.34	3802.08	3800.66	3800.60	
3799.56	3800.58	3802.76	3801.50	3799.72	3798.98	3796.88	3794.62	3796.34	3792.48	3798.72	3797.26	3800.14	3797.42	3803.24	3779.58	

*******************************************2024/08/03;18:01:04
Probe number 9
Concentration entered by User 10.81% at Temperature 32.09
1335.78	1352.76	1360.44	1377.84	1391.10	1408.56	1421.66	1441.14	1461.44	1480.86	1503.74	1526.12	1545.76	1571.20	1588.52	1608.60	
1636.42	1665.34	1693.32	1724.98	1760.36	1801.60	1842.40	1876.74	1901.98	1944.12	1991.70	2027.24	2113.32	2202.04	2301.66	2420.22	
2528.26	2629.22	2715.06	2841.52	2926.88	3031.18	3121.22	3180.46	3229.54	3285.22	3329.88	3377.44	3407.98	3433.70	3465.34	3471.56	
3508.38	3532.54	3563.86	3607.58	3630.86	3655.06	3667.44	3679.94	3684.56	3683.62	3696.90	3691.72	3706.94	3722.16	3736.26	3744.20	
3753.92	3760.88	3766.46	3775.86	3775.94	3779.30	3784.84	3791.62	3792.62	3792.32	3791.72	3793.22	3795.06	3799.28	3802.76	3802.12	
3800.58	3803.98	3804.04	3805.08	3807.08	3809.46	3803.18	3803.82	3802.94	3803.38	3802.20	3803.28	3803.54	3804.18	3801.88	3803.52	
3802.40	3802.70	3802.54	3804.20	3806.06	3804.52	3802.72	3801.86	3804.02	3806.12	3808.24	3807.66	3807.46	3807.96	3807.18	3806.78	
3806.14	3806.94	3808.60	3807.68	3806.36	3805.58	3804.06	3801.98	3803.50	3800.24	3805.36	3804.24	3806.54	3804.44	3809.04	3788.84	

*******************************************2024/08/03;18:31:04
Probe number 10
Concentration entered by User 10.37% at Temperature 32.08
1338.68	1357.22	1366.68	1382.86	1395.00	1412.28	1426.04	1445.18	1466.62	1484.92	1510.32	1533.68	1551.88	1575.06	1593.76	1615.82	
1643.10	1674.20	1704.46	1737.72	1772.08	1812.18	1853.66	1882.72	1904.22	1943.50	2003.58	2051.36	2122.02	2211.72	2314.02	2433.62	
2543.20	2648.32	2733.04	2860.38	2948.90	3050.46	3143.26	3202.04	3252.74	3308.82	3351.20	3398.74	3430.20	3456.12	3489.00	3494.66	
3529.26	3554.44	3585.70	3627.62	3649.52	3672.70	3683.90	3695.96	3699.88	3699.44	3711.84	3706.26	3720.54	3735.06	3747.36	3754.88	
3763.82	3770.02	3774.98	3783.36	3783.74	3786.96	3791.52	3797.60	3798.68	3798.52	3797.72	3799.30	3800.76	3804.44	3807.32	3806.78	
3805.40	3808.54	3808.52	3809.32	3810.66	3812.54	3807.56	3808.26	3807.68	3808.00	3807.02	3807.86	3808.00	3808.34	3806.54	3807.90	
3807.18	3807.56	3807.22	3808.58	3810.02	3808.82	3807.32	3806.74	3808.50	3809.94	3811.80	3811.18	3811.16	3811.50	3810.72	3810.58	
3810.12	3810.78	3812.08	3811.24	3810.32	3809.76	3808.44	3806.88	3808.10	3805.42	3809.56	3808.58	3810.34	3808.86	3812.32	3795.20	

*******************************************2024/08/03;19:01:04
Probe number 11
Concentration entered by User 11.03% at Temperature 32.07
1329.96	1346.98	1356.12	1373.72	1388.12	1403.68	1415.90	1437.88	1459.48	1474.02	1494.46	1521.96	1541.70	1563.60	1577.88	1599.30	
1628.56	1656.98	1689.44	1720.26	1753.10	1790.48	1827.82	1862.42	1888.74	1933.68	1986.86	2025.66	2103.98	2194.92	2293.14	2398.24	
2502.24	2612.96	2705.36	2829.18	2909.84	3005.42	3096.54	3158.36	3210.22	3267.48	3307.84	3353.38	3385.90	3414.04	3445.32	3450.58	
3488.06	3513.24	3544.40	3588.64	3612.66	3637.04	3649.18	3662.80	3666.08	3665.30	3680.16	3674.40	3690.80	3707.28	3722.48	3730.98	
3741.70	3749.28	3755.62	3765.90	3765.82	3770.18	3775.98	3783.72	3784.66	3784.80	3783.56	3785.46	3787.24	3792.30	3796.00	3795.20	
3793.22	3797.70	3797.58	3798.98	3801.38	3804.12	3796.52	3797.48	3796.36	3797.14	3795.74	3796.86	3796.96	3797.68	3794.96	3796.80	
3795.28	3796.06	3795.70	3797.90	3799.90	3797.88	3795.92	3795.26	3797.56	3799.96	3802.78	3801.84	3801.58	3802.26	3801.12	3800.86	
3799.86	3800.82	3803.06	3801.76	3800.02	3799.26	3796.94	3794.80	3796.60	3792.70	3798.82	3797.38	3800.36	3797.84	3803.42	3779.92	

*******************************************2024/08/03;19:31:04
Probe number 12
Concentration entered by User 11.04% at Temperature 32.08
1329.14	1346.08	1354.00	1370.94	1384.18	1400.50	1414.48	1434.94	1455.96	1473.40	1495.94	1519.40	1538.06	1561.82	1578.90	1599.22	
1624.46	1652.32	1684.08	1714.96	1750.58	1790.82	1828.44	1853.22	1883.76	1928.50	1985.46	2024.78	2101.18	2192.32	2292.48	2402.46	
2501.86	2612.52	2703.22	2829.46	2913.48	3010.56	3099.80	3157.98	3209.18	3267.56	3308.74	3353.72	3384.72	3410.14	3444.22	3450.36	
3486.80	3510.70	3543.28	3587.42	3611.34	3635.80	3648.00	3661.30	3664.96	3664.48	3679.46	3673.90	3690.64	3707.16	3721.78	3730.72	
3741.26	3748.46	3755.10	3765.30	3765.50	3769.32	3775.10	3783.00	3784.10	3784.34	3783.30	3785.00	3787.04	3791.62	3795.74	3794.76	
3792.90	3797.38	3797.12	3798.38	3800.84	3803.90	3796.16	3797.06	3796.20	3796.62	3795.16	3796.36	3796.46	3797.42	3794.54	3796.32	
3795.00	3795.60	3795.24	3797.46	3799.54	3797.48	3795.50	3794.92	3797.30	3799.30	3802.38	3801.46	3801.28	3801.78	3800.56	3800.28	
3799.28	3800.16	3802.44	3801.28	3799.26	3798.62	3796.42	3794.30	3796.12	3792.18	3798.46	3797.10	3799.90	3797.36	3803.18	3779.18	

*******************************************2024/08/03;20:01:04
Probe number 13
Concentration entered by User 11.03% at Temperature 32.09
1329.22	1345.68	1353.28	1372.38	1386.02	1401.36	1414.78	1437.04	1456.78	1473.66	1496.14	1520.68	1536.36	1561.94	1581.50	1600.78	
1625.74	1655.52	1684.84	1716.92	1752.94	1789.44	1823.06	1854.96	1889.68	1926.78	1979.86	2025.26	2105.78	2191.34	2290.60	2397.68	
2502.36	2611.82	2705.14	2829.36	2909.66	3009.70	3100.56	3158.28	3208.42	3266.90	3307.98	3354.24	3385.88	3412.56	3445.04	3453.66	
3488.82	3512.60	3545.20	3587.46	3611.38	3636.14	3649.54	3662.54	3666.26	3665.98	3680.68	3674.72	3690.54	3707.30	3722.22	3730.96	
3741.54	3749.20	3755.04	3765.52	3765.86	3769.76	3775.30	3783.08	3784.48	3783.88	3783.24	3784.98	3786.68	3791.56	3795.42	3794.50	
3792.76	3797.26	3797.24	3798.18	3800.82	3803.84	3796.16	3797.16	3796.06	3796.64	3795.06	3796.34	3796.44	3797.22	3794.46	3796.06	
3794.90	3795.46	3794.98	3797.16	3799.38	3797.38	3795.42	3794.90	3797.20	3799.40	3802.22	3801.46	3801.18	3801.64	3800.30	3800.26	
3799.30	3800.06	3802.32	3801.18	3799.32	3798.54	3796.32	3793.86	3795.92	3792.00	3798.34	3796.66	3799.76	3797.24	3803.18	3779.40	

*******************************************2024/08/03;20:31:04
Probe number 14
Concentration entered by User 10.40% at Temperature 32.09
1336.98	1354.00	1362.32	1380.54	1393.72	1410.48	1422.78	1442.28	1464.90	1482.58	1504.26	1529.72	1550.62	1575.56	1590.80	1612.14	
1639.04	1666.56	1697.90	1730.64	1770.00	1806.40	1845.96	1874.34	1899.02	1945.58	2000.22	2043.16	2120.28	2215.34	2313.32	2426.80	
2535.96	2636.40	2727.46	2857.54	2944.60	3046.48	3140.66	3199.32	3250.46	3307.62	3348.86	3397.86	3428.90	3454.54	3487.88	3493.04	
3528.14	3551.14	3582.44	3625.44	3646.70	3669.20	3680.46	3693.10	3696.70	3695.68	3709.68	3704.94	3719.14	3732.82	3745.48	3752.76	
3762.12	3768.14	3773.16	3781.50	3781.32	3784.68	3789.52	3795.78	3796.70	3796.60	3796.08	3797.52	3798.94	3802.74	3805.72	3805.08	
3803.78	3807.02	3807.00	3807.98	3809.58	3811.54	3806.06	3806.80	3806.14	3806.52	3805.48	3806.44	3806.34	3806.84	3805.00	3806.46	
3805.38	3805.68	3805.48	3807.06	3808.68	3807.14	3805.72	3805.20	3807.10	3808.70	3810.52	3810.00	3809.78	3810.20	3809.44	3809.30	
3808.70	3809.20	3810.74	3809.94	3808.86	3808.18	3806.54	3804.98	3806.42	3803.52	3807.92	3807.12	3809.02	3807.32	3811.16	3793.32	

*******************************************2024/08/03;21:01:04
Probe number 15
Concentration entered by User 10.69% at Temperature 32.10
1332.12	1347.94	1356.82	1376.50	1390.00	1405.68	1417.62	1438.14	1459.18	1477.54	1498.94	1522.16	1540.96	1567.00	1588.62	1610.02	
1634.96	1658.06	1687.38	1721.60	1755.26	1799.32	1838.54	1864.96	1895.08	1938.48	1995.00	2036.50	2116.64	2208.04	2306.40	2422.28	
2524.84	2634.38	2723.36	2846.98	2928.32	3032.80	3126.44	3184.72	3236.74	3295.50	3335.06	3381.76	3412.90	3439.78	3472.90	3478.66	
3513.54	3538.18	3570.60	3612.02	3634.30	3657.82	3670.64	3683.28	3686.70	3686.20	3699.22	3694.32	3709.48	3724.44	3738.48	3745.52	
3755.14	3761.90	3767.18	3775.90	3776.04	3779.60	3784.70	3791.74	3792.66	3792.54	3792.12	3793.56	3795.18	3799.32	3802.78	3802.06	
3800.40	3804.16	3804.16	3805.18	3807.04	3809.44	3803.20	3804.00	3803.02	3803.66	3802.48	3803.24	3803.38	3803.94	3801.60	3803.26	
3802.16	3802.42	3802.22	3804.14	3805.76	3804.18	3802.58	3801.84	3804.10	3805.94	3808.20	3807.64	3807.42	3807.78	3806.84	3806.58	
3805.88	3806.60	3808.38	3807.60	3805.90	3805.42	3803.62	3801.64	3803.18	3800.04	3805.00	3804.12	3806.50	3804.38	3808.94	3789.02	

*******************************************2024/08/03;21:31:04
Probe number 16
Concentration entered by User 10.57% at Temperature 32.11
1333.52	1349.06	1358.46	1375.46	1388.46	1405.48	1420.18	1441.88	1462.40	1479.86	1501.56	1524.14	1544.26	1571.84	1586.72	1606.50	
1633.62	1664.20	1694.52	1726.04	1762.84	1800.92	1832.70	1863.64	1895.04	1941.16	1999.76	2041.78	2124.70	2212.86	2309.64	2417.10	
2523.24	2631.08	2728.10	2857.42	2938.16	3039.42	3133.02	3192.20	3242.98	3299.36	3340.72	3387.04	3419.80	3444.00	3478.08	3484.58	
3519.66	3543.72	3574.76	3616.26	3638.50	3661.84	3672.96	3686.06	3690.44	3689.24	3702.70	3697.56	3712.38	3727.22	3740.98	3748.64	
3757.66	3763.82	3769.28	3778.08	3778.14	3781.18	3786.24	3793.14	3793.96	3793.86	3793.20	3795.04	3796.18	3800.36	3803.68	3803.22	
3801.54	3805.14	3805.20	3806.24	3807.94	3809.98	3804.10	3804.80	3803.96	3804.40	3803.24	3804.24	3804.46	3804.84	3802.36	3804.18	
3803.04	3803.44	3803.30	3805.02	3806.58	3805.02	3803.52	3803.06	3805.06	3806.70	3808.96	3808.40	3808.16	3808.58	3807.62	3807.50	
3806.92	3807.56	3809.14	3808.26	3806.82	3806.14	3804.56	3802.58	3804.10	3801.10	3806.04	3804.98	3807.24	3805.34	3809.78	3790.44	

*******************************************2024/08/03;22:01:04
Probe number 17
Concentration entered by User 10.61% at Temperature 32.12
1332.78	1348.90	1357.16	1374.86	1387.76	1404.50	1418.92	1439.82	1460.10	1477.88	1501.96	1527.14	1546.46	1569.72	1584.22	1605.06	
1633.52	1662.38	1692.18	1722.10	1756.80	1796.30	1838.80	1868.20	1895.90	1941.48	1989.40	2030.84	2111.26	2207.00	2309.34	2424.50	
2532.16	2637.18	2727.94	2850.46	2933.94	3039.88	3132.38	3188.90	3240.72	3297.52	3337.18	3385.26	3418.98	3444.64	3476.76	3483.08	
3517.44	3539.84	3572.24	3614.64	3636.16	3660.02	3672.14	3684.68	3688.78	3687.62	3701.84	3696.74	3711.40	3725.74	3739.84	3747.28	
3756.84	3762.68	3768.32	3777.30	3777.42	3780.88	3785.76	3792.50	3793.48	3793.44	3792.54	3794.46	3795.66	3800.20	3803.48	3802.78	
3801.22	3804.82	3804.76	3805.82	3807.60	3809.86	3803.84	3804.50	3803.60	3803.80	3802.82	3803.78	3803.90	3804.46	3802.22	3803.88	
3802.52	3803.16	3802.94	3804.56	3806.48	3804.88	3803.26	3802.72	3804.76	3806.60	3808.70	3808.18	3807.86	3808.32	3807.56	3807.16	
3806.56	3807.20	3808.98	3808.00	3806.74	3806.02	3804.20	3802.42	3803.66	3800.62	3805.62	3804.76	3807.06	3805.12	3809.58	3790.02	

*******************************************2024/08/03;22:31:04
Probe number 18
Concentration entered by User 10.60% at Temperature 32.12
1334.32	1350.18	1356.80	1374.42	1388.22	1405.16	1420.34	1442.20	1462.20	1475.64	1496.00	1521.20	1544.08	1572.48	1587.28	1605.60	
1636.40	1663.98	1689.08	1716.88	1755.22	1797.44	1840.18	1870.28	1899.20	1944.84	1994.64	2039.20	2117.14	2208.84	2315.22	2422.88	
2520.90	2632.14	2729.20	2854.42	2938.94	3042.26	3133.18	3191.12	3241.46	3299.40	3339.94	3385.04	3415.28	3442.40	3477.12	3484.54	
3517.00	3540.32	3572.52	3614.86	3637.58	3660.98	3672.78	3685.46	3688.92	3688.14	3702.10	3696.98	3711.90	3726.82	3739.94	3747.74	
3756.86	3762.70	3768.24	3777.24	3777.76	3780.74	3785.54	3792.60	3793.68	3793.44	3792.88	3794.56	3795.92	3800.20	3803.56	3802.86	
3801.48	3804.98	3805.08	3806.02	3807.76	3809.90	3804.14	3804.68	3803.90	3804.02	3802.84	3804.04	3804.20	3804.74	3802.40	3803.90	
3802.80	3803.32	3803.08	3805.02	3806.70	3805.04	3803.54	3803.02	3804.86	3806.76	3808.94	3808.32	3808.26	3808.58	3807.62	3807.48	
3806.82	3807.40	3809.08	3808.20	3806.90	3806.08	3804.40	3802.60	3804.12	3800.94	3806.10	3804.82	3807.32	3805.46	3809.78	3790.44	

*******************************************2024/08/03;23:01:04
Probe number 19
Concentration entered by User 10.50% at Temperature 32.12
1334.44	1350.18	1357.24	1375.34	1388.14	1404.18	1420.20	1442.20	1462.98	1480.38	1503.58	1528.32	1545.32	1567.88	1586.16	1607.72	
1634.72	1663.40	1695.14	1728.06	1765.16	1800.36	1840.02	1872.38	1902.06	1948.20	1996.12	2037.92	2117.48	2214.08	2313.06	2426.22	
2528.96	2638.24	2731.38	2858.30	2938.60	3041.62	3139.74	3197.64	3246.08	3302.56	3346.20	3391.32	3421.22	3447.32	3479.88	3486.84	
3520.88	3544.72	3575.66	3617.78	3640.64	3662.98	3675.32	3687.94	3691.08	3690.62	3705.16	3699.46	3714.82	3728.56	3741.58	3748.98	
3758.74	3764.56	3770.00	3778.84	3779.30	3782.20	3787.14	3793.94	3795.06	3794.96	3794.28	3796.20	3797.66	3801.48	3804.68	3804.02	
3802.84	3806.14	3806.22	3807.10	3808.66	3811.02	3805.44	3805.94	3805.04	3805.50	3804.46	3805.36	3805.42	3805.90	3803.70	3805.36	
3804.42	3804.68	3804.58	3806.20	3807.74	3806.34	3804.92	3804.48	3806.40	3808.18	3810.18	3809.54	3809.24	3809.76	3808.92	3808.64	
3808.16	3808.78	3810.26	3809.46	3808.22	3807.52	3805.92	3804.26	3805.70	3802.82	3807.36	3806.26	3808.54	3806.80	3810.78	3792.60	

*******************************************2024/08/03;23:31:04
Probe number 20
Concentration entered by User 10.60% at Temperature 32.12
1330.86	1347.60	1356.42	1373.82	1388.22	1405.72	1419.56	1439.94	1459.68	1475.26	1498.72	1523.26	1544.60	1568.46	1587.60	1605.68	
1632.96	1664.58	1692.08	1722.88	1758.88	1800.84	1842.00	1866.16	1894.58	1942.48	1994.40	2040.10	2122.80	2223.36	2318.32	2423.12	
2528.84	2636.70	2725.38	2849.34	2935.16	3040.80	3134.16	3189.70	3241.20	3295.94	3338.84	3386.70	3418.22	3444.44	3477.68	3483.24	
3517.68	3540.28	3572.22	3613.74	3637.36	3659.62	3671.40	3683.40	3687.16	3686.22	3700.58	3695.38	3710.54	3725.50	3738.44	3746.34	
3756.26	3762.20	3767.48	3777.00	3777.36	3780.34	3785.44	3792.66	3793.52	3793.60	3792.90	3794.58	3796.04	3800.08	3803.46	3802.92	
3801.38	3804.90	3805.08	3806.12	3807.88	3810.00	3804.32	3804.90	3803.98	3804.48	3803.26	3804.18	3804.20	3804.80	3802.38	3803.98	
3802.84	3803.62	3803.30	3805.02	3806.78	3805.24	3803.90	3803.40	3805.42	3807.18	3809.26	3808.58	3808.32	3808.80	3807.94	3807.68	
3807.10	3807.48	3809.08	3808.30	3806.92	3806.26	3804.68	3802.68	3804.32	3801.30	3806.16	3804.82	3807.14	3805.46	3809.72	3791.02	

*******************************************2024/08/04;00:01:04
Probe number 21
Concentration entered by User 10.42% at Temperature 32.11
1334.02	1351.26	1359.38	1378.24	1390.84	1406.36	1420.56	1441.38	1461.46	1478.92	1501.92	1528.16	1547.94	1572.50	1589.08	1607.76	
1634.24	1669.00	1697.96	1729.30	1759.40	1802.04	1846.92	1874.06	1902.72	1943.84	1999.26	2051.24	2126.60	2216.70	2317.50	2436.84	
2541.06	2639.42	2736.92	2867.22	2947.58	3045.76	3139.30	3197.42	3250.22	3308.36	3352.08	3397.20	3425.68	3450.42	3486.26	3491.82	
3527.90	3550.78	3582.56	3623.04	3645.90	3669.34	3680.76	3692.74	3696.44	3696.70	3710.00	3704.62	3719.50	3732.80	3745.28	3753.30	
3762.20	3768.24	3773.42	3781.96	3782.36	3785.50	3790.36	3796.76	3798.02	3797.98	3797.24	3798.90	3800.44	3804.20	3807.12	3806.66	
3805.46	3808.54	3808.78	3809.32	3810.98	3812.88	3808.00	3808.52	3807.70	3807.92	3806.98	3808.06	3808.02	3808.42	3806.64	3808.22	
3807.28	3807.52	3807.52	3808.64	3810.34	3809.06	3807.80	3807.60	3809.08	3810.58	3812.24	3811.96	3811.70	3812.06	3811.32	3811.40	
3810.80	3811.28	3812.56	3811.82	3810.84	3810.38	3808.78	3807.36	3808.58	3805.98	3810.06	3809.18	3811.10	3809.66	3813.08	3796.80	

*******************************************2024/08/04;00:31:04
Probe number 22
Concentration entered by User 10.68% at Temperature 32.11
1330.50	1347.70	1355.18	1372.56	1386.22	1403.42	1420.70	1440.84	1460.98	1476.06	1499.72	1524.52	1543.34	1564.70	1584.28	1605.74	
1631.86	1662.06	1691.44	1721.12	1757.12	1801.04	1841.84	1867.06	1892.66	1938.98	1993.96	2037.36	2121.62	2214.50	2312.66	2417.56	
2524.04	2629.12	2721.00	2850.84	2931.90	3035.08	3128.84	3184.72	3236.70	3295.14	3337.50	3383.28	3413.30	3437.92	3471.44	3480.20	
3515.12	3536.76	3568.84	3611.34	3633.20	3657.92	3670.94	3682.76	3686.18	3686.12	3699.80	3694.84	3710.76	3725.32	3738.42	3746.58	
3756.18	3762.60	3767.54	3777.50	3777.80	3780.78	3786.08	3793.48	3794.52	3794.44	3793.98	3795.50	3796.94	3801.34	3804.52	3803.94	
3802.64	3806.24	3806.28	3807.38	3808.96	3811.00	3805.70	3806.08	3805.24	3805.50	3804.54	3805.54	3805.84	3806.26	3804.12	3805.50	
3804.62	3805.14	3805.12	3806.52	3808.24	3806.96	3805.60	3805.30	3806.94	3808.70	3810.58	3810.14	3809.90	3810.36	3809.60	3809.46	
3809.04	3809.48	3810.96	3810.00	3808.92	3808.30	3806.66	3805.06	3806.34	3803.62	3808.22	3806.88	3809.16	3807.50	3811.50	3793.44	

*******************************************2024/08/04;01:01:05
Probe number 23
Concentration entered by User 10.39% at Temperature 32.10
1335.02	1351.68	1358.70	1378.20	1390.62	1406.64	1421.36	1443.72	1464.98	1482.06	1503.94	1528.02	1548.78	1573.72	1586.46	1608.44	
1637.24	1665.44	1696.22	1728.46	1769.80	1809.58	1846.42	1875.18	1903.46	1947.66	2002.76	2047.60	2133.46	2219.62	2315.84	2429.80	
2540.00	2649.12	2737.18	2860.60	2949.98	3052.06	3143.08	3201.88	3253.72	3310.28	3350.02	3397.14	3426.64	3453.34	3487.56	3494.36	
3529.92	3552.48	3584.08	3625.24	3647.18	3670.40	3681.30	3693.66	3697.68	3697.18	3711.00	3706.04	3721.82	3736.10	3747.38	3754.38	
3764.02	3769.92	3774.50	3783.58	3783.82	3786.90	3791.62	3798.32	3799.40	3799.36	3798.96	3800.34	3801.78	3805.68	3808.48	3807.98	
3806.82	3809.80	3809.78	3810.70	3812.12	3813.80	3809.34	3809.86	3809.00	3809.32	3808.48	3809.54	3809.62	3810.04	3808.38	3809.54	
3808.78	3809.30	3809.10	3810.44	3811.64	3810.56	3809.50	3809.10	3810.56	3811.98	3813.44	3813.10	3812.94	3813.32	3812.82	3812.80	
3812.48	3812.84	3813.90	3813.26	3812.38	3811.94	3810.72	3809.30	3810.44	3808.20	3811.76	3810.78	3812.56	3811.24	3814.22	3799.44	

*******************************************2024/08/04;01:31:04
Probe number 24
Concentration entered by User 10.66% at Temperature 32.09
1330.78	1347.00	1355.00	1374.42	1388.08	1402.48	1415.52	1437.42	1458.80	1475.76	1494.92	1519.60	1541.10	1568.80	1585.94	1604.44	
1632.70	1666.02	1694.72	1719.38	1756.38	1798.08	1841.84	1866.16	1892.24	1937.66	1994.26	2041.34	2127.72	2216.48	2311.10	2423.60	
2528.04	2633.30	2728.50	2852.76	2936.62	3037.50	3128.60	3187.56	3240.34	3296.02	3336.02	3382.62	3413.78	3438.76	3472.78	3479.24	
3513.86	3536.48	3569.82	3613.40	3635.62	3658.82	3671.34	3683.14	3687.14	3686.78	3701.12	3696.02	3712.24	3727.02	3739.34	3747.36	
3757.54	3763.72	3769.06	3778.56	3779.02	3782.24	3787.34	3794.38	3795.78	3795.88	3795.28	3796.84	3798.46	3802.68	3805.76	3805.22	
3803.82	3807.36	3807.66	3808.58	3810.28	3812.22	3807.14	3807.52	3806.62	3807.04	3805.94	3807.08	3807.32	3807.74	3805.60	3807.14	
3806.16	3806.80	3806.70	3808.14	3809.68	3808.42	3807.34	3806.84	3808.52	3809.94	3811.82	3811.40	3811.38	3811.70	3811.10	3810.90	
3810.60	3811.00	3812.20	3811.38	3810.36	3809.88	3808.54	3806.94	3808.16	3805.62	3809.72	3808.52	3810.66	3809.12	3812.68	3796.18	

*******************************************2024/08/04;02:01:04
Probe number 25
Concentration entered by User 10.58% at Temperature 32.06
1332.36	1349.88	1357.52	1375.48	1389.04	1405.84	1420.56	1441.18	1462.96	1479.98	1501.86	1522.46	1540.32	1564.74	1585.14	1605.36	
1634.30	1660.46	1692.22	1726.70	1764.68	1804.70	1843.04	1874.32	1905.32	1947.76	1998.00	2044.04	2126.16	2216.68	2314.92	2426.82	
2529.94	2636.26	2729.26	2852.14	2937.86	3041.92	3133.20	3191.80	3242.64	3299.34	3341.60	3387.36	3417.54	3443.80	3477.08	3483.54	
3518.40	3541.28	3574.66	3616.32	3637.82	3662.22	3674.76	3687.08	3690.70	3689.96	3704.20	3699.32	3715.42	3729.60	3742.48	3750.92	
3760.44	3766.36	3771.48	3780.82	3781.26	3784.34	3789.14	3796.16	3797.52	3797.62	3797.00	3798.52	3800.12	3804.44	3807.36	3806.74	
3805.48	3808.80	3808.96	3809.86	3811.34	3813.00	3808.40	3808.96	3808.06	3808.48	3807.64	3808.56	3808.72	3809.24	3807.48	3808.72	
3807.78	3808.32	3808.36	3809.54	3810.92	3809.82	3808.72	3808.52	3809.90	3811.40	3812.96	3812.62	3812.50	3812.90	3812.30	3812.30	
3811.88	3812.24	3813.24	3812.72	3811.80	3811.38	3810.04	3808.68	3809.70	3807.40	3811.12	3810.10	3811.92	3810.56	3813.78	3798.58	

*******************************************2024/08/04;02:31:04
Probe number 26
Concentration entered by User 10.48% at Temperature 32.04
1332.94	1349.48	1357.98	1375.48	1389.04	1406.24	1420.36	1440.96	1460.48	1479.48	1501.34	1524.92	1545.74	1570.22	1586.36	1608.88	
1637.08	1665.14	1695.40	1728.42	1767.76	1810.30	1845.58	1874.86	1903.84	1945.48	1999.50	2040.84	2125.72	2223.54	2327.34	2428.50	
2528.44	2642.56	2738.74	2861.82	2942.38	3046.16	3137.72	3195.20	3247.54	3303.66	3346.06	3392.62	3424.66	3449.02	3480.56	3486.60	
3522.82	3547.64	3580.72	3623.54	3644.68	3667.58	3679.20	3691.50	3695.10	3695.30	3709.08	3703.78	3719.82	3734.48	3746.80	3754.14	
3763.26	3768.98	3773.98	3783.14	3783.46	3786.48	3791.44	3798.22	3799.60	3799.74	3799.18	3800.64	3802.26	3806.00	3808.88	3808.32	
3807.32	3810.24	3810.60	3811.32	3812.58	3814.30	3810.16	3810.52	3809.70	3809.98	3809.26	3810.32	3810.40	3810.82	3809.24	3810.34	
3809.60	3810.14	3809.94	3811.08	3812.40	3811.54	3810.34	3810.18	3811.48	3812.78	3814.20	3813.96	3813.70	3814.18	3813.58	3813.60	
3813.32	3813.48	3814.54	3814.08	3813.26	3812.90	3811.70	3810.38	3811.42	3809.26	3812.54	3811.74	3813.36	3812.26	3814.94	3801.18	

*******************************************2024/08/04;03:01:04
Probe number 27
Concentration entered by User 11.04% at Temperature 32.00
1325.74	1341.96	1350.12	1368.82	1381.18	1398.24	1411.98	1432.66	1452.70	1470.02	1491.32	1515.00	1534.16	1561.18	1579.54	1599.96	
1625.60	1653.34	1679.10	1715.10	1754.70	1788.68	1824.30	1859.82	1890.56	1934.28	1986.08	2021.58	2103.86	2196.68	2292.24	2401.54	
2508.00	2614.66	2704.68	2825.82	2907.82	3009.60	3103.38	3161.74	3214.42	3266.50	3306.72	3353.28	3384.72	3409.40	3442.84	3451.54	
3486.16	3509.56	3542.96	3587.58	3612.18	3635.82	3649.14	3662.38	3666.26	3665.38	3680.88	3676.08	3693.48	3710.54	3724.56	3732.96	
3744.18	3751.38	3757.78	3768.56	3769.20	3772.66	3778.76	3786.44	3788.00	3788.36	3787.94	3789.66	3791.60	3796.58	3800.28	3799.52	
3798.36	3802.34	3802.84	3804.20	3806.06	3808.74	3802.56	3802.96	3801.98	3802.18	3801.06	3802.32	3802.56	3803.08	3800.48	3802.12	
3800.98	3801.90	3801.92	3803.64	3805.48	3803.94	3802.62	3802.14	3804.22	3806.16	3808.42	3807.86	3807.60	3808.10	3807.24	3807.30	
3806.66	3807.12	3808.88	3807.84	3806.64	3805.70	3804.12	3802.12	3803.64	3800.46	3805.48	3804.10	3806.66	3804.82	3809.40	3789.96	

*******************************************2024/08/04;03:31:04
Probe number 28
Concentration entered by User 11.12% at Temperature 31.97
1325.38	1342.10	1350.78	1369.72	1380.50	1395.74	1411.88	1433.04	1453.88	1470.12	1490.72	1513.70	1534.86	1558.68	1573.94	1593.02	
1623.32	1652.54	1682.40	1714.34	1751.02	1790.02	1828.34	1862.00	1884.72	1929.80	1988.48	2024.48	2101.46	2191.14	2290.12	2400.08	
2503.86	2610.36	2702.26	2825.98	2907.94	3008.20	3097.96	3156.52	3209.76	3261.86	3303.78	3350.10	3380.04	3405.64	3439.96	3446.32	
3482.06	3504.42	3539.08	3584.20	3607.40	3632.18	3645.30	3658.62	3662.80	3662.08	3678.06	3672.20	3690.16	3706.86	3721.78	3730.58	
3741.92	3749.00	3755.16	3767.10	3767.46	3771.08	3777.24	3785.56	3786.72	3786.88	3786.52	3788.22	3790.24	3795.04	3799.00	3798.46	
3797.20	3801.42	3801.86	3803.08	3805.30	3807.96	3801.60	3802.12	3800.90	3801.34	3800.10	3801.34	3801.76	3802.20	3799.76	3801.16	
3800.10	3800.94	3800.98	3802.48	3804.72	3803.18	3801.80	3801.40	3803.52	3805.50	3807.66	3807.12	3806.96	3807.50	3806.56	3806.60	
3805.96	3806.40	3808.14	3807.10	3805.74	3805.06	3803.12	3801.12	3802.72	3799.40	3804.48	3803.20	3805.90	3804.20	3808.78	3789.00	

*******************************************2024/08/04;04:01:04
Probe number 29
Concentration entered by User 10.73% at Temperature 31.93
1330.82	1346.92	1354.74	1373.66	1388.34	1404.70	1420.62	1440.00	1459.06	1475.76	1497.28	1522.02	1542.38	1569.00	1587.46	1604.22	
1632.76	1661.82	1689.92	1720.72	1758.30	1803.34	1840.58	1870.98	1900.96	1942.34	1999.28	2037.24	2116.52	2210.52	2308.02	2419.48	
2525.86	2636.24	2727.78	2849.68	2933.30	3033.10	3126.52	3183.96	3237.24	3292.08	3333.94	3379.28	3409.52	3435.92	3469.68	3477.54	
3512.06	3533.66	3567.14	3611.78	3634.08	3657.78	3671.16	3684.28	3687.60	3687.24	3701.38	3696.76	3713.28	3727.98	3740.34	3748.48	
3758.12	3764.72	3770.02	3779.80	3780.18	3783.20	3788.72	3796.12	3797.08	3797.30	3796.94	3798.20	3800.02	3804.36	3807.28	3806.94	
3805.86	3809.12	3809.24	3810.22	3811.70	3813.68	3809.08	3809.34	3808.60	3808.94	3807.96	3809.12	3809.30	3809.62	3807.90	3809.12	
3808.30	3809.10	3808.92	3810.16	3811.50	3810.52	3809.34	3809.08	3810.58	3812.08	3813.48	3813.20	3813.18	3813.50	3812.96	3813.04	
3812.66	3812.88	3813.94	3813.44	3812.58	3812.12	3810.70	3809.34	3810.50	3808.18	3811.82	3810.78	3812.70	3811.48	3814.48	3799.70	

*******************************************2024/08/04;04:31:05
Probe number 30
Concentration entered by User 10.61% at Temperature 31.89
1332.60	1349.76	1357.96	1375.06	1386.02	1404.74	1419.66	1440.54	1462.12	1478.08	1499.26	1522.06	1541.84	1568.84	1583.88	1603.40	
1631.46	1661.68	1692.48	1723.88	1761.80	1800.80	1838.54	1872.24	1900.84	1939.72	1996.76	2038.22	2118.08	2214.88	2321.06	2421.52	
2525.24	2636.78	2730.30	2855.84	2935.88	3037.82	3130.98	3189.00	3241.68	3297.28	3341.06	3385.34	3416.48	3442.40	3474.94	3479.86	
3517.72	3540.64	3574.24	3616.96	3639.04	3662.12	3674.96	3687.28	3690.54	3690.96	3705.48	3700.98	3716.62	3731.20	3743.36	3751.38	
3760.94	3767.08	3772.36	3781.72	3782.24	3785.32	3790.40	3797.82	3798.82	3798.86	3798.72	3800.24	3801.66	3805.88	3808.62	3808.34	
3807.10	3810.16	3810.40	3811.22	3812.76	3814.42	3810.28	3810.58	3809.82	3810.26	3809.52	3810.44	3810.54	3811.02	3809.40	3810.50	
3809.52	3810.26	3810.14	3811.42	3812.64	3811.66	3810.60	3810.38	3811.88	3813.16	3814.44	3814.06	3813.96	3814.44	3813.94	3813.84	
3813.58	3813.82	3814.82	3814.40	3813.60	3813.28	3812.10	3810.74	3811.78	3809.64	3812.74	3812.06	3813.64	3812.64	3815.22	3801.66	

*******************************************2024/08/04;05:01:05
Probe number 31
Concentration entered by User 10.58% at Temperature 31.84
1332.02	1349.22	1358.50	1376.80	1390.96	1404.86	1419.48	1441.16	1460.98	1477.02	1501.04	1525.26	1544.86	1570.28	1583.74	1604.70	
1635.74	1664.56	1693.86	1728.42	1765.96	1804.06	1837.84	1872.54	1902.20	1946.90	2001.88	2046.30	2124.22	2211.72	2310.32	2421.50	
2535.08	2639.38	2728.42	2852.48	2937.78	3040.02	3134.18	3192.84	3244.14	3299.50	3340.66	3386.70	3417.76	3442.42	3477.70	3485.56	
3519.86	3541.96	3574.70	3619.96	3642.74	3665.20	3677.08	3689.74	3693.96	3693.94	3708.02	3702.48	3719.06	3733.58	3745.86	3753.14	
3762.62	3768.50	3773.42	3783.10	3783.60	3786.46	3791.76	3798.62	3799.88	3800.10	3799.60	3801.02	3802.86	3806.66	3809.32	3808.90	
3808.08	3810.98	3811.22	3812.18	3813.34	3815.02	3811.14	3811.32	3810.54	3810.88	3810.10	3811.08	3811.36	3811.64	3810.24	3811.24	
3810.64	3811.16	3811.00	3812.24	3813.32	3812.20	3811.42	3811.14	3812.46	3813.72	3815.00	3814.74	3814.64	3815.02	3814.38	3814.52	
3814.26	3814.54	3815.34	3814.92	3814.20	3813.82	3812.70	3811.48	3812.58	3810.40	3813.42	3812.66	3814.36	3813.24	3815.80	3802.88	

*******************************************2024/08/04;05:13:03
Probe number 32
Concentration entered by User 10.74% at Temperature 31.80
1331.36	1348.86	1358.50	1375.36	1386.52	1404.40	1418.42	1438.00	1458.70	1477.58	1500.56	1524.66	1543.66	1569.00	1583.94	1603.72	
1634.78	1663.38	1692.40	1730.32	1767.22	1801.66	1839.76	1869.34	1898.32	1942.14	1998.68	2038.86	2116.92	2211.16	2316.06	2420.94	
2521.06	2632.68	2724.70	2848.20	2932.86	3036.30	3130.22	3187.62	3234.92	3289.32	3331.76	3378.18	3410.28	3435.50	3469.80	3475.82	
3512.98	3535.68	3569.54	3612.42	3635.72	3658.54	3671.24	3683.44	3687.36	3687.46	3701.52	3697.42	3713.40	3727.86	3740.76	3749.10	
3758.92	3765.18	3770.24	3780.30	3780.68	3783.76	3789.36	3796.38	3797.44	3797.62	3797.26	3798.80	3800.54	3804.72	3807.64	3807.36	
3806.40	3809.62	3809.98	3810.60	3812.12	3814.04	3809.74	3810.14	3809.16	3809.38	3808.68	3809.68	3809.92	3810.38	3808.64	3809.64	
3808.92	3809.52	3809.42	3810.78	3812.08	3811.10	3810.12	3809.70	3811.10	3812.44	3813.94	3813.62	3813.50	3813.88	3813.42	3813.44	
3813.12	3813.34	3814.38	3813.96	3813.12	3812.58	3811.34	3810.08	3811.18	3808.80	3812.26	3811.48	3813.10	3812.02	3814.80	3800.84	

*******************************************2024/08/04;05:31:04
Probe number 33
Concentration entered by User 10.71% at Temperature 31.78
1331.48	1347.12	1355.40	1373.68	1388.36	1404.22	1417.82	1439.78	1460.46	1476.08	1499.02	1522.16	1542.98	1566.52	1585.30	1603.52	
1630.30	1662.22	1690.48	1719.40	1759.96	1800.36	1838.02	1866.74	1897.90	1942.46	1995.32	2035.62	2113.60	2214.56	2310.36	2418.24	
2522.82	2631.04	2725.52	2851.46	2933.76	3032.72	3127.88	3186.72	3238.78	3292.36	3333.58	3379.64	3412.18	3436.58	3470.78	3477.26	
3512.66	3536.84	3569.26	3612.58	3635.98	3658.88	3670.62	3684.36	3687.28	3688.48	3702.92	3698.02	3714.04	3728.24	3741.26	3749.82	
3759.70	3765.66	3770.84	3780.62	3781.18	3784.20	3789.64	3796.88	3797.90	3798.26	3797.92	3799.40	3801.06	3805.36	3808.22	3807.74	
3806.74	3809.90	3810.16	3811.22	3812.66	3814.48	3810.20	3810.50	3809.62	3810.04	3809.22	3810.24	3810.40	3810.82	3809.02	3810.36	
3809.46	3810.08	3809.88	3811.26	3812.50	3811.54	3810.52	3810.20	3811.64	3813.12	3814.46	3814.06	3814.04	3814.38	3813.88	3813.92	
3813.62	3813.86	3814.88	3814.34	3813.44	3813.02	3811.96	3810.56	3811.60	3809.46	3812.70	3811.76	3813.58	3812.62	3815.26	3801.62	

*******************************************2024/08/04;06:01:04
Probe number 34
Concentration entered by User 10.73% at Temperature 31.75
1331.28	1347.72	1355.68	1374.48	1386.54	1402.74	1419.64	1440.08	1461.96	1479.88	1502.46	1525.40	1544.22	1569.56	1584.54	1606.00	
1632.06	1662.00	1693.12	1725.46	1760.86	1798.68	1839.34	1868.68	1893.08	1940.14	1999.36	2040.84	2122.38	2210.26	2302.56	2414.72	
2525.94	2633.64	2724.38	2848.80	2931.70	3035.20	3126.78	3185.30	3236.54	3292.18	3332.74	3379.86	3410.18	3434.82	3470.06	3476.42	
3512.82	3536.04	3569.54	3612.82	3634.72	3658.30	3670.62	3684.38	3687.90	3687.82	3702.58	3697.60	3714.04	3728.70	3741.12	3749.36	
3759.26	3765.76	3770.84	3780.42	3780.96	3784.02	3789.36	3796.38	3797.78	3797.96	3797.74	3799.22	3800.84	3804.92	3808.06	3807.74	
3806.80	3809.92	3810.32	3811.14	3812.52	3814.34	3809.96	3810.40	3809.68	3809.96	3809.04	3809.98	3810.24	3810.64	3809.02	3810.18	
3809.44	3810.12	3809.92	3811.30	3812.62	3811.44	3810.48	3810.14	3811.54	3812.90	3814.20	3814.06	3813.94	3814.30	3813.84	3813.92	
3813.56	3813.80	3814.74	3814.16	3813.44	3812.96	3811.88	3810.46	3811.58	3809.42	3812.54	3811.76	3813.38	3812.54	3815.30	3801.60	

*******************************************2024/08/04;06:31:04
Probe number 35
Concentration entered by User 10.64% at Temperature 31.70
1332.62	1349.44	1357.94	1376.14	1388.20	1404.92	1419.78	1439.94	1462.60	1479.24	1499.86	1524.78	1545.28	1568.56	1584.98	1603.56	
1634.98	1666.50	1690.46	1718.58	1761.06	1803.34	1841.78	1871.90	1894.82	1942.30	2001.70	2042.14	2113.86	2213.64	2312.44	2424.90	
2531.18	2634.88	2726.32	2853.92	2935.92	3035.52	3125.74	3187.14	3241.90	3295.50	3339.06	3383.96	3415.34	3439.56	3473.56	3480.80	
3515.16	3539.24	3572.90	3616.90	3639.90	3662.42	3675.02	3687.90	3691.48	3691.04	3705.12	3700.42	3716.50	3731.68	3743.72	3752.20	
3761.74	3767.62	3772.72	3782.04	3782.26	3785.36	3790.76	3797.86	3799.22	3799.44	3799.22	3800.62	3802.04	3806.38	3808.96	3808.66	
3807.88	3810.80	3811.06	3811.86	3813.30	3814.98	3811.16	3811.32	3810.44	3810.80	3810.02	3811.04	3811.24	3811.66	3810.00	3811.24	
3810.42	3810.96	3810.90	3811.98	3813.26	3812.18	3811.40	3811.12	3812.54	3813.80	3815.08	3814.78	3814.70	3815.02	3814.56	3814.62	
3814.30	3814.44	3815.42	3814.98	3814.14	3813.82	3812.72	3811.42	3812.22	3810.48	3813.38	3812.68	3814.30	3813.32	3816.04	3802.90	

*******************************************2024/08/04;07:01:04
Probe number 36
Concentration entered by User 10.92% at Temperature 31.64
1334.22	1351.90	1359.12	1376.78	1390.44	1406.00	1419.48	1440.30	1461.72	1478.58	1501.28	1525.74	1545.16	1568.32	1588.24	1611.02	
1640.76	1667.40	1691.16	1722.26	1760.00	1805.68	1846.68	1875.68	1901.60	1940.76	1995.74	2033.84	2113.42	2213.28	2310.40	2409.28	
2513.60	2617.50	2705.56	2838.00	2923.22	3024.88	3117.70	3178.62	3228.16	3281.40	3322.70	3367.62	3399.32	3427.50	3464.76	3470.66	
3505.70	3528.70	3560.42	3606.66	3632.04	3656.74	3670.22	3683.16	3688.36	3688.32	3702.18	3697.04	3713.12	3728.72	3740.82	3749.54	
3759.26	3765.02	3770.50	3780.36	3781.16	3783.88	3789.60	3797.04	3798.12	3798.48	3798.28	3799.46	3800.50	3805.18	3808.22	3807.88	
3807.06	3809.94	3810.40	3811.22	3812.66	3814.30	3809.92	3810.44	3809.56	3809.98	3809.40	3810.34	3810.26	3810.66	3808.92	3810.16	
3809.70	3810.04	3809.84	3811.14	3812.66	3811.38	3810.56	3810.08	3811.62	3813.06	3814.42	3814.06	3814.00	3814.34	3813.82	3813.86	
3813.28	3813.42	3814.50	3813.80	3812.90	3812.50	3811.30	3810.14	3811.12	3808.96	3812.46	3811.60	3813.38	3812.32	3815.14	3801.06	

*******************************************2024/08/04;07:31:04
Probe number 37
Concentration entered by User 10.75% at Temperature 31.36
1339.64	1357.52	1367.06	1385.82	1396.98	1412.26	1425.32	1447.84	1468.28	1484.30	1506.94	1534.22	1554.60	1578.78	1595.48	1614.78	
1645.84	1678.50	1710.72	1737.00	1772.00	1810.54	1848.58	1882.78	1911.36	1949.34	2002.32	2043.88	2124.54	2216.04	2313.82	2414.58	
2514.36	2621.44	2706.66	2839.96	2926.80	3028.38	3122.16	3181.50	3234.68	3288.22	3329.74	3379.18	3409.54	3436.94	3475.94	3483.12	
3518.38	3542.30	3572.58	3620.02	3642.64	3665.74	3680.66	3693.42	3698.94	3698.20	3711.96	3706.54	3721.40	3735.76	3748.06	3757.84	
3765.88	3771.40	3776.64	3785.38	3785.88	3788.76	3793.52	3800.44	3801.48	3801.76	3801.36	3802.26	3803.64	3807.70	3810.42	3810.32	
3809.56	3812.02	3812.28	3813.14	3814.38	3815.70	3812.08	3812.38	3811.50	3811.84	3811.16	3812.18	3811.98	3812.26	3811.06	3812.00	
3811.60	3811.88	3811.38	3812.50	3813.70	3812.96	3812.02	3811.64	3813.12	3814.28	3815.30	3815.12	3815.00	3815.36	3814.94	3814.90	
3814.56	3814.56	3815.34	3814.58	3813.86	3813.76	3812.76	3811.94	3812.84	3810.70	3813.80	3813.28	3814.78	3813.94	3816.26	3804.18	

*******************************************2024/08/04;08:01:04
Probe number 38
Concentration entered by User 11.16% at Temperature 31.52
1337.10	1355.52	1363.44	1381.96	1395.56	1410.38	1425.58	1446.82	1467.30	1484.86	1506.58	1528.06	1546.42	1570.62	1588.64	1613.74	
1642.60	1669.94	1702.76	1733.18	1768.66	1807.56	1844.02	1875.02	1903.66	1940.88	1995.64	2039.02	2113.16	2207.36	2301.10	2403.22	
2494.36	2599.26	2689.96	2821.06	2906.14	3005.20	3094.52	3155.76	3211.20	3268.18	3310.76	3356.64	3389.80	3418.32	3457.02	3464.06	
3499.32	3523.60	3552.24	3602.74	3627.16	3649.06	3665.08	3679.56	3684.34	3685.06	3698.66	3692.26	3707.20	3723.20	3737.16	3747.46	
3756.42	3762.92	3769.00	3778.70	3779.24	3782.22	3787.16	3794.82	3795.70	3795.86	3795.36	3796.16	3797.86	3802.70	3806.26	3806.00	
3805.28	3808.70	3809.28	3810.28	3811.36	3813.22	3808.56	3808.80	3807.58	3808.20	3807.46	3808.72	3808.38	3808.90	3807.02	3808.14	
3807.80	3807.92	3807.48	3809.04	3810.76	3809.48	3808.34	3808.00	3810.02	3811.62	3812.76	3812.36	3812.22	3812.62	3812.10	3812.14	
3811.66	3811.52	3812.74	3811.66	3810.52	3810.44	3809.24	3808.10	3809.40	3806.62	3810.72	3809.78	3812.00	3810.88	3813.96	3798.70	

*******************************************2024/08/04;08:31:04
Probe number 39
Concentration entered by User 11.02% at Temperature 31.56
1343.34	1360.86	1367.98	1386.12	1398.10	1414.44	1428.88	1449.74	1469.86	1487.22	1510.88	1535.72	1556.10	1580.94	1597.90	1616.10	
1642.86	1674.60	1703.68	1737.08	1776.62	1816.64	1852.38	1880.58	1910.32	1953.64	1999.56	2034.22	2117.60	2218.14	2301.68	2393.90	
2489.00	2591.78	2687.20	2819.42	2909.08	3008.36	3096.90	3156.54	3209.18	3271.42	3315.44	3363.80	3400.62	3429.82	3469.56	3475.74	
3508.06	3531.74	3559.56	3612.66	3639.30	3660.70	3675.60	3688.26	3692.18	3692.52	3705.20	3698.46	3712.28	3727.06	3740.92	3751.32	
3761.90	3768.32	3773.40	3782.36	3783.24	3786.58	3791.36	3799.26	3800.54	3801.10	3800.52	3801.14	3802.38	3807.02	3810.14	3809.92	
3809.54	3812.30	3812.80	3813.34	3814.32	3815.72	3812.24	3812.24	3811.16	3811.68	3811.08	3811.78	3811.52	3812.06	3810.62	3811.58	
3811.12	3811.22	3810.68	3812.18	3813.44	3812.54	3811.82	3811.66	3812.92	3814.22	3815.14	3814.92	3814.70	3815.10	3814.68	3814.68	
3814.26	3814.20	3814.96	3814.16	3813.34	3813.36	3812.52	3811.60	3812.48	3810.22	3813.54	3813.10	3814.58	3813.56	3815.94	3803.34	

*******************************************2024/08/04;09:01:04
Probe number 40
Concentration entered by User 11.21% at Temperature 31.65
1342.44	1359.70	1366.88	1384.28	1397.20	1415.84	1429.46	1450.30	1469.20	1487.10	1510.20	1536.82	1556.94	1578.16	1594.04	1615.14	
1643.48	1672.18	1701.90	1734.16	1771.06	1810.74	1849.74	1877.54	1904.22	1943.04	1996.16	2035.92	2114.22	2198.94	2286.96	2384.32	
2482.12	2584.04	2677.32	2804.18	2893.32	2994.14	3081.80	3141.12	3196.06	3259.90	3304.66	3351.72	3393.40	3424.60	3462.80	3469.80	
3503.10	3527.60	3555.28	3609.34	3640.28	3660.22	3673.60	3685.92	3688.24	3690.04	3703.64	3696.66	3711.72	3727.76	3741.66	3751.84	
3762.26	3768.42	3774.16	3782.30	3782.90	3786.24	3791.24	3798.50	3800.28	3801.20	3800.20	3801.06	3802.48	3807.22	3810.28	3810.04	
3809.98	3812.74	3813.18	3813.98	3814.78	3816.26	3813.14	3813.12	3811.98	3812.58	3812.12	3812.86	3812.52	3813.02	3811.52	3812.50	
3812.30	3812.24	3811.70	3813.00	3814.36	3813.34	3812.48	3812.52	3814.00	3815.16	3815.92	3815.54	3815.36	3815.82	3815.30	3815.30	
3814.90	3814.84	3815.70	3814.88	3814.30	3814.10	3813.24	3812.34	3813.44	3811.14	3814.28	3813.90	3815.16	3814.18	3816.36	3804.54	

*******************************************2024/08/04;09:31:04
Probe number 41
Concentration entered by User 11.98% at Temperature 31.69
1335.08	1353.02	1361.06	1379.60	1391.34	1407.08	1420.70	1441.22	1459.60	1476.16	1499.90	1521.40	1540.40	1563.90	1580.84	1602.56	
1629.74	1661.00	1692.86	1718.62	1753.60	1794.48	1831.18	1861.90	1883.96	1924.64	1976.34	2013.62	2089.96	2176.38	2259.04	2362.10	
2454.00	2541.16	2635.60	2764.32	2848.22	2944.18	3028.56	3096.56	3153.56	3216.02	3263.06	3312.92	3355.60	3387.88	3428.38	3437.42	
3473.92	3498.20	3526.50	3582.12	3612.60	3634.58	3650.66	3663.94	3666.18	3666.84	3679.48	3671.84	3690.24	3708.94	3723.86	3733.80	
3745.64	3753.60	3761.16	3770.60	3771.14	3774.66	3780.68	3789.26	3791.74	3793.10	3791.48	3793.30	3795.00	3800.76	3805.00	3804.66	
3804.42	3807.96	3808.58	3809.56	3810.96	3813.16	3808.58	3808.62	3807.42	3808.00	3807.42	3808.20	3807.82	3808.72	3806.52	3807.44	
3806.94	3806.96	3806.54	3808.36	3810.12	3808.88	3808.16	3808.10	3809.76	3811.24	3812.42	3812.04	3811.66	3812.08	3811.42	3811.46	
3811.00	3810.98	3812.00	3811.00	3810.00	3809.98	3808.62	3807.38	3808.60	3805.64	3810.00	3809.30	3811.18	3809.76	3812.90	3797.20	

*******************************************2024/08/04;10:01:05
Probe number 42
Concentration entered by User 11.39% at Temperature 31.75
1344.04	1361.46	1367.96	1384.66	1397.52	1416.24	1429.64	1450.54	1472.00	1490.64	1513.92	1537.44	1555.60	1578.20	1594.60	1616.62	
1644.04	1671.86	1702.38	1733.48	1767.64	1804.86	1838.60	1867.02	1894.44	1936.20	1995.36	2038.24	2110.08	2192.84	2280.48	2380.62	
2467.86	2554.68	2652.68	2782.42	2869.62	2970.76	3051.34	3112.74	3171.28	3239.68	3293.04	3345.04	3389.40	3421.58	3459.00	3465.92	
3501.18	3525.78	3554.08	3608.34	3641.48	3660.54	3675.56	3688.68	3691.62	3692.84	3706.06	3699.88	3716.44	3733.48	3746.26	3755.08	
3765.50	3772.26	3778.94	3787.00	3787.28	3789.80	3794.26	3800.88	3803.48	3804.32	3803.24	3804.32	3806.08	3810.46	3812.86	3812.52	
3812.06	3814.40	3814.96	3815.58	3816.50	3817.58	3815.00	3815.12	3814.42	3814.90	3814.30	3814.76	3814.62	3815.22	3813.84	3814.38	
3813.98	3814.10	3813.94	3815.02	3815.84	3815.30	3815.02	3815.00	3815.72	3816.50	3817.26	3817.06	3816.78	3817.02	3816.68	3816.68	
3816.48	3816.44	3816.92	3816.46	3815.88	3816.02	3815.28	3814.74	3815.26	3813.80	3816.24	3815.70	3816.74	3815.92	3817.60	3808.22	

*******************************************2024/08/04;10:31:04
Probe number 43
Concentration entered by User 11.88% at Temperature 31.90
1333.02	1350.48	1357.02	1371.96	1384.30	1400.92	1413.96	1436.00	1456.52	1472.80	1495.02	1519.56	1536.40	1560.44	1578.22	1598.02	
1627.38	1654.12	1681.84	1715.42	1747.16	1782.14	1818.12	1844.58	1873.64	1919.30	1972.72	2009.08	2079.48	2167.36	2260.70	2360.14	
2444.72	2533.16	2624.32	2744.50	2834.50	2936.22	3018.68	3081.28	3141.50	3205.24	3254.76	3308.22	3351.54	3382.24	3421.62	3431.28	
3464.16	3486.30	3519.08	3575.06	3607.46	3629.84	3643.98	3658.00	3660.70	3661.60	3676.66	3669.98	3690.28	3710.20	3724.88	3735.46	
3747.24	3755.58	3763.90	3773.98	3773.90	3776.68	3782.16	3790.22	3792.84	3793.56	3792.38	3793.78	3795.62	3801.22	3805.32	3804.80	
3803.60	3807.66	3808.58	3809.82	3811.18	3813.34	3808.94	3809.16	3808.14	3808.94	3807.70	3808.58	3808.28	3809.38	3806.88	3807.42	
3806.42	3806.88	3806.58	3808.28	3810.00	3809.12	3808.34	3808.48	3810.02	3811.32	3812.48	3812.08	3811.82	3811.94	3811.34	3811.34	
3810.90	3810.94	3811.82	3810.98	3810.16	3810.24	3809.00	3807.80	3809.02	3806.16	3810.42	3809.62	3811.26	3809.86	3813.10	3797.58	

*******************************************2024/08/04;11:01:04
Probe number 44
Concentration entered by User 11.46% at Temperature 31.93
1338.32	1354.60	1362.58	1378.52	1392.04	1409.10	1422.44	1444.74	1465.46	1481.56	1503.88	1526.70	1543.64	1565.28	1582.64	1607.54	
1635.62	1664.36	1692.76	1720.78	1754.04	1791.88	1827.90	1854.02	1885.76	1926.54	1980.90	2021.40	2092.28	2185.00	2279.24	2375.00	
2458.34	2550.28	2648.36	2773.04	2860.04	2962.92	3046.48	3110.94	3168.98	3235.92	3286.10	3342.92	3385.22	3416.40	3455.60	3466.10	
3498.06	3521.82	3553.38	3606.24	3636.88	3658.14	3672.66	3685.36	3688.16	3688.94	3702.98	3696.78	3714.08	3732.34	3745.92	3754.30	
3764.32	3770.80	3778.06	3786.54	3786.44	3788.70	3793.22	3800.00	3802.56	3803.24	3802.14	3803.32	3804.70	3809.06	3811.98	3811.60	
3810.94	3813.34	3814.08	3814.96	3815.64	3817.00	3814.10	3814.32	3813.66	3813.94	3813.18	3813.84	3813.68	3814.48	3812.98	3813.32	
3812.66	3812.98	3812.82	3813.78	3814.96	3814.26	3813.90	3813.82	3814.82	3815.76	3816.42	3816.18	3816.08	3816.20	3815.76	3815.82	
3815.52	3815.56	3816.00	3815.56	3815.02	3815.26	3814.24	3813.58	3814.34	3812.58	3815.32	3814.80	3815.92	3815.00	3816.88	3806.12	

*******************************************2024/08/04;11:31:04
Probe number 45
Concentration entered by User 11.57% at Temperature 31.82
1338.50	1355.86	1363.74	1380.96	1393.70	1411.88	1425.20	1446.22	1466.70	1483.66	1504.94	1531.04	1548.16	1568.74	1586.22	1608.94	
1636.08	1662.58	1693.46	1725.56	1759.04	1794.46	1829.24	1854.72	1883.84	1929.82	1985.00	2020.66	2092.58	2181.12	2275.40	2373.58	
2459.62	2540.80	2627.70	2752.38	2849.32	2954.22	3041.28	3104.16	3163.30	3227.14	3279.00	3336.18	3380.72	3411.30	3452.30	3464.54	
3498.56	3519.76	3551.04	3602.20	3633.28	3657.04	3672.36	3684.92	3686.90	3689.30	3703.02	3695.34	3713.94	3732.14	3743.94	3753.34	
3764.04	3770.46	3778.54	3787.06	3786.64	3788.80	3793.70	3800.56	3803.46	3803.96	3802.32	3803.70	3805.26	3809.84	3812.34	3812.04	
3811.22	3813.60	3814.18	3814.94	3815.66	3817.10	3814.22	3814.42	3813.86	3814.32	3813.58	3814.12	3814.12	3814.72	3813.14	3813.42	
3812.82	3813.12	3812.74	3814.12	3815.08	3814.34	3813.82	3813.96	3814.98	3815.86	3816.56	3816.34	3816.18	3816.16	3815.80	3815.90	
3815.60	3815.48	3816.20	3815.66	3815.24	3815.30	3814.52	3813.92	3814.50	3812.82	3815.48	3814.98	3815.84	3815.06	3816.98	3806.54	

*******************************************2024/08/04;12:01:05
Probe number 46
Concentration entered by User 11.57% at Temperature 31.94
1339.92	1355.48	1361.92	1379.24	1393.76	1410.68	1421.36	1442.48	1463.88	1482.22	1505.98	1530.62	1546.28	1566.66	1587.32	1611.14	
1632.50	1659.72	1692.90	1728.18	1753.50	1786.70	1826.34	1858.54	1888.60	1929.90	1987.34	2025.64	2086.96	2166.82	2264.88	2368.44	
2458.62	2537.90	2626.88	2754.96	2852.66	2950.30	3038.18	3105.46	3166.20	3223.72	3271.88	3334.28	3377.88	3413.98	3457.64	3470.12	
3504.02	3524.82	3559.42	3611.16	3641.26	3665.12	3680.98	3692.70	3694.36	3693.84	3708.92	3703.36	3720.88	3738.18	3748.70	3757.86	
3768.96	3776.40	3783.24	3790.66	3790.16	3792.24	3796.38	3802.82	3805.70	3806.02	3804.82	3806.22	3807.80	3811.56	3813.68	3813.44	
3812.82	3814.92	3815.44	3816.26	3816.78	3817.94	3815.56	3815.66	3815.10	3815.78	3815.14	3815.52	3815.40	3816.02	3814.66	3814.96	
3814.32	3814.56	3814.22	3815.28	3816.24	3815.54	3815.18	3815.16	3816.12	3816.86	3817.46	3817.30	3817.06	3817.24	3816.86	3816.94	
3816.64	3816.64	3817.22	3816.68	3816.36	3816.40	3815.84	3815.28	3815.78	3814.38	3816.68	3816.22	3817.00	3816.34	3817.88	3808.98	

*******************************************2024/08/04;12:17:03
Probe number 47
Concentration entered by User 11.72% at Temperature 31.96
1335.28	1352.34	1360.94	1377.58	1390.44	1406.56	1421.18	1443.64	1463.66	1478.88	1500.38	1525.70	1542.86	1567.82	1585.00	1606.96	
1627.72	1656.40	1688.98	1722.06	1755.80	1789.10	1827.90	1859.50	1883.36	1925.06	1975.58	2010.96	2080.78	2166.32	2260.48	2358.42	
2447.58	2533.02	2624.06	2753.48	2847.90	2946.96	3032.24	3099.94	3156.86	3216.24	3267.34	3328.36	3371.72	3403.64	3447.18	3459.58	
3493.56	3516.80	3550.28	3602.58	3632.32	3657.22	3672.14	3685.38	3686.12	3686.84	3701.66	3695.42	3714.34	3731.54	3743.36	3753.32	
3764.54	3772.18	3779.34	3787.68	3786.98	3788.74	3793.10	3800.10	3803.46	3803.66	3802.38	3803.68	3805.44	3809.62	3812.24	3812.06	
3811.22	3813.62	3814.34	3815.14	3815.90	3817.24	3814.38	3814.58	3813.96	3814.58	3813.90	3814.36	3814.20	3814.94	3813.22	3813.56	
3812.96	3813.28	3812.92	3814.06	3815.10	3814.42	3813.96	3813.94	3814.90	3816.04	3816.68	3816.44	3816.26	3816.32	3815.90	3816.04	
3815.70	3815.60	3816.26	3815.68	3815.32	3815.28	3814.56	3813.92	3814.58	3812.88	3815.70	3815.02	3816.10	3815.12	3817.04	3806.76	

*******************************************2024/08/04;12:31:04
Probe number 48
Concentration entered by User 11.57% at Temperature 31.88
1337.44	1354.16	1360.88	1377.66	1391.54	1408.52	1420.60	1439.86	1460.46	1479.32	1502.50	1528.24	1542.86	1564.98	1585.84	1608.70	
1633.06	1659.76	1689.70	1719.10	1754.08	1788.36	1826.78	1852.72	1882.82	1922.38	1971.88	2013.14	2087.10	2175.78	2269.38	2363.66	
2448.98	2530.90	2621.72	2759.92	2856.10	2957.14	3040.92	3106.30	3165.54	3226.06	3274.62	3334.10	3378.32	3412.18	3455.30	3469.34	
3501.62	3525.80	3560.06	3611.26	3641.18	3663.30	3677.84	3691.56	3693.54	3692.52	3706.78	3699.74	3718.66	3736.38	3747.78	3756.72	
3767.50	3774.92	3781.84	3790.00	3789.36	3790.92	3795.46	3801.98	3804.88	3805.08	3803.90	3805.34	3806.96	3810.82	3813.10	3813.06	
3812.40	3814.52	3814.98	3815.86	3816.42	3817.74	3815.04	3815.36	3814.72	3815.32	3814.50	3815.02	3815.02	3815.68	3814.12	3814.32	
3813.70	3813.96	3813.84	3814.82	3815.88	3815.14	3814.72	3814.70	3815.66	3816.54	3817.36	3817.06	3816.78	3817.02	3816.50	3816.62	
3816.40	3816.36	3816.86	3816.38	3815.84	3816.02	3815.32	3814.76	3815.30	3813.72	3816.16	3815.72	3816.66	3815.84	3817.60	3808.00	

*******************************************2024/08/04;13:01:04
Probe number 49
Concentration entered by User 11.91% at Temperature 31.82
1338.02	1353.98	1361.58	1379.04	1392.48	1410.94	1422.26	1440.88	1460.14	1477.96	1502.38	1526.88	1545.48	1570.26	1588.72	1609.22	
1629.14	1658.68	1691.04	1722.66	1755.30	1791.30	1826.64	1856.28	1886.98	1930.12	1980.84	2014.94	2085.38	2168.02	2258.10	2353.62	
2435.94	2519.10	2611.62	2737.70	2833.92	2933.72	3015.42	3085.36	3143.70	3198.72	3252.84	3314.72	3362.86	3396.96	3440.48	3453.40	
3488.22	3511.02	3543.70	3598.10	3631.12	3655.94	3674.54	3686.86	3688.72	3689.02	3705.08	3698.32	3716.76	3735.18	3745.66	3754.78	
3765.68	3772.96	3779.94	3788.28	3787.52	3790.00	3794.38	3801.02	3804.36	3804.66	3803.38	3804.92	3806.72	3810.72	3813.02	3812.82	
3812.06	3814.28	3814.78	3815.60	3816.38	3817.60	3815.02	3815.14	3814.54	3815.10	3814.48	3814.98	3814.88	3815.40	3813.86	3814.30	
3813.62	3813.94	3813.74	3814.72	3815.62	3815.10	3814.48	3814.54	3815.40	3816.38	3816.94	3816.90	3816.58	3816.68	3816.38	3816.42	
3816.22	3816.20	3816.72	3816.16	3815.76	3815.92	3815.18	3814.74	3815.20	3813.66	3816.30	3815.64	3816.66	3815.84	3817.48	3807.90	

*******************************************2024/08/04;13:31:04
Probe number 50
Concentration entered by User 12.04% at Temperature 31.89
1337.38	1354.28	1361.86	1378.22	1390.30	1407.80	1421.50	1440.94	1460.90	1479.52	1500.06	1523.76	1543.06	1567.24	1585.48	1608.96	
1631.38	1659.08	1689.14	1718.18	1749.54	1785.10	1825.62	1851.74	1879.74	1923.02	1966.64	2004.96	2076.38	2163.94	2256.08	2352.12	
2439.70	2518.04	2599.92	2720.72	2813.72	2921.66	3004.78	3070.62	3130.22	3193.00	3249.54	3307.12	3351.72	3386.22	3433.68	3452.00	
3486.56	3506.76	3536.38	3592.92	3628.54	3651.92	3670.68	3684.54	3686.00	3687.24	3703.70	3698.08	3715.94	3733.50	3745.08	3753.38	
3764.92	3772.28	3779.48	3788.00	3787.06	3789.40	3793.94	3800.70	3803.98	3804.26	3802.76	3804.12	3806.18	3810.48	3812.80	3812.64	
3811.72	3814.06	3814.70	3815.48	3816.26	3817.46	3814.66	3814.76	3814.28	3814.88	3814.12	3814.74	3814.66	3815.28	3813.68	3814.20	
3813.46	3813.90	3813.62	3814.56	3815.44	3814.84	3814.22	3814.18	3815.30	3816.14	3816.84	3816.60	3816.48	3816.58	3816.16	3816.24	
3815.96	3816.14	3816.54	3816.14	3815.66	3815.80	3815.08	3814.54	3815.00	3813.46	3815.92	3815.48	3816.28	3815.38	3817.28	3807.60	

*******************************************2024/08/04;14:01:05
Probe number 51
Concentration entered by User 11.86% at Temperature 32.19
1335.22	1352.60	1359.92	1375.86	1387.76	1405.98	1420.00	1439.62	1459.16	1479.20	1502.52	1527.70	1545.52	1563.66	1582.32	1606.28	
1632.92	1662.34	1688.20	1717.70	1749.76	1788.28	1826.92	1847.16	1875.36	1927.08	1973.96	2009.50	2083.36	2170.48	2262.00	2351.42	
2444.18	2524.86	2605.94	2728.58	2822.12	2926.86	3017.46	3084.58	3145.40	3205.42	3258.46	3315.26	3363.28	3399.88	3440.78	3457.50	
3494.28	3515.46	3547.22	3599.28	3631.66	3656.84	3676.42	3689.30	3690.10	3692.90	3707.46	3701.60	3719.92	3736.68	3747.68	3756.06	
3767.34	3774.78	3781.26	3789.64	3788.70	3790.64	3794.86	3801.54	3804.84	3805.00	3803.48	3805.00	3806.78	3810.92	3813.32	3813.12	
3812.08	3814.34	3815.02	3815.82	3816.50	3817.66	3815.00	3815.06	3814.58	3815.14	3814.52	3815.08	3815.18	3815.64	3814.04	3814.54	
3813.84	3814.18	3813.88	3814.92	3815.70	3815.06	3814.44	3814.46	3815.38	3816.34	3816.96	3816.78	3816.72	3816.72	3816.46	3816.54	
3816.44	3816.40	3816.92	3816.44	3816.04	3816.16	3815.44	3814.94	3815.38	3813.90	3816.26	3815.86	3816.68	3815.86	3817.46	3808.10	

*******************************************2024/08/04;14:31:05
Probe number 52
Concentration entered by User 11.96% at Temperature 32.11
1341.58	1358.18	1364.74	1379.62	1393.20	1411.28	1424.28	1445.20	1465.24	1481.94	1502.64	1527.24	1543.80	1564.88	1584.90	1609.66	
1634.12	1659.96	1689.72	1721.20	1757.24	1792.72	1824.20	1849.28	1878.68	1921.74	1969.12	2006.22	2077.84	2162.66	2257.98	2350.56	
2433.44	2517.10	2606.66	2720.62	2812.18	2919.18	3008.20	3078.72	3139.20	3195.56	3247.26	3303.06	3357.08	3398.02	3441.54	3457.50	
3495.90	3515.24	3546.44	3597.36	3633.22	3658.60	3677.86	3692.22	3694.98	3694.42	3710.32	3703.82	3722.40	3737.52	3749.36	3758.96	
3769.90	3776.54	3783.68	3791.92	3791.48	3793.30	3797.16	3803.52	3806.78	3806.92	3805.50	3807.04	3808.60	3812.30	3814.48	3814.34	
3813.48	3815.44	3815.86	3816.52	3817.16	3818.28	3815.82	3815.86	3815.56	3815.92	3815.44	3815.88	3815.88	3816.58	3815.04	3815.40	
3814.80	3815.04	3814.92	3815.64	3816.44	3815.94	3815.54	3815.44	3816.18	3816.94	3817.66	3817.54	3817.60	3817.62	3817.24	3817.30	
3817.16	3817.22	3817.68	3817.24	3816.86	3816.94	3816.34	3815.86	3816.30	3815.06	3817.10	3816.70	3817.50	3816.82	3818.22	3809.84	

*******************************************2024/08/04;15:01:04
Probe number 53
Concentration entered by User 12.03% at Temperature 32.08
1337.66	1354.90	1362.96	1377.60	1389.96	1408.64	1422.14	1441.42	1462.50	1480.24	1501.10	1525.74	1543.58	1565.00	1583.38	1607.36	
1633.58	1660.16	1687.72	1714.36	1748.56	1783.58	1818.42	1846.82	1876.72	1917.82	1964.10	2009.94	2077.44	2156.40	2245.50	2339.40	
2426.38	2505.46	2600.14	2721.16	2805.38	2908.76	3002.46	3068.86	3130.76	3185.90	3242.94	3301.82	3355.22	3395.34	3438.26	3452.38	
3489.12	3510.00	3543.72	3593.70	3628.76	3653.90	3673.36	3689.36	3690.86	3691.56	3708.80	3702.82	3720.54	3735.78	3748.76	3757.72	
3769.06	3775.90	3782.98	3791.46	3791.00	3793.12	3797.08	3803.76	3806.68	3806.86	3805.54	3807.08	3808.80	3812.42	3814.44	3814.38	
3813.50	3815.44	3815.96	3816.52	3817.26	3818.12	3815.78	3815.94	3815.56	3815.92	3815.28	3815.90	3816.00	3816.50	3815.12	3815.42	
3814.84	3815.16	3815.00	3815.74	3816.54	3815.98	3815.56	3815.42	3816.28	3817.00	3817.74	3817.68	3817.60	3817.48	3817.24	3817.36	
3817.44	3817.24	3817.72	3817.26	3817.00	3816.94	3816.32	3815.88	3816.42	3815.14	3817.16	3816.72	3817.46	3816.72	3818.18	3810.24	

*******************************************2024/08/04;15:31:04
Probe number 54
Concentration entered by User 12.91% at Temperature 32.34
1332.28	1348.12	1353.68	1367.92	1379.86	1397.40	1411.84	1431.84	1451.78	1470.24	1492.20	1516.90	1532.04	1553.10	1573.02	1592.64	
1617.26	1647.46	1677.38	1704.22	1734.82	1769.00	1804.16	1827.78	1856.46	1901.26	1948.68	1987.48	2059.16	2136.16	2225.82	2319.46	
2402.44	2481.62	2567.60	2681.86	2772.70	2873.80	2958.16	3023.32	3091.40	3143.48	3199.94	3257.36	3306.32	3345.78	3388.52	3406.54	
3445.50	3465.22	3500.82	3557.64	3593.68	3621.56	3642.66	3659.10	3659.66	3660.34	3678.50	3672.08	3693.08	3711.52	3725.80	3736.38	
3749.20	3758.22	3767.22	3777.28	3776.74	3779.10	3783.54	3791.86	3795.92	3796.02	3794.28	3796.66	3798.86	3804.24	3807.60	3807.68	
3806.36	3809.80	3810.62	3811.64	3812.78	3814.26	3810.42	3810.54	3810.12	3810.74	3809.88	3810.58	3810.44	3811.54	3808.96	3809.72	
3808.50	3808.98	3808.76	3810.14	3811.50	3810.70	3809.82	3809.58	3810.98	3812.36	3813.62	3813.48	3813.44	3813.44	3812.80	3812.98	
3812.94	3812.88	3813.64	3812.72	3812.08	3812.10	3811.10	3810.28	3811.12	3808.92	3812.42	3811.50	3812.86	3811.62	3814.32	3800.96	

*******************************************2024/08/04;16:01:04
Probe number 55
Concentration entered by User 12.57% at Temperature 32.40
1334.28	1350.62	1357.20	1372.32	1384.18	1400.74	1414.36	1433.02	1455.48	1474.28	1498.72	1520.12	1535.94	1555.48	1574.76	1596.82	
1620.26	1650.20	1679.54	1707.84	1743.02	1778.04	1808.78	1828.16	1852.04	1898.54	1954.34	1996.24	2066.26	2142.64	2234.76	2330.62	
2409.28	2489.54	2571.24	2679.56	2769.48	2875.66	2975.14	3037.50	3095.28	3151.86	3213.20	3274.34	3325.36	3365.42	3408.06	3424.96	
3462.30	3481.94	3517.78	3570.06	3604.46	3631.48	3652.34	3669.18	3670.04	3670.36	3689.84	3683.58	3705.02	3723.78	3737.72	3747.80	
3758.98	3767.30	3775.96	3784.12	3784.28	3786.22	3789.88	3797.44	3800.94	3801.58	3799.78	3801.74	3803.70	3808.04	3810.74	3811.00	
3809.94	3812.86	3813.58	3814.40	3815.14	3816.20	3813.48	3813.50	3813.24	3813.52	3812.94	3813.38	3813.28	3814.12	3812.22	3812.54	
3811.90	3812.12	3811.88	3813.22	3814.16	3813.48	3812.84	3812.80	3813.90	3814.90	3815.74	3815.78	3815.78	3815.68	3815.20	3815.36	
3815.42	3815.40	3815.88	3815.22	3814.80	3814.84	3813.98	3813.28	3814.02	3812.46	3815.08	3814.42	3815.30	3814.40	3816.34	3805.92	

*******************************************2024/08/04;16:31:05
Probe number 56
Concentration entered by User 12.02% at Temperature 32.68
1335.80	1353.28	1361.08	1375.74	1387.18	1403.50	1417.78	1438.58	1459.34	1478.62	1503.28	1526.20	1543.14	1561.60	1580.04	1602.48	
1626.26	1658.52	1687.64	1715.60	1748.76	1781.12	1811.66	1834.86	1861.26	1904.20	1963.26	2007.72	2079.38	2159.22	2253.42	2345.50	
2422.38	2506.02	2592.50	2702.80	2792.72	2903.94	3002.64	3066.24	3130.92	3186.28	3246.38	3307.30	3354.98	3391.80	3432.84	3453.42	
3490.72	3513.92	3549.64	3600.30	3631.72	3656.16	3675.08	3690.24	3690.94	3693.42	3709.72	3703.70	3723.48	3740.68	3753.04	3761.56	
3770.68	3777.94	3785.42	3792.76	3792.76	3794.26	3797.40	3803.82	3806.64	3806.94	3805.82	3807.20	3809.02	3812.40	3814.28	3814.24	
3813.72	3815.66	3816.08	3816.68	3817.12	3818.08	3815.92	3815.96	3815.74	3816.00	3815.42	3815.84	3815.80	3816.56	3815.06	3815.42	
3814.80	3815.14	3814.86	3815.84	3816.54	3815.98	3815.64	3815.48	3816.26	3817.08	3817.86	3817.68	3817.76	3817.68	3817.38	3817.56	
3817.54	3817.58	3817.82	3817.32	3816.98	3817.10	3816.42	3816.00	3816.60	3815.42	3817.32	3816.80	3817.44	3816.74	3818.12	3810.40	

*******************************************2024/08/04;17:01:04
Probe number 57
Concentration entered by User 12.15% at Temperature 32.60
1333.56	1351.08	1359.54	1374.80	1387.80	1403.66	1416.46	1436.84	1456.80	1473.92	1496.94	1523.42	1537.66	1557.94	1574.90	1599.00	
1625.10	1654.40	1684.10	1712.42	1746.68	1780.04	1808.38	1829.06	1857.36	1906.92	1962.86	1998.42	2071.16	2155.90	2249.48	2338.50	
2416.84	2496.88	2584.32	2700.00	2790.06	2902.12	2997.86	3061.42	3123.82	3178.62	3238.82	3299.92	3347.44	3385.32	3426.98	3448.26	
3485.84	3506.70	3542.08	3594.42	3626.72	3649.94	3669.80	3685.12	3684.70	3687.28	3704.12	3698.40	3719.14	3736.80	3749.46	3758.10	
3768.06	3775.00	3783.12	3790.86	3790.70	3791.94	3795.36	3802.14	3805.28	3805.54	3804.02	3805.58	3807.50	3811.32	3813.44	3813.54	
3812.72	3814.88	3815.32	3816.08	3816.68	3817.54	3815.10	3815.24	3814.96	3815.20	3814.78	3815.22	3815.18	3815.78	3814.26	3814.58	
3814.08	3814.38	3814.12	3815.02	3815.78	3815.24	3814.92	3814.68	3815.58	3816.40	3817.24	3817.12	3817.22	3817.22	3816.70	3817.00	
3816.96	3816.88	3817.26	3816.72	3816.34	3816.48	3815.72	3815.28	3815.68	3814.54	3816.66	3816.08	3816.84	3816.00	3817.76	3809.04	

*******************************************2024/08/04;17:31:05
Probe number 58
Concentration entered by User 12.09% at Temperature 32.53
1333.54	1350.54	1357.58	1375.00	1386.56	1402.76	1414.44	1435.08	1456.50	1472.88	1494.18	1522.46	1537.98	1559.00	1579.00	1599.74	
1621.86	1648.36	1678.72	1710.54	1744.76	1777.32	1807.96	1829.62	1858.10	1902.36	1956.30	2001.96	2072.28	2151.48	2246.26	2337.60	
2421.42	2498.74	2584.06	2699.98	2790.10	2900.90	2998.14	3063.06	3126.30	3181.54	3240.24	3301.02	3352.06	3391.28	3430.28	3449.12	
3488.22	3510.20	3545.80	3595.22	3627.76	3653.22	3671.54	3687.40	3688.04	3689.50	3706.26	3701.04	3721.12	3737.70	3750.44	3759.44	
3769.40	3776.40	3784.22	3791.22	3791.26	3792.90	3796.14	3802.72	3805.86	3806.36	3804.84	3806.32	3808.26	3811.70	3813.86	3813.78	
3813.00	3815.14	3815.60	3816.32	3816.82	3817.78	3815.34	3815.46	3815.30	3815.64	3815.00	3815.44	3815.36	3816.04	3814.54	3815.02	
3814.54	3814.68	3814.40	3815.34	3816.10	3815.52	3815.02	3814.94	3815.78	3816.64	3817.46	3817.34	3817.40	3817.40	3816.94	3817.08	
3817.18	3817.08	3817.46	3816.84	3816.68	3816.62	3815.96	3815.58	3815.98	3814.80	3816.88	3816.26	3817.04	3816.34	3817.80	3809.46	

*******************************************2024/08/04;18:01:05
Probe number 59
Concentration entered by User 12.10% at Temperature 32.50
1332.84	1349.36	1356.10	1370.76	1385.98	1401.92	1414.06	1433.10	1455.92	1474.66	1497.86	1523.54	1537.20	1555.88	1575.64	1597.48	
1622.16	1652.48	1678.82	1707.82	1743.20	1777.52	1807.16	1829.26	1852.48	1901.94	1959.32	1999.58	2068.56	2152.60	2248.96	2339.24	
2417.60	2498.94	2586.08	2695.92	2784.10	2897.46	2996.80	3062.38	3126.52	3179.92	3242.52	3303.24	3350.60	3388.86	3428.92	3446.84	
3486.50	3507.84	3545.52	3595.06	3628.08	3652.68	3671.78	3686.16	3687.20	3690.48	3707.22	3701.96	3721.18	3738.16	3750.46	3759.18	
3768.98	3776.34	3784.36	3791.56	3791.74	3792.96	3795.70	3802.52	3805.62	3805.90	3804.52	3806.00	3807.86	3811.42	3813.52	3813.66	
3812.88	3815.08	3815.60	3816.04	3816.68	3817.66	3815.24	3815.24	3815.08	3815.34	3814.80	3815.30	3815.28	3815.92	3814.42	3814.86	
3814.22	3814.52	3814.20	3815.18	3815.96	3815.32	3814.96	3814.82	3815.72	3816.52	3817.22	3817.26	3817.18	3817.32	3816.88	3817.04	
3816.96	3816.90	3817.32	3816.74	3816.58	3816.44	3815.86	3815.30	3815.96	3814.74	3816.72	3816.14	3816.90	3816.18	3817.66	3809.28	

*******************************************2024/08/04;18:31:04
Probe number 60
Concentration entered by User 12.67% at Temperature 32.48
1324.26	1341.58	1349.84	1364.18	1375.10	1390.98	1403.68	1425.60	1447.34	1461.24	1485.02	1511.14	1525.10	1545.94	1565.36	1587.06	
1610.54	1638.48	1667.86	1698.38	1728.70	1763.52	1791.18	1809.82	1838.52	1888.24	1941.20	1982.34	2049.44	2126.64	2220.64	2312.78	
2387.48	2465.28	2553.36	2665.10	2756.42	2863.94	2960.80	3026.00	3089.04	3142.32	3204.32	3262.86	3309.04	3346.58	3386.54	3404.24	
3444.44	3466.34	3501.52	3555.36	3590.18	3616.44	3636.50	3654.94	3655.86	3658.50	3676.56	3670.10	3692.20	3712.78	3727.22	3737.28	
3749.18	3758.02	3767.66	3776.52	3776.86	3778.60	3782.08	3790.34	3794.74	3795.06	3793.16	3795.48	3797.54	3802.90	3806.58	3806.44	
3805.10	3808.84	3809.68	3810.86	3811.94	3813.48	3809.30	3809.70	3809.20	3809.70	3808.72	3809.46	3809.36	3810.50	3807.72	3808.46	
3807.20	3807.70	3807.28	3809.12	3810.44	3809.56	3808.74	3808.52	3810.08	3811.58	3812.92	3812.80	3812.86	3812.82	3812.02	3812.32	
3812.28	3812.32	3812.94	3811.98	3811.30	3811.28	3810.12	3809.20	3810.12	3807.60	3811.68	3810.74	3812.12	3810.76	3813.46	3799.28	

*******************************************2024/08/04;19:01:04
Probe number 61
Concentration entered by User 12.87% at Temperature 32.48
1325.72	1341.44	1348.96	1364.62	1376.28	1390.92	1404.98	1424.68	1443.98	1462.08	1483.54	1506.36	1522.58	1544.78	1565.00	1584.38	
1609.42	1636.26	1663.08	1690.22	1724.26	1758.66	1789.66	1811.64	1838.96	1885.92	1943.90	1977.30	2044.52	2125.60	2218.18	2310.18	
2390.14	2471.94	2556.24	2668.36	2757.48	2867.96	2965.10	3024.18	3087.20	3142.74	3204.52	3262.26	3309.00	3347.40	3390.22	3407.80	
3445.30	3466.82	3504.48	3557.62	3592.28	3617.26	3638.42	3655.48	3655.44	3658.50	3678.36	3671.54	3693.00	3712.06	3726.84	3737.46	
3748.90	3757.94	3767.68	3776.52	3776.86	3778.44	3781.94	3790.38	3794.42	3794.74	3792.96	3795.28	3797.74	3802.84	3806.26	3806.44	
3805.22	3808.70	3809.74	3810.80	3811.82	3813.48	3809.24	3809.54	3809.06	3809.72	3808.78	3809.42	3809.40	3810.42	3807.58	3808.38	
3807.36	3807.70	3807.30	3808.94	3810.42	3809.44	3808.54	3808.54	3810.00	3811.40	3812.88	3812.54	3812.72	3812.78	3811.96	3812.30	
3812.16	3812.14	3812.70	3811.74	3811.12	3811.10	3809.96	3808.94	3809.98	3807.66	3811.56	3810.58	3811.92	3810.62	3813.50	3799.24	

*******************************************2024/08/04;19:31:04
Probe number 62
Concentration entered by User 12.88% at Temperature 32.48
1323.98	1340.88	1349.56	1363.94	1375.34	1389.86	1402.82	1424.24	1445.50	1461.90	1486.02	1509.92	1520.90	1540.38	1560.30	1582.94	
1609.06	1635.62	1663.96	1691.62	1723.78	1758.54	1794.64	1812.56	1835.46	1880.86	1933.64	1974.64	2046.50	2131.84	2225.10	2309.34	
2387.92	2469.78	2556.38	2668.94	2758.32	2865.16	2959.42	3025.16	3088.76	3144.54	3201.88	3259.58	3308.70	3348.70	3388.58	3407.94	
3444.84	3466.64	3503.62	3558.46	3592.10	3618.72	3639.34	3656.00	3656.24	3658.70	3677.60	3670.76	3693.22	3712.62	3727.26	3737.38	
3749.20	3758.46	3767.82	3776.64	3776.70	3778.20	3781.86	3790.52	3794.68	3794.88	3793.22	3795.28	3797.88	3802.96	3806.28	3806.50	
3805.18	3808.74	3809.64	3810.80	3811.92	3813.42	3809.44	3809.64	3809.10	3809.78	3808.82	3809.48	3809.22	3810.54	3807.72	3808.32	
3807.22	3807.94	3807.32	3808.94	3810.30	3809.40	3808.60	3808.48	3810.04	3811.62	3812.98	3812.76	3812.76	3812.60	3811.92	3812.28	
3812.24	3812.04	3812.72	3811.84	3811.18	3811.12	3809.98	3808.98	3810.04	3807.70	3811.62	3810.56	3812.04	3810.62	3813.46	3799.28	

*******************************************2024/08/04;20:01:04
Probe number 63
Concentration entered by User 12.11% at Temperature 32.49
1332.28	1349.20	1356.54	1373.06	1384.44	1400.04	1413.58	1434.04	1456.62	1472.30	1495.00	1517.94	1533.56	1555.18	1573.70	1595.80	
1621.88	1652.00	1679.46	1707.54	1738.96	1772.72	1807.06	1830.88	1851.30	1900.06	1956.68	1992.98	2067.66	2150.86	2245.34	2333.10	
2414.36	2495.46	2583.30	2696.54	2789.04	2899.38	2999.42	3060.96	3125.22	3181.52	3242.22	3302.52	3351.06	3388.28	3428.52	3445.90	
3487.14	3509.52	3545.82	3595.32	3628.18	3652.78	3671.50	3688.08	3689.34	3691.90	3707.16	3701.72	3720.56	3737.86	3751.04	3759.10	
3768.92	3776.12	3784.20	3791.26	3791.16	3792.18	3795.20	3802.14	3805.38	3805.74	3804.26	3805.68	3807.74	3811.24	3813.36	3813.40	
3812.66	3814.76	3815.32	3815.80	3816.52	3817.38	3815.04	3815.12	3814.88	3815.20	3814.68	3815.16	3815.10	3815.72	3814.22	3814.76	
3814.14	3814.30	3814.08	3815.04	3815.74	3815.18	3814.80	3814.60	3815.48	3816.32	3817.08	3816.98	3817.18	3817.06	3816.62	3816.68	
3816.74	3816.86	3817.16	3816.54	3816.28	3816.26	3815.70	3815.14	3815.68	3814.44	3816.58	3816.04	3816.70	3816.08	3817.52	3809.16	

*******************************************2024/08/04;20:31:04
Probe number 64
Concentration entered by User 12.36% at Temperature 32.50
1328.26	1343.40	1351.86	1368.46	1380.78	1394.78	1408.98	1431.40	1453.82	1469.58	1489.86	1513.42	1527.10	1548.38	1570.70	1592.58	
1613.36	1643.42	1675.60	1701.42	1735.04	1766.98	1798.62	1819.00	1846.44	1896.82	1950.32	1990.12	2059.56	2143.46	2237.24	2324.02	
2405.32	2487.34	2574.76	2691.06	2778.66	2889.16	2988.44	3052.44	3112.46	3166.54	3229.40	3288.54	3336.88	3374.14	3415.82	3435.00	
3472.38	3494.86	3531.04	3583.16	3616.60	3641.42	3660.84	3676.76	3677.22	3679.54	3697.62	3691.76	3712.16	3729.74	3742.92	3751.76	
3761.86	3770.14	3778.60	3786.82	3786.60	3787.82	3790.98	3798.18	3801.82	3802.60	3800.70	3802.46	3804.52	3808.62	3811.32	3811.36	
3810.48	3813.02	3813.80	3814.42	3815.16	3816.28	3813.36	3813.56	3813.20	3813.66	3813.02	3813.56	3813.44	3814.34	3812.36	3812.98	
3812.14	3812.56	3812.22	3813.36	3814.24	3813.54	3813.14	3812.92	3813.94	3814.96	3815.96	3815.86	3815.88	3815.76	3815.22	3815.54	
3815.52	3815.42	3815.92	3815.22	3814.94	3814.84	3814.04	3813.32	3814.08	3812.52	3815.16	3814.58	3815.48	3814.72	3816.46	3806.30	

*******************************************2024/08/04;21:01:05
Probe number 65
Concentration entered by User 12.02% at Temperature 32.50
1331.86	1349.02	1357.60	1373.32	1383.26	1397.88	1413.12	1434.50	1457.06	1472.92	1494.16	1519.56	1535.04	1554.44	1574.42	1597.46	
1620.72	1647.84	1680.50	1711.54	1744.44	1776.24	1807.78	1828.78	1849.10	1901.20	1962.02	1997.72	2068.20	2155.06	2247.24	2329.84	
2407.74	2495.50	2584.68	2697.58	2791.16	2903.82	3000.22	3065.90	3129.72	3186.58	3247.30	3306.72	3353.22	3392.34	3434.84	3453.14	
3492.26	3513.32	3550.12	3598.70	3630.68	3656.00	3673.66	3689.26	3690.88	3693.14	3710.38	3704.74	3723.48	3739.54	3751.82	3759.98	
3769.80	3776.94	3784.92	3791.92	3792.18	3792.98	3795.82	3802.60	3805.70	3806.52	3804.88	3806.42	3808.08	3811.58	3813.64	3813.58	
3812.92	3815.00	3815.50	3816.08	3816.66	3817.52	3815.24	3815.32	3815.06	3815.42	3814.92	3815.36	3815.38	3815.88	3814.36	3814.78	
3814.34	3814.60	3814.40	3815.18	3815.98	3815.44	3814.94	3814.84	3815.74	3816.46	3817.36	3817.22	3817.36	3817.28	3816.88	3816.96	
3817.02	3817.02	3817.26	3816.86	3816.54	3816.42	3815.88	3815.46	3816.00	3814.64	3816.76	3816.18	3816.92	3816.26	3817.74	3809.50	

*******************************************2024/08/04;21:31:04
Probe number 66
Concentration entered by User 12.34% at Temperature 32.51
1328.28	1343.26	1351.34	1367.26	1377.96	1394.78	1407.64	1426.32	1447.32	1465.00	1490.08	1514.56	1529.48	1551.20	1571.26	1593.42	
1617.54	1645.26	1674.20	1701.24	1732.44	1768.12	1795.12	1817.02	1841.78	1896.82	1954.44	1991.76	2059.84	2140.44	2233.40	2320.02	
2409.00	2487.78	2573.32	2686.78	2779.82	2891.86	2985.50	3050.06	3114.28	3167.94	3229.44	3289.48	3337.76	3376.76	3416.32	3434.40	
3472.62	3494.22	3532.62	3583.20	3615.66	3640.94	3660.20	3677.04	3677.30	3680.00	3697.94	3692.90	3712.36	3729.30	3743.02	3752.52	
3762.62	3769.82	3778.46	3786.32	3786.46	3787.70	3790.80	3798.34	3801.92	3802.50	3800.84	3802.66	3804.80	3808.88	3811.54	3811.62	
3810.60	3813.26	3813.84	3814.56	3815.36	3816.48	3813.44	3813.66	3813.22	3813.86	3813.20	3813.76	3813.78	3814.48	3812.42	3813.10	
3812.38	3812.90	3812.38	3813.44	3814.46	3813.76	3813.14	3813.02	3814.28	3815.10	3816.08	3816.00	3816.06	3816.14	3815.56	3815.78	
3815.74	3815.70	3816.10	3815.64	3815.22	3815.04	3814.28	3813.60	3814.48	3812.96	3815.42	3814.76	3815.72	3814.82	3816.58	3806.50	

*******************************************2024/08/04;22:01:04
Probe number 67
Concentration entered by User 12.23% at Temperature 32.53
1329.56	1345.70	1354.02	1369.80	1380.62	1394.40	1407.46	1429.54	1451.00	1466.20	1489.38	1515.12	1531.30	1550.70	1569.46	1594.90	
1619.82	1646.68	1673.68	1701.28	1737.50	1770.20	1800.24	1823.12	1851.42	1899.90	1952.30	1987.30	2057.34	2144.20	2244.70	2333.94	
2409.64	2489.30	2576.30	2694.60	2783.76	2896.08	2992.22	3055.28	3119.98	3174.66	3236.34	3295.58	3344.22	3380.82	3421.86	3441.34	
3480.92	3503.78	3538.94	3589.38	3622.36	3647.68	3665.96	3680.74	3682.04	3685.24	3703.04	3697.68	3717.48	3733.80	3747.10	3755.42	
3765.38	3773.14	3781.34	3788.92	3788.78	3790.22	3793.44	3800.40	3803.68	3804.34	3802.64	3804.42	3806.34	3810.12	3812.68	3812.80	
3811.90	3814.06	3814.66	3815.50	3816.08	3817.04	3814.48	3814.68	3814.30	3814.62	3814.12	3814.64	3814.58	3815.28	3813.60	3814.08	
3813.38	3813.76	3813.48	3814.44	3815.12	3814.74	3814.12	3814.06	3815.02	3815.98	3816.76	3816.66	3816.74	3816.72	3816.30	3816.48	
3816.48	3816.40	3816.82	3816.24	3815.86	3815.78	3815.30	3814.52	3815.24	3813.90	3816.12	3815.54	3816.26	3815.66	3817.34	3808.20	

*******************************************2024/08/04;22:31:05
Probe number 68
Concentration entered by User 12.19% at Temperature 32.53
1328.86	1345.42	1353.16	1370.24	1381.44	1395.64	1407.76	1430.10	1453.32	1468.52	1489.82	1513.60	1526.66	1549.96	1571.56	1594.50	
1618.62	1646.56	1674.64	1704.20	1737.54	1770.56	1798.44	1821.30	1843.10	1892.72	1953.30	1993.28	2063.14	2149.78	2244.16	2332.50	
2412.68	2494.40	2580.76	2696.46	2785.14	2896.68	2995.06	3061.02	3122.10	3173.90	3237.88	3298.48	3345.12	3382.52	3424.80	3444.22	
3483.32	3504.52	3540.88	3591.44	3623.44	3648.14	3666.92	3682.40	3684.40	3687.68	3704.80	3698.72	3718.10	3734.66	3747.68	3756.66	
3766.54	3774.22	3782.24	3789.86	3789.88	3790.96	3794.00	3801.04	3804.48	3804.92	3803.44	3805.08	3807.18	3810.80	3813.12	3813.24	
3812.54	3814.62	3815.20	3815.90	3816.62	3817.54	3815.12	3815.04	3814.72	3815.22	3814.70	3815.20	3815.18	3815.80	3814.16	3814.66	
3814.08	3814.28	3814.00	3814.96	3815.86	3815.24	3814.76	3814.62	3815.56	3816.42	3817.12	3817.16	3817.22	3817.18	3816.78	3817.00	
3817.00	3816.84	3817.36	3816.70	3816.50	3816.42	3815.82	3815.30	3815.98	3814.64	3816.74	3816.10	3816.94	3816.24	3817.86	3809.34	

*******************************************2024/08/04;23:01:04
Probe number 69
Concentration entered by User 12.37% at Temperature 32.53
1328.24	1343.94	1350.98	1366.12	1377.38	1393.38	1406.66	1428.66	1450.18	1467.26	1489.80	1512.46	1528.30	1547.98	1569.12	1592.64	
1618.02	1642.70	1670.64	1700.68	1738.56	1769.80	1798.64	1818.34	1846.96	1894.00	1949.58	1991.84	2064.22	2145.24	2239.08	2323.66	
2407.58	2491.42	2574.40	2685.64	2780.04	2891.42	2985.50	3050.26	3114.34	3168.64	3228.96	3290.02	3336.84	3372.72	3413.96	3433.22	
3471.36	3494.48	3528.52	3578.40	3613.64	3638.54	3657.04	3674.04	3674.84	3678.60	3696.08	3690.62	3710.36	3727.66	3741.66	3750.94	
3760.96	3768.66	3777.94	3785.74	3785.80	3787.04	3790.54	3797.90	3801.46	3802.14	3800.46	3802.34	3804.42	3808.62	3811.12	3811.38	
3810.32	3813.00	3813.68	3814.56	3815.32	3816.36	3813.50	3813.62	3813.38	3813.82	3813.14	3813.70	3813.66	3814.30	3812.32	3812.86	
3812.08	3812.52	3812.26	3813.42	3814.30	3813.70	3813.20	3813.14	3814.18	3815.08	3816.00	3816.02	3816.04	3816.06	3815.62	3815.74	
3815.80	3815.68	3816.10	3815.52	3815.00	3814.94	3814.26	3813.62	3814.28	3812.88	3815.36	3814.56	3815.72	3814.72	3816.70	3806.70	

*******************************************2024/08/04;23:31:05
Probe number 70
Concentration entered by User 12.01% at Temperature 32.53
1331.60	1348.16	1354.46	1369.50	1382.60	1398.32	1412.52	1435.20	1456.70	1471.56	1494.66	1517.68	1533.62	1555.10	1575.72	1597.08	
1621.44	1652.16	1678.86	1711.42	1743.30	1777.38	1808.30	1827.24	1850.78	1908.46	1962.12	2001.72	2073.98	2159.54	2253.36	2336.76	
2421.18	2504.06	2587.60	2701.50	2792.54	2904.76	3003.60	3066.08	3129.44	3184.42	3249.04	3311.04	3356.64	3392.44	3433.36	3451.44	
3489.78	3512.70	3550.76	3600.82	3631.80	3655.24	3674.80	3690.40	3691.48	3694.52	3710.38	3704.84	3723.82	3740.42	3753.18	3761.10	
3770.64	3777.90	3785.96	3793.14	3793.38	3794.64	3797.40	3803.84	3806.94	3807.46	3806.36	3807.64	3809.54	3812.66	3814.60	3814.76	
3814.14	3816.06	3816.54	3817.20	3817.64	3818.40	3816.32	3816.46	3816.06	3816.60	3816.12	3816.42	3816.42	3817.00	3815.66	3815.98	
3815.46	3815.86	3815.54	3816.34	3817.06	3816.66	3816.12	3816.14	3817.00	3817.56	3818.30	3818.24	3818.38	3818.42	3818.16	3818.12	
3818.24	3818.30	3818.44	3817.98	3817.82	3817.70	3817.26	3816.70	3817.24	3816.18	3817.92	3817.48	3818.06	3817.60	3818.84	3811.90	

*******************************************2024/08/05;00:01:04
Probe number 71
Concentration entered by User 12.72% at Temperature 32.54
1324.50	1340.08	1348.12	1363.10	1374.76	1390.84	1402.90	1424.14	1444.74	1461.20	1483.92	1509.70	1525.08	1546.02	1565.70	1585.22	
1611.60	1641.36	1671.68	1697.36	1725.10	1759.28	1789.48	1813.06	1838.74	1887.66	1940.82	1977.68	2054.06	2135.48	2222.04	2313.98	
2398.52	2481.92	2560.28	2670.96	2761.56	2874.04	2970.46	3033.84	3097.12	3152.02	3212.60	3269.90	3317.24	3355.58	3396.36	3414.40	
3453.58	3474.80	3511.50	3563.48	3597.44	3622.92	3643.58	3659.36	3661.34	3665.28	3683.18	3676.86	3698.76	3717.08	3731.98	3741.94	
3753.76	3762.22	3771.90	3780.28	3780.42	3781.90	3785.52	3793.60	3797.68	3798.52	3796.82	3798.82	3801.16	3805.86	3808.94	3809.24	
3808.48	3811.38	3812.22	3813.22	3814.10	3815.34	3812.04	3812.20	3811.78	3812.36	3811.58	3812.30	3812.08	3813.04	3810.74	3811.24	
3810.38	3810.92	3810.56	3811.86	3812.98	3812.26	3811.70	3811.66	3812.90	3814.08	3815.20	3815.16	3815.12	3815.10	3814.72	3814.88	
3814.90	3814.78	3815.28	3814.56	3814.16	3813.98	3813.20	3812.40	3813.30	3811.54	3814.42	3813.56	3814.72	3813.74	3815.86	3804.88	

*******************************************2024/08/05;00:31:05
Probe number 72
Concentration entered by User 12.17% at Temperature 32.53
1329.32	1345.20	1352.14	1367.38	1379.68	1395.22	1408.74	1431.24	1453.40	1469.30	1492.22	1517.42	1530.14	1550.66	1570.56	1592.80	
1618.20	1647.68	1677.60	1707.64	1742.22	1773.62	1807.54	1829.62	1853.02	1902.42	1958.22	1993.76	2068.08	2152.42	2244.62	2338.18	
2418.82	2497.96	2581.22	2696.60	2789.78	2900.26	2995.80	3062.82	3126.86	3179.80	3239.28	3298.04	3344.52	3385.02	3428.04	3444.22	
3482.16	3503.92	3539.76	3591.02	3625.36	3650.22	3669.08	3684.70	3685.06	3688.44	3705.90	3700.02	3719.70	3736.00	3749.36	3758.36	
3768.42	3775.78	3783.82	3790.88	3791.24	3792.78	3795.84	3802.58	3805.94	3806.58	3805.32	3806.68	3808.68	3812.28	3814.28	3814.38	
3813.80	3815.76	3816.26	3816.98	3817.44	3818.40	3816.22	3816.40	3816.00	3816.40	3815.86	3816.32	3816.26	3816.82	3815.46	3815.84	
3815.36	3815.60	3815.38	3816.10	3816.92	3816.62	3816.14	3815.96	3816.84	3817.56	3818.30	3818.22	3818.38	3818.38	3818.06	3818.20	
3818.14	3818.12	3818.44	3817.92	3817.80	3817.72	3817.14	3816.68	3817.32	3816.18	3818.06	3817.50	3818.06	3817.52	3818.86	3811.68	

*******************************************2024/08/05;01:01:04
Probe number 73
Concentration entered by User 12.30% at Temperature 32.53
1328.50	1345.00	1352.16	1366.68	1378.88	1395.42	1409.20	1429.54	1450.98	1467.68	1490.56	1515.78	1532.44	1554.02	1572.62	1593.96	
1617.80	1649.42	1678.54	1703.34	1736.82	1771.48	1805.30	1820.74	1846.46	1899.32	1954.98	1992.72	2065.44	2151.96	2243.62	2329.90	
2409.60	2494.36	2576.66	2692.18	2781.90	2895.90	2990.46	3055.68	3119.84	3171.58	3234.62	3292.44	3338.78	3377.06	3418.02	3436.14	
3474.72	3498.50	3533.16	3583.80	3618.10	3644.28	3663.96	3679.18	3680.76	3684.12	3701.28	3695.98	3716.14	3732.56	3746.14	3754.72	
3765.54	3773.06	3781.72	3788.98	3789.32	3790.68	3794.12	3801.38	3804.50	3805.30	3803.82	3805.56	3807.40	3811.22	3813.46	3813.70	
3813.10	3815.22	3815.82	3816.40	3816.92	3817.86	3815.52	3815.66	3815.48	3815.82	3815.34	3815.82	3815.76	3816.34	3814.86	3815.24	
3814.66	3815.12	3814.80	3815.66	3816.44	3815.96	3815.54	3815.44	3816.26	3816.98	3817.90	3817.86	3817.90	3817.90	3817.60	3817.68	
3817.76	3817.66	3817.92	3817.48	3817.20	3817.14	3816.68	3816.20	3816.68	3815.66	3817.52	3816.96	3817.66	3817.08	3818.48	3810.98	

*******************************************2024/08/05;01:31:04
Probe number 74
Concentration entered by User 13.03% at Temperature 32.53
1321.68	1336.94	1343.74	1357.90	1369.86	1384.94	1398.30	1418.62	1439.96	1456.00	1479.34	1504.10	1521.02	1541.84	1560.62	1581.82	
1603.20	1633.10	1662.40	1691.18	1722.24	1752.42	1783.82	1807.20	1830.80	1879.08	1935.42	1976.44	2046.82	2128.50	2219.66	2305.40	
2380.80	2462.00	2542.32	2655.58	2743.64	2857.86	2949.46	3009.02	3070.24	3124.96	3186.22	3246.06	3292.92	3328.60	3367.50	3385.90	
3425.52	3449.92	3485.92	3537.62	3572.90	3600.36	3622.00	3639.54	3641.38	3645.00	3665.42	3658.64	3681.48	3701.26	3716.56	3727.48	
3740.60	3750.50	3761.12	3770.82	3771.16	3773.34	3777.44	3786.30	3790.98	3791.88	3789.98	3792.28	3795.38	3800.80	3804.74	3805.02	
3803.76	3807.70	3808.86	3810.22	3811.32	3813.04	3808.66	3808.94	3808.42	3809.08	3808.24	3809.02	3808.92	3810.02	3807.20	3807.66	
3806.66	3807.28	3806.88	3808.54	3809.90	3809.12	3808.66	3808.34	3810.02	3811.50	3812.84	3812.88	3813.08	3813.06	3812.26	3812.54	
3812.64	3812.46	3813.12	3812.06	3811.42	3811.50	3810.40	3809.36	3810.38	3808.18	3812.02	3810.90	3812.34	3811.04	3813.84	3800.12	

*******************************************2024/08/05;02:01:05
Probe number 75
Concentration entered by User 12.23% at Temperature 32.51
1329.28	1346.06	1353.92	1368.16	1379.16	1394.86	1407.00	1428.50	1449.28	1467.72	1495.04	1518.94	1533.34	1554.20	1573.28	1594.04	
1619.16	1649.74	1684.60	1709.76	1742.70	1773.20	1806.72	1824.14	1846.22	1902.18	1958.38	1995.64	2067.56	2154.92	2250.00	2339.66	
2414.16	2490.60	2577.96	2695.60	2787.76	2899.40	2996.50	3056.98	3119.84	3176.56	3237.14	3297.28	3344.74	3380.38	3422.08	3440.00	
3477.86	3500.38	3535.56	3586.62	3620.78	3646.62	3665.54	3681.46	3682.54	3687.28	3704.58	3699.14	3719.02	3735.32	3748.38	3757.50	
3767.44	3774.92	3783.38	3790.56	3790.86	3792.54	3795.80	3802.48	3805.78	3806.44	3805.10	3806.76	3808.90	3812.42	3814.34	3814.56	
3813.98	3815.80	3816.50	3816.98	3817.68	3818.52	3816.42	3816.54	3816.20	3816.54	3816.00	3816.56	3816.44	3817.04	3815.64	3816.02	
3815.52	3815.74	3815.54	3816.34	3817.04	3816.76	3816.46	3816.26	3817.02	3817.84	3818.44	3818.50	3818.58	3818.48	3818.18	3818.36	
3818.34	3818.34	3818.66	3818.24	3817.96	3817.90	3817.44	3817.04	3817.48	3816.48	3818.16	3817.70	3818.40	3817.80	3819.00	3812.16	

*******************************************2024/08/05;02:31:04
Probe number 76
Concentration entered by User 12.33% at Temperature 32.50
1328.60	1345.30	1352.54	1367.02	1378.62	1394.46	1408.34	1430.04	1451.52	1468.60	1491.40	1516.98	1532.78	1554.24	1574.74	1597.04	
1617.28	1647.22	1677.12	1705.58	1738.44	1770.36	1803.74	1825.28	1845.58	1896.76	1959.46	1994.48	2068.84	2151.12	2242.78	2334.64	
2414.94	2492.90	2574.96	2688.96	2778.88	2892.80	2990.42	3050.18	3114.62	3172.06	3232.80	3291.24	3337.92	3375.32	3414.86	3433.70	
3473.70	3496.74	3531.56	3583.48	3616.54	3641.60	3662.30	3678.22	3679.06	3682.86	3700.26	3695.24	3715.00	3732.08	3745.88	3754.92	
3765.10	3772.76	3781.04	3788.86	3789.04	3790.64	3794.16	3801.22	3804.82	3805.38	3803.90	3805.72	3807.78	3811.50	3813.66	3813.88	
3813.08	3815.14	3815.86	3816.48	3817.18	3818.12	3815.88	3815.92	3815.62	3815.92	3815.60	3816.02	3815.98	3816.48	3815.12	3815.40	
3814.86	3815.20	3814.98	3815.74	3816.58	3816.12	3815.72	3815.70	3816.36	3817.28	3818.02	3817.96	3818.12	3818.06	3817.80	3817.96	
3817.96	3817.90	3818.22	3817.70	3817.48	3817.38	3816.82	3816.48	3817.08	3815.82	3817.70	3817.16	3817.98	3817.34	3818.72	3811.48	

*******************************************2024/08/05;03:01:05
Probe number 77
Concentration entered by User 12.10% at Temperature 32.48
1331.26	1349.06	1357.12	1370.68	1382.42	1396.96	1410.22	1433.78	1454.82	1470.38	1493.80	1518.14	1535.62	1557.28	1576.72	1598.16	
1620.38	1649.82	1681.82	1710.94	1743.48	1778.44	1810.42	1827.64	1853.84	1906.98	1960.36	1997.18	2067.30	2154.82	2250.78	2342.30	
2421.18	2502.08	2586.78	2703.00	2793.96	2902.80	2998.16	3061.44	3125.34	3179.62	3243.24	3304.78	3350.88	3388.66	3428.42	3446.34	
3485.24	3508.32	3544.36	3593.12	3625.38	3650.38	3670.70	3686.46	3688.90	3692.12	3708.80	3703.52	3722.94	3738.72	3751.14	3760.12	
3770.32	3777.70	3785.42	3792.88	3793.10	3794.26	3797.30	3804.10	3807.36	3807.94	3806.60	3807.98	3809.94	3813.18	3815.06	3815.32	
3814.64	3816.50	3816.90	3817.54	3818.14	3818.94	3817.02	3817.10	3816.78	3817.04	3816.86	3817.14	3817.14	3817.70	3816.36	3816.70	
3816.22	3816.54	3816.30	3816.92	3817.68	3817.32	3816.98	3816.92	3817.60	3818.24	3818.88	3818.96	3818.94	3819.02	3818.64	3818.92	
3818.86	3818.86	3819.26	3818.84	3818.50	3818.44	3817.96	3817.62	3818.10	3817.20	3818.74	3818.28	3819.02	3818.42	3819.58	3813.54	

*******************************************2024/08/05;03:31:05
Probe number 78
Concentration entered by User 12.11% at Temperature 32.45
1329.70	1347.98	1355.52	1370.42	1381.12	1398.24	1411.86	1432.10	1453.66	1472.02	1495.86	1519.34	1536.34	1557.04	1576.34	1598.12	
1620.24	1651.80	1682.06	1711.16	1744.28	1777.48	1811.92	1830.04	1855.48	1903.88	1961.10	2002.46	2072.70	2159.78	2256.64	2340.64	
2418.80	2496.94	2584.60	2701.02	2794.00	2907.18	2999.34	3063.32	3126.84	3181.82	3241.74	3303.36	3349.50	3387.56	3428.36	3446.48	
3485.68	3507.42	3542.14	3593.70	3626.62	3651.30	3670.68	3687.44	3688.06	3692.60	3709.48	3704.10	3723.44	3739.76	3752.18	3760.98	
3770.62	3777.70	3785.88	3792.88	3793.04	3794.68	3797.52	3804.12	3807.40	3808.02	3806.90	3808.38	3809.98	3813.32	3815.22	3815.38	
3814.90	3816.56	3817.14	3817.62	3818.22	3818.98	3817.24	3817.24	3817.00	3817.32	3816.88	3817.30	3817.08	3817.86	3816.44	3816.70	
3816.20	3816.58	3816.44	3817.04	3817.74	3817.38	3817.08	3816.98	3817.72	3818.44	3819.00	3818.96	3819.10	3819.00	3818.74	3818.88	
3818.94	3818.96	3819.18	3818.86	3818.66	3818.48	3818.12	3817.80	3818.18	3817.36	3818.94	3818.40	3818.98	3818.48	3819.70	3813.46	

*******************************************2024/08/05;04:01:05
Probe number 79
Concentration entered by User 12.15% at Temperature 32.43
1328.94	1346.52	1355.04	1369.82	1380.00	1396.40	1409.36	1430.98	1453.72	1469.84	1492.74	1518.28	1536.00	1559.10	1578.90	1599.46	
1623.32	1651.80	1680.68	1709.38	1742.68	1778.56	1809.54	1828.54	1853.74	1904.04	1964.66	2003.24	2069.72	2156.32	2252.28	2339.74	
2419.42	2498.66	2579.88	2691.94	2787.78	2901.68	2996.16	3060.78	3123.44	3177.58	3240.36	3300.86	3349.48	3385.64	3426.06	3442.58	
3482.62	3505.32	3540.34	3590.52	3624.54	3649.82	3669.32	3686.06	3686.56	3690.14	3707.34	3701.64	3721.10	3737.52	3750.54	3759.54	
3769.50	3776.62	3784.90	3792.32	3792.56	3794.06	3797.24	3803.50	3807.10	3807.66	3806.34	3807.86	3809.86	3813.16	3815.08	3815.36	
3814.66	3816.44	3816.98	3817.64	3818.22	3818.90	3816.96	3817.12	3816.84	3817.06	3816.78	3817.12	3817.12	3817.66	3816.50	3816.78	
3816.14	3816.62	3816.26	3816.98	3817.74	3817.32	3817.04	3816.96	3817.58	3818.40	3819.02	3818.96	3819.02	3819.00	3818.76	3818.94	
3818.90	3818.92	3819.26	3818.88	3818.56	3818.56	3818.08	3817.68	3818.20	3817.24	3818.76	3818.34	3819.10	3818.42	3819.58	3813.38	

*******************************************2024/08/05;04:31:03
Probe number 80
Concentration entered by User 13.03% at Temperature 32.40
1317.96	1334.16	1342.00	1357.04	1367.94	1383.34	1396.30	1416.82	1437.02	1452.38	1478.20	1503.08	1518.78	1540.60	1559.90	1579.12	
1599.54	1627.12	1658.36	1684.96	1720.18	1755.20	1783.80	1804.94	1829.70	1874.82	1925.54	1967.64	2036.34	2122.22	2216.80	2302.58	
2375.88	2455.36	2538.96	2647.20	2739.92	2849.24	2941.42	3002.26	3062.64	3114.80	3176.86	3235.10	3282.86	3318.80	3357.80	3376.30	
3415.84	3437.86	3475.12	3528.28	3563.40	3590.98	3612.52	3632.22	3634.10	3637.76	3658.18	3652.16	3674.60	3694.88	3710.84	3722.06	
3736.20	3746.72	3757.32	3767.26	3767.80	3770.04	3774.64	3783.82	3788.80	3790.00	3787.86	3790.30	3793.42	3799.58	3803.68	3803.78	
3802.68	3806.68	3807.98	3809.26	3810.72	3812.48	3808.02	3808.28	3807.86	3808.40	3807.50	3808.28	3808.08	3809.22	3806.40	3807.02	
3805.74	3806.50	3806.10	3807.68	3809.34	3808.54	3807.74	3807.56	3809.26	3810.98	3812.48	3812.38	3812.62	3812.46	3811.88	3812.18	
3812.22	3811.94	3812.60	3811.86	3811.06	3810.94	3809.82	3808.86	3810.06	3807.72	3811.48	3810.38	3811.98	3810.66	3813.64	3799.54	

*******************************************2024/08/05;05:01:05
Probe number 81
Concentration entered by User 12.26% at Temperature 32.37
1327.70	1344.80	1353.22	1368.92	1379.02	1394.74	1408.34	1430.02	1450.80	1467.92	1492.68	1517.50	1532.74	1553.52	1572.92	1595.08	
1618.68	1649.66	1680.60	1704.20	1741.24	1777.46	1808.04	1828.72	1851.38	1899.28	1955.02	1994.56	2068.10	2152.72	2241.74	2331.92	
2415.00	2495.22	2580.64	2692.22	2783.56	2898.62	2994.64	3058.46	3119.80	3176.74	3236.90	3295.58	3341.32	3378.44	3419.06	3437.12	
3478.92	3500.84	3536.30	3586.72	3620.20	3646.32	3666.00	3682.04	3684.16	3687.80	3705.66	3700.24	3719.02	3736.12	3749.08	3757.58	
3768.10	3775.90	3783.84	3791.40	3791.58	3792.94	3796.24	3802.98	3806.42	3807.34	3805.94	3807.54	3809.40	3812.80	3814.86	3815.12	
3814.38	3816.30	3816.90	3817.54	3818.10	3818.90	3817.00	3817.12	3816.82	3817.04	3816.70	3817.16	3817.04	3817.52	3816.40	3816.60	
3816.22	3816.52	3816.26	3816.92	3817.60	3817.28	3817.02	3817.00	3817.64	3818.36	3818.98	3818.90	3818.96	3819.02	3818.70	3818.92	
3818.92	3818.84	3819.14	3818.82	3818.58	3818.50	3818.06	3817.64	3818.16	3817.24	3818.76	3818.46	3818.96	3818.50	3819.64	3813.34	

*******************************************2024/08/05;05:13:03
Probe number 82
Concentration entered by User 12.14% at Temperature 32.34
1329.94	1346.98	1354.76	1370.62	1381.04	1397.42	1412.06	1433.48	1454.34	1470.74	1495.54	1519.26	1537.54	1559.36	1578.30	1603.44	
1622.80	1652.12	1680.88	1706.58	1740.66	1777.50	1806.28	1827.22	1853.60	1905.98	1958.94	1997.68	2071.02	2157.32	2249.08	2336.54	
2420.10	2501.14	2580.98	2701.60	2796.26	2905.38	3002.94	3063.40	3123.36	3179.92	3241.96	3299.22	3348.64	3389.12	3428.30	3443.92	
3483.84	3506.72	3542.48	3593.16	3626.06	3650.66	3671.30	3687.62	3688.06	3691.50	3709.42	3703.72	3722.52	3739.38	3751.58	3760.62	
3770.78	3778.26	3786.08	3793.22	3793.30	3794.86	3798.04	3804.44	3807.78	3808.48	3807.12	3808.64	3810.54	3813.78	3815.58	3815.80	
3815.08	3816.86	3817.38	3817.88	3818.52	3819.26	3817.44	3817.54	3817.24	3817.56	3817.16	3817.52	3817.52	3817.96	3816.72	3817.16	
3816.66	3816.92	3816.76	3817.40	3818.06	3817.74	3817.42	3817.32	3818.04	3818.72	3819.32	3819.20	3819.40	3819.38	3819.06	3819.16	
3819.30	3819.14	3819.54	3819.20	3818.92	3818.84	3818.42	3818.14	3818.56	3817.66	3819.20	3818.78	3819.36	3818.90	3820.00	3814.10	

*******************************************2024/08/05;05:31:05
Probe number 83
Concentration entered by User 12.18% at Temperature 32.32
1327.82	1345.50	1354.36	1370.14	1380.96	1396.42	1409.82	1430.12	1451.46	1469.36	1494.18	1516.70	1535.28	1557.84	1575.92	1600.76	
1624.02	1650.22	1676.68	1705.12	1739.04	1774.16	1806.54	1828.70	1856.40	1903.98	1954.94	1996.82	2073.54	2156.64	2247.10	2335.48	
2417.16	2494.30	2577.14	2693.08	2784.90	2897.78	2997.58	3062.70	3125.02	3177.86	3239.16	3300.58	3346.58	3384.14	3424.04	3441.34	
3481.92	3504.42	3539.20	3589.80	3623.04	3648.64	3668.88	3685.18	3686.20	3689.82	3707.18	3702.94	3721.30	3737.70	3750.20	3759.10	
3769.46	3776.92	3785.10	3792.42	3792.68	3794.24	3797.36	3803.94	3807.28	3807.96	3806.60	3808.04	3810.04	3813.36	3815.22	3815.48	
3814.86	3816.54	3817.12	3817.70	3818.36	3819.12	3817.22	3817.34	3816.98	3817.26	3816.92	3817.30	3817.34	3817.78	3816.48	3816.86	
3816.46	3816.68	3816.54	3817.12	3817.82	3817.44	3817.22	3817.16	3817.72	3818.44	3819.10	3819.08	3819.10	3819.10	3818.86	3819.10	
3818.96	3819.04	3819.30	3818.96	3818.66	3818.60	3818.20	3817.80	3818.32	3817.40	3818.92	3818.52	3819.10	3818.56	3819.68	3813.82	

*******************************************2024/08/05;06:01:05
Probe number 84
Concentration entered by User 12.29% at Temperature 32.29
1328.48	1345.12	1353.36	1368.96	1379.60	1394.86	1408.84	1429.06	1451.56	1469.82	1493.02	1519.54	1534.02	1556.66	1577.26	1599.58	
1620.32	1648.14	1676.66	1699.42	1734.72	1774.52	1807.54	1827.22	1848.86	1902.16	1960.52	1999.68	2068.86	2150.20	2243.48	2337.82	
2415.14	2498.48	2579.34	2695.54	2788.50	2896.50	2990.34	3054.66	3121.34	3175.68	3235.28	3292.68	3337.92	3376.92	3418.90	3436.68	
3477.40	3499.22	3536.00	3585.56	3619.58	3644.70	3665.42	3682.26	3683.58	3686.62	3704.28	3699.96	3718.90	3735.96	3748.56	3757.30	
3767.66	3775.94	3783.52	3791.14	3791.40	3792.96	3796.34	3803.02	3806.46	3807.26	3805.96	3807.32	3809.36	3812.86	3814.86	3815.08	
3814.24	3816.30	3816.82	3817.38	3818.08	3819.00	3816.98	3817.16	3816.86	3817.14	3816.60	3817.22	3817.10	3817.66	3816.28	3816.72	
3816.24	3816.50	3816.24	3816.96	3817.64	3817.22	3817.00	3816.86	3817.58	3818.38	3818.96	3819.02	3819.02	3818.90	3818.70	3818.92	
3818.90	3818.94	3819.20	3818.80	3818.48	3818.54	3818.10	3817.72	3818.24	3817.18	3818.74	3818.26	3819.06	3818.44	3819.60	3813.40	

*******************************************2024/08/05;06:31:05
Probe number 85
Concentration entered by User 12.22% at Temperature 32.25
1329.24	1347.68	1355.68	1369.26	1379.68	1395.40	1410.00	1433.76	1453.84	1466.60	1488.68	1518.42	1538.30	1559.30	1576.50	1596.72	
1620.32	1650.44	1682.88	1709.12	1737.00	1771.20	1804.18	1828.24	1854.60	1907.20	1959.00	1997.62	2064.72	2149.10	2246.92	2339.84	
2417.10	2498.04	2581.36	2699.32	2791.88	2901.36	2994.82	3058.70	3120.68	3175.22	3237.22	3295.42	3345.08	3382.68	3422.50	3440.64	
3480.78	3502.60	3537.90	3589.94	3623.06	3648.40	3668.88	3684.24	3685.88	3689.06	3706.84	3702.56	3721.26	3737.78	3750.18	3758.88	
3769.22	3776.86	3784.84	3792.00	3792.50	3793.98	3797.24	3803.76	3807.02	3807.84	3806.80	3808.24	3809.96	3813.44	3815.34	3815.48	
3814.86	3816.64	3817.16	3817.78	3818.30	3819.22	3817.34	3817.42	3817.14	3817.36	3817.18	3817.52	3817.42	3817.88	3816.66	3817.00	
3816.50	3816.86	3816.58	3817.20	3817.92	3817.78	3817.32	3817.26	3817.98	3818.58	3819.24	3819.20	3819.28	3819.28	3819.06	3819.22	
3819.14	3819.16	3819.42	3819.08	3818.94	3818.82	3818.50	3817.96	3818.44	3817.62	3819.08	3818.64	3819.22	3818.58	3819.94	3813.84	

*******************************************2024/08/05;07:01:05
Probe number 86
Concentration entered by User 12.25% at Temperature 32.20
1332.08	1348.62	1356.18	1371.04	1382.00	1398.50	1411.84	1432.78	1454.00	1470.84	1494.46	1518.52	1534.66	1557.70	1576.96	1599.22	
1622.94	1651.40	1680.64	1708.72	1740.84	1774.42	1809.96	1833.56	1855.38	1901.04	1956.40	1995.40	2066.88	2150.08	2244.74	2330.68	
2405.60	2487.70	2569.74	2685.58	2779.54	2889.96	2986.84	3054.98	3116.68	3172.62	3234.36	3293.58	3341.28	3381.74	3423.20	3441.10	
3480.48	3501.70	3538.50	3588.62	3621.56	3646.82	3667.20	3683.14	3684.76	3688.66	3707.18	3701.72	3720.96	3736.80	3748.74	3757.70	
3768.64	3776.24	3784.46	3791.88	3791.88	3793.98	3797.20	3803.94	3807.22	3808.16	3806.94	3808.02	3810.00	3813.52	3815.50	3815.58	
3815.04	3816.74	3817.56	3818.04	3818.58	3819.42	3817.52	3817.50	3817.20	3817.42	3817.22	3817.54	3817.46	3818.00	3816.82	3817.14	
3816.58	3816.78	3816.62	3817.32	3818.06	3817.66	3817.42	3817.20	3818.00	3818.64	3819.36	3819.28	3819.42	3819.34	3819.12	3819.30	
3819.32	3819.16	3819.44	3819.08	3818.82	3818.70	3818.38	3817.92	3818.44	3817.46	3819.04	3818.52	3819.28	3818.60	3819.98	3813.50	

*******************************************2024/08/05;07:31:05
Probe number 87
Concentration entered by User 12.16% at Temperature 31.88
1336.98	1353.42	1360.62	1375.56	1388.68	1405.26	1419.54	1440.16	1462.42	1478.88	1501.34	1525.66	1542.00	1562.68	1581.50	1604.16	
1630.24	1660.16	1690.94	1722.10	1753.04	1784.70	1817.96	1841.90	1866.60	1910.36	1961.96	2001.60	2069.62	2155.00	2246.92	2335.46	
2411.54	2491.36	2576.74	2697.22	2794.04	2902.08	2993.80	3058.18	3120.30	3175.72	3239.94	3300.12	3349.06	3386.32	3426.02	3444.40	
3482.94	3504.62	3538.42	3590.70	3623.34	3648.66	3670.50	3687.04	3688.02	3691.02	3708.44	3703.64	3721.86	3738.72	3750.44	3759.24	
3770.12	3777.44	3785.68	3792.64	3792.84	3794.98	3798.16	3804.42	3807.86	3808.56	3807.42	3808.68	3810.56	3813.64	3815.52	3815.62	
3814.98	3816.70	3817.28	3817.76	3818.30	3819.20	3817.32	3817.34	3817.06	3817.36	3817.06	3817.32	3817.22	3817.76	3816.58	3816.78	
3816.34	3816.56	3816.38	3817.12	3817.94	3817.56	3817.12	3817.04	3817.66	3818.34	3819.04	3819.04	3819.16	3819.12	3818.76	3818.90	
3818.88	3818.88	3819.10	3818.68	3818.48	3818.44	3817.94	3817.60	3818.14	3817.12	3818.70	3818.22	3818.80	3818.36	3819.60	3813.16	

*******************************************2024/08/05;08:01:04
Probe number 88
Concentration entered by User 12.15% at Temperature 32.11
1336.76	1354.14	1361.58	1376.06	1388.44	1407.20	1419.24	1439.12	1459.94	1475.90	1498.82	1525.04	1542.56	1563.56	1580.40	1605.24	
1629.88	1659.76	1691.02	1718.44	1749.64	1785.48	1816.36	1840.56	1863.72	1906.62	1959.66	1999.34	2074.20	2161.50	2252.96	2329.64	
2406.44	2484.92	2573.98	2697.54	2788.00	2899.92	2994.86	3061.56	3126.40	3179.48	3240.16	3300.96	3350.56	3387.26	3426.38	3441.78	
3479.42	3499.18	3533.92	3587.92	3622.24	3647.18	3669.18	3686.18	3687.40	3689.14	3707.40	3703.12	3722.10	3738.88	3751.22	3759.62	
3770.82	3777.44	3785.92	3793.22	3793.06	3795.04	3798.54	3804.76	3808.06	3809.10	3807.58	3808.74	3810.60	3813.82	3815.60	3815.62	
3814.92	3816.72	3817.34	3817.76	3818.38	3819.22	3817.38	3817.58	3817.18	3817.34	3816.98	3817.42	3817.22	3817.86	3816.64	3816.84	
3816.50	3816.58	3816.54	3817.24	3818.04	3817.60	3817.36	3817.08	3817.80	3818.50	3819.08	3818.98	3819.02	3819.12	3818.86	3819.00	
3818.94	3818.92	3819.20	3818.76	3818.54	3818.44	3817.98	3817.64	3818.14	3817.04	3818.70	3818.18	3818.86	3818.32	3819.52	3813.32	

*******************************************2024/08/05;08:31:04
Probe number 89
Concentration entered by User -1.00% at Temperature 32.15
1321.48	1338.16	1345.80	1360.36	1370.90	1387.12	1400.10	1419.34	1440.32	1456.64	1477.12	1501.20	1517.46	1538.42	1556.30	1580.30	
1604.48	1630.74	1658.98	1685.68	1716.48	1746.26	1777.38	1802.42	1826.16	1866.86	1915.80	1957.36	2026.28	2105.32	2191.64	2274.54	
2344.24	2416.94	2498.00	2613.08	2706.40	2817.12	2905.90	2970.72	3032.76	3084.90	3142.36	3204.84	3252.38	3285.94	3327.60	3342.28	
3378.44	3400.42	3436.68	3494.58	3531.56	3560.52	3586.18	3606.40	3609.98	3613.76	3637.16	3632.88	3657.58	3680.04	3696.94	3710.00	
3725.94	3736.50	3748.36	3759.08	3759.32	3762.06	3766.84	3776.72	3782.46	3784.32	3781.68	3784.28	3787.80	3795.06	3799.74	3799.98	
3798.32	3803.12	3804.54	3806.00	3807.70	3810.10	3804.66	3804.96	3803.94	3804.66	3803.62	3804.62	3804.42	3805.70	3802.46	3803.32	
3801.66	3802.54	3802.04	3804.38	3806.44	3805.50	3804.66	3804.26	3806.10	3808.00	3809.66	3809.46	3809.68	3809.76	3808.86	3809.24	
3809.20	3809.04	3809.96	3808.56	3807.82	3807.60	3806.30	3805.14	3806.56	3803.38	3808.26	3806.92	3808.94	3807.18	3811.02	3793.60	

*******************************************2024/08/05;09:01:04
Probe number 90
Concentration entered by User 13.38% at Temperature 32.35
1322.68	1339.54	1347.18	1362.56	1372.78	1387.24	1399.26	1420.82	1442.30	1461.02	1481.54	1505.42	1520.24	1539.38	1558.08	1580.50	
1603.02	1629.10	1660.46	1686.84	1718.84	1751.36	1783.42	1805.22	1826.70	1865.90	1916.70	1965.32	2034.50	2109.76	2195.90	2285.00	
2357.16	2430.40	2504.22	2614.62	2707.62	2822.22	2915.64	2978.00	3040.08	3093.64	3154.92	3219.22	3265.12	3298.16	3341.26	3359.68	
3398.72	3423.80	3461.98	3516.46	3549.02	3578.24	3602.00	3620.08	3624.16	3629.40	3652.94	3651.56	3674.86	3694.92	3711.20	3723.88	
3738.12	3748.20	3760.10	3769.50	3769.38	3771.08	3775.72	3785.56	3790.82	3792.50	3790.42	3792.84	3795.58	3801.76	3806.08	3806.36	
3805.40	3808.86	3809.90	3810.72	3811.96	3813.40	3809.34	3809.68	3808.94	3809.36	3808.90	3809.60	3809.34	3810.48	3808.00	3808.50	
3807.36	3807.80	3807.60	3809.24	3810.86	3810.18	3809.42	3809.32	3810.60	3812.00	3813.14	3813.04	3813.14	3813.02	3812.76	3812.98	
3812.82	3812.84	3813.40	3812.42	3811.76	3811.64	3810.50	3809.66	3810.62	3808.22	3811.88	3810.98	3812.40	3811.20	3813.90	3800.24	

*******************************************2024/08/05;09:31:04
Probe number 91
Concentration entered by User 13.62% at Temperature 32.40
1322.08	1337.78	1344.60	1360.26	1371.04	1385.24	1398.78	1417.94	1437.30	1455.00	1480.80	1505.28	1518.48	1540.06	1555.80	1578.36	
1599.30	1625.44	1655.42	1681.38	1713.28	1742.16	1776.38	1803.58	1824.04	1862.24	1917.10	1963.12	2030.96	2109.74	2189.10	2270.40	
2343.00	2415.00	2491.64	2607.86	2698.92	2809.18	2899.10	2960.60	3027.16	3080.84	3141.78	3201.62	3250.84	3286.80	3330.62	3349.44	
3388.28	3417.82	3456.98	3512.52	3544.52	3573.34	3596.32	3613.82	3619.78	3626.18	3650.08	3647.00	3671.70	3693.76	3710.36	3722.40	
3736.16	3746.92	3758.66	3768.58	3768.48	3770.06	3774.96	3784.86	3789.70	3791.14	3789.84	3792.50	3794.74	3801.02	3804.94	3805.28	
3804.10	3807.90	3808.88	3810.18	3811.38	3813.04	3808.88	3809.28	3808.38	3809.24	3808.50	3809.14	3809.08	3810.04	3807.28	3807.88	
3806.80	3807.54	3807.08	3808.92	3810.36	3809.70	3809.00	3808.62	3810.30	3811.68	3812.90	3812.50	3812.68	3812.72	3812.20	3812.46	
3812.36	3812.36	3813.14	3812.08	3811.38	3811.30	3810.06	3809.18	3810.06	3807.76	3811.58	3810.46	3811.94	3810.48	3813.52	3799.44	

*******************************************2024/08/05;10:01:04
Probe number 92
Concentration entered by User 17.24% at Temperature 32.63
1290.32	1305.54	1312.62	1327.06	1337.56	1351.84	1362.68	1380.02	1398.56	1414.92	1434.46	1457.24	1471.60	1490.70	1506.98	1529.70	
1551.98	1575.66	1601.24	1627.86	1654.74	1679.28	1709.94	1731.18	1747.94	1788.04	1836.80	1880.28	1942.34	2014.56	2095.76	2168.32	
2238.78	2300.06	2371.88	2481.22	2570.42	2671.14	2756.76	2814.20	2875.68	2928.44	2983.36	3038.60	3089.08	3127.22	3168.14	3184.54	
3222.00	3248.26	3285.64	3338.46	3371.30	3402.96	3429.82	3448.84	3455.00	3463.60	3489.78	3485.26	3516.44	3545.48	3571.72	3590.98	
3613.60	3630.58	3648.48	3666.90	3668.44	3671.20	3681.44	3699.92	3710.22	3713.18	3710.18	3716.12	3720.68	3734.12	3744.52	3744.90	
3742.32	3751.92	3754.40	3758.56	3761.92	3767.08	3754.14	3755.62	3753.52	3755.52	3753.72	3755.46	3755.22	3758.14	3749.88	3751.32	
3748.24	3750.20	3748.78	3753.40	3758.06	3756.32	3753.88	3752.98	3758.38	3762.44	3766.12	3765.32	3765.54	3765.52	3764.00	3764.82	
3764.66	3764.56	3767.10	3763.84	3761.38	3761.16	3757.02	3754.74	3757.42	3749.88	3761.06	3757.68	3762.56	3757.90	3767.82	3728.98	

