*******************************************2025/07/28;00:04:56
Probe number 614
Concentration entered by User 2.00% (Compensated: 2.97% at temperature 32.5)
1295.96	1314.64	1327.94	1341.66	1357.96	1372.64	1390.70	1407.32	1428.08	1446.46	1469.52	1493.44	1521.28	1550.14	1572.68	1596.24	
1621.04	1660.98	1696.66	1748.34	1783.94	1818.18	1858.90	1902.48	1949.92	1991.54	2049.76	2107.58	2190.14	2278.42	2400.18	2535.46	
2725.64	3023.48	3307.56	3517.66	3632.24	3669.02	3681.32	3683.06	3685.54	3696.34	3702.40	3707.30	3697.06	3694.86	3699.30	3697.30	
3694.64	3723.66	3711.52	3715.84	3719.44	3723.22	3726.34	3722.30	3724.28	3726.72	3722.96	3722.40	3726.20	3722.48	3719.34	3731.22	
3734.44	3737.76	3736.42	3737.42	3727.24	3731.66	3726.52	3722.66	3731.34	3724.18	3734.92	3730.12	3737.68	3737.30	3736.72	3741.46	
3741.14	3745.32	3742.84	3740.50	3747.58	3749.08	3743.66	3750.14	3741.82	3751.62	3748.78	3748.16	3755.30	3754.58	3755.36	3759.92	
3759.42	3641.76	3712.74	3749.92	3750.72	3752.72	3754.18	3758.68	3754.90	3748.50	3754.04	3752.30	3755.42	3757.90	3752.82	3751.86	
3751.24	3741.56	3731.22	3733.96	3749.34	3747.62	3746.50	3744.32	3737.84	3727.90	3743.36	3739.04	3746.40	3748.30	3762.30	3721.84	

*******************************************2025/07/28;00:09:56
Probe number 615
Concentration entered by User 1.99% (Compensated: 2.96% at temperature 32.6)
1296.78	1315.26	1327.50	1342.36	1358.84	1373.76	1391.90	1408.00	1428.76	1446.24	1470.00	1495.00	1521.98	1552.72	1573.68	1596.56	
1621.70	1662.48	1695.24	1747.16	1784.10	1821.56	1860.46	1903.28	1950.80	1992.68	2041.80	2107.78	2188.16	2276.84	2392.88	2547.16	
2734.52	3024.18	3310.56	3517.54	3633.58	3669.16	3681.40	3683.34	3685.34	3696.20	3702.38	3707.04	3696.94	3694.18	3698.66	3696.66	
3693.48	3723.08	3710.82	3715.10	3718.56	3722.34	3725.48	3721.30	3723.42	3726.00	3721.86	3722.00	3725.56	3721.42	3718.28	3730.34	
3733.82	3736.88	3735.72	3736.78	3726.66	3731.16	3725.64	3721.76	3730.38	3723.70	3733.98	3729.64	3736.94	3736.60	3736.12	3740.84	
3740.26	3744.38	3741.98	3739.96	3747.12	3748.52	3742.72	3749.64	3741.14	3750.86	3748.02	3747.36	3754.46	3753.98	3754.74	3759.12	
3758.86	3641.00	3712.04	3749.34	3750.00	3752.18	3753.60	3758.16	3754.34	3748.10	3753.52	3751.72	3754.78	3757.24	3752.16	3751.22	
3750.78	3740.98	3730.72	3733.22	3748.78	3747.26	3745.64	3743.80	3736.88	3727.28	3742.50	3738.32	3745.54	3747.54	3761.74	3721.02	

*******************************************2025/07/28;00:14:56
Probe number 616
Concentration entered by User 2.01% (Compensated: 2.98% at temperature 32.6)
1296.48	1314.02	1326.68	1340.72	1357.12	1372.24	1389.58	1405.98	1427.68	1445.68	1469.36	1493.60	1520.88	1550.14	1573.12	1593.62	
1616.64	1659.90	1695.98	1744.82	1782.00	1819.26	1857.28	1894.90	1944.12	1991.86	2039.76	2102.62	2185.62	2272.24	2399.72	2538.00	
2733.46	3014.84	3308.96	3511.24	3626.52	3664.42	3676.20	3678.36	3680.64	3692.28	3698.50	3702.90	3692.12	3689.96	3694.70	3692.56	
3689.44	3719.76	3707.50	3711.64	3715.20	3718.92	3722.06	3718.16	3720.20	3722.72	3718.74	3718.38	3722.28	3718.24	3714.68	3727.14	
3730.36	3734.06	3732.40	3733.62	3722.98	3727.72	3722.34	3718.50	3727.24	3720.00	3730.60	3726.60	3733.70	3733.52	3733.04	3737.86	
3737.30	3741.44	3739.04	3736.76	3744.30	3745.78	3739.72	3746.40	3738.40	3748.48	3745.08	3744.54	3752.02	3751.26	3751.96	3756.66	
3756.24	3635.74	3708.28	3746.50	3747.16	3749.14	3750.74	3755.38	3751.54	3745.14	3750.48	3749.30	3752.04	3754.66	3749.68	3748.48	
3748.02	3737.80	3727.38	3730.10	3745.88	3744.14	3742.64	3740.80	3734.10	3723.56	3739.60	3735.30	3742.56	3744.96	3759.10	3717.44	

*******************************************2025/07/28;00:19:56
Probe number 617
Concentration entered by User 1.97% (Compensated: 2.93% at temperature 32.5)
1296.86	1313.90	1326.42	1341.42	1357.58	1372.74	1391.14	1406.98	1428.80	1447.48	1470.70	1493.72	1521.98	1552.00	1574.50	1595.46	
1618.32	1658.36	1696.60	1747.92	1783.52	1820.56	1860.44	1901.12	1950.16	1990.22	2037.58	2108.16	2194.30	2282.68	2393.22	2539.86	
2731.78	3031.24	3317.86	3516.36	3632.56	3670.06	3682.60	3684.58	3686.24	3697.18	3702.90	3707.14	3696.54	3694.50	3699.32	3696.82	
3694.22	3723.66	3711.66	3716.08	3719.42	3723.14	3725.72	3721.98	3724.04	3726.24	3722.68	3722.20	3725.88	3722.22	3718.84	3730.86	
3733.86	3737.36	3736.08	3737.40	3727.04	3731.60	3726.14	3722.08	3730.98	3724.12	3734.58	3730.06	3737.56	3737.62	3736.96	3741.06	
3740.94	3744.96	3742.74	3740.10	3747.72	3748.90	3743.38	3749.94	3741.78	3751.38	3748.40	3748.20	3755.12	3754.50	3755.02	3759.72	
3759.02	3641.54	3712.48	3749.46	3750.68	3752.52	3753.86	3758.42	3754.80	3748.36	3753.80	3752.20	3755.26	3757.38	3752.60	3751.94	
3751.28	3741.48	3731.34	3733.38	3749.16	3747.46	3746.04	3744.30	3737.56	3727.60	3742.96	3738.86	3746.16	3748.02	3762.18	3721.40	

*******************************************2025/07/28;00:24:56
Probe number 618
Concentration entered by User 2.03% (Compensated: 2.99% at temperature 32.5)
1295.22	1313.60	1326.08	1340.64	1356.84	1372.28	1389.22	1405.28	1426.56	1444.02	1467.26	1491.72	1520.58	1550.76	1571.72	1594.04	
1615.62	1655.04	1691.26	1747.02	1782.44	1821.56	1860.48	1899.04	1941.46	1983.54	2039.82	2102.86	2183.44	2279.66	2389.12	2533.82	
2723.00	3017.64	3299.54	3509.56	3623.16	3663.26	3675.40	3678.64	3681.00	3691.96	3698.10	3702.40	3692.12	3690.00	3694.30	3691.98	
3688.88	3719.00	3706.80	3710.98	3713.96	3717.98	3721.52	3717.32	3719.14	3721.56	3717.78	3717.54	3721.06	3717.36	3713.80	3726.42	
3729.40	3732.96	3731.96	3733.10	3722.54	3726.92	3721.90	3717.18	3726.16	3718.96	3730.26	3725.26	3733.20	3732.94	3732.14	3736.96	
3736.32	3740.68	3738.56	3735.64	3743.64	3744.76	3739.02	3745.98	3737.72	3747.68	3744.30	3744.00	3751.36	3750.54	3751.52	3755.96	
3755.48	3634.62	3707.58	3745.64	3746.50	3748.42	3750.10	3754.76	3750.52	3744.38	3749.96	3748.26	3751.46	3753.94	3748.88	3747.86	
3747.28	3737.08	3726.64	3728.86	3745.42	3743.48	3742.10	3739.96	3733.38	3722.96	3738.94	3734.32	3742.12	3744.16	3758.64	3716.64	

*******************************************2025/07/28;00:29:56
Probe number 619
Concentration entered by User 2.03% (Compensated: 2.99% at temperature 32.4)
1297.28	1315.84	1328.46	1341.82	1358.24	1373.28	1390.54	1407.26	1428.14	1445.86	1469.50	1496.12	1523.70	1552.50	1573.68	1595.38	
1619.20	1659.14	1693.82	1745.82	1782.54	1822.80	1860.86	1900.66	1947.06	1992.74	2043.02	2103.48	2192.26	2274.94	2394.22	2544.44	
2727.00	3014.16	3297.70	3509.08	3628.78	3667.30	3680.26	3683.08	3684.84	3696.12	3702.58	3706.76	3696.16	3694.04	3698.74	3696.54	
3693.50	3723.26	3710.98	3715.16	3718.22	3722.30	3725.58	3721.14	3723.08	3725.56	3721.96	3721.42	3725.02	3721.50	3718.02	3730.04	
3733.22	3736.70	3735.32	3736.42	3726.34	3730.46	3725.64	3721.24	3730.18	3722.96	3733.66	3729.26	3736.78	3736.56	3735.64	3740.34	
3740.02	3743.98	3741.86	3739.42	3746.78	3748.18	3742.80	3749.28	3741.02	3750.56	3747.78	3747.24	3754.36	3753.76	3754.54	3759.12	
3758.58	3640.06	3711.50	3748.80	3749.94	3751.64	3753.00	3757.74	3753.80	3747.52	3752.96	3751.44	3754.82	3756.70	3752.14	3750.88	
3750.50	3740.22	3730.28	3732.72	3748.42	3746.62	3745.50	3743.32	3736.66	3726.62	3742.28	3737.80	3745.56	3747.20	3761.28	3720.70	

*******************************************2025/07/28;00:34:56
Probe number 620
Concentration entered by User 2.07% (Compensated: 3.03% at temperature 32.4)
1294.40	1311.44	1323.42	1338.82	1355.96	1369.40	1386.66	1403.36	1424.64	1443.58	1467.22	1490.42	1516.80	1548.14	1570.58	1591.36	
1613.58	1654.12	1690.62	1743.90	1776.72	1811.96	1852.84	1896.86	1941.78	1981.18	2033.70	2095.78	2183.06	2274.00	2386.00	2535.10	
2714.00	2999.94	3293.62	3500.88	3616.60	3657.78	3670.02	3673.02	3674.80	3686.98	3693.10	3697.40	3686.74	3684.16	3688.68	3686.86	
3683.84	3714.52	3701.96	3706.42	3709.32	3713.48	3717.16	3712.64	3714.92	3717.36	3713.12	3713.10	3717.14	3712.94	3709.12	3721.92	
3725.30	3729.10	3727.84	3728.80	3718.08	3722.50	3717.06	3712.88	3722.28	3714.78	3725.94	3721.26	3728.90	3728.66	3727.86	3732.94	
3732.40	3736.98	3734.18	3731.90	3739.82	3741.02	3735.10	3742.04	3733.32	3743.90	3740.80	3740.08	3747.64	3747.04	3747.94	3752.52	
3752.06	3628.54	3702.54	3741.94	3742.88	3744.98	3746.42	3751.38	3747.04	3740.50	3746.48	3744.76	3748.06	3750.10	3745.22	3743.82	
3743.74	3732.66	3722.48	3724.74	3741.54	3739.50	3738.26	3735.86	3729.02	3718.56	3734.74	3730.32	3738.20	3740.20	3755.34	3711.60	

*******************************************2025/07/28;00:39:56
Probe number 621
Concentration entered by User 2.06% (Compensated: 3.01% at temperature 32.4)
1296.74	1314.28	1327.12	1341.30	1357.96	1372.66	1390.26	1406.78	1426.72	1445.24	1468.94	1493.32	1520.78	1551.70	1573.96	1596.30	
1617.80	1659.96	1692.24	1744.24	1780.08	1820.90	1861.28	1903.48	1942.24	1991.10	2040.42	2099.68	2181.72	2270.80	2383.74	2530.82	
2721.80	3008.34	3291.96	3502.54	3623.30	3663.44	3676.24	3679.12	3681.00	3692.12	3698.08	3702.46	3692.20	3689.36	3694.26	3691.88	
3689.00	3719.26	3706.56	3710.92	3714.38	3718.54	3721.36	3717.42	3719.50	3721.84	3717.90	3717.46	3721.40	3717.22	3714.18	3726.26	
3729.66	3733.32	3731.94	3732.88	3722.62	3727.20	3721.72	3717.66	3726.56	3719.52	3730.12	3725.68	3733.06	3733.10	3732.26	3737.06	
3736.78	3740.70	3738.28	3735.80	3743.54	3744.84	3739.04	3745.96	3737.34	3747.18	3744.24	3744.04	3751.38	3750.70	3751.22	3755.86	
3755.32	3634.90	3707.70	3745.50	3746.60	3748.42	3750.12	3754.90	3750.82	3744.46	3750.16	3748.24	3751.72	3753.84	3748.94	3747.98	
3747.64	3737.12	3726.60	3729.10	3745.04	3743.50	3742.20	3740.04	3733.38	3722.86	3738.88	3734.26	3742.14	3744.02	3758.50	3716.26	

*******************************************2025/07/28;00:44:56
Probe number 622
Concentration entered by User 2.02% (Compensated: 2.97% at temperature 32.4)
1296.28	1314.92	1327.66	1342.64	1359.24	1373.70	1391.42	1407.90	1427.70	1446.86	1471.72	1495.72	1524.08	1552.74	1573.40	1595.42	
1621.00	1660.80	1693.98	1748.52	1784.86	1823.42	1860.44	1900.74	1946.50	1991.66	2036.68	2100.22	2188.12	2276.92	2394.60	2535.48	
2717.18	3013.64	3303.72	3516.04	3631.66	3670.90	3683.02	3684.72	3687.44	3698.16	3704.04	3708.00	3697.82	3694.96	3699.76	3697.78	
3694.52	3724.28	3711.86	3716.62	3719.58	3723.50	3726.52	3722.40	3724.40	3726.76	3722.94	3722.74	3726.18	3722.66	3719.22	3731.04	
3734.46	3737.76	3736.52	3737.46	3727.28	3731.48	3726.88	3722.52	3731.06	3724.32	3734.80	3730.34	3737.78	3737.36	3736.94	3741.40	
3741.06	3745.18	3742.86	3740.22	3747.68	3749.10	3743.68	3750.04	3742.02	3751.68	3748.68	3748.16	3755.10	3754.48	3755.34	3759.94	
3759.38	3641.94	3712.80	3749.70	3750.70	3752.62	3754.02	3758.54	3754.74	3748.48	3754.02	3752.32	3755.32	3757.56	3752.96	3751.96	
3751.44	3741.54	3731.16	3733.58	3749.54	3747.76	3746.24	3744.12	3737.94	3727.68	3743.42	3738.92	3746.32	3748.24	3762.24	3721.48	

*******************************************2025/07/28;00:49:56
Probe number 623
Concentration entered by User 2.04% (Compensated: 2.99% at temperature 32.4)
1295.58	1313.66	1326.24	1340.80	1357.14	1371.72	1389.22	1405.74	1426.88	1445.40	1467.36	1492.84	1521.68	1550.92	1572.28	1593.52	
1616.62	1657.94	1691.76	1746.64	1781.98	1817.56	1857.18	1900.86	1944.66	1988.26	2040.78	2105.78	2185.16	2273.74	2399.86	2537.86	
2721.08	3013.58	3295.38	3508.16	3626.10	3666.72	3679.58	3681.68	3683.04	3694.84	3700.24	3704.82	3694.12	3691.94	3696.68	3694.38	
3691.40	3721.02	3708.84	3712.94	3716.26	3720.62	3723.56	3719.50	3721.32	3724.08	3719.94	3719.80	3723.60	3719.46	3716.50	3728.06	
3731.62	3735.06	3733.96	3735.14	3724.76	3728.78	3723.40	3719.14	3728.50	3721.16	3732.10	3727.26	3735.02	3734.96	3734.48	3738.90	
3738.50	3742.52	3740.46	3738.16	3745.38	3746.56	3740.88	3747.90	3739.28	3749.48	3746.04	3745.56	3753.00	3752.24	3753.20	3757.52	
3757.40	3637.54	3709.74	3747.36	3748.20	3750.30	3751.76	3756.42	3752.52	3746.38	3751.76	3750.22	3753.02	3755.64	3750.84	3749.70	
3749.44	3738.90	3728.58	3731.00	3746.82	3745.34	3744.06	3741.80	3735.24	3724.84	3740.70	3736.24	3743.80	3745.96	3760.26	3718.80	

*******************************************2025/07/28;00:54:56
Probe number 624
Concentration entered by User 2.02% (Compensated: 2.97% at temperature 32.3)
1297.60	1315.26	1327.12	1341.04	1357.82	1372.10	1390.28	1406.70	1427.36	1445.00	1467.92	1493.90	1523.14	1552.88	1574.36	1594.22	
1617.18	1655.70	1692.90	1746.20	1782.72	1816.32	1854.98	1903.18	1944.96	1990.74	2038.02	2101.26	2186.12	2270.62	2389.62	2529.62	
2724.96	3019.88	3303.06	3508.98	3624.24	3665.32	3677.28	3680.28	3682.72	3693.88	3699.58	3704.12	3693.58	3691.06	3696.00	3694.00	
3690.96	3720.76	3708.58	3712.72	3715.86	3719.82	3723.10	3718.86	3720.72	3723.22	3719.48	3719.00	3722.56	3718.98	3715.70	3727.68	
3730.76	3734.38	3733.38	3734.06	3724.06	3728.06	3723.16	3718.98	3727.84	3720.60	3731.30	3726.48	3734.32	3734.16	3733.42	3737.88	
3737.38	3741.74	3739.40	3737.00	3744.52	3746.00	3740.46	3746.94	3738.58	3748.44	3745.54	3745.14	3752.62	3751.62	3752.20	3757.04	
3756.28	3636.78	3708.70	3746.68	3747.44	3749.58	3750.92	3755.36	3751.92	3745.28	3750.82	3749.38	3752.32	3755.00	3750.08	3748.72	
3748.44	3737.98	3727.92	3730.14	3746.14	3744.06	3743.26	3740.94	3734.34	3724.00	3739.96	3735.36	3743.36	3745.14	3759.62	3717.78	

*******************************************2025/07/28;00:59:56
Probe number 625
Concentration entered by User 2.05% (Compensated: 3.00% at temperature 32.3)
1296.14	1314.22	1327.16	1341.44	1356.98	1371.48	1390.08	1405.36	1425.84	1444.38	1468.76	1493.44	1520.82	1549.18	1572.52	1594.64	
1618.50	1659.88	1694.44	1747.70	1782.22	1820.56	1859.56	1899.48	1948.90	1991.66	2037.86	2106.00	2181.24	2266.28	2397.68	2525.78	
2706.60	3010.80	3294.48	3505.94	3626.16	3667.62	3680.06	3682.94	3684.34	3695.82	3701.34	3705.50	3695.66	3692.64	3697.56	3695.42	
3692.56	3722.46	3710.32	3714.24	3717.50	3721.16	3724.58	3720.42	3722.36	3724.60	3720.90	3720.20	3724.08	3720.38	3717.00	3729.28	
3732.42	3735.42	3734.48	3735.36	3725.60	3729.64	3724.76	3720.00	3729.14	3722.12	3732.88	3728.12	3735.84	3735.28	3734.96	3739.36	
3738.86	3743.30	3740.70	3738.48	3745.78	3747.36	3741.62	3748.36	3740.14	3750.00	3746.88	3746.32	3753.56	3752.86	3753.70	3757.92	
3757.32	3638.50	3710.60	3748.10	3748.76	3750.86	3752.14	3756.70	3752.94	3746.88	3752.22	3750.72	3753.62	3756.30	3750.94	3750.06	
3749.72	3739.62	3729.36	3731.68	3747.78	3745.72	3744.64	3742.50	3735.90	3725.60	3741.38	3736.88	3744.40	3746.32	3760.60	3719.44	

*******************************************2025/07/28;01:04:56
Probe number 626
Concentration entered by User 2.07% (Compensated: 3.01% at temperature 32.3)
1295.78	1313.76	1326.76	1341.18	1357.34	1371.68	1387.16	1404.64	1426.16	1444.54	1468.10	1493.12	1521.04	1548.90	1569.98	1592.42	
1617.54	1659.04	1693.00	1744.20	1779.74	1818.46	1855.58	1899.60	1943.14	1985.82	2039.58	2097.56	2178.74	2266.32	2392.24	2535.64	
2716.40	3003.82	3289.64	3503.90	3620.84	3664.36	3678.06	3680.22	3681.12	3692.98	3698.70	3702.60	3692.46	3689.96	3694.62	3692.40	
3689.50	3719.70	3707.44	3711.68	3714.76	3718.42	3721.94	3717.46	3719.34	3722.00	3718.08	3717.88	3721.86	3717.32	3714.18	3726.46	
3729.96	3733.32	3731.90	3733.24	3722.66	3726.80	3721.84	3717.64	3726.60	3719.08	3730.12	3725.40	3733.10	3733.28	3732.28	3736.94	
3736.34	3740.78	3738.44	3735.98	3743.76	3744.68	3739.12	3746.04	3737.56	3747.52	3744.42	3744.04	3751.18	3750.76	3751.44	3756.12	
3755.62	3634.90	3707.52	3745.82	3746.78	3748.48	3750.28	3754.74	3750.86	3744.54	3750.18	3748.50	3751.52	3754.00	3749.08	3747.78	
3747.52	3737.34	3726.64	3729.16	3745.36	3743.28	3742.36	3739.94	3733.34	3722.38	3738.96	3734.74	3742.20	3743.90	3758.60	3716.72	

*******************************************2025/07/28;01:09:56
Probe number 627
Concentration entered by User 2.07% (Compensated: 3.02% at temperature 32.3)
1297.82	1315.06	1327.82	1341.38	1358.12	1373.78	1392.24	1407.14	1426.76	1445.24	1469.26	1493.66	1521.12	1551.84	1572.92	1594.98	
1619.24	1662.36	1695.84	1747.54	1781.20	1818.62	1859.20	1901.78	1947.50	1990.54	2035.06	2102.54	2182.10	2273.68	2397.40	2531.16	
2714.14	2995.40	3291.26	3503.64	3623.52	3666.24	3679.38	3681.94	3683.46	3695.24	3700.88	3705.62	3694.62	3692.32	3697.22	3695.18	
3692.00	3722.22	3710.08	3714.16	3717.28	3721.08	3724.26	3719.70	3721.98	3724.14	3720.48	3720.26	3723.94	3719.98	3716.60	3728.74	
3731.70	3735.52	3734.58	3735.32	3725.06	3729.22	3724.30	3719.80	3728.74	3721.26	3732.32	3728.00	3735.22	3735.20	3734.20	3739.06	
3738.62	3742.90	3740.52	3738.10	3745.70	3747.04	3741.32	3747.96	3739.90	3749.40	3746.58	3745.94	3753.20	3752.40	3753.44	3757.62	
3757.50	3638.16	3710.02	3747.74	3748.60	3750.54	3752.02	3756.44	3752.90	3746.16	3752.06	3750.20	3753.34	3755.78	3750.88	3749.84	
3749.38	3739.30	3729.14	3731.14	3747.38	3745.46	3743.96	3742.04	3735.52	3725.28	3741.16	3736.68	3744.02	3745.94	3760.40	3719.02	

*******************************************2025/07/28;01:14:56
Probe number 628
Concentration entered by User 2.10% (Compensated: 3.05% at temperature 32.3)
1295.26	1313.76	1326.32	1340.14	1357.02	1370.62	1387.66	1404.32	1423.74	1442.62	1467.40	1491.92	1520.24	1550.42	1570.60	1589.50	
1615.68	1656.56	1689.88	1741.60	1779.00	1816.84	1853.08	1891.82	1938.22	1980.32	2035.56	2103.52	2180.24	2266.52	2385.32	2532.98	
2704.52	2994.84	3282.80	3493.16	3615.60	3658.36	3671.42	3674.66	3676.56	3688.58	3694.00	3698.54	3687.64	3685.12	3689.48	3687.58	
3684.26	3715.10	3702.54	3706.84	3710.40	3714.62	3717.60	3713.18	3715.36	3717.86	3713.70	3713.38	3717.36	3713.14	3709.58	3722.44	
3725.92	3729.56	3728.10	3729.04	3718.60	3723.00	3717.92	3713.18	3722.48	3715.12	3726.12	3721.48	3729.38	3729.16	3728.12	3733.18	
3732.66	3737.20	3734.52	3732.14	3740.04	3741.34	3735.34	3742.20	3733.46	3743.88	3740.86	3740.40	3748.14	3747.58	3748.04	3752.74	
3751.98	3628.86	3703.00	3741.98	3743.04	3744.84	3746.74	3751.48	3747.62	3740.90	3746.54	3744.80	3747.98	3750.72	3745.64	3744.38	
3743.92	3733.54	3722.66	3725.00	3741.72	3739.84	3738.64	3736.22	3729.44	3718.78	3735.30	3730.70	3738.36	3740.18	3755.66	3712.10	

*******************************************2025/07/28;01:19:56
Probe number 629
Concentration entered by User 2.08% (Compensated: 3.02% at temperature 32.3)
1295.74	1314.34	1327.42	1341.84	1358.00	1372.70	1390.08	1405.88	1426.84	1445.82	1469.28	1493.82	1521.26	1551.54	1572.72	1591.58	
1616.98	1658.76	1693.34	1746.28	1782.26	1820.94	1856.16	1898.56	1943.16	1990.06	2039.60	2107.22	2187.72	2273.06	2394.38	2541.20	
2717.34	3002.86	3285.42	3497.90	3620.50	3665.16	3678.24	3680.44	3681.56	3693.96	3699.48	3703.78	3693.56	3691.02	3695.68	3693.48	
3690.82	3720.64	3708.46	3712.88	3716.10	3719.90	3723.26	3718.94	3720.74	3722.82	3719.44	3719.28	3722.90	3718.98	3715.82	3727.82	
3731.06	3734.38	3733.18	3734.32	3724.06	3728.12	3723.24	3718.98	3727.94	3720.54	3731.30	3726.74	3734.28	3734.24	3733.52	3738.10	
3737.60	3742.10	3739.50	3736.96	3744.48	3746.06	3740.28	3747.20	3738.70	3748.62	3745.76	3745.22	3752.62	3751.54	3752.50	3756.94	
3756.56	3636.80	3708.70	3746.72	3747.80	3749.68	3751.08	3755.82	3752.28	3745.54	3751.22	3749.44	3752.68	3754.98	3750.28	3748.78	
3748.56	3738.28	3728.14	3730.08	3746.48	3744.42	3743.34	3740.96	3734.64	3724.18	3739.94	3735.56	3742.86	3745.12	3759.70	3718.12	

*******************************************2025/07/28;01:24:56
Probe number 630
Concentration entered by User 2.07% (Compensated: 3.01% at temperature 32.2)
1296.48	1313.72	1326.92	1341.52	1357.82	1372.02	1388.64	1405.02	1426.12	1444.66	1468.40	1492.84	1521.36	1548.70	1573.16	1594.02	
1616.80	1657.32	1693.06	1743.24	1778.00	1816.76	1855.44	1900.48	1944.30	1989.84	2038.76	2105.96	2187.64	2263.48	2391.30	2537.48	
2717.94	2996.76	3288.16	3503.30	3622.36	3665.58	3678.30	3680.84	3682.52	3694.78	3700.96	3704.30	3693.82	3691.46	3696.68	3694.60	
3691.48	3721.24	3709.22	3713.20	3716.14	3720.18	3723.22	3718.98	3721.32	3723.22	3720.16	3719.18	3722.90	3719.22	3716.00	3727.76	
3731.66	3734.80	3733.54	3734.58	3724.52	3728.38	3723.38	3719.00	3727.98	3720.88	3731.46	3727.02	3734.48	3734.44	3733.78	3738.22	
3737.88	3742.12	3739.88	3737.18	3744.78	3746.26	3740.26	3747.02	3738.90	3748.66	3745.76	3745.20	3752.54	3751.94	3752.90	3757.18	
3756.88	3637.06	3709.04	3747.14	3747.98	3749.80	3751.16	3755.82	3752.06	3745.84	3751.10	3749.74	3752.78	3755.22	3750.32	3749.28	
3748.68	3738.54	3728.06	3730.20	3746.78	3744.68	3743.58	3741.54	3734.94	3724.28	3740.12	3735.94	3743.62	3745.28	3759.78	3717.86	

*******************************************2025/07/28;01:29:56
Probe number 631
Concentration entered by User 2.09% (Compensated: 3.03% at temperature 32.2)
1295.12	1313.34	1326.34	1341.02	1356.60	1370.88	1389.86	1405.80	1426.04	1444.26	1467.50	1491.64	1518.66	1548.40	1569.02	1591.64	
1617.44	1658.48	1692.54	1746.78	1780.70	1814.20	1852.24	1900.14	1942.78	1987.24	2038.22	2101.06	2178.86	2265.36	2397.44	2535.32	
2712.42	2996.54	3283.24	3497.08	3621.08	3664.24	3676.84	3679.52	3680.96	3693.26	3699.58	3703.44	3692.60	3690.26	3694.94	3692.58	
3689.64	3719.76	3707.34	3711.40	3714.80	3718.54	3722.00	3717.26	3719.44	3722.16	3718.30	3717.78	3721.74	3717.64	3714.06	3726.46	
3729.68	3733.22	3732.06	3732.94	3723.20	3726.94	3721.96	3717.58	3726.52	3719.18	3730.32	3725.24	3733.02	3733.20	3731.98	3737.12	
3736.82	3741.06	3738.48	3735.84	3743.66	3744.86	3739.20	3745.86	3737.46	3747.56	3744.80	3744.06	3751.62	3750.66	3751.74	3756.02	
3755.46	3634.66	3707.42	3745.52	3746.50	3748.50	3750.16	3754.72	3750.76	3744.28	3750.26	3748.28	3751.58	3753.86	3749.28	3747.98	
3747.70	3737.22	3726.56	3728.84	3745.42	3743.44	3742.06	3739.90	3733.36	3722.54	3738.68	3734.48	3742.22	3743.94	3758.76	3716.26	

*******************************************2025/07/28;01:34:56
Probe number 632
Concentration entered by User 2.08% (Compensated: 3.02% at temperature 32.2)
1296.90	1313.98	1326.28	1340.66	1356.66	1371.62	1389.60	1404.92	1425.58	1444.84	1466.60	1491.62	1520.50	1549.08	1569.22	1592.10	
1618.36	1656.98	1692.40	1744.82	1785.52	1816.84	1854.54	1898.10	1945.42	1986.44	2039.40	2106.68	2181.58	2268.18	2383.04	2531.42	
2724.20	2997.06	3281.26	3504.28	3624.16	3666.34	3678.50	3681.94	3682.96	3694.98	3701.84	3705.58	3694.90	3692.76	3697.60	3695.42	
3692.36	3721.94	3710.04	3713.60	3717.10	3720.94	3724.32	3719.44	3721.66	3723.82	3720.36	3719.86	3723.70	3720.16	3716.46	3728.52	
3731.96	3735.60	3733.98	3734.98	3725.06	3728.92	3724.14	3719.34	3728.46	3721.30	3732.00	3727.34	3735.12	3734.68	3733.72	3738.64	
3738.10	3742.50	3740.50	3737.70	3745.16	3746.66	3741.32	3747.68	3739.36	3749.16	3746.06	3745.68	3752.84	3752.30	3753.42	3757.66	
3756.96	3637.90	3709.50	3747.34	3748.14	3750.34	3751.54	3756.32	3753.06	3746.20	3751.74	3750.04	3753.36	3755.50	3750.70	3749.56	
3749.24	3738.98	3728.70	3730.94	3747.04	3744.98	3743.80	3741.64	3735.24	3724.30	3740.34	3736.24	3743.96	3745.58	3760.20	3718.18	

*******************************************2025/07/28;01:39:56
Probe number 633
Concentration entered by User 2.07% (Compensated: 3.00% at temperature 32.2)
1295.38	1313.76	1327.24	1340.96	1357.00	1372.76	1389.78	1406.04	1425.26	1442.62	1467.82	1494.18	1520.98	1548.68	1570.22	1593.70	
1617.64	1658.02	1693.64	1747.14	1777.86	1816.56	1854.66	1897.40	1947.58	1986.04	2039.40	2099.72	2182.76	2272.88	2386.52	2534.42	
2724.40	3003.76	3286.94	3503.64	3623.28	3665.42	3678.00	3680.18	3681.60	3694.18	3700.50	3704.48	3693.76	3691.72	3696.24	3694.04	
3690.64	3720.96	3708.60	3712.88	3716.24	3720.12	3723.22	3718.44	3720.62	3723.10	3719.28	3719.22	3722.60	3718.84	3715.12	3727.24	
3730.60	3734.12	3733.24	3734.02	3724.06	3727.86	3722.88	3718.48	3727.56	3720.32	3731.12	3726.20	3733.94	3733.98	3732.92	3737.64	
3737.34	3741.38	3739.40	3736.42	3744.38	3745.84	3739.90	3746.76	3738.18	3748.28	3745.22	3744.72	3752.12	3751.52	3752.06	3756.62	
3756.32	3635.86	3708.76	3746.42	3747.36	3749.08	3750.66	3755.32	3751.70	3745.18	3750.96	3749.20	3752.18	3754.70	3749.54	3748.76	
3748.36	3737.90	3727.42	3729.62	3745.90	3744.04	3742.74	3740.58	3734.36	3723.68	3739.44	3735.08	3742.84	3744.40	3759.32	3716.98	

*******************************************2025/07/28;01:44:56
Probe number 634
Concentration entered by User 2.09% (Compensated: 3.02% at temperature 32.1)
1294.86	1313.48	1325.36	1339.44	1356.14	1370.88	1388.24	1404.86	1424.96	1443.34	1466.26	1489.56	1518.66	1549.30	1569.84	1592.62	
1618.34	1657.20	1689.24	1742.32	1777.62	1814.06	1855.54	1898.84	1940.70	1987.54	2037.74	2101.54	2177.66	2257.48	2379.80	2532.38	
2710.32	2991.70	3285.08	3500.28	3618.52	3661.22	3673.62	3677.18	3679.12	3691.74	3697.32	3701.28	3690.46	3688.28	3693.08	3690.66	
3687.38	3717.72	3705.84	3709.90	3713.06	3717.04	3720.54	3715.96	3717.64	3720.10	3716.72	3716.20	3719.86	3715.94	3712.38	3724.70	
3728.12	3731.36	3730.32	3731.46	3721.06	3725.02	3720.30	3715.22	3724.64	3717.32	3728.40	3723.76	3731.52	3731.36	3730.22	3735.26	
3734.90	3739.46	3736.66	3734.20	3741.94	3743.16	3737.42	3744.38	3735.82	3746.02	3743.00	3742.08	3749.84	3749.00	3749.90	3754.70	
3753.98	3632.20	3705.46	3743.92	3745.10	3747.24	3748.24	3753.14	3749.34	3742.92	3748.56	3746.88	3750.06	3752.34	3747.52	3746.40	
3746.00	3735.36	3724.84	3727.14	3743.62	3741.58	3740.34	3738.14	3731.48	3720.78	3737.26	3732.78	3740.44	3741.92	3757.24	3714.54	

*******************************************2025/07/28;01:49:56
Probe number 635
Concentration entered by User 2.08% (Compensated: 3.01% at temperature 32.1)
1295.44	1312.86	1325.50	1340.08	1356.46	1371.74	1388.92	1404.30	1426.16	1445.52	1469.46	1492.96	1519.26	1548.12	1571.24	1595.08	
1617.82	1657.32	1692.26	1743.52	1780.98	1819.22	1857.66	1891.62	1937.48	1985.58	2039.30	2100.10	2180.94	2260.78	2382.20	2528.62	
2723.64	2994.26	3285.88	3499.54	3620.06	3663.98	3676.68	3679.68	3681.50	3693.44	3699.08	3702.74	3692.52	3690.08	3695.08	3692.60	
3689.04	3719.78	3707.34	3711.36	3714.72	3718.78	3721.66	3717.24	3719.34	3721.82	3717.96	3717.78	3721.20	3717.94	3714.26	3726.24	
3729.52	3732.94	3731.88	3733.02	3722.66	3726.34	3721.82	3717.04	3726.36	3718.98	3730.06	3725.00	3732.72	3732.94	3731.92	3736.86	
3736.10	3740.74	3738.02	3735.54	3743.30	3744.94	3738.88	3745.72	3737.30	3746.98	3744.32	3743.76	3751.16	3750.22	3751.26	3755.84	
3755.26	3633.94	3707.16	3745.18	3746.20	3748.36	3749.46	3754.62	3750.66	3744.14	3749.90	3748.08	3751.46	3753.66	3748.92	3747.88	
3747.22	3736.82	3726.50	3728.82	3744.90	3742.96	3741.94	3739.98	3733.26	3722.28	3738.82	3734.08	3742.00	3743.60	3758.40	3716.02	

*******************************************2025/07/28;01:54:56
Probe number 636
Concentration entered by User 2.08% (Compensated: 3.01% at temperature 32.1)
1295.28	1312.66	1325.72	1339.74	1355.28	1369.62	1387.46	1404.44	1424.04	1442.16	1467.68	1491.38	1518.70	1547.98	1569.84	1592.92	
1616.18	1655.24	1691.40	1741.96	1781.50	1817.04	1855.06	1896.20	1945.24	1991.74	2038.08	2102.66	2177.22	2268.36	2383.28	2533.40	
2727.24	2991.90	3287.96	3497.86	3619.48	3661.76	3674.20	3677.96	3680.18	3691.86	3697.98	3701.98	3691.32	3688.88	3693.48	3691.32	
3688.32	3718.24	3706.10	3710.50	3713.70	3717.72	3720.82	3716.52	3718.26	3720.68	3717.08	3716.64	3720.58	3716.50	3712.80	3725.18	
3728.44	3731.74	3731.06	3731.58	3721.34	3725.22	3720.68	3716.20	3725.24	3717.70	3729.16	3723.96	3732.04	3731.68	3730.82	3735.64	
3735.58	3739.82	3737.02	3734.48	3742.44	3743.78	3737.84	3744.80	3736.40	3746.52	3743.24	3742.64	3750.28	3749.34	3750.46	3754.80	
3754.58	3632.64	3705.90	3744.30	3745.26	3747.38	3748.96	3753.76	3749.88	3742.96	3748.88	3747.32	3750.34	3752.76	3747.80	3746.98	
3746.38	3735.74	3725.24	3727.22	3744.02	3742.18	3740.68	3738.32	3732.04	3720.96	3737.52	3732.90	3740.66	3742.70	3757.68	3715.12	

*******************************************2025/07/28;01:59:56
Probe number 637
Concentration entered by User 2.06% (Compensated: 2.99% at temperature 32.1)
1294.94	1313.10	1325.82	1342.10	1357.84	1371.90	1387.74	1403.40	1424.88	1443.24	1467.70	1490.66	1520.06	1548.50	1571.64	1593.78	
1617.34	1658.26	1694.74	1744.68	1780.90	1817.48	1857.34	1898.10	1944.34	1989.84	2037.98	2101.82	2181.88	2272.04	2389.20	2528.80	
2712.38	2990.02	3296.16	3511.70	3624.48	3666.82	3679.48	3682.28	3684.18	3695.72	3701.48	3705.60	3695.12	3692.72	3697.34	3695.60	
3692.36	3721.80	3709.88	3713.96	3717.48	3720.92	3723.76	3719.66	3721.44	3724.02	3720.24	3719.88	3723.62	3719.74	3716.16	3728.58	
3731.74	3735.26	3734.24	3734.80	3725.04	3728.92	3723.96	3719.72	3728.52	3721.10	3732.22	3727.30	3734.88	3734.44	3733.70	3738.88	
3738.62	3742.56	3740.26	3737.64	3745.46	3746.66	3740.98	3747.60	3739.24	3749.24	3746.32	3745.66	3753.10	3752.14	3753.34	3757.44	
3757.06	3637.44	3709.48	3747.42	3748.10	3750.10	3751.40	3756.06	3752.54	3746.12	3751.74	3749.94	3753.10	3755.60	3750.56	3749.60	
3749.42	3738.90	3728.90	3730.70	3746.68	3745.02	3743.86	3741.50	3735.08	3724.64	3740.28	3736.30	3743.92	3745.44	3760.12	3717.98	

*******************************************2025/07/28;02:04:56
Probe number 638
Concentration entered by User 2.07% (Compensated: 2.99% at temperature 32.1)
1296.68	1314.40	1326.74	1340.72	1357.48	1372.36	1389.82	1404.48	1425.44	1444.40	1468.94	1492.74	1520.00	1549.72	1572.28	1594.84	
1620.10	1658.22	1692.80	1744.08	1779.66	1818.24	1854.24	1897.08	1945.02	1984.84	2041.20	2105.50	2178.46	2267.56	2385.86	2532.84	
2717.66	2991.62	3289.94	3507.62	3624.40	3665.48	3679.10	3681.88	3683.88	3695.60	3701.28	3704.54	3694.08	3692.22	3696.82	3694.38	
3691.54	3721.38	3709.34	3713.78	3716.60	3720.68	3723.52	3719.10	3720.96	3723.16	3719.56	3719.36	3723.22	3719.36	3715.66	3727.52	
3731.30	3734.50	3733.46	3734.48	3724.18	3728.08	3723.34	3718.76	3727.94	3720.56	3731.22	3726.52	3734.08	3734.26	3733.40	3738.28	
3737.74	3741.96	3739.78	3737.12	3744.78	3746.16	3739.92	3747.14	3738.74	3748.72	3745.72	3745.04	3752.74	3751.48	3752.62	3756.86	
3756.54	3636.56	3708.64	3747.02	3747.62	3749.42	3751.06	3755.58	3751.98	3745.58	3751.18	3749.60	3753.00	3755.10	3750.00	3748.94	
3748.58	3738.44	3728.00	3730.04	3746.24	3744.42	3743.50	3740.92	3734.52	3723.48	3739.96	3735.42	3743.34	3744.88	3759.60	3717.32	

*******************************************2025/07/28;02:09:56
Probe number 639
Concentration entered by User 2.13% (Compensated: 3.05% at temperature 32.0)
1294.24	1312.68	1325.56	1339.06	1355.46	1368.92	1384.54	1401.28	1422.14	1441.38	1466.26	1491.14	1517.04	1546.54	1568.50	1590.10	
1615.40	1656.00	1689.82	1739.90	1774.34	1814.34	1852.62	1890.28	1940.54	1982.16	2033.22	2098.66	2179.68	2262.54	2372.30	2518.02	
2709.86	2979.86	3274.78	3492.96	3610.92	3656.72	3669.62	3673.16	3675.12	3687.14	3692.70	3697.26	3686.28	3684.08	3689.10	3686.70	
3683.80	3714.20	3701.88	3705.96	3709.42	3713.86	3716.64	3712.04	3714.08	3716.54	3712.82	3712.70	3716.36	3712.30	3708.62	3721.44	
3724.70	3728.30	3727.06	3727.98	3717.34	3721.28	3716.54	3712.02	3721.34	3713.46	3725.20	3720.10	3728.02	3727.84	3727.06	3732.08	
3731.88	3735.88	3733.58	3730.76	3738.90	3740.32	3734.18	3741.22	3732.38	3742.78	3739.96	3739.16	3746.92	3745.76	3747.18	3751.64	
3751.02	3627.20	3701.30	3740.32	3742.04	3743.94	3745.36	3750.20	3746.46	3739.56	3745.38	3743.66	3747.12	3749.54	3744.38	3743.22	
3742.98	3732.00	3721.20	3723.08	3740.58	3738.42	3737.48	3735.04	3728.32	3716.72	3733.48	3729.32	3736.96	3738.96	3754.48	3710.46	

*******************************************2025/07/28;02:14:56
Probe number 640
Concentration entered by User 2.10% (Compensated: 3.02% at temperature 32.0)
1295.36	1313.20	1325.88	1339.84	1355.98	1370.40	1388.08	1403.50	1424.68	1442.80	1467.22	1490.90	1519.28	1547.78	1567.62	1590.08	
1616.00	1656.32	1691.02	1742.62	1779.12	1816.12	1850.10	1892.20	1942.70	1991.26	2034.90	2097.56	2177.84	2260.82	2375.54	2522.16	
2704.36	2984.18	3286.10	3498.12	3615.18	3661.26	3674.40	3677.82	3680.02	3692.34	3697.80	3702.26	3691.10	3688.98	3693.38	3691.68	
3687.98	3717.92	3706.34	3710.66	3713.54	3717.82	3720.60	3716.10	3718.00	3720.50	3717.24	3716.86	3720.46	3716.28	3712.90	3725.00	
3728.50	3731.86	3731.10	3731.88	3721.72	3725.34	3720.60	3715.72	3725.20	3717.50	3728.98	3723.80	3731.80	3731.68	3730.66	3735.94	
3735.36	3739.40	3737.12	3734.30	3742.12	3743.84	3737.86	3744.48	3736.38	3746.28	3743.18	3742.60	3750.42	3749.38	3750.20	3754.78	
3754.58	3632.54	3705.74	3744.28	3744.98	3747.22	3748.82	3753.42	3749.60	3743.06	3748.94	3747.04	3750.32	3752.86	3747.94	3746.62	
3746.26	3735.52	3724.90	3727.24	3743.82	3741.66	3741.00	3738.08	3731.82	3720.60	3737.42	3732.80	3740.32	3742.52	3757.40	3714.26	

*******************************************2025/07/28;02:19:56
Probe number 641
Concentration entered by User 2.09% (Compensated: 3.01% at temperature 32.0)
1295.46	1313.50	1326.40	1340.52	1357.60	1372.06	1388.60	1404.20	1425.18	1444.74	1468.74	1491.42	1518.94	1548.64	1569.36	1589.84	
1615.70	1656.36	1692.72	1744.62	1780.22	1820.54	1855.76	1897.26	1942.38	1984.84	2037.30	2107.84	2174.04	2265.38	2392.98	2529.80	
2716.92	2987.04	3283.02	3501.14	3620.76	3664.26	3678.12	3680.76	3683.22	3695.02	3700.54	3704.72	3693.78	3691.76	3696.46	3694.40	
3690.76	3720.98	3709.02	3713.04	3716.20	3720.20	3722.86	3718.54	3720.66	3723.04	3719.18	3718.68	3722.62	3718.80	3715.24	3727.12	
3730.38	3733.74	3733.10	3733.60	3723.86	3727.26	3722.56	3717.90	3727.10	3719.84	3731.04	3725.92	3733.64	3733.70	3732.58	3737.42	
3737.38	3741.38	3739.12	3736.52	3744.30	3745.54	3739.72	3746.50	3737.70	3747.82	3745.12	3744.20	3752.06	3751.28	3751.90	3756.42	
3756.00	3635.80	3707.88	3745.94	3747.10	3748.88	3750.58	3755.30	3751.50	3744.80	3750.72	3748.88	3752.06	3754.54	3749.78	3748.48	
3748.02	3737.46	3727.58	3729.44	3745.62	3743.80	3742.68	3740.12	3734.12	3722.96	3739.28	3735.04	3742.60	3744.28	3759.18	3716.66	

*******************************************2025/07/28;02:24:56
Probe number 642
Concentration entered by User 2.10% (Compensated: 3.02% at temperature 32.0)
1293.82	1311.70	1325.32	1339.76	1355.90	1370.64	1388.22	1402.16	1421.72	1440.50	1466.78	1491.02	1518.84	1549.04	1569.88	1594.00	
1618.02	1657.12	1689.30	1742.94	1780.82	1817.46	1854.16	1897.60	1943.04	1982.90	2033.24	2105.24	2176.76	2266.66	2382.26	2531.30	
2716.80	2988.62	3281.12	3495.94	3617.02	3661.16	3675.20	3678.86	3681.14	3693.20	3698.96	3703.36	3692.56	3689.72	3694.66	3692.54	
3689.30	3719.30	3707.36	3711.66	3715.02	3718.16	3721.68	3717.24	3719.18	3721.36	3717.72	3717.06	3721.50	3716.94	3713.82	3725.76	
3729.14	3732.50	3731.50	3732.46	3722.50	3725.94	3721.28	3716.56	3726.06	3718.40	3729.50	3724.60	3732.46	3732.50	3731.20	3736.32	
3736.04	3740.26	3737.92	3734.86	3743.14	3744.32	3738.70	3745.40	3736.82	3746.78	3743.90	3742.96	3750.90	3750.20	3751.14	3755.38	
3754.70	3633.72	3706.70	3744.82	3746.02	3747.80	3749.20	3753.84	3750.38	3743.52	3749.44	3747.78	3750.92	3753.44	3748.56	3747.38	
3747.04	3736.24	3726.20	3727.96	3744.58	3742.68	3741.58	3739.06	3732.54	3721.60	3738.04	3733.54	3741.12	3743.00	3758.18	3715.16	

*******************************************2025/07/28;02:29:56
Probe number 643
Concentration entered by User 2.10% (Compensated: 3.01% at temperature 31.9)
1295.00	1313.04	1325.92	1340.40	1356.42	1371.50	1388.34	1403.48	1424.80	1444.80	1467.40	1491.84	1519.44	1548.70	1572.32	1594.20	
1619.00	1657.26	1690.54	1744.14	1780.84	1817.12	1853.68	1897.22	1943.74	1986.40	2035.72	2099.72	2175.92	2269.14	2380.58	2523.48	
2709.78	2988.06	3280.70	3498.90	3620.60	3663.72	3676.76	3680.46	3682.38	3694.28	3699.68	3703.44	3693.16	3690.58	3695.68	3693.38	
3689.72	3719.74	3707.82	3712.50	3715.10	3719.14	3722.24	3717.76	3719.68	3721.98	3718.48	3718.18	3721.74	3718.06	3714.16	3726.26	
3729.74	3732.96	3732.08	3732.64	3722.64	3726.74	3721.82	3717.14	3726.30	3718.94	3730.16	3725.00	3732.94	3733.00	3731.82	3736.80	
3736.36	3740.64	3738.62	3735.66	3743.32	3744.92	3738.88	3745.62	3737.20	3747.26	3744.30	3743.68	3751.26	3750.30	3751.24	3755.88	
3755.34	3634.42	3707.22	3745.14	3746.44	3748.18	3749.86	3754.38	3750.66	3744.20	3749.92	3748.22	3751.26	3753.88	3749.00	3748.12	
3747.44	3736.92	3726.48	3728.34	3744.88	3743.10	3741.94	3739.42	3732.96	3721.86	3738.34	3733.96	3741.90	3743.20	3758.54	3715.92	

*******************************************2025/07/28;02:34:56
Probe number 644
Concentration entered by User 2.13% (Compensated: 3.04% at temperature 31.9)
1293.56	1311.60	1324.54	1338.32	1354.18	1368.24	1385.30	1400.82	1421.64	1439.82	1464.52	1489.36	1517.14	1546.50	1566.94	1590.46	
1612.84	1653.18	1686.62	1737.42	1774.78	1813.76	1851.52	1892.34	1937.90	1982.00	2033.42	2091.50	2168.08	2264.34	2375.26	2523.34	
2704.68	2985.62	3270.68	3493.90	3611.00	3654.20	3668.84	3671.98	3674.14	3686.02	3692.48	3696.38	3685.68	3682.92	3687.62	3685.46	
3682.28	3712.94	3700.94	3705.08	3708.48	3712.22	3716.02	3711.40	3713.42	3715.66	3711.74	3711.40	3715.22	3711.24	3707.54	3719.66	
3723.50	3726.78	3725.80	3726.72	3716.56	3720.20	3715.40	3710.56	3720.02	3712.10	3723.86	3718.60	3726.74	3726.66	3725.50	3730.96	
3730.84	3734.94	3732.38	3729.60	3737.86	3738.94	3733.24	3740.02	3731.38	3741.68	3738.84	3737.82	3746.04	3745.12	3746.00	3750.58	
3750.10	3625.34	3699.78	3739.48	3740.72	3742.82	3744.16	3749.18	3745.48	3738.32	3744.60	3742.98	3745.94	3748.58	3743.54	3742.28	
3742.22	3731.00	3720.28	3722.10	3739.30	3737.32	3736.14	3733.72	3727.08	3715.20	3732.46	3728.26	3736.00	3737.68	3753.64	3708.86	

*******************************************2025/07/28;02:39:56
Probe number 645
Concentration entered by User 2.13% (Compensated: 3.04% at temperature 31.9)
1293.40	1311.40	1324.24	1338.52	1354.40	1369.12	1386.48	1401.84	1422.60	1441.08	1464.22	1487.36	1515.16	1544.16	1567.10	1588.84	
1614.04	1653.98	1688.18	1738.92	1774.52	1813.36	1851.68	1888.00	1936.80	1980.10	2030.74	2095.38	2170.12	2261.96	2374.06	2519.46	
2705.14	2981.80	3275.02	3494.18	3610.52	3653.78	3668.22	3671.48	3673.28	3685.52	3691.34	3695.96	3685.12	3681.94	3687.16	3685.34	
3681.64	3712.72	3700.42	3704.42	3707.84	3711.66	3714.96	3710.28	3712.28	3714.84	3710.78	3710.34	3714.40	3710.20	3706.18	3718.60	
3722.80	3725.94	3724.76	3725.86	3715.34	3719.24	3714.54	3709.60	3719.08	3711.40	3722.90	3717.72	3725.84	3725.82	3724.72	3730.08	
3729.76	3733.98	3731.30	3728.58	3736.88	3738.04	3732.24	3739.34	3730.36	3740.88	3738.04	3737.32	3745.10	3744.30	3745.14	3749.88	
3749.22	3623.90	3699.02	3738.80	3739.96	3741.68	3743.36	3748.76	3744.44	3737.48	3743.94	3742.14	3745.40	3747.80	3742.66	3741.58	
3741.32	3730.06	3719.28	3721.22	3738.54	3736.16	3735.12	3732.46	3725.96	3714.52	3731.46	3726.96	3734.90	3737.00	3752.72	3707.92	

*******************************************2025/07/28;02:44:56
Probe number 646
Concentration entered by User 2.05% (Compensated: 2.96% at temperature 31.9)
1297.14	1315.54	1328.04	1341.94	1359.02	1373.26	1389.28	1405.88	1426.78	1446.32	1470.16	1494.36	1521.62	1550.48	1572.92	1596.48	
1620.66	1661.16	1691.84	1743.02	1782.46	1820.78	1856.36	1895.22	1943.34	1988.74	2041.32	2108.70	2190.98	2273.18	2394.60	2542.78	
2720.86	2994.02	3295.42	3513.32	3630.86	3671.54	3685.08	3688.94	3689.68	3700.78	3706.88	3710.76	3699.70	3697.84	3702.28	3700.04	
3696.78	3725.72	3714.66	3718.88	3721.58	3725.22	3728.12	3723.80	3725.76	3727.98	3724.56	3724.44	3727.62	3723.30	3720.34	3731.98	
3735.20	3738.40	3737.68	3738.32	3728.86	3732.32	3727.66	3723.10	3732.14	3724.92	3735.48	3730.72	3738.56	3738.48	3737.16	3742.16	
3741.92	3745.72	3743.74	3740.92	3748.58	3749.72	3744.38	3750.66	3742.56	3752.08	3749.28	3748.84	3756.08	3755.26	3755.94	3760.22	
3759.86	3642.56	3713.46	3750.28	3751.14	3753.30	3754.50	3758.98	3755.34	3749.16	3754.76	3753.26	3756.22	3758.74	3753.94	3752.68	
3752.22	3742.14	3732.38	3733.78	3749.96	3748.08	3747.04	3744.54	3738.50	3727.90	3743.62	3739.74	3746.96	3748.60	3763.04	3721.82	

*******************************************2025/07/28;02:49:56
Probe number 647
Concentration entered by User 2.10% (Compensated: 3.01% at temperature 31.9)
1295.16	1312.70	1326.54	1340.50	1356.76	1370.66	1387.88	1403.78	1424.58	1443.20	1467.26	1490.48	1517.40	1548.06	1570.86	1593.14	
1616.48	1657.74	1691.44	1742.26	1780.00	1815.62	1853.74	1895.42	1941.16	1985.10	2043.22	2101.30	2185.38	2265.86	2376.54	2544.16	
2722.08	2983.62	3281.20	3496.58	3619.20	3665.26	3678.78	3681.46	3682.96	3694.68	3701.16	3704.80	3694.42	3692.24	3696.26	3694.58	
3691.30	3720.44	3708.84	3713.12	3716.32	3719.96	3723.10	3718.56	3720.12	3722.74	3719.22	3718.96	3722.52	3718.84	3715.02	3727.04	
3730.36	3733.82	3732.86	3733.58	3723.78	3727.06	3722.56	3717.88	3726.90	3719.58	3730.94	3725.76	3733.52	3733.72	3732.54	3737.26	
3737.26	3741.20	3739.04	3736.12	3744.00	3745.30	3739.62	3746.26	3738.12	3748.08	3745.10	3744.32	3751.94	3751.08	3751.86	3756.22	
3755.80	3635.46	3708.06	3745.76	3746.74	3748.76	3750.36	3755.04	3751.28	3744.38	3750.72	3748.78	3752.04	3754.40	3749.82	3748.40	
3748.10	3737.46	3727.12	3728.98	3745.52	3743.56	3742.58	3739.86	3733.54	3722.78	3739.10	3734.60	3742.36	3744.00	3759.06	3716.36	

*******************************************2025/07/28;02:54:56
Probe number 648
Concentration entered by User 2.12% (Compensated: 3.03% at temperature 31.8)
1295.18	1313.88	1325.98	1339.68	1355.20	1370.52	1387.30	1404.08	1425.82	1442.96	1466.86	1490.94	1519.42	1548.06	1569.94	1591.16	
1617.02	1656.28	1691.36	1743.06	1781.82	1818.78	1852.68	1896.94	1944.36	1987.74	2038.12	2101.06	2178.10	2259.62	2371.54	2532.04	
2722.64	2983.76	3268.66	3494.80	3617.04	3660.38	3674.30	3677.70	3678.60	3691.52	3697.44	3700.98	3690.12	3687.96	3692.62	3690.82	
3687.42	3717.28	3705.10	3709.30	3712.48	3716.24	3719.38	3715.08	3716.70	3719.02	3715.70	3715.14	3719.10	3714.82	3711.28	3723.66	
3726.98	3730.58	3729.38	3730.12	3720.14	3723.60	3718.90	3714.24	3723.66	3716.20	3727.80	3722.40	3730.06	3730.18	3728.86	3733.98	
3733.88	3738.00	3735.68	3733.00	3741.10	3742.18	3736.20	3743.10	3734.78	3744.68	3741.72	3741.04	3748.94	3747.88	3748.94	3753.66	
3752.80	3630.10	3704.00	3742.70	3743.64	3745.82	3747.12	3751.98	3748.28	3741.60	3747.44	3745.64	3748.86	3751.50	3746.60	3745.42	
3744.92	3733.76	3723.80	3725.62	3742.40	3740.32	3739.08	3736.66	3730.20	3719.10	3735.80	3731.12	3738.88	3740.82	3756.08	3712.74	

*******************************************2025/07/28;02:59:56
Probe number 649
Concentration entered by User 2.11% (Compensated: 3.02% at temperature 31.9)
1293.86	1311.46	1324.48	1338.38	1354.26	1370.18	1387.14	1402.14	1421.94	1441.34	1466.94	1490.96	1519.20	1546.94	1566.86	1589.18	
1614.18	1652.60	1691.28	1742.84	1780.70	1815.96	1851.32	1892.62	1939.74	1990.78	2034.76	2105.92	2181.24	2263.66	2386.54	2541.00	
2714.86	2984.20	3275.74	3496.96	3617.54	3662.98	3676.78	3680.78	3681.90	3693.98	3699.94	3703.98	3693.42	3690.86	3695.76	3693.46	
3690.12	3719.46	3707.80	3711.72	3715.02	3719.14	3722.28	3717.64	3719.34	3721.58	3718.46	3717.74	3721.30	3717.48	3713.84	3726.08	
3729.36	3732.48	3731.66	3732.14	3722.40	3726.06	3721.56	3716.58	3725.90	3718.54	3729.42	3724.62	3732.62	3732.82	3731.18	3736.72	
3736.32	3740.12	3738.14	3735.14	3743.06	3744.34	3738.56	3745.20	3736.82	3747.18	3744.24	3743.14	3751.08	3750.22	3750.88	3755.56	
3755.00	3633.32	3706.78	3744.62	3745.60	3747.90	3749.20	3753.78	3750.46	3743.70	3749.98	3748.02	3751.20	3753.64	3748.86	3747.28	
3747.02	3736.16	3726.34	3728.06	3744.60	3742.62	3741.72	3739.08	3732.62	3721.32	3738.22	3733.52	3741.38	3742.82	3758.10	3715.54	

*******************************************2025/07/28;03:04:56
Probe number 650
Concentration entered by User 2.08% (Compensated: 2.98% at temperature 31.8)
1296.04	1313.78	1326.08	1340.56	1356.34	1371.64	1389.18	1404.62	1425.78	1444.82	1467.04	1491.84	1519.36	1549.22	1570.18	1593.72	
1617.20	1658.24	1695.18	1749.14	1782.06	1818.38	1858.02	1896.68	1940.84	1985.28	2042.08	2094.16	2182.48	2266.18	2390.90	2538.18	
2720.64	2991.18	3285.90	3504.26	3625.22	3669.34	3682.78	3685.64	3686.64	3699.20	3704.70	3708.36	3697.30	3695.08	3699.96	3697.78	
3694.60	3723.66	3712.50	3716.06	3719.46	3723.14	3726.38	3721.64	3723.62	3725.54	3722.20	3721.88	3725.30	3721.80	3718.16	3729.66	
3732.94	3736.30	3735.36	3736.18	3726.46	3729.92	3725.72	3720.76	3729.82	3722.44	3733.52	3728.60	3736.22	3736.26	3735.14	3740.10	
3739.82	3743.86	3741.62	3738.64	3746.32	3747.76	3741.94	3748.72	3740.38	3750.30	3747.52	3746.70	3754.28	3753.40	3754.30	3758.82	
3757.92	3639.34	3711.04	3748.06	3749.20	3751.14	3752.42	3757.20	3753.30	3747.10	3752.84	3750.94	3754.30	3756.70	3752.04	3750.86	
3750.34	3740.06	3730.00	3731.88	3747.86	3745.82	3745.24	3742.38	3736.24	3725.60	3741.50	3737.56	3744.64	3746.32	3761.10	3719.42	

*******************************************2025/07/28;03:09:56
Probe number 651
Concentration entered by User 2.09% (Compensated: 2.99% at temperature 31.8)
1295.06	1312.80	1325.08	1339.66	1356.26	1370.96	1387.56	1403.02	1424.40	1444.14	1468.06	1492.90	1520.06	1547.44	1569.30	1590.76	
1615.98	1655.96	1694.40	1745.92	1781.96	1815.52	1855.00	1895.18	1940.52	1985.62	2037.54	2100.60	2185.34	2265.44	2382.24	2532.60	
2724.32	2992.46	3280.82	3498.02	3620.16	3665.50	3679.28	3683.16	3684.40	3696.40	3702.16	3705.62	3694.82	3692.36	3696.88	3695.06	
3691.66	3721.32	3709.88	3713.70	3716.72	3720.42	3723.94	3719.20	3720.86	3723.40	3719.64	3719.30	3722.98	3718.92	3715.28	3727.26	
3730.64	3734.34	3733.14	3733.68	3724.02	3727.48	3722.66	3718.04	3727.42	3719.80	3731.24	3726.32	3734.08	3734.16	3732.74	3737.80	
3737.56	3741.34	3739.30	3736.38	3744.62	3745.54	3740.20	3746.64	3738.12	3748.22	3745.72	3744.44	3752.22	3751.20	3752.22	3756.72	
3756.10	3635.74	3708.28	3746.30	3747.20	3749.10	3750.50	3755.22	3751.74	3744.92	3751.04	3749.18	3752.36	3754.90	3749.94	3748.80	
3748.44	3737.90	3727.58	3729.54	3745.72	3744.26	3742.86	3740.26	3733.80	3722.94	3739.02	3735.02	3742.46	3744.14	3759.18	3716.86	

*******************************************2025/07/28;03:14:56
Probe number 652
Concentration entered by User 2.10% (Compensated: 2.99% at temperature 31.8)
1295.82	1314.06	1326.98	1341.36	1357.56	1372.26	1388.86	1405.16	1426.42	1445.30	1468.86	1492.16	1519.66	1549.00	1571.70	1593.12	
1614.58	1655.26	1695.96	1746.54	1778.66	1817.84	1858.22	1898.30	1947.82	1991.96	2041.02	2101.84	2183.30	2267.90	2391.12	2537.66	
2714.16	2989.20	3282.06	3500.10	3623.90	3667.54	3682.46	3685.56	3686.86	3698.44	3704.28	3708.24	3696.78	3694.90	3699.40	3697.48	
3694.04	3722.92	3712.06	3715.78	3718.68	3722.48	3725.44	3721.14	3722.72	3725.26	3721.52	3721.38	3724.80	3720.96	3717.20	3728.74	
3732.60	3735.72	3734.70	3735.66	3726.00	3729.00	3724.70	3720.30	3729.00	3722.12	3732.60	3727.52	3735.80	3735.84	3734.20	3739.50	
3739.14	3742.92	3741.06	3737.80	3745.92	3747.08	3741.34	3748.24	3739.88	3749.42	3746.60	3746.12	3753.70	3752.50	3753.54	3758.14	
3757.34	3637.74	3710.24	3747.58	3748.50	3750.64	3751.90	3756.38	3753.04	3746.48	3752.28	3750.30	3753.70	3756.06	3751.44	3750.52	
3749.88	3739.46	3729.52	3731.20	3747.20	3745.44	3744.70	3741.60	3735.56	3724.42	3740.88	3736.54	3744.18	3745.58	3760.36	3718.70	

*******************************************2025/07/28;03:19:56
Probe number 653
Concentration entered by User 2.09% (Compensated: 2.98% at temperature 31.7)
1294.82	1313.18	1326.46	1341.14	1356.80	1370.80	1387.50	1404.62	1425.64	1443.44	1467.94	1492.16	1520.10	1551.28	1573.32	1592.94	
1615.94	1657.74	1692.44	1740.98	1779.96	1822.28	1863.26	1899.62	1945.40	1994.50	2049.88	2105.68	2189.58	2271.42	2383.04	2533.60	
2731.66	2992.40	3282.02	3499.96	3623.78	3670.18	3683.38	3687.38	3689.04	3700.66	3706.56	3710.30	3699.36	3697.06	3701.88	3699.50	
3696.42	3725.04	3713.74	3717.92	3720.56	3724.40	3727.46	3722.82	3724.68	3726.96	3723.60	3723.22	3726.46	3722.92	3719.24	3730.98	
3734.36	3737.54	3736.76	3737.26	3727.72	3730.98	3726.38	3722.02	3730.96	3723.68	3734.82	3729.68	3737.22	3737.62	3735.88	3741.08	
3740.96	3744.66	3742.72	3739.98	3747.90	3748.64	3743.18	3749.74	3741.92	3751.44	3748.44	3747.54	3754.94	3754.30	3755.10	3759.42	
3758.88	3640.36	3712.32	3749.40	3750.20	3751.98	3753.44	3758.06	3754.50	3748.24	3754.00	3752.42	3755.24	3757.82	3753.04	3752.04	
3751.60	3741.42	3731.04	3733.00	3749.06	3747.10	3746.26	3743.40	3737.36	3726.48	3742.48	3738.42	3745.90	3747.24	3761.86	3720.44	

*******************************************2025/07/28;03:24:56
Probe number 654
Concentration entered by User 2.08% (Compensated: 2.98% at temperature 31.8)
1296.66	1314.60	1326.60	1341.08	1357.86	1371.78	1388.36	1403.58	1424.22	1443.36	1468.04	1493.54	1519.16	1548.64	1571.92	1595.90	
1618.96	1658.48	1692.12	1742.58	1782.64	1820.88	1860.96	1901.08	1947.62	1995.48	2046.96	2102.26	2184.56	2267.66	2386.44	2539.66	
2723.82	2985.86	3287.22	3505.06	3626.42	3670.68	3684.60	3688.62	3689.62	3701.16	3707.04	3710.80	3700.36	3697.84	3702.22	3700.28	
3696.06	3725.48	3714.56	3718.16	3721.18	3724.88	3727.64	3723.16	3725.38	3727.24	3724.02	3723.52	3726.70	3723.14	3720.16	3731.24	
3734.76	3737.74	3736.86	3737.74	3728.42	3731.20	3727.06	3722.66	3731.50	3724.08	3734.96	3730.00	3737.82	3738.10	3736.86	3741.44	
3741.14	3745.00	3743.28	3739.88	3747.80	3749.16	3743.70	3749.80	3742.04	3751.52	3748.68	3747.74	3755.46	3754.48	3755.42	3759.56	
3759.30	3641.34	3712.72	3749.48	3750.64	3752.34	3753.80	3758.26	3754.92	3748.18	3754.30	3752.40	3755.46	3757.88	3753.12	3752.26	
3752.00	3741.40	3731.50	3733.36	3749.38	3747.52	3746.42	3743.72	3737.80	3727.06	3742.92	3738.74	3746.08	3747.72	3762.28	3721.22	

*******************************************2025/07/28;03:29:56
Probe number 655
Concentration entered by User 2.10% (Compensated: 3.00% at temperature 31.7)
1296.00	1313.90	1326.88	1341.34	1357.64	1371.94	1388.36	1403.82	1425.82	1442.66	1467.38	1493.70	1520.82	1551.78	1573.16	1594.92	
1617.02	1658.18	1694.66	1744.64	1782.34	1822.42	1857.94	1897.74	1942.46	1992.84	2044.44	2100.74	2184.92	2267.78	2388.92	2526.54	
2722.66	2989.34	3271.82	3504.02	3622.36	3669.06	3683.68	3687.98	3688.84	3699.78	3705.46	3709.30	3698.84	3696.48	3700.74	3699.18	
3695.10	3724.40	3712.88	3717.06	3719.68	3723.64	3726.74	3722.22	3723.98	3726.28	3722.76	3722.22	3725.80	3722.06	3718.66	3730.00	
3733.18	3736.82	3735.92	3736.32	3727.02	3730.22	3725.64	3721.12	3730.14	3723.04	3733.92	3728.98	3736.54	3736.82	3735.44	3740.26	
3740.04	3743.72	3741.82	3738.52	3746.64	3748.20	3742.20	3748.78	3740.54	3750.50	3747.64	3746.84	3754.56	3753.72	3754.30	3758.74	
3758.30	3639.62	3711.46	3748.52	3749.22	3751.50	3752.92	3757.26	3753.76	3747.24	3753.20	3751.50	3754.52	3757.20	3752.10	3751.02	
3750.66	3740.16	3730.20	3732.18	3748.40	3746.24	3745.34	3742.62	3736.40	3725.12	3741.66	3737.48	3745.14	3746.38	3761.44	3719.80	

*******************************************2025/07/28;03:34:56
Probe number 656
Concentration entered by User 2.13% (Compensated: 3.03% at temperature 31.7)
1294.54	1312.56	1325.30	1339.72	1355.70	1369.70	1387.40	1403.80	1423.92	1442.38	1466.92	1491.72	1518.12	1545.98	1568.46	1589.46	
1614.34	1654.82	1691.42	1742.74	1777.28	1818.80	1855.56	1898.24	1945.20	1991.88	2045.56	2102.38	2176.26	2262.54	2379.74	2525.88	
2719.20	2984.42	3269.10	3487.94	3617.84	3664.54	3679.42	3682.78	3684.96	3696.24	3701.90	3705.76	3695.20	3692.62	3697.46	3695.10	
3691.54	3721.04	3709.22	3713.28	3716.42	3719.98	3723.50	3718.90	3720.48	3723.10	3719.46	3718.66	3722.40	3718.64	3715.14	3726.76	
3730.34	3733.70	3732.62	3733.62	3723.14	3727.04	3722.44	3717.52	3726.94	3719.56	3730.40	3725.30	3733.20	3733.58	3732.22	3737.48	
3737.02	3741.02	3738.86	3736.04	3744.14	3745.04	3739.50	3745.86	3737.74	3747.52	3744.78	3743.90	3751.66	3750.58	3751.94	3756.12	
3755.46	3634.66	3707.04	3745.64	3746.52	3748.44	3750.04	3754.48	3751.26	3744.52	3750.62	3748.78	3751.76	3754.10	3749.48	3748.20	
3748.02	3737.26	3727.30	3728.62	3745.08	3743.24	3742.28	3739.58	3733.48	3722.10	3738.56	3734.40	3742.26	3743.34	3758.84	3716.06	

*******************************************2025/07/28;03:39:56
Probe number 657
Concentration entered by User 2.11% (Compensated: 3.01% at temperature 31.7)
1296.10	1313.34	1326.20	1340.82	1356.98	1371.96	1390.06	1404.46	1424.20	1442.28	1465.92	1490.54	1518.76	1548.50	1570.94	1593.18	
1615.98	1657.04	1694.42	1742.94	1781.84	1820.30	1856.22	1900.36	1944.50	1989.94	2045.96	2109.62	2177.68	2260.78	2389.24	2532.38	
2711.88	2983.00	3274.52	3499.22	3621.34	3666.96	3682.16	3685.76	3687.58	3698.96	3704.60	3708.02	3697.64	3695.68	3699.64	3697.92	
3694.00	3722.84	3711.84	3715.96	3719.24	3722.66	3725.92	3721.06	3723.12	3725.42	3721.66	3721.30	3724.96	3721.12	3717.52	3729.18	
3732.34	3735.66	3734.90	3735.48	3725.48	3729.26	3724.90	3720.24	3729.18	3721.62	3732.68	3727.50	3735.40	3735.82	3734.26	3739.50	
3739.12	3742.82	3740.90	3737.88	3745.80	3747.22	3741.32	3748.02	3739.88	3749.62	3746.68	3745.84	3753.52	3752.68	3753.52	3757.98	
3757.38	3638.12	3710.02	3747.50	3748.60	3750.68	3752.18	3756.68	3752.92	3746.72	3752.26	3750.70	3753.76	3755.82	3751.48	3750.40	
3749.82	3739.18	3729.36	3730.84	3747.32	3745.24	3744.32	3741.80	3735.52	3724.52	3740.82	3736.58	3744.12	3745.64	3760.60	3718.76	

*******************************************2025/07/28;03:44:56
Probe number 658
Concentration entered by User 2.11% (Compensated: 3.01% at temperature 31.7)
1295.52	1313.04	1325.08	1340.20	1356.38	1370.10	1387.30	1403.86	1423.36	1441.80	1466.30	1490.52	1518.40	1547.08	1570.46	1592.54	
1616.44	1655.48	1692.42	1741.36	1780.54	1818.82	1852.12	1892.46	1938.46	1991.04	2036.94	2096.82	2174.40	2252.88	2376.72	2536.50	
2731.66	2980.86	3270.86	3498.74	3620.76	3666.18	3680.60	3684.30	3686.20	3697.62	3703.34	3706.58	3696.40	3693.48	3697.82	3695.88	
3691.70	3721.56	3710.38	3713.74	3717.30	3720.70	3723.78	3719.32	3721.28	3723.46	3719.88	3719.52	3722.84	3719.40	3715.46	3727.66	
3731.02	3734.10	3733.28	3734.00	3724.20	3727.46	3723.28	3718.42	3727.72	3720.10	3731.36	3726.08	3733.96	3734.36	3732.44	3737.70	
3737.44	3741.52	3739.50	3736.40	3744.54	3745.92	3740.04	3746.74	3738.16	3748.32	3745.64	3744.72	3752.28	3751.16	3752.20	3756.80	
3756.12	3635.92	3708.16	3746.12	3747.16	3749.08	3750.54	3755.30	3751.66	3745.08	3750.86	3749.12	3752.22	3754.80	3750.22	3749.32	
3748.50	3737.96	3727.76	3729.04	3745.92	3744.00	3742.80	3740.00	3734.06	3722.68	3739.24	3735.12	3742.88	3744.18	3759.24	3716.68	

*******************************************2025/07/28;03:49:56
Probe number 659
Concentration entered by User 2.09% (Compensated: 2.98% at temperature 31.6)
1295.22	1313.44	1326.22	1340.60	1356.74	1371.58	1389.02	1404.80	1426.22	1444.60	1467.40	1491.92	1517.86	1546.86	1569.58	1594.18	
1616.02	1657.98	1691.34	1743.20	1779.38	1822.04	1859.72	1902.28	1942.50	1987.60	2037.38	2099.52	2179.56	2264.20	2395.70	2543.14	
2737.16	2987.70	3278.24	3504.38	3628.78	3672.54	3686.28	3689.60	3690.62	3702.32	3708.12	3711.36	3700.90	3698.28	3702.62	3700.64	
3696.80	3725.76	3714.62	3718.40	3721.36	3725.32	3727.98	3723.20	3725.36	3727.82	3724.02	3723.62	3726.88	3723.28	3719.72	3731.58	
3734.72	3737.76	3737.16	3737.64	3728.06	3731.42	3727.28	3722.36	3731.22	3724.12	3735.04	3730.22	3737.68	3737.74	3736.58	3741.80	
3741.40	3745.10	3743.06	3739.90	3748.00	3748.90	3743.72	3749.82	3741.88	3751.78	3748.94	3748.04	3755.38	3754.56	3755.50	3759.72	
3759.06	3641.42	3712.52	3749.76	3750.34	3752.36	3753.86	3758.34	3754.80	3748.34	3754.46	3752.66	3755.58	3757.94	3753.20	3752.14	
3751.86	3741.34	3731.46	3733.26	3749.40	3747.36	3746.52	3743.84	3737.92	3726.78	3742.84	3738.78	3745.84	3747.48	3762.24	3720.66	

*******************************************2025/07/28;03:54:56
Probe number 660
Concentration entered by User 2.10% (Compensated: 2.99% at temperature 31.7)
1295.78	1313.68	1326.36	1340.34	1356.68	1371.70	1388.14	1404.50	1425.90	1443.74	1467.76	1493.18	1520.30	1550.42	1571.00	1593.22	
1617.12	1658.52	1695.82	1742.44	1779.96	1823.42	1862.48	1899.40	1947.00	1993.40	2040.28	2103.40	2182.84	2266.90	2390.28	2535.50	
2724.70	2988.88	3269.80	3503.60	3627.00	3671.92	3686.26	3689.80	3690.92	3702.50	3708.84	3712.20	3701.48	3698.94	3703.26	3701.32	
3697.52	3726.38	3715.06	3719.24	3721.92	3725.54	3728.54	3723.96	3725.60	3728.28	3724.54	3724.18	3727.40	3723.26	3720.36	3731.80	
3735.28	3738.14	3737.62	3737.84	3728.80	3731.80	3727.48	3723.04	3731.78	3724.66	3735.48	3730.48	3737.92	3738.46	3736.88	3741.82	
3741.86	3745.16	3743.66	3740.38	3748.18	3749.44	3743.82	3750.62	3742.26	3752.06	3749.14	3748.20	3755.70	3754.72	3755.84	3760.00	
3759.26	3641.84	3713.22	3749.74	3750.84	3752.54	3753.94	3758.56	3755.12	3748.92	3754.64	3752.72	3755.78	3758.40	3753.52	3752.74	
3752.20	3741.94	3731.76	3733.68	3749.76	3747.78	3746.74	3744.26	3737.80	3726.96	3743.04	3738.82	3746.34	3747.78	3762.60	3721.24	

*******************************************2025/07/28;03:59:56
Probe number 661
Concentration entered by User 2.12% (Compensated: 3.01% at temperature 31.6)
1294.46	1312.30	1325.62	1339.64	1354.90	1369.74	1386.52	1402.86	1423.54	1441.92	1465.20	1491.40	1518.12	1547.36	1569.06	1592.74	
1615.58	1655.44	1692.32	1739.92	1775.16	1817.88	1858.16	1897.44	1941.72	1982.50	2032.08	2100.22	2181.04	2259.96	2383.12	2533.44	
2728.56	2986.34	3269.84	3491.44	3621.44	3667.40	3680.78	3684.86	3685.68	3697.20	3702.94	3706.44	3695.76	3693.16	3697.92	3695.98	
3692.66	3721.84	3710.26	3714.14	3717.54	3720.94	3723.90	3719.10	3721.18	3723.20	3719.96	3719.28	3722.60	3718.80	3715.44	3727.34	
3730.84	3733.88	3732.96	3733.88	3724.28	3727.42	3723.06	3718.22	3727.42	3719.86	3731.18	3726.14	3733.58	3733.96	3732.54	3737.42	
3737.62	3741.16	3739.38	3736.10	3744.22	3745.68	3739.64	3746.72	3738.14	3747.98	3745.24	3744.42	3752.04	3751.00	3752.08	3756.76	
3755.88	3635.26	3707.96	3745.98	3746.84	3748.72	3750.50	3755.12	3751.36	3744.58	3750.80	3749.08	3752.50	3754.30	3749.92	3748.60	
3748.04	3737.92	3727.32	3729.32	3745.70	3743.44	3742.98	3739.98	3733.74	3722.38	3739.06	3734.66	3742.46	3743.86	3759.12	3716.40	

*******************************************2025/07/28;04:00:03
Probe number 662
Concentration entered by User 2.11% (Compensated: 3.00% at temperature 31.6)
1294.14	1312.06	1324.76	1338.44	1353.78	1367.92	1386.02	1402.50	1423.56	1442.64	1466.38	1490.14	1517.14	1547.76	1568.88	1590.48	
1614.54	1656.78	1693.44	1741.20	1778.26	1817.00	1856.66	1896.74	1943.80	1986.52	2040.70	2107.72	2181.32	2257.68	2384.92	2540.98	
2725.80	2980.68	3273.00	3500.12	3624.28	3670.22	3683.68	3687.34	3688.08	3699.94	3705.80	3709.50	3698.58	3695.74	3700.58	3698.56	
3694.86	3723.78	3712.88	3716.42	3719.64	3723.12	3726.38	3721.38	3723.24	3725.56	3722.16	3721.74	3725.34	3720.92	3717.94	3729.18	
3733.06	3735.94	3735.22	3735.98	3725.96	3729.56	3725.42	3720.56	3729.66	3722.26	3733.24	3728.02	3735.86	3735.92	3734.62	3739.62	
3739.70	3743.28	3741.40	3738.48	3746.26	3747.46	3741.82	3748.42	3740.48	3749.92	3747.22	3746.16	3753.92	3753.00	3753.90	3758.24	
3757.56	3638.76	3710.60	3747.72	3748.98	3750.86	3752.12	3756.70	3753.28	3746.70	3752.74	3750.88	3754.14	3756.62	3751.78	3750.50	
3750.24	3740.04	3729.40	3731.40	3747.78	3745.90	3744.90	3741.98	3735.84	3724.86	3741.04	3736.96	3744.60	3746.08	3760.82	3718.66	

*******************************************2025/07/28;04:04:56
Probe number 663
Concentration entered by User 2.09% (Compensated: 2.98% at temperature 31.6)
1294.66	1312.72	1325.58	1340.16	1355.90	1369.86	1386.66	1402.88	1423.94	1443.36	1466.08	1490.22	1517.10	1546.90	1567.58	1591.28	
1617.20	1656.68	1690.78	1743.34	1779.64	1819.24	1858.06	1900.80	1944.24	1989.72	2041.04	2100.92	2178.16	2255.90	2378.68	2530.22	
2716.76	2982.44	3282.18	3503.30	3623.72	3669.04	3683.16	3687.28	3687.98	3699.56	3705.10	3708.66	3697.98	3695.80	3700.00	3698.30	
3694.52	3723.26	3712.38	3716.26	3719.08	3722.40	3725.46	3720.82	3722.78	3725.24	3721.60	3720.72	3724.66	3720.98	3717.26	3729.16	
3732.64	3735.66	3735.04	3735.32	3725.68	3728.74	3724.68	3720.10	3729.08	3721.46	3732.80	3727.56	3735.42	3735.80	3734.10	3739.44	
3739.02	3743.08	3740.80	3737.92	3746.14	3747.10	3741.36	3747.90	3739.98	3749.32	3746.98	3745.80	3753.54	3752.58	3753.26	3757.78	
3757.18	3637.52	3710.24	3747.56	3748.18	3750.34	3751.62	3756.34	3752.80	3746.50	3752.24	3750.12	3753.64	3756.10	3751.40	3750.34	
3749.66	3739.12	3729.12	3730.64	3747.32	3745.24	3744.34	3741.58	3735.38	3724.16	3740.56	3736.48	3743.88	3745.32	3760.40	3718.04	

*******************************************2025/07/28;04:09:56
Probe number 664
Concentration entered by User 2.11% (Compensated: 2.99% at temperature 31.6)
1293.88	1312.56	1325.44	1339.62	1354.76	1368.76	1386.38	1403.24	1423.38	1441.64	1465.30	1489.80	1518.26	1548.76	1569.86	1593.02	
1615.52	1656.22	1690.42	1742.72	1777.28	1818.36	1856.06	1896.10	1943.30	1989.06	2031.38	2096.26	2180.64	2254.28	2379.88	2533.16	
2716.24	2978.06	3275.56	3502.08	3622.34	3667.72	3681.30	3685.00	3686.54	3698.10	3703.54	3707.44	3697.12	3694.76	3699.24	3696.76	
3693.28	3722.36	3711.30	3715.12	3718.02	3721.44	3724.56	3720.06	3721.76	3724.12	3720.50	3720.02	3723.68	3719.68	3716.14	3727.88	
3731.28	3734.66	3733.74	3734.40	3724.52	3728.00	3723.50	3718.62	3727.88	3720.28	3731.54	3726.24	3734.62	3734.76	3732.62	3738.20	
3737.90	3741.92	3739.74	3736.42	3745.04	3745.96	3740.24	3746.70	3738.48	3748.58	3745.58	3744.96	3752.28	3751.36	3752.54	3756.94	
3756.24	3635.96	3708.44	3746.28	3747.42	3749.26	3750.70	3755.48	3751.98	3745.02	3751.26	3749.40	3752.46	3755.30	3750.34	3749.30	
3748.64	3738.40	3728.24	3729.58	3746.08	3744.12	3743.40	3740.54	3734.44	3722.92	3739.76	3735.48	3743.08	3744.42	3759.48	3717.10	

*******************************************2025/07/28;04:14:56
Probe number 665
Concentration entered by User 2.11% (Compensated: 2.98% at temperature 31.5)
1295.06	1313.16	1325.94	1340.28	1355.38	1369.52	1387.52	1403.08	1422.80	1442.02	1466.78	1492.20	1517.74	1548.82	1571.10	1590.84	
1616.72	1657.54	1692.60	1743.98	1782.18	1818.74	1857.56	1897.14	1947.48	1990.82	2031.12	2100.38	2188.48	2259.28	2380.58	2537.44	
2718.14	2977.00	3274.66	3505.02	3625.56	3670.12	3684.80	3687.90	3688.62	3700.52	3706.70	3710.60	3699.40	3696.94	3701.30	3699.96	
3695.98	3724.82	3714.02	3717.82	3720.24	3723.82	3726.76	3722.24	3723.70	3726.32	3722.84	3721.92	3725.88	3721.92	3718.66	3730.00	
3733.44	3736.62	3735.80	3736.50	3726.90	3730.18	3725.88	3720.66	3730.08	3722.66	3733.78	3728.66	3736.46	3736.68	3734.88	3740.16	
3739.82	3743.84	3741.86	3738.78	3746.64	3748.02	3742.16	3748.80	3740.76	3750.56	3747.72	3746.78	3754.04	3753.24	3754.08	3758.88	
3757.90	3639.32	3711.06	3747.98	3749.36	3751.16	3752.64	3757.26	3753.70	3747.08	3753.12	3751.30	3754.56	3756.88	3752.08	3751.18	
3750.62	3740.24	3730.00	3731.64	3748.02	3746.16	3745.32	3742.58	3736.26	3725.48	3741.34	3737.28	3744.52	3746.34	3761.50	3719.32	

*******************************************2025/07/28;04:19:56
Probe number 666
Concentration entered by User 2.10% (Compensated: 2.98% at temperature 31.6)
1294.00	1312.18	1325.08	1339.76	1356.08	1370.02	1386.44	1401.84	1424.00	1442.50	1465.84	1491.18	1518.44	1546.42	1567.46	1590.56	
1614.66	1654.08	1689.80	1743.44	1779.48	1816.20	1855.98	1897.70	1939.14	1983.72	2034.04	2105.88	2186.80	2259.24	2389.62	2536.52	
2713.86	2990.16	3275.04	3503.68	3625.48	3670.96	3684.98	3688.18	3689.40	3701.04	3706.32	3710.44	3699.38	3696.98	3701.82	3699.70	
3695.94	3725.10	3713.64	3717.38	3720.24	3723.86	3726.72	3722.16	3723.78	3726.32	3722.40	3722.08	3725.78	3721.76	3718.66	3730.02	
3733.36	3736.34	3735.82	3736.34	3726.82	3729.84	3726.04	3720.96	3730.20	3722.64	3733.62	3728.54	3736.34	3736.76	3734.94	3740.14	
3739.84	3743.86	3742.02	3738.88	3746.82	3747.80	3742.24	3748.88	3740.56	3750.24	3747.68	3746.70	3754.20	3753.32	3754.34	3758.80	
3757.94	3639.16	3710.92	3747.92	3749.32	3751.00	3752.48	3757.04	3753.72	3747.04	3752.68	3751.40	3754.52	3756.90	3752.16	3751.18	
3750.54	3740.00	3730.18	3731.58	3747.98	3745.78	3745.30	3742.44	3736.44	3724.76	3741.16	3737.28	3744.88	3746.06	3761.10	3719.04	

*******************************************2025/07/28;04:24:56
Probe number 667
Concentration entered by User 2.12% (Compensated: 3.00% at temperature 31.5)
1293.78	1311.64	1324.18	1337.92	1352.70	1368.28	1385.22	1401.64	1421.98	1440.90	1465.68	1490.32	1516.26	1544.64	1568.18	1589.90	
1613.20	1653.46	1689.82	1738.12	1776.12	1816.80	1852.80	1893.12	1936.20	1985.12	2038.00	2099.72	2182.94	2251.10	2369.84	2528.56	
2716.14	2977.20	3272.96	3496.90	3621.32	3665.66	3679.66	3682.96	3684.46	3695.82	3701.50	3704.76	3694.00	3691.84	3696.22	3694.04	
3690.14	3719.88	3708.72	3712.24	3715.06	3719.44	3722.24	3717.36	3719.06	3721.76	3717.88	3717.22	3721.20	3717.18	3713.44	3725.06	
3728.70	3732.32	3731.30	3731.68	3722.04	3725.20	3721.32	3716.00	3725.64	3718.02	3729.08	3724.00	3732.06	3732.54	3730.38	3735.98	
3735.66	3739.34	3737.52	3734.44	3742.86	3743.78	3738.12	3744.74	3736.36	3746.42	3743.34	3742.48	3750.30	3749.60	3750.46	3755.12	
3754.44	3632.52	3706.10	3744.34	3744.98	3746.96	3748.60	3753.56	3749.84	3742.86	3749.22	3747.56	3750.56	3753.20	3748.24	3747.26	
3746.56	3735.54	3725.64	3727.12	3744.00	3741.80	3741.08	3738.34	3731.76	3720.20	3737.28	3733.00	3740.30	3741.98	3757.64	3714.26	

*******************************************2025/07/28;04:29:56
Probe number 668
Concentration entered by User 2.15% (Compensated: 3.02% at temperature 31.6)
1293.10	1310.90	1323.58	1338.42	1353.72	1367.80	1385.64	1401.50	1420.28	1440.36	1463.66	1488.08	1515.14	1544.38	1565.84	1588.46	
1613.36	1653.94	1688.42	1739.50	1773.76	1812.76	1852.82	1896.80	1941.26	1983.40	2036.58	2094.48	2177.32	2249.98	2376.46	2532.38	
2708.26	2979.32	3264.06	3489.90	3617.58	3661.80	3676.16	3679.70	3681.30	3693.88	3698.88	3702.10	3691.26	3688.24	3693.08	3690.94	
3687.38	3717.32	3705.78	3709.62	3712.32	3716.30	3719.38	3714.38	3716.46	3718.96	3715.16	3714.08	3718.38	3714.34	3710.56	3722.30	
3726.24	3729.24	3728.90	3729.04	3719.44	3722.40	3718.62	3713.04	3722.84	3714.92	3726.44	3721.04	3729.02	3729.66	3727.76	3733.14	
3733.06	3737.04	3734.94	3731.70	3740.16	3741.58	3735.54	3742.38	3733.38	3743.92	3741.12	3740.24	3748.12	3746.98	3748.18	3752.70	
3751.90	3628.60	3702.92	3741.48	3742.86	3744.74	3746.46	3751.14	3747.44	3740.42	3746.52	3744.84	3748.24	3751.00	3746.06	3744.46	
3744.24	3733.20	3722.88	3724.48	3741.54	3739.46	3738.44	3735.24	3729.16	3717.12	3734.28	3730.10	3737.84	3739.38	3755.30	3710.98	

*******************************************2025/07/28;04:34:56
Probe number 669
Concentration entered by User 2.10% (Compensated: 2.97% at temperature 31.5)
1294.38	1312.62	1325.82	1339.80	1356.06	1370.38	1387.20	1402.42	1422.72	1440.86	1465.18	1491.42	1518.70	1547.08	1569.28	1591.20	
1614.80	1657.68	1691.60	1744.02	1781.92	1814.94	1853.20	1893.78	1944.72	1988.22	2032.22	2098.44	2176.30	2258.12	2388.04	2530.82	
2713.90	2982.22	3278.76	3503.58	3625.88	3670.74	3683.90	3687.98	3689.58	3701.44	3707.24	3710.40	3699.56	3696.90	3701.48	3699.38	
3695.58	3724.50	3713.80	3717.14	3720.08	3723.80	3726.84	3721.66	3723.44	3725.88	3722.66	3722.00	3725.24	3721.60	3718.16	3729.68	
3733.38	3736.18	3735.50	3735.94	3726.28	3729.60	3725.38	3720.74	3729.84	3722.30	3733.30	3728.48	3735.82	3736.46	3734.44	3739.94	
3739.68	3743.36	3741.58	3738.36	3746.38	3747.38	3741.96	3748.62	3740.32	3750.08	3747.26	3746.46	3753.98	3752.94	3753.80	3758.22	
3757.66	3638.70	3710.62	3747.98	3748.74	3750.86	3752.32	3756.78	3753.46	3746.68	3752.58	3750.96	3754.30	3756.64	3751.84	3750.56	
3750.18	3739.84	3729.62	3731.32	3747.74	3746.00	3745.06	3742.20	3736.12	3724.76	3741.06	3736.78	3744.50	3745.78	3761.06	3718.72	

*******************************************2025/07/28;04:39:56
Probe number 670
Concentration entered by User 2.10% (Compensated: 2.97% at temperature 31.5)
1295.08	1313.86	1326.98	1340.74	1355.60	1369.60	1387.44	1403.66	1423.72	1443.02	1468.00	1492.44	1518.84	1548.60	1570.42	1593.18	
1616.36	1657.82	1692.90	1745.88	1781.48	1815.12	1851.06	1897.54	1950.40	1986.22	2035.40	2108.36	2183.88	2256.34	2384.34	2539.12	
2719.24	2983.24	3274.96	3502.44	3627.96	3671.44	3685.44	3688.94	3690.06	3701.84	3707.50	3710.56	3700.16	3698.20	3702.48	3700.12	
3696.12	3725.16	3714.16	3717.92	3720.62	3724.32	3727.24	3722.70	3724.28	3726.58	3723.16	3722.80	3726.08	3722.12	3719.02	3729.94	
3733.94	3736.96	3735.88	3736.38	3727.30	3730.18	3726.22	3721.10	3730.28	3722.76	3733.86	3728.84	3736.28	3736.92	3735.06	3740.10	
3740.26	3743.90	3742.14	3739.14	3746.82	3748.20	3742.46	3748.76	3740.78	3750.62	3747.78	3746.46	3754.28	3753.32	3754.22	3758.94	
3758.10	3639.54	3711.10	3748.38	3749.38	3751.20	3752.64	3757.42	3753.90	3747.20	3753.18	3751.52	3754.70	3757.22	3752.28	3751.26	
3750.86	3740.12	3730.44	3731.72	3748.34	3746.14	3745.34	3742.48	3736.62	3725.30	3741.66	3737.56	3744.76	3746.20	3761.20	3719.30	

*******************************************2025/07/28;04:44:56
Probe number 671
Concentration entered by User 2.12% (Compensated: 2.99% at temperature 31.4)
1294.44	1312.42	1324.70	1339.34	1354.92	1369.06	1387.72	1404.26	1423.12	1441.52	1465.82	1490.70	1518.08	1547.94	1570.36	1591.88	
1616.22	1657.54	1692.28	1744.86	1782.26	1818.28	1854.36	1892.16	1946.88	1987.60	2040.98	2098.10	2185.54	2260.24	2383.16	2524.46	
2710.46	2977.88	3272.72	3497.64	3624.36	3671.86	3685.56	3688.94	3690.86	3701.74	3707.42	3710.98	3700.34	3697.94	3701.88	3700.26	
3696.50	3725.62	3714.30	3717.84	3720.82	3724.62	3727.08	3722.62	3724.18	3727.10	3723.00	3722.36	3726.18	3722.60	3718.78	3730.34	
3733.74	3736.94	3736.02	3736.56	3727.30	3729.92	3726.22	3721.10	3730.50	3723.00	3734.26	3728.96	3736.56	3736.96	3735.26	3740.60	
3740.38	3744.06	3742.08	3739.02	3746.88	3748.22	3742.54	3748.96	3740.66	3750.52	3747.80	3747.12	3754.56	3753.70	3754.70	3758.98	
3758.12	3639.58	3711.46	3747.98	3749.24	3751.14	3752.78	3757.32	3753.90	3747.24	3753.32	3751.46	3754.90	3757.20	3752.32	3751.18	
3751.12	3740.42	3730.46	3732.18	3748.24	3746.58	3745.60	3742.72	3736.70	3725.38	3741.68	3737.34	3745.00	3746.34	3761.24	3719.34	

*******************************************2025/07/28;04:49:56
Probe number 672
Concentration entered by User 2.15% (Compensated: 3.02% at temperature 31.4)
1293.40	1311.62	1324.30	1339.08	1354.84	1368.56	1386.12	1401.06	1422.08	1440.50	1465.36	1490.56	1517.02	1546.38	1571.06	1591.46	
1614.92	1651.78	1690.14	1744.00	1780.76	1815.56	1852.88	1889.78	1941.34	1985.48	2031.64	2095.06	2179.10	2253.24	2374.24	2526.44	
2704.80	2970.46	3260.76	3493.10	3617.56	3664.20	3679.10	3682.86	3684.88	3696.52	3702.20	3705.36	3694.48	3692.00	3696.72	3694.70	
3690.76	3720.52	3709.68	3713.16	3715.90	3719.66	3722.28	3717.42	3719.32	3722.02	3718.34	3717.30	3721.38	3717.72	3713.64	3725.36	
3728.94	3732.20	3731.20	3731.88	3722.36	3725.50	3721.38	3716.02	3725.56	3717.90	3729.48	3724.20	3731.96	3732.40	3730.70	3735.72	
3735.72	3739.78	3737.66	3734.66	3742.80	3743.96	3738.02	3744.58	3736.32	3746.64	3743.52	3742.44	3750.32	3749.54	3750.26	3755.08	
3754.60	3632.72	3705.78	3743.84	3745.44	3747.22	3748.82	3753.30	3749.82	3743.02	3749.20	3747.22	3750.72	3753.18	3748.62	3747.30	
3746.68	3735.86	3725.74	3727.06	3744.06	3741.96	3741.28	3738.48	3732.06	3720.36	3736.92	3732.94	3740.80	3741.80	3757.70	3714.16	

*******************************************2025/07/28;04:54:56
Probe number 673
Concentration entered by User 2.12% (Compensated: 2.99% at temperature 31.4)
1294.14	1311.24	1323.76	1337.38	1353.92	1368.12	1385.80	1402.32	1422.78	1443.02	1466.78	1490.22	1518.46	1549.28	1569.80	1589.88	
1612.62	1656.00	1691.54	1741.40	1779.44	1819.22	1857.12	1895.44	1943.20	1983.54	2040.48	2094.68	2180.32	2263.22	2382.94	2531.18	
2707.10	2976.90	3275.08	3496.90	3622.60	3670.62	3684.86	3688.48	3690.10	3701.06	3706.88	3710.08	3699.20	3696.76	3700.90	3699.10	
3695.12	3724.36	3713.30	3716.70	3719.44	3723.36	3725.94	3721.48	3723.18	3725.70	3722.02	3721.32	3725.10	3721.18	3717.62	3728.76	
3732.86	3735.66	3735.08	3735.50	3726.06	3728.94	3725.14	3720.12	3729.68	3721.66	3732.90	3727.58	3735.48	3736.00	3734.08	3739.34	
3739.06	3742.84	3741.08	3737.80	3746.08	3747.22	3741.50	3748.10	3739.58	3749.34	3746.76	3746.06	3753.30	3752.76	3753.54	3758.16	
3757.22	3637.60	3710.16	3747.10	3748.28	3750.22	3751.64	3756.38	3752.96	3746.20	3752.22	3750.54	3753.90	3756.20	3751.38	3750.24	
3749.96	3739.12	3729.08	3730.64	3747.08	3745.06	3744.40	3741.40	3735.70	3723.88	3740.52	3736.16	3743.92	3745.40	3760.44	3718.04	

*******************************************2025/07/28;04:59:56
Probe number 674
Concentration entered by User 2.13% (Compensated: 2.99% at temperature 31.4)
1295.42	1312.86	1324.56	1338.36	1355.08	1369.40	1386.30	1402.54	1422.78	1441.88	1465.54	1489.08	1518.42	1547.78	1570.18	1591.46	
1613.86	1656.84	1693.68	1744.00	1780.16	1821.98	1855.42	1896.62	1943.22	1982.72	2036.50	2094.64	2183.64	2259.78	2379.28	2522.98	
2711.86	2970.88	3270.62	3498.52	3622.66	3671.02	3685.22	3689.40	3690.88	3701.60	3707.60	3710.68	3699.94	3697.66	3701.60	3699.46	
3695.76	3724.70	3713.84	3717.36	3720.10	3723.80	3726.48	3721.96	3723.74	3726.12	3722.56	3722.02	3725.58	3721.50	3717.98	3729.54	
3733.30	3736.32	3735.58	3735.88	3726.64	3729.44	3725.60	3720.54	3730.00	3722.22	3733.16	3728.02	3735.90	3736.30	3734.62	3739.74	
3740.04	3743.26	3741.36	3738.20	3746.48	3747.64	3741.96	3748.28	3740.20	3750.04	3747.14	3746.38	3753.90	3753.10	3753.90	3758.42	
3757.70	3638.56	3710.64	3747.58	3748.72	3750.66	3752.34	3756.80	3753.40	3746.60	3752.74	3750.82	3754.02	3756.50	3751.98	3750.86	
3750.58	3739.96	3729.64	3731.22	3747.78	3745.80	3744.68	3742.02	3736.22	3724.38	3740.98	3737.02	3744.26	3745.82	3760.80	3718.64	

*******************************************2025/07/28;05:04:56
Probe number 675
Concentration entered by User 2.12% (Compensated: 2.99% at temperature 31.4)
1295.20	1312.52	1324.86	1339.20	1354.88	1369.18	1387.36	1403.26	1423.42	1441.58	1465.54	1490.24	1518.70	1549.06	1571.74	1592.24	
1614.72	1656.30	1694.42	1744.38	1781.10	1821.20	1856.56	1896.32	1938.04	1983.66	2030.22	2093.06	2184.74	2263.94	2381.30	2525.46	
2707.84	2967.70	3274.92	3501.52	3621.68	3671.86	3685.62	3689.12	3690.90	3702.32	3707.32	3710.80	3700.18	3697.88	3702.04	3699.78	
3695.94	3725.32	3714.54	3717.64	3720.42	3723.90	3726.60	3722.00	3724.06	3726.36	3722.86	3722.06	3725.90	3721.88	3718.78	3729.68	
3733.32	3736.48	3735.66	3736.12	3726.66	3729.68	3725.68	3720.66	3730.14	3722.42	3733.70	3728.50	3735.88	3736.68	3734.86	3739.92	
3739.98	3743.50	3741.72	3738.56	3746.52	3747.88	3742.02	3748.74	3740.32	3750.18	3747.48	3746.76	3753.88	3752.98	3754.06	3758.40	
3757.86	3638.66	3710.82	3747.84	3749.10	3750.84	3752.14	3756.90	3753.46	3746.78	3753.00	3750.94	3754.08	3756.84	3752.04	3750.84	
3750.54	3739.82	3730.06	3731.48	3747.88	3746.04	3745.04	3741.96	3736.46	3724.46	3741.06	3737.22	3744.60	3745.72	3761.14	3718.38	

*******************************************2025/07/28;05:09:56
Probe number 676
Concentration entered by User 2.13% (Compensated: 3.00% at temperature 31.4)
1294.90	1312.42	1324.14	1338.00	1353.36	1367.92	1386.54	1402.14	1422.42	1441.12	1464.44	1487.74	1517.38	1547.12	1569.02	1589.92	
1613.64	1656.06	1691.76	1740.56	1774.92	1817.50	1858.88	1893.98	1939.94	1978.74	2035.58	2100.60	2179.68	2257.80	2384.76	2526.44	
2698.90	2970.24	3272.32	3498.18	3620.28	3669.34	3683.44	3687.14	3689.10	3700.28	3706.08	3709.34	3698.68	3696.30	3700.00	3698.34	
3694.40	3723.74	3712.90	3715.94	3718.80	3722.46	3725.08	3720.64	3722.32	3724.88	3721.14	3720.42	3724.00	3720.28	3716.90	3728.38	
3732.18	3735.08	3734.30	3734.86	3725.36	3728.10	3724.38	3719.26	3728.66	3721.32	3732.34	3726.84	3734.58	3735.38	3733.52	3738.46	
3738.64	3742.26	3740.42	3737.20	3745.44	3746.66	3740.68	3747.28	3739.20	3749.12	3746.34	3745.30	3752.96	3751.98	3753.00	3757.50	
3756.50	3636.54	3709.10	3746.48	3747.98	3749.82	3751.12	3755.70	3752.58	3745.38	3751.82	3749.68	3753.20	3755.60	3750.78	3749.70	
3749.32	3738.76	3728.64	3729.88	3746.54	3744.42	3743.94	3740.94	3734.66	3723.30	3740.02	3735.54	3743.46	3744.70	3759.82	3717.44	

*******************************************2025/07/28;05:14:56
Probe number 677
Concentration entered by User 2.11% (Compensated: 2.97% at temperature 31.3)
1295.04	1313.10	1325.44	1339.84	1356.20	1371.32	1388.04	1403.72	1423.98	1443.20	1467.98	1492.10	1521.04	1549.24	1571.36	1592.42	
1616.78	1655.52	1691.98	1745.46	1782.70	1824.20	1862.64	1899.40	1941.78	1983.72	2036.38	2099.36	2179.14	2261.28	2378.46	2538.28	
2721.36	2977.26	3271.18	3502.66	3627.36	3673.10	3687.78	3691.66	3694.02	3704.54	3710.20	3714.12	3703.34	3701.14	3705.00	3702.68	
3699.36	3727.92	3717.26	3720.36	3723.08	3726.98	3729.26	3725.26	3726.86	3728.96	3725.74	3725.00	3728.18	3724.42	3721.26	3732.34	
3735.82	3738.76	3737.94	3738.50	3729.34	3732.24	3728.56	3723.32	3732.84	3725.12	3736.20	3731.36	3738.38	3739.20	3737.24	3742.16	
3742.44	3745.92	3744.10	3741.08	3748.92	3750.06	3744.50	3750.96	3742.88	3752.62	3749.92	3748.84	3756.28	3755.76	3756.26	3760.48	
3760.04	3642.24	3713.64	3750.16	3751.24	3753.18	3754.46	3758.96	3755.64	3749.14	3754.98	3753.38	3756.32	3758.84	3754.32	3753.16	
3752.88	3742.42	3732.56	3733.92	3750.12	3748.24	3747.62	3744.44	3739.00	3727.24	3743.20	3739.84	3747.30	3748.04	3763.02	3721.34	

*******************************************2025/07/28;05:19:56
Probe number 678
Concentration entered by User 2.11% (Compensated: 2.97% at temperature 31.3)
1294.40	1312.00	1324.16	1338.52	1354.80	1367.80	1385.58	1402.56	1422.68	1440.42	1465.04	1490.12	1518.50	1546.96	1568.50	1590.32	
1615.36	1655.14	1692.14	1740.22	1776.46	1818.98	1856.68	1896.32	1941.50	1983.96	2031.04	2088.92	2179.08	2260.86	2380.22	2535.60	
2715.46	2974.82	3275.76	3503.06	3625.76	3671.54	3685.60	3688.80	3690.40	3701.70	3707.26	3710.20	3699.34	3697.22	3701.28	3698.68	
3695.14	3724.50	3713.92	3717.24	3719.88	3723.52	3726.14	3721.58	3723.16	3725.78	3722.32	3721.42	3724.98	3720.96	3717.66	3728.84	
3732.74	3735.82	3734.78	3735.50	3725.96	3729.06	3724.92	3719.48	3729.52	3721.72	3732.80	3727.80	3735.28	3735.82	3734.24	3739.32	
3739.30	3742.94	3740.92	3737.76	3745.96	3747.08	3741.34	3747.92	3739.50	3749.80	3746.64	3746.06	3753.50	3752.40	3753.28	3757.94	
3757.12	3637.64	3709.90	3747.18	3748.30	3750.08	3751.82	3756.30	3752.82	3746.32	3752.18	3750.62	3753.74	3756.06	3751.56	3750.18	
3749.98	3739.34	3729.32	3730.52	3747.10	3745.22	3744.42	3741.44	3735.68	3723.86	3740.22	3736.42	3743.94	3744.90	3760.54	3718.18	

*******************************************2025/07/28;05:24:56
Probe number 679
Concentration entered by User 2.11% (Compensated: 2.97% at temperature 31.3)
1294.94	1313.06	1325.76	1338.86	1354.78	1368.56	1386.94	1402.84	1422.92	1441.46	1466.70	1491.58	1517.70	1548.90	1571.66	1591.66	
1614.92	1653.62	1690.18	1741.02	1777.84	1816.78	1855.38	1898.18	1946.36	1984.46	2032.04	2097.70	2180.94	2261.18	2384.20	2542.46	
2720.62	2980.68	3275.44	3500.72	3624.76	3672.74	3687.64	3690.30	3691.50	3703.00	3708.30	3711.22	3700.34	3698.00	3702.10	3699.70	
3695.82	3724.98	3714.08	3717.32	3720.24	3724.04	3726.62	3722.08	3724.18	3726.14	3722.54	3721.78	3725.40	3721.60	3718.18	3729.34	
3733.30	3736.06	3735.26	3735.96	3726.52	3729.52	3725.56	3720.24	3729.88	3721.94	3733.16	3728.24	3735.52	3736.34	3734.56	3739.22	
3739.56	3743.10	3741.18	3738.20	3746.48	3747.62	3741.44	3748.24	3739.94	3750.08	3747.36	3746.18	3753.86	3752.86	3753.78	3758.38	
3757.56	3638.26	3710.58	3747.34	3748.80	3750.46	3751.80	3756.82	3753.30	3746.52	3752.44	3750.70	3754.04	3756.62	3751.56	3750.56	
3750.06	3739.64	3729.72	3730.90	3747.54	3745.52	3744.88	3741.78	3735.76	3724.26	3740.64	3736.76	3744.62	3745.52	3760.96	3718.28	

*******************************************2025/07/28;05:29:56
Probe number 680
Concentration entered by User 2.16% (Compensated: 3.02% at temperature 31.3)
1293.68	1311.18	1323.40	1337.28	1353.06	1368.56	1385.80	1402.54	1422.86	1439.92	1463.92	1487.92	1516.66	1547.28	1567.18	1589.36	
1613.04	1653.64	1689.20	1740.76	1774.88	1812.62	1853.46	1892.62	1937.04	1980.26	2028.52	2099.26	2177.82	2259.64	2382.54	2530.78	
2714.64	2968.78	3259.04	3487.26	3620.00	3665.44	3680.06	3684.40	3685.72	3697.62	3702.92	3706.04	3694.86	3692.28	3696.70	3694.10	
3690.30	3720.58	3709.26	3712.88	3715.54	3719.24	3722.04	3717.06	3719.16	3721.52	3718.02	3716.94	3720.44	3716.74	3713.10	3724.90	
3728.66	3731.82	3731.06	3731.42	3722.14	3724.66	3720.68	3715.48	3725.18	3717.22	3728.48	3723.56	3731.30	3732.18	3729.92	3735.14	
3735.50	3739.20	3737.30	3733.98	3742.34	3743.44	3737.62	3744.22	3735.82	3745.68	3742.94	3742.62	3749.80	3749.18	3750.10	3754.52	
3753.92	3631.54	3705.06	3743.56	3744.70	3746.66	3748.16	3752.96	3749.60	3742.40	3748.66	3746.94	3750.30	3752.86	3747.94	3746.74	
3746.56	3735.38	3725.40	3726.32	3743.54	3741.34	3740.64	3737.56	3731.46	3719.48	3736.30	3732.00	3740.00	3741.24	3757.30	3713.74	

*******************************************2025/07/28;05:34:56
Probe number 681
Concentration entered by User 2.12% (Compensated: 2.98% at temperature 31.3)
1293.58	1311.30	1323.58	1337.96	1354.42	1368.64	1386.54	1401.50	1421.72	1440.42	1465.16	1490.56	1518.96	1547.44	1567.42	1588.80	
1612.84	1655.34	1690.86	1741.50	1778.02	1820.90	1855.62	1894.64	1937.86	1981.94	2037.64	2095.94	2177.10	2255.94	2379.32	2530.56	
2713.40	2966.70	3275.22	3498.10	3623.50	3669.72	3683.68	3686.82	3688.10	3700.18	3706.24	3709.26	3697.84	3695.38	3699.50	3697.38	
3693.64	3722.80	3711.98	3715.46	3718.24	3721.60	3724.28	3719.42	3721.26	3723.56	3719.82	3719.30	3723.02	3719.14	3715.78	3726.98	
3731.04	3734.24	3733.10	3733.72	3724.28	3726.86	3723.02	3717.94	3727.30	3719.44	3731.00	3725.90	3733.40	3734.02	3731.82	3737.00	
3737.28	3741.12	3739.16	3735.80	3744.12	3745.54	3739.52	3746.30	3737.88	3748.04	3745.08	3744.26	3751.76	3750.84	3751.82	3756.48	
3755.58	3635.04	3708.06	3745.42	3746.62	3748.56	3750.02	3754.60	3751.14	3744.30	3750.70	3748.82	3752.10	3754.72	3749.86	3748.72	
3748.44	3737.50	3727.48	3728.64	3745.50	3743.32	3742.80	3739.50	3733.58	3721.80	3738.40	3734.46	3742.06	3743.16	3759.30	3715.82	

*******************************************2025/07/28;05:39:56
Probe number 682
Concentration entered by User 2.14% (Compensated: 2.99% at temperature 31.2)
1293.46	1311.52	1324.22	1338.50	1354.86	1369.42	1386.16	1400.94	1421.38	1441.16	1465.40	1490.00	1517.70	1546.86	1568.26	1589.68	
1613.18	1652.82	1687.64	1740.42	1775.10	1813.84	1852.64	1894.20	1940.48	1986.60	2035.38	2093.22	2172.22	2254.38	2383.62	2537.74	
2715.62	2972.00	3266.94	3494.94	3619.26	3668.12	3684.14	3687.62	3689.34	3700.98	3706.02	3709.08	3698.38	3695.50	3699.50	3697.26	
3693.70	3723.06	3712.50	3715.50	3718.24	3721.94	3724.70	3720.08	3721.74	3724.38	3720.44	3719.66	3723.20	3719.66	3715.94	3727.50	
3731.16	3734.30	3733.42	3733.74	3724.78	3727.10	3723.18	3717.98	3727.92	3719.90	3731.08	3725.98	3733.70	3734.34	3732.50	3737.80	
3737.84	3741.62	3739.72	3736.02	3744.54	3745.66	3739.70	3746.56	3738.12	3748.02	3745.28	3744.54	3751.82	3751.08	3751.80	3756.58	
3755.92	3635.34	3707.94	3745.50	3746.98	3748.56	3750.28	3755.02	3751.76	3744.54	3750.86	3749.12	3752.34	3754.92	3749.94	3748.82	
3748.30	3737.78	3727.76	3728.94	3745.62	3743.50	3743.18	3739.94	3733.98	3721.98	3738.68	3734.74	3742.42	3743.78	3758.96	3715.80	

*******************************************2025/07/28;05:44:56
Probe number 683
Concentration entered by User 2.14% (Compensated: 2.99% at temperature 31.2)
1292.20	1310.68	1323.36	1337.26	1352.30	1367.14	1384.22	1400.30	1422.10	1439.76	1464.30	1489.64	1517.60	1545.56	1567.80	1590.68	
1614.26	1653.98	1687.94	1738.72	1775.96	1817.72	1854.92	1894.80	1941.72	1980.86	2029.22	2098.10	2180.14	2257.64	2379.16	2528.20	
2699.02	2964.70	3270.38	3494.04	3621.14	3668.84	3683.56	3688.08	3689.92	3700.80	3706.20	3709.38	3698.02	3695.70	3699.84	3697.68	
3693.76	3723.20	3712.94	3715.28	3718.18	3721.74	3725.08	3719.78	3721.72	3724.30	3720.50	3719.92	3723.28	3719.42	3715.58	3727.62	
3731.44	3733.98	3733.54	3733.74	3724.60	3726.88	3723.50	3718.00	3727.74	3719.96	3731.00	3726.16	3733.74	3734.62	3732.26	3737.86	
3738.10	3741.68	3739.68	3736.44	3744.88	3745.66	3740.22	3746.62	3738.24	3748.24	3745.60	3744.38	3752.36	3750.92	3752.14	3756.48	
3755.92	3635.18	3708.00	3745.66	3746.90	3748.86	3750.24	3755.26	3751.56	3744.62	3750.68	3749.10	3752.32	3754.84	3750.24	3748.90	
3748.78	3737.94	3727.94	3729.00	3745.80	3743.86	3742.80	3740.10	3733.98	3721.84	3738.76	3734.60	3742.32	3743.64	3759.26	3715.90	

*******************************************2025/07/28;05:49:56
Probe number 684
Concentration entered by User 2.15% (Compensated: 3.00% at temperature 31.2)
1293.04	1311.12	1323.86	1337.78	1354.02	1367.74	1385.44	1400.42	1421.06	1440.12	1463.70	1488.42	1514.88	1545.10	1566.58	1588.98	
1613.32	1657.58	1690.96	1739.32	1775.92	1814.62	1850.04	1891.10	1934.76	1979.92	2031.88	2097.50	2174.60	2252.06	2381.84	2541.38	
2717.22	2966.38	3262.10	3492.68	3618.22	3667.54	3682.76	3686.54	3688.48	3699.84	3705.02	3708.52	3697.20	3694.36	3698.64	3695.86	
3692.52	3722.44	3711.26	3714.30	3717.18	3720.74	3723.40	3718.78	3720.58	3722.80	3719.38	3718.60	3722.08	3718.48	3714.84	3726.26	
3730.02	3733.22	3732.30	3732.58	3723.32	3726.22	3722.24	3716.88	3726.58	3718.42	3730.14	3724.96	3732.78	3733.36	3731.50	3736.92	
3736.68	3740.42	3738.64	3735.38	3743.58	3744.96	3738.86	3745.52	3737.20	3747.30	3744.50	3743.34	3751.14	3750.30	3751.10	3755.68	
3754.70	3633.42	3707.02	3744.52	3745.98	3747.64	3749.18	3754.38	3750.54	3743.78	3749.94	3748.06	3751.54	3754.18	3749.16	3747.64	
3747.56	3736.86	3726.58	3728.00	3744.74	3742.64	3741.76	3739.24	3732.86	3720.66	3737.46	3733.66	3741.42	3742.36	3758.26	3714.86	

*******************************************2025/07/28;05:54:56
Probe number 685
Concentration entered by User 2.13% (Compensated: 2.98% at temperature 31.2)
1292.92	1311.06	1323.00	1336.38	1353.42	1367.44	1384.72	1401.34	1421.22	1440.50	1463.94	1488.54	1515.72	1546.00	1566.64	1590.64	
1614.60	1655.40	1691.86	1743.34	1774.40	1814.88	1853.10	1891.18	1935.68	1979.22	2033.46	2097.98	2178.88	2255.68	2376.14	2531.58	
2714.12	2975.52	3267.48	3495.02	3619.24	3667.58	3682.02	3686.78	3689.00	3700.10	3705.66	3708.84	3697.52	3694.78	3698.88	3696.62	
3692.92	3722.52	3711.58	3714.90	3717.46	3721.02	3724.04	3719.22	3721.12	3723.64	3719.62	3719.00	3722.32	3718.44	3715.02	3726.92	
3730.50	3733.60	3732.54	3733.30	3723.80	3726.70	3722.74	3717.12	3726.94	3719.10	3730.30	3725.30	3732.96	3733.92	3731.44	3737.00	
3737.06	3740.72	3738.96	3735.74	3743.96	3744.92	3738.96	3745.80	3737.36	3747.40	3744.32	3743.72	3751.26	3750.52	3751.38	3755.96	
3755.06	3634.08	3707.16	3744.86	3746.14	3748.04	3749.50	3754.34	3750.88	3743.84	3750.30	3748.22	3751.76	3754.24	3749.50	3748.20	
3747.92	3737.08	3726.70	3728.06	3744.80	3743.16	3742.32	3739.32	3733.14	3720.88	3738.08	3733.90	3741.76	3742.92	3758.60	3715.58	

*******************************************2025/07/28;05:59:56
Probe number 686
Concentration entered by User 2.14% (Compensated: 2.99% at temperature 31.2)
1294.24	1311.68	1323.74	1337.28	1353.30	1367.50	1385.32	1401.84	1422.62	1441.12	1463.82	1487.48	1516.34	1548.00	1569.36	1592.24	
1616.18	1657.82	1691.18	1741.26	1778.88	1817.50	1855.82	1896.84	1937.18	1979.48	2033.94	2096.80	2174.64	2256.60	2382.42	2530.58	
2707.94	2963.58	3270.08	3496.48	3622.86	3669.98	3683.60	3687.74	3689.52	3700.42	3706.28	3709.48	3697.60	3695.58	3699.62	3697.24	
3693.34	3723.18	3712.22	3715.40	3717.72	3721.92	3724.44	3719.62	3721.34	3723.88	3720.36	3719.38	3722.90	3718.98	3715.58	3727.12	
3730.70	3733.98	3733.14	3733.66	3723.86	3726.94	3723.02	3717.84	3727.44	3719.50	3730.68	3725.52	3733.38	3734.02	3731.72	3737.30	
3737.76	3741.16	3739.30	3736.06	3744.40	3745.22	3739.58	3746.30	3737.84	3747.98	3744.94	3744.20	3751.72	3750.98	3751.66	3756.16	
3755.38	3634.74	3707.74	3745.30	3746.86	3748.06	3750.02	3754.50	3751.28	3744.62	3750.52	3748.92	3752.16	3754.56	3749.94	3748.34	
3748.36	3737.52	3727.34	3728.64	3745.50	3743.26	3742.38	3739.54	3733.66	3721.60	3738.34	3734.38	3742.10	3742.90	3758.80	3715.52	

*******************************************2025/07/28;06:04:56
Probe number 687
Concentration entered by User 2.12% (Compensated: 2.97% at temperature 31.2)
1293.72	1311.42	1324.16	1338.34	1354.26	1368.76	1385.78	1401.26	1420.78	1440.10	1463.62	1489.78	1518.80	1548.36	1570.32	1591.62	
1614.86	1654.88	1687.54	1739.16	1777.48	1818.44	1856.94	1896.76	1936.78	1976.64	2031.28	2101.98	2180.24	2264.94	2384.22	2532.18	
2710.82	2970.30	3276.78	3498.48	3622.08	3670.80	3684.76	3689.48	3691.52	3701.78	3706.82	3710.02	3698.86	3696.18	3700.22	3697.54	
3694.12	3723.48	3712.60	3715.58	3718.36	3721.80	3724.52	3719.44	3722.02	3724.34	3720.70	3719.70	3723.24	3719.12	3715.92	3727.32	
3731.46	3734.28	3733.20	3734.08	3724.28	3727.16	3723.32	3717.76	3727.64	3720.12	3731.20	3725.88	3733.70	3734.38	3732.32	3737.36	
3737.84	3741.48	3739.20	3736.12	3744.60	3745.72	3739.72	3746.54	3737.86	3748.16	3745.08	3744.14	3751.90	3751.04	3751.94	3756.42	
3755.76	3635.00	3708.04	3745.52	3746.64	3748.70	3750.00	3754.72	3751.36	3744.52	3750.88	3749.04	3752.46	3754.90	3749.94	3748.76	
3748.38	3737.80	3727.80	3728.82	3745.68	3743.32	3742.86	3739.52	3733.84	3721.76	3738.86	3734.86	3742.10	3743.42	3759.20	3715.98	

*******************************************2025/07/28;06:09:56
Probe number 688
Concentration entered by User 2.14% (Compensated: 2.99% at temperature 31.1)
1293.20	1311.50	1324.34	1338.16	1355.08	1369.14	1385.04	1400.90	1422.36	1440.86	1464.86	1489.66	1517.22	1546.16	1569.12	1590.42	
1613.34	1654.66	1689.50	1741.60	1781.44	1817.58	1853.26	1891.70	1933.98	1978.64	2035.28	2095.40	2177.66	2250.98	2381.94	2534.74	
2715.02	2969.10	3265.98	3492.48	3624.28	3670.32	3684.34	3688.64	3690.64	3701.64	3706.66	3710.08	3698.86	3697.00	3700.54	3698.22	
3694.58	3723.92	3713.02	3716.00	3718.50	3721.88	3725.16	3719.90	3722.04	3724.14	3720.66	3720.12	3723.56	3719.78	3716.38	3727.82	
3731.56	3734.54	3733.84	3734.20	3724.88	3727.40	3723.72	3718.26	3728.10	3720.34	3731.16	3726.16	3734.04	3734.76	3732.70	3737.70	
3737.92	3741.58	3739.74	3736.78	3744.82	3745.86	3740.04	3746.68	3738.10	3748.34	3745.34	3744.58	3752.04	3751.34	3751.88	3756.66	
3755.76	3635.74	3708.30	3745.56	3746.88	3748.64	3750.34	3755.06	3751.84	3744.68	3751.06	3749.32	3752.70	3755.12	3750.48	3748.78	
3748.88	3737.94	3727.98	3729.00	3745.78	3743.86	3742.98	3740.10	3734.08	3721.90	3738.84	3734.84	3742.50	3743.88	3759.16	3716.22	

*******************************************2025/07/28;06:14:56
Probe number 689
Concentration entered by User 2.12% (Compensated: 2.96% at temperature 31.1)
1293.98	1312.24	1325.00	1338.18	1354.58	1368.90	1385.78	1400.80	1421.54	1440.68	1465.08	1489.90	1519.80	1548.48	1569.48	1591.90	
1615.06	1655.98	1689.24	1738.00	1776.54	1817.48	1856.20	1896.34	1936.58	1973.52	2032.58	2102.58	2190.02	2254.06	2379.20	2532.90	
2722.28	2974.82	3269.10	3501.52	3625.06	3671.80	3685.58	3689.84	3692.46	3703.10	3707.74	3710.54	3699.74	3696.86	3701.02	3698.58	
3694.92	3724.66	3713.48	3717.00	3719.10	3722.70	3725.52	3720.54	3722.50	3725.26	3721.54	3720.88	3724.00	3720.06	3716.92	3728.16	
3731.92	3734.78	3734.14	3734.72	3725.48	3727.98	3724.24	3719.22	3728.56	3720.60	3731.92	3727.08	3734.22	3735.28	3733.12	3738.28	
3738.64	3742.32	3740.32	3737.14	3745.32	3746.26	3740.64	3747.34	3738.62	3748.96	3745.92	3744.80	3752.68	3751.92	3752.36	3757.20	
3756.10	3636.64	3708.80	3746.18	3747.56	3749.28	3750.86	3755.74	3752.32	3745.20	3751.64	3749.54	3753.04	3755.48	3750.78	3749.66	
3749.14	3738.42	3728.50	3729.42	3746.14	3744.26	3743.36	3740.66	3734.50	3722.48	3739.16	3735.30	3743.04	3744.10	3759.74	3717.08	

*******************************************2025/07/28;06:19:56
Probe number 690
Concentration entered by User 2.14% (Compensated: 2.98% at temperature 31.0)
1293.06	1310.84	1323.22	1337.24	1352.62	1366.44	1383.70	1400.70	1420.42	1439.30	1462.98	1488.72	1517.36	1547.94	1568.46	1588.20	
1613.62	1653.30	1689.66	1740.70	1780.36	1815.86	1852.44	1892.36	1937.92	1978.36	2036.72	2096.00	2171.64	2256.72	2382.48	2531.86	
2710.26	2969.72	3266.26	3495.96	3617.76	3668.36	3684.10	3687.32	3689.82	3700.52	3706.16	3709.42	3698.36	3695.66	3699.70	3697.04	
3693.44	3723.26	3712.24	3714.68	3717.68	3721.54	3724.32	3719.46	3721.36	3723.60	3720.02	3719.28	3722.60	3718.78	3715.56	3727.04	
3730.82	3733.52	3732.92	3733.24	3723.92	3726.30	3722.62	3717.30	3726.80	3719.14	3730.44	3725.78	3733.08	3733.88	3731.60	3737.04	
3737.04	3740.72	3738.96	3735.58	3744.14	3745.14	3739.48	3746.00	3737.36	3747.42	3744.74	3743.66	3751.24	3750.46	3751.52	3756.12	
3755.02	3633.72	3707.08	3744.70	3745.72	3747.96	3749.32	3754.34	3750.82	3743.70	3750.40	3748.50	3751.68	3754.26	3749.32	3748.48	
3748.02	3736.86	3727.20	3727.98	3745.00	3742.92	3742.38	3738.92	3733.04	3720.72	3737.78	3734.02	3741.66	3742.78	3758.42	3715.42	

*******************************************2025/07/28;06:24:56
Probe number 691
Concentration entered by User 2.15% (Compensated: 2.98% at temperature 31.0)
1292.82	1311.06	1323.74	1337.46	1353.78	1367.32	1384.74	1400.26	1420.44	1439.92	1463.50	1489.02	1516.78	1546.54	1566.86	1590.62	
1612.96	1653.10	1692.96	1739.32	1775.18	1814.80	1855.26	1892.50	1937.92	1980.54	2032.56	2088.74	2175.18	2250.72	2382.50	2520.56	
2690.74	2970.66	3267.78	3492.74	3619.30	3667.66	3683.20	3688.42	3690.80	3701.32	3706.60	3709.20	3697.70	3695.26	3699.04	3696.86	
3693.34	3723.46	3712.38	3715.20	3717.94	3721.74	3724.06	3719.34	3721.30	3723.76	3720.36	3719.14	3722.42	3718.76	3715.32	3726.80	
3730.80	3733.66	3733.12	3733.32	3723.96	3726.48	3722.94	3717.50	3727.12	3718.90	3730.36	3725.40	3732.76	3733.74	3731.54	3736.88	
3737.14	3740.78	3738.88	3735.56	3744.10	3745.14	3739.24	3745.78	3737.36	3747.62	3744.78	3743.64	3751.10	3750.52	3751.18	3756.14	
3755.06	3634.18	3707.24	3744.68	3746.16	3747.86	3749.40	3754.24	3751.10	3744.02	3750.34	3748.20	3751.90	3754.42	3749.46	3748.46	
3748.14	3737.00	3726.98	3728.22	3744.90	3742.96	3742.22	3739.20	3733.22	3720.78	3737.86	3733.74	3741.46	3742.62	3758.24	3714.96	

*******************************************2025/07/28;06:29:56
Probe number 692
Concentration entered by User 2.15% (Compensated: 2.99% at temperature 31.1)
1293.06	1310.86	1324.68	1337.96	1353.04	1367.84	1384.94	1400.88	1420.72	1439.64	1462.44	1489.60	1517.30	1546.32	1565.52	1589.04	
1615.20	1654.56	1691.48	1738.78	1774.70	1814.18	1854.24	1894.94	1937.98	1982.08	2039.12	2093.34	2175.58	2259.92	2390.28	2531.58	
2699.60	2975.48	3266.32	3490.72	3618.78	3666.76	3683.76	3688.54	3689.92	3701.34	3706.72	3709.62	3698.00	3695.04	3699.08	3696.78	
3693.34	3722.98	3712.28	3715.00	3717.38	3721.16	3723.86	3719.08	3720.68	3723.36	3719.74	3718.80	3722.52	3718.74	3715.06	3726.52	
3730.52	3733.46	3732.62	3733.40	3723.62	3726.28	3722.86	3717.18	3726.98	3719.06	3730.30	3725.30	3732.74	3733.70	3731.84	3736.92	
3737.20	3740.58	3738.76	3735.36	3743.80	3745.06	3739.04	3745.84	3737.44	3747.18	3744.56	3743.58	3751.06	3750.32	3751.32	3755.86	
3755.26	3633.52	3707.00	3744.50	3746.02	3747.78	3749.24	3753.98	3750.96	3743.80	3749.98	3748.44	3751.80	3754.06	3749.14	3748.42	
3748.02	3737.12	3726.52	3727.98	3745.18	3742.56	3742.44	3738.70	3733.02	3720.76	3737.84	3733.66	3741.68	3742.66	3758.40	3714.96	

*******************************************2025/07/28;06:34:56
Probe number 693
Concentration entered by User 2.16% (Compensated: 3.01% at temperature 31.2)
1292.90	1310.72	1323.40	1338.02	1353.56	1367.30	1385.30	1401.36	1421.54	1438.80	1462.92	1487.08	1515.22	1544.86	1566.30	1589.10	
1613.56	1653.70	1686.84	1735.74	1773.78	1813.44	1850.34	1891.62	1939.12	1979.80	2030.60	2094.16	2179.64	2260.36	2377.00	2524.42	
2696.86	2968.02	3262.44	3488.66	3614.26	3660.96	3676.34	3681.18	3683.48	3694.44	3699.92	3703.54	3691.74	3689.16	3693.26	3690.92	
3687.16	3717.38	3706.16	3709.02	3711.78	3716.08	3718.26	3713.52	3715.66	3718.02	3714.34	3713.26	3717.16	3713.52	3709.36	3721.44	
3725.64	3728.50	3727.96	3728.26	3718.26	3721.30	3717.50	3711.58	3721.92	3713.90	3725.20	3720.16	3727.92	3728.74	3726.68	3731.92	
3732.28	3735.88	3734.32	3730.80	3739.24	3740.36	3734.44	3741.36	3732.64	3742.92	3740.10	3738.96	3746.90	3746.36	3747.24	3751.56	
3750.78	3626.30	3701.42	3740.40	3741.38	3743.54	3745.24	3750.04	3746.44	3739.58	3745.64	3744.00	3747.48	3750.14	3745.32	3744.00	
3743.58	3732.18	3721.38	3723.02	3740.18	3738.20	3737.46	3734.32	3728.20	3715.62	3733.18	3728.78	3736.72	3738.24	3754.54	3709.34	

*******************************************2025/07/28;06:39:56
Probe number 694
Concentration entered by User 2.17% (Compensated: 3.02% at temperature 31.2)
1295.50	1313.50	1326.08	1340.06	1355.56	1370.18	1388.14	1403.40	1423.30	1440.70	1464.94	1490.36	1517.94	1547.66	1568.84	1591.56	
1616.30	1658.76	1690.50	1740.58	1779.62	1817.74	1859.36	1895.20	1938.96	1983.68	2040.10	2102.64	2181.28	2268.32	2388.32	2529.06	
2707.60	2961.86	3257.00	3491.50	3616.30	3668.30	3683.32	3688.14	3690.06	3702.02	3706.88	3710.48	3699.20	3696.68	3700.84	3698.38	
3694.54	3724.16	3713.18	3716.26	3719.20	3722.60	3725.30	3720.16	3722.56	3724.84	3721.40	3720.64	3723.92	3720.50	3717.18	3728.14	
3732.18	3735.24	3734.16	3735.30	3725.38	3728.38	3724.48	3719.38	3728.74	3721.16	3732.16	3727.08	3734.68	3735.54	3733.66	3738.74	
3738.72	3742.32	3740.70	3737.64	3745.66	3746.68	3740.98	3747.16	3739.18	3748.96	3746.16	3745.28	3752.74	3752.16	3752.88	3757.38	
3757.02	3636.82	3709.90	3746.76	3747.96	3749.90	3751.24	3755.82	3752.50	3745.58	3752.12	3750.08	3753.28	3756.02	3751.28	3750.06	
3749.80	3739.14	3728.86	3730.20	3746.58	3744.76	3743.94	3740.88	3735.10	3723.38	3739.90	3736.10	3743.48	3744.56	3760.18	3717.46	

*******************************************2025/07/28;06:44:56
Probe number 695
Concentration entered by User 2.11% (Compensated: 2.97% at temperature 31.3)
1296.44	1315.28	1328.04	1341.06	1356.62	1370.48	1387.68	1403.26	1424.88	1443.94	1467.66	1492.82	1522.30	1550.10	1570.30	1594.66	
1618.68	1658.12	1691.26	1740.88	1780.42	1820.34	1862.54	1901.58	1950.26	1994.74	2041.18	2102.92	2187.64	2271.62	2388.48	2543.48	
2716.02	2985.44	3274.92	3499.68	3619.78	3670.44	3685.08	3690.30	3692.36	3703.52	3709.32	3712.82	3702.10	3699.04	3703.52	3700.94	
3697.32	3726.08	3715.24	3718.46	3721.06	3724.98	3727.66	3722.76	3724.68	3727.08	3723.72	3723.04	3726.20	3722.80	3719.04	3730.64	
3734.50	3737.44	3736.64	3737.08	3727.94	3730.80	3726.74	3721.82	3730.98	3723.68	3734.72	3729.60	3737.00	3737.40	3735.82	3740.92	
3740.94	3744.46	3742.68	3739.70	3747.60	3748.80	3743.12	3749.50	3741.10	3750.82	3748.38	3747.66	3754.92	3754.22	3755.08	3759.48	
3758.88	3640.74	3712.48	3749.10	3750.14	3751.86	3753.28	3757.84	3754.88	3747.84	3753.80	3752.20	3755.24	3757.90	3753.08	3751.92	
3751.80	3740.72	3731.42	3732.70	3749.12	3747.18	3746.22	3743.40	3737.22	3726.02	3742.44	3738.22	3745.74	3747.12	3762.14	3720.24	

*******************************************2025/07/28;06:49:56
Probe number 696
Concentration entered by User 2.14% (Compensated: 3.00% at temperature 31.4)
1295.96	1314.12	1327.06	1340.16	1356.84	1370.98	1387.58	1403.52	1423.88	1444.40	1468.90	1493.08	1520.84	1550.00	1571.94	1594.02	
1617.10	1659.50	1693.38	1740.38	1775.62	1819.98	1860.64	1899.26	1944.10	1991.12	2035.92	2108.92	2194.58	2266.16	2390.78	2540.82	
2710.46	2972.72	3270.96	3494.70	3619.02	3668.90	3684.76	3688.52	3691.30	3702.74	3707.80	3710.84	3699.44	3696.08	3699.96	3698.08	
3695.50	3724.82	3713.54	3717.06	3719.70	3723.66	3725.88	3721.28	3723.40	3725.94	3722.38	3721.84	3725.76	3721.80	3718.24	3729.92	
3733.32	3736.68	3735.84	3736.70	3727.00	3730.18	3726.22	3721.06	3730.48	3722.68	3733.88	3728.94	3736.46	3736.70	3735.32	3740.26	
3740.00	3743.82	3742.00	3739.00	3746.92	3747.96	3742.28	3748.72	3740.54	3750.46	3747.76	3746.64	3754.28	3753.38	3754.52	3758.84	
3758.10	3639.50	3711.12	3748.38	3749.48	3751.14	3752.72	3757.42	3754.16	3747.18	3753.32	3751.62	3754.62	3757.30	3752.56	3751.58	
3751.10	3740.58	3730.48	3732.12	3748.50	3746.36	3745.48	3742.60	3736.84	3725.28	3741.66	3737.70	3745.10	3746.42	3761.72	3719.56	

*******************************************2025/07/28;06:54:56
Probe number 697
Concentration entered by User 2.16% (Compensated: 3.03% at temperature 31.5)
1296.42	1314.28	1326.90	1340.58	1356.64	1370.92	1387.80	1403.26	1423.76	1441.74	1466.46	1492.28	1519.24	1547.48	1568.26	1592.00	
1616.78	1655.68	1691.48	1743.38	1781.90	1823.26	1859.60	1898.80	1940.92	1991.98	2038.12	2101.78	2190.92	2268.26	2385.36	2533.90	
2708.48	2964.10	3263.16	3493.36	3616.96	3667.56	3684.24	3688.28	3690.46	3702.02	3707.34	3710.22	3698.60	3694.98	3698.72	3696.94	
3693.86	3723.26	3712.36	3715.80	3718.84	3722.24	3724.70	3720.74	3722.46	3724.92	3721.44	3720.78	3724.78	3720.86	3717.50	3728.94	
3732.84	3735.78	3735.14	3735.90	3726.18	3729.04	3725.58	3720.80	3729.28	3722.26	3733.26	3728.22	3735.64	3736.12	3734.50	3739.48	
3739.42	3743.42	3741.44	3738.44	3746.62	3747.44	3741.48	3748.34	3740.08	3749.90	3746.94	3746.14	3753.80	3753.12	3753.88	3758.24	
3757.44	3638.70	3710.70	3747.66	3748.94	3750.84	3751.96	3756.78	3753.38	3746.96	3752.70	3750.94	3754.16	3756.72	3751.88	3750.60	
3750.42	3739.86	3729.74	3730.94	3747.86	3746.18	3745.04	3742.16	3736.02	3724.60	3740.88	3737.18	3744.74	3745.82	3760.86	3719.08	

*******************************************2025/07/28;06:59:56
Probe number 698
Concentration entered by User 2.16% (Compensated: 3.02% at temperature 31.4)
1296.52	1313.94	1326.50	1341.58	1357.18	1371.30	1388.22	1404.08	1424.22	1443.48	1467.44	1492.10	1519.90	1549.44	1570.60	1592.24	
1616.96	1658.12	1689.84	1742.34	1780.52	1822.54	1861.80	1899.66	1940.30	1984.88	2039.90	2104.84	2188.38	2268.36	2383.94	2533.14	
2719.80	2978.20	3260.60	3486.28	3613.88	3665.86	3682.26	3686.32	3689.88	3701.14	3705.86	3709.08	3698.14	3694.44	3698.08	3696.50	
3693.66	3723.52	3711.82	3715.58	3718.42	3721.82	3723.94	3720.00	3722.48	3724.84	3721.32	3720.84	3724.66	3720.54	3717.24	3728.46	
3732.46	3735.82	3734.78	3735.98	3726.20	3729.16	3725.26	3720.56	3729.58	3721.86	3733.12	3727.96	3735.60	3736.10	3734.26	3739.56	
3739.36	3742.92	3741.22	3738.10	3746.22	3747.06	3741.46	3748.18	3739.72	3749.62	3746.84	3746.02	3753.88	3752.60	3753.72	3757.96	
3757.46	3638.20	3710.42	3747.60	3748.80	3750.40	3752.00	3756.66	3753.22	3746.72	3752.50	3750.86	3753.98	3756.72	3751.74	3750.50	
3750.50	3739.52	3729.42	3730.92	3747.64	3745.64	3744.68	3741.92	3735.70	3724.62	3740.76	3736.98	3744.38	3745.80	3761.04	3719.08	

*******************************************2025/07/28;07:00:03
Probe number 699
Concentration entered by User 2.20% (Compensated: 3.07% at temperature 31.5)
1294.72	1312.68	1325.16	1338.96	1355.36	1369.92	1386.38	1401.50	1422.62	1442.16	1466.18	1489.12	1516.82	1547.78	1568.44	1591.08	
1614.82	1653.72	1687.22	1738.30	1781.56	1819.54	1856.12	1895.70	1941.32	1988.26	2039.86	2092.92	2180.98	2265.90	2381.22	2529.40	
2699.90	2966.36	3251.40	3479.12	3606.54	3660.12	3676.44	3681.08	3684.32	3695.42	3700.68	3704.02	3692.66	3689.30	3692.58	3691.30	
3688.48	3718.60	3706.74	3710.32	3713.54	3717.00	3719.40	3715.14	3718.04	3720.10	3716.36	3715.82	3719.74	3715.54	3712.36	3724.32	
3727.98	3731.32	3730.48	3731.38	3721.30	3724.44	3720.30	3714.90	3724.74	3717.10	3728.62	3723.44	3731.12	3731.54	3730.12	3735.42	
3735.08	3739.12	3736.96	3733.94	3741.94	3743.18	3737.08	3743.96	3735.44	3745.58	3742.94	3742.18	3749.78	3749.06	3749.78	3754.36	
3753.62	3631.68	3705.18	3743.42	3744.52	3746.66	3747.98	3752.86	3749.48	3742.46	3748.76	3746.72	3750.14	3752.70	3747.96	3746.68	
3746.08	3735.30	3725.28	3726.34	3743.86	3741.66	3740.38	3737.40	3731.54	3719.72	3736.46	3732.60	3740.42	3741.62	3757.02	3713.76	

*******************************************2025/07/28;07:04:56
Probe number 700
Concentration entered by User 2.14% (Compensated: 3.02% at temperature 31.5)
1296.50	1315.18	1327.74	1341.44	1357.24	1371.92	1388.38	1403.86	1424.22	1442.58	1467.58	1492.30	1519.80	1549.88	1570.74	1594.32	
1619.52	1658.86	1691.80	1742.38	1780.04	1821.38	1861.34	1900.44	1940.34	1993.52	2048.82	2107.06	2186.10	2272.20	2393.34	2536.76	
2714.44	2976.12	3266.28	3491.50	3615.18	3667.54	3683.30	3687.10	3690.42	3701.46	3706.08	3709.28	3698.08	3694.24	3698.36	3696.48	
3693.74	3723.66	3712.02	3715.46	3718.74	3721.60	3724.04	3720.18	3722.64	3725.16	3721.42	3720.68	3724.82	3721.00	3717.14	3729.08	
3732.72	3735.80	3735.10	3736.06	3726.36	3729.50	3725.62	3720.48	3729.52	3722.38	3733.36	3728.32	3735.92	3736.34	3734.52	3739.66	
3739.76	3743.52	3741.36	3738.56	3746.46	3747.44	3741.98	3748.10	3740.08	3749.76	3746.92	3746.38	3753.92	3753.12	3753.80	3758.24	
3757.72	3639.02	3710.52	3747.86	3749.22	3750.90	3752.28	3756.68	3753.42	3747.10	3752.80	3750.94	3754.20	3756.52	3751.88	3750.86	
3750.54	3740.16	3729.98	3731.48	3747.96	3745.82	3745.00	3742.12	3736.26	3724.72	3741.34	3736.98	3744.42	3746.24	3761.06	3719.12	

*******************************************2025/07/28;07:09:56
Probe number 701
Concentration entered by User 2.15% (Compensated: 3.04% at temperature 31.7)
1297.48	1316.04	1329.12	1341.92	1357.50	1372.42	1390.36	1405.64	1425.08	1443.44	1469.12	1493.30	1522.18	1551.58	1571.98	1591.94	
1616.48	1657.66	1691.38	1746.66	1782.48	1821.44	1861.94	1896.74	1944.74	1996.36	2046.38	2106.70	2186.88	2280.84	2405.06	2549.46	
2715.80	2970.62	3264.74	3493.12	3619.94	3670.78	3686.86	3690.38	3693.54	3704.86	3708.98	3712.34	3701.20	3697.66	3701.88	3700.10	
3697.50	3726.72	3715.40	3719.00	3721.86	3725.34	3727.68	3723.44	3726.30	3728.12	3724.78	3724.24	3728.30	3724.30	3720.92	3732.12	
3735.78	3738.92	3738.44	3738.80	3729.76	3732.66	3728.66	3723.72	3733.16	3725.66	3736.64	3731.56	3738.96	3739.18	3737.46	3742.66	
3742.62	3746.46	3744.16	3741.46	3749.14	3750.44	3744.78	3750.98	3742.88	3752.80	3749.90	3749.24	3756.62	3755.60	3756.54	3760.74	
3760.10	3643.32	3714.20	3750.68	3751.94	3753.16	3754.98	3759.50	3756.10	3749.58	3755.44	3753.40	3756.68	3759.10	3754.50	3753.34	
3753.08	3742.94	3732.90	3734.76	3750.46	3748.82	3747.74	3744.96	3739.10	3727.94	3744.08	3740.38	3747.34	3748.98	3763.72	3722.14	

*******************************************2025/07/28;07:14:56
Probe number 702
Concentration entered by User 2.16% (Compensated: 3.05% at temperature 31.7)
1295.60	1313.78	1326.48	1339.94	1355.86	1370.94	1387.38	1403.24	1424.64	1441.86	1464.72	1490.68	1518.90	1549.26	1571.00	1593.30	
1615.56	1655.02	1692.52	1743.66	1779.76	1814.32	1853.06	1900.48	1941.44	1987.14	2039.60	2098.56	2171.86	2262.12	2389.52	2532.16	
2716.02	2981.06	3260.80	3486.10	3609.40	3662.16	3679.82	3684.28	3687.04	3697.90	3702.86	3706.02	3694.68	3691.20	3695.40	3694.04	
3691.04	3720.98	3709.42	3712.54	3715.92	3719.50	3721.54	3717.56	3720.58	3722.58	3718.76	3718.34	3722.42	3718.46	3715.06	3727.04	
3730.38	3733.90	3733.24	3733.90	3724.36	3726.86	3723.36	3718.10	3727.44	3719.90	3731.24	3726.06	3733.74	3734.12	3732.38	3737.74	
3737.28	3741.44	3739.32	3736.30	3744.58	3745.48	3739.70	3746.32	3738.06	3748.12	3745.46	3744.44	3752.12	3751.10	3752.08	3756.42	
3755.98	3635.74	3708.06	3745.78	3746.68	3748.74	3750.30	3755.16	3751.42	3744.90	3750.80	3749.00	3752.34	3754.92	3749.88	3748.96	
3748.38	3737.86	3727.80	3729.34	3745.98	3744.22	3743.10	3740.10	3733.98	3722.58	3739.14	3735.36	3742.72	3744.02	3759.32	3716.74	

*******************************************2025/07/28;07:19:56
Probe number 703
Concentration entered by User 2.17% (Compensated: 3.07% at temperature 31.7)
1295.74	1314.06	1327.26	1341.04	1356.54	1371.36	1388.00	1402.74	1423.44	1443.02	1466.08	1491.06	1520.10	1550.00	1571.40	1592.32	
1616.30	1656.26	1690.90	1742.04	1779.18	1816.78	1857.96	1900.88	1944.48	1986.94	2035.30	2106.56	2191.82	2265.38	2390.06	2549.50	
2715.24	2973.44	3253.10	3487.52	3614.08	3667.98	3683.76	3687.38	3690.26	3701.02	3706.04	3709.54	3698.16	3695.28	3698.50	3697.28	
3694.32	3723.74	3712.86	3716.00	3718.80	3722.40	3724.92	3720.82	3723.74	3725.86	3721.90	3721.34	3725.28	3721.08	3718.06	3729.56	
3733.60	3736.62	3735.94	3736.54	3727.14	3730.16	3726.44	3721.18	3730.46	3722.86	3733.98	3729.08	3736.56	3737.28	3735.32	3740.34	
3740.30	3744.08	3742.44	3739.30	3747.08	3748.26	3742.86	3748.74	3740.58	3750.66	3748.06	3747.04	3754.38	3753.56	3754.72	3758.76	
3758.12	3639.82	3711.60	3748.42	3749.52	3751.48	3752.82	3757.34	3754.06	3747.52	3753.54	3751.56	3754.98	3757.36	3752.52	3751.70	
3750.92	3740.56	3730.78	3732.24	3748.54	3746.64	3745.64	3742.98	3737.02	3725.66	3742.06	3737.94	3745.34	3746.60	3761.52	3720.04	

*******************************************2025/07/28;07:24:56
Probe number 704
Concentration entered by User 2.16% (Compensated: 3.06% at temperature 31.7)
1296.54	1314.36	1326.66	1341.62	1357.42	1371.24	1388.84	1403.96	1423.96	1441.80	1466.50	1491.96	1520.16	1550.18	1570.16	1590.74	
1616.38	1656.12	1690.38	1741.40	1779.74	1816.46	1859.34	1897.64	1943.64	1990.04	2045.90	2114.22	2194.18	2276.16	2403.96	2548.88	
2715.58	2975.66	3255.74	3491.74	3615.80	3669.24	3686.60	3690.98	3692.66	3703.82	3708.84	3711.98	3700.80	3697.38	3701.38	3699.36	
3696.98	3726.12	3715.12	3718.36	3721.58	3724.82	3727.40	3722.90	3725.70	3727.80	3724.18	3723.86	3727.52	3724.00	3720.50	3731.98	
3735.36	3738.40	3737.74	3738.66	3728.98	3732.22	3728.46	3723.50	3732.66	3725.12	3735.96	3731.06	3738.78	3738.80	3737.44	3742.54	
3742.26	3745.84	3743.92	3741.18	3749.04	3749.82	3744.32	3750.40	3742.86	3752.48	3749.88	3748.84	3756.30	3755.44	3756.26	3760.56	
3759.94	3642.76	3713.98	3750.14	3751.40	3753.00	3754.64	3759.22	3755.98	3749.24	3755.18	3753.52	3756.62	3758.88	3754.46	3753.36	
3753.00	3742.36	3732.64	3734.12	3750.50	3748.42	3747.72	3744.62	3738.76	3727.92	3743.90	3739.64	3747.04	3748.46	3763.32	3721.96	

*******************************************2025/07/28;07:29:56
Probe number 705
Concentration entered by User 2.19% (Compensated: 3.08% at temperature 31.7)
1295.24	1313.54	1326.30	1339.96	1355.62	1369.78	1388.12	1402.58	1422.02	1441.36	1467.24	1491.18	1518.40	1547.98	1569.54	1592.64	
1616.70	1655.40	1691.06	1738.84	1776.86	1817.50	1855.78	1898.60	1940.66	1988.82	2047.22	2112.60	2193.22	2272.20	2398.82	2549.80	
2723.12	2966.90	3246.24	3484.38	3613.94	3667.70	3683.10	3687.46	3690.10	3701.20	3705.58	3708.86	3697.86	3694.34	3698.30	3696.80	
3694.12	3723.42	3711.78	3715.58	3718.20	3721.68	3724.32	3719.80	3722.76	3724.78	3721.24	3720.82	3725.24	3720.76	3717.40	3729.24	
3732.70	3736.08	3735.16	3735.92	3726.66	3729.64	3725.48	3720.82	3729.64	3722.52	3733.48	3728.46	3736.08	3736.42	3734.70	3739.92	
3739.78	3743.72	3741.54	3738.60	3746.58	3747.54	3741.84	3748.58	3740.46	3750.38	3747.30	3746.54	3754.28	3753.08	3754.28	3758.42	
3757.96	3638.80	3710.88	3747.96	3749.18	3751.10	3752.56	3757.16	3753.74	3747.12	3753.04	3751.52	3754.32	3756.86	3752.10	3751.08	
3750.70	3740.12	3730.36	3731.94	3748.16	3746.28	3745.42	3742.58	3736.66	3725.00	3741.50	3737.56	3745.18	3746.42	3761.24	3719.40	

*******************************************2025/07/28;07:34:56
Probe number 706
Concentration entered by User 2.15% (Compensated: 3.04% at temperature 31.7)
1295.14	1313.84	1326.84	1341.14	1357.12	1371.54	1388.16	1402.92	1423.04	1443.92	1467.08	1491.78	1519.04	1548.40	1570.52	1592.44	
1618.70	1657.64	1688.22	1742.62	1779.32	1820.06	1856.62	1899.78	1945.52	1991.68	2045.44	2108.56	2185.78	2267.62	2397.96	2537.14	
2713.26	2975.64	3265.00	3490.52	3615.62	3666.72	3684.28	3687.62	3690.38	3701.40	3706.04	3709.56	3698.46	3695.16	3699.20	3697.36	
3694.94	3724.24	3712.30	3716.04	3719.02	3722.70	3725.16	3720.98	3723.62	3725.88	3721.68	3721.88	3725.58	3721.76	3718.20	3729.96	
3733.40	3736.74	3735.78	3737.06	3727.04	3730.36	3726.56	3721.86	3730.68	3723.24	3734.08	3729.40	3737.02	3736.88	3735.44	3740.74	
3740.34	3744.50	3742.26	3739.28	3747.28	3748.20	3742.62	3749.04	3740.96	3750.76	3748.02	3747.40	3754.82	3753.76	3754.72	3759.14	
3758.38	3640.50	3711.76	3748.88	3749.76	3751.76	3753.28	3757.56	3754.16	3747.60	3753.60	3751.74	3755.20	3757.64	3752.54	3751.70	
3751.36	3740.80	3730.96	3732.32	3748.82	3747.02	3745.74	3743.26	3737.14	3725.78	3742.28	3738.30	3745.62	3747.10	3761.92	3720.04	

*******************************************2025/07/28;07:39:56
Probe number 707
Concentration entered by User 2.15% (Compensated: 3.04% at temperature 31.7)
1295.12	1313.50	1326.52	1341.62	1357.48	1371.34	1387.14	1401.52	1421.90	1442.34	1466.18	1491.16	1519.14	1547.28	1569.20	1591.86	
1616.68	1655.96	1690.68	1738.66	1777.40	1816.40	1860.82	1900.68	1941.60	1985.14	2040.30	2109.00	2188.94	2268.64	2395.72	2545.62	
2711.48	2980.86	3265.56	3490.40	3614.58	3666.84	3683.74	3686.62	3689.22	3700.82	3705.70	3708.82	3697.36	3693.82	3698.02	3696.64	
3693.94	3723.24	3711.72	3715.10	3718.22	3721.94	3724.04	3720.16	3722.86	3724.92	3721.42	3720.84	3724.88	3720.88	3717.22	3729.20	
3732.92	3736.16	3735.54	3736.28	3726.48	3729.84	3725.78	3720.98	3729.96	3722.84	3733.48	3728.56	3736.42	3736.34	3735.14	3739.96	
3739.78	3743.92	3741.44	3738.78	3746.64	3747.56	3741.98	3748.58	3740.56	3750.36	3747.58	3746.84	3754.46	3753.18	3754.14	3758.32	
3757.94	3639.80	3711.36	3748.12	3749.22	3751.02	3752.50	3757.22	3753.72	3747.24	3752.98	3751.24	3754.58	3757.02	3752.12	3750.92	
3750.98	3740.14	3730.18	3732.04	3748.14	3746.64	3745.62	3742.82	3736.54	3725.82	3741.64	3737.74	3745.04	3746.40	3761.26	3719.34	

*******************************************2025/07/28;07:44:56
Probe number 708
Concentration entered by User 2.15% (Compensated: 3.04% at temperature 31.7)
1296.42	1314.02	1326.66	1340.72	1356.32	1370.52	1387.54	1403.56	1423.56	1442.06	1466.14	1492.32	1519.16	1548.12	1568.62	1589.80	
1617.18	1655.82	1689.44	1737.50	1774.24	1815.36	1854.04	1897.92	1944.78	1989.08	2041.18	2104.18	2186.38	2265.90	2394.88	2542.40	
2722.76	2983.50	3258.18	3492.12	3615.32	3666.30	3682.14	3685.90	3688.48	3699.38	3704.78	3707.64	3696.82	3692.76	3697.20	3695.44	
3692.70	3722.06	3710.34	3714.00	3717.14	3720.64	3723.28	3719.00	3721.68	3723.54	3719.80	3719.70	3723.64	3719.72	3715.90	3727.96	
3731.90	3734.96	3734.20	3734.98	3725.14	3728.84	3724.48	3719.80	3728.80	3721.54	3732.44	3727.60	3734.96	3735.20	3733.80	3739.14	
3738.70	3742.58	3740.34	3737.80	3745.72	3746.66	3741.04	3747.26	3739.20	3749.34	3746.48	3745.76	3753.60	3752.58	3753.52	3757.68	
3757.08	3637.56	3710.02	3746.88	3748.44	3750.16	3751.74	3756.02	3753.00	3745.94	3752.08	3750.36	3753.40	3755.80	3751.24	3750.36	
3749.92	3739.10	3729.20	3730.80	3747.42	3744.96	3744.22	3741.68	3735.44	3723.94	3740.52	3736.56	3743.96	3745.30	3760.44	3718.22	

*******************************************2025/07/28;07:49:56
Probe number 709
Concentration entered by User 2.18% (Compensated: 3.07% at temperature 31.7)
1296.12	1314.42	1327.52	1341.56	1357.06	1370.70	1388.24	1404.48	1425.46	1443.64	1467.04	1491.66	1519.24	1549.18	1570.98	1591.36	
1614.44	1654.54	1688.84	1741.06	1779.18	1816.38	1855.28	1900.28	1943.74	1987.02	2039.26	2103.84	2187.98	2272.24	2390.80	2543.12	
2718.94	2973.84	3250.64	3485.56	3612.66	3666.34	3682.18	3685.16	3688.02	3699.96	3704.72	3707.84	3696.72	3693.84	3696.88	3695.48	
3692.90	3722.28	3710.82	3714.04	3717.38	3721.04	3723.50	3719.16	3721.98	3724.02	3720.10	3719.98	3724.26	3720.16	3716.70	3728.34	
3731.92	3735.28	3734.60	3735.12	3725.70	3728.98	3724.84	3720.12	3729.00	3721.88	3732.78	3727.76	3735.64	3735.50	3734.24	3739.40	
3739.30	3743.06	3740.76	3737.84	3745.90	3746.96	3741.22	3747.88	3739.72	3749.66	3746.96	3746.10	3753.60	3752.94	3753.96	3757.86	
3757.20	3638.08	3710.36	3747.74	3748.64	3750.34	3751.82	3756.68	3753.00	3746.34	3752.32	3750.42	3753.62	3756.12	3751.58	3750.52	
3750.12	3739.22	3729.34	3730.92	3747.80	3745.62	3744.72	3741.98	3735.64	3724.76	3741.12	3736.86	3744.18	3745.84	3760.70	3718.70	

*******************************************2025/07/28;07:54:56
Probe number 710
Concentration entered by User 2.19% (Compensated: 3.08% at temperature 31.7)
1294.94	1313.68	1325.88	1339.20	1355.30	1369.82	1386.42	1400.84	1422.28	1440.46	1464.70	1488.70	1515.56	1546.82	1568.36	1590.42	
1615.02	1653.68	1688.50	1741.00	1774.80	1811.78	1853.58	1891.52	1943.16	1980.74	2037.78	2101.20	2185.34	2271.86	2397.34	2537.00	
2716.60	2963.08	3250.80	3484.46	3611.76	3662.48	3678.40	3682.06	3684.42	3695.60	3700.44	3703.64	3693.10	3689.70	3693.74	3692.02	
3688.78	3718.82	3707.00	3710.50	3713.72	3717.50	3719.72	3715.44	3718.16	3720.38	3716.74	3716.12	3720.60	3716.44	3712.48	3725.22	
3728.88	3732.06	3731.26	3732.14	3722.02	3725.24	3721.48	3716.10	3725.42	3718.26	3729.48	3724.44	3732.20	3732.42	3730.82	3735.92	
3735.94	3739.74	3737.66	3734.76	3743.12	3744.14	3738.12	3744.78	3736.30	3746.50	3743.70	3743.08	3750.74	3749.84	3750.60	3755.42	
3754.54	3633.32	3706.38	3744.72	3745.64	3747.62	3749.06	3753.90	3750.38	3743.54	3749.48	3747.60	3750.96	3753.36	3748.52	3747.50	
3747.26	3736.42	3726.26	3727.30	3744.60	3742.74	3741.62	3738.80	3732.64	3721.32	3737.50	3733.58	3741.42	3742.76	3758.08	3715.04	

*******************************************2025/07/28;07:59:56
Probe number 711
Concentration entered by User 2.15% (Compensated: 3.05% at temperature 31.8)
1296.38	1314.26	1327.18	1341.40	1356.60	1370.84	1387.86	1404.52	1425.60	1443.84	1467.18	1492.12	1518.66	1549.08	1571.58	1593.12	
1617.20	1658.80	1690.02	1740.46	1778.58	1816.84	1861.40	1903.10	1947.66	1987.22	2038.10	2107.32	2187.74	2277.14	2397.98	2537.48	
2718.72	2973.62	3261.14	3493.04	3615.42	3667.40	3683.32	3687.90	3690.16	3701.58	3705.68	3708.78	3698.08	3695.62	3699.14	3697.28	
3694.74	3723.60	3712.02	3716.24	3719.10	3722.32	3724.92	3720.48	3723.30	3725.28	3721.92	3721.52	3725.56	3721.34	3718.00	3730.02	
3733.56	3736.92	3735.98	3736.52	3727.32	3730.22	3726.30	3721.52	3730.50	3723.60	3734.42	3729.32	3737.10	3737.06	3735.74	3740.64	
3740.30	3743.94	3742.10	3739.26	3747.20	3748.14	3742.88	3749.08	3741.10	3750.88	3747.92	3747.38	3754.98	3753.96	3754.78	3758.92	
3758.54	3640.24	3711.92	3748.48	3749.62	3751.62	3753.10	3757.62	3754.12	3747.84	3753.72	3751.84	3755.02	3757.60	3752.74	3751.50	
3751.56	3740.72	3730.88	3732.56	3748.92	3747.10	3746.20	3743.34	3737.18	3726.22	3742.24	3738.46	3745.56	3747.12	3761.86	3720.48	

*******************************************2025/07/28;08:04:56
Probe number 712
Concentration entered by User 2.26% (Compensated: 3.16% at temperature 31.8)
1292.32	1310.82	1323.36	1337.14	1352.92	1367.28	1384.40	1399.18	1419.90	1438.40	1463.10	1489.14	1516.54	1545.64	1566.48	1588.76	
1615.18	1651.76	1686.22	1738.34	1771.38	1809.92	1848.26	1893.72	1938.54	1981.04	2027.10	2095.76	2174.44	2259.14	2390.86	2537.44	
2709.98	2955.20	3231.38	3465.32	3599.64	3653.28	3669.80	3675.06	3677.74	3689.26	3693.42	3696.56	3685.30	3681.98	3685.80	3684.20	
3681.26	3711.66	3699.36	3703.68	3707.08	3710.52	3712.78	3708.86	3711.84	3713.74	3710.08	3709.46	3713.80	3710.16	3706.04	3718.84	
3722.62	3725.86	3725.22	3726.12	3715.46	3719.10	3714.88	3709.94	3719.22	3711.66	3723.72	3718.12	3726.26	3726.44	3724.52	3730.38	
3729.78	3734.02	3731.58	3728.86	3737.50	3738.38	3732.24	3739.18	3730.58	3740.82	3738.26	3737.30	3745.68	3744.46	3745.44	3750.20	
3749.42	3624.24	3699.46	3739.00	3740.24	3741.78	3743.54	3748.50	3744.60	3737.54	3744.22	3741.90	3745.88	3748.58	3743.22	3741.90	
3741.74	3730.38	3719.48	3721.38	3738.90	3737.04	3735.70	3733.10	3726.62	3714.54	3731.80	3727.50	3735.56	3737.26	3753.16	3708.32	

*******************************************2025/07/28;08:09:56
Probe number 713
Concentration entered by User 2.19% (Compensated: 3.10% at temperature 31.8)
1296.00	1314.60	1327.94	1341.32	1357.56	1371.54	1387.78	1403.26	1422.90	1442.02	1466.82	1491.46	1518.90	1550.34	1571.62	1593.34	
1616.68	1657.06	1692.94	1743.64	1781.28	1823.00	1862.98	1902.58	1944.62	1989.14	2039.56	2115.40	2203.58	2281.60	2400.32	2546.32	
2710.12	2977.66	3246.78	3477.58	3612.92	3662.28	3680.92	3686.34	3689.58	3700.64	3704.96	3708.50	3697.92	3694.36	3698.02	3696.56	
3694.32	3723.52	3712.12	3715.92	3719.34	3722.96	3725.14	3720.94	3723.60	3725.80	3722.24	3721.98	3726.06	3721.94	3718.66	3729.94	
3734.24	3737.34	3736.44	3737.42	3727.52	3731.06	3726.76	3721.66	3730.78	3723.88	3734.64	3729.76	3737.46	3737.58	3735.88	3741.10	
3740.70	3744.58	3742.66	3739.72	3747.42	3748.56	3742.80	3749.46	3741.18	3751.04	3748.20	3747.50	3755.40	3754.12	3754.92	3759.38	
3758.62	3640.80	3712.16	3749.10	3749.92	3751.58	3753.26	3757.82	3754.34	3748.02	3753.76	3752.00	3755.12	3757.62	3753.18	3752.02	
3751.72	3741.24	3731.02	3732.62	3749.18	3747.02	3746.06	3743.70	3737.44	3726.24	3742.52	3738.38	3745.68	3747.28	3762.10	3720.70	

*******************************************2025/07/28;08:14:56
Probe number 714
Concentration entered by User 2.19% (Compensated: 3.08% at temperature 31.7)
1296.74	1314.96	1327.66	1341.36	1356.00	1370.60	1386.90	1402.54	1424.72	1443.36	1467.80	1492.14	1518.76	1547.76	1571.30	1592.00	
1616.14	1660.52	1697.58	1745.02	1780.16	1819.12	1861.56	1900.40	1950.10	1987.76	2034.62	2107.28	2198.60	2280.18	2406.70	2545.46	
2722.74	2974.06	3247.46	3482.96	3612.70	3666.18	3683.64	3687.92	3691.80	3702.86	3707.12	3710.78	3700.16	3696.76	3700.22	3698.84	
3695.88	3725.06	3713.98	3717.72	3721.18	3724.04	3726.50	3722.52	3725.12	3726.68	3723.54	3723.40	3727.42	3723.32	3720.02	3731.10	
3735.12	3738.18	3737.40	3738.32	3728.66	3731.66	3727.84	3722.72	3732.12	3724.82	3735.94	3730.56	3738.22	3738.54	3736.76	3741.86	
3741.84	3745.50	3743.48	3740.92	3748.62	3749.64	3744.00	3750.42	3742.40	3751.88	3749.20	3748.36	3755.84	3755.10	3755.94	3760.24	
3759.42	3641.78	3713.78	3750.14	3751.16	3752.60	3754.18	3758.58	3755.50	3748.96	3754.74	3752.64	3756.26	3758.60	3754.02	3752.98	
3752.70	3742.02	3731.98	3734.34	3750.00	3748.18	3747.16	3744.46	3738.42	3727.66	3743.34	3739.54	3747.08	3748.08	3762.80	3721.70	

*******************************************2025/07/28;08:19:56
Probe number 715
Concentration entered by User 2.18% (Compensated: 3.07% at temperature 31.7)
1295.58	1313.36	1327.16	1340.38	1356.00	1369.78	1387.22	1402.76	1424.24	1441.52	1465.90	1491.40	1518.54	1548.54	1570.00	1592.44	
1614.62	1658.38	1693.18	1743.02	1777.38	1817.32	1853.70	1896.26	1945.80	1988.20	2043.80	2111.24	2192.84	2274.96	2393.72	2530.92	
2708.66	2975.54	3253.86	3484.02	3610.88	3664.32	3681.78	3685.70	3688.84	3700.14	3704.72	3708.20	3697.72	3694.38	3697.50	3695.78	
3692.80	3722.66	3711.28	3715.38	3718.62	3721.78	3724.54	3720.40	3723.10	3725.42	3721.54	3721.14	3724.82	3720.78	3717.56	3729.02	
3732.90	3736.16	3735.38	3736.02	3726.78	3729.70	3726.04	3720.90	3730.10	3722.66	3733.68	3728.38	3736.26	3736.42	3734.94	3740.06	
3739.68	3743.84	3741.52	3738.92	3746.82	3747.74	3741.88	3748.70	3740.34	3750.24	3747.70	3746.84	3754.00	3753.14	3754.16	3758.58	
3758.08	3638.96	3711.40	3748.50	3749.26	3751.24	3752.44	3757.14	3753.78	3747.28	3753.12	3750.96	3754.42	3756.72	3752.28	3751.02	
3750.84	3740.24	3730.16	3731.92	3748.38	3746.32	3745.48	3742.86	3736.82	3725.40	3741.60	3737.64	3745.22	3746.44	3761.48	3719.14	

*******************************************2025/07/28;08:24:56
Probe number 716
Concentration entered by User 2.17% (Compensated: 3.07% at temperature 31.8)
1295.14	1312.82	1326.28	1340.60	1355.18	1369.48	1387.24	1402.60	1422.30	1441.20	1466.14	1491.24	1520.26	1549.10	1569.44	1592.52	
1615.96	1655.84	1691.68	1743.34	1778.84	1815.64	1858.42	1895.68	1941.38	1985.68	2039.36	2110.00	2194.98	2272.46	2397.20	2548.32	
2720.52	2983.56	3253.66	3480.74	3609.70	3665.46	3682.16	3685.72	3688.98	3700.62	3705.36	3708.58	3697.74	3694.60	3698.08	3696.26	
3693.44	3723.08	3712.06	3715.96	3719.14	3722.62	3725.26	3720.84	3723.60	3725.78	3722.00	3721.86	3725.36	3721.76	3718.34	3729.84	
3733.70	3736.60	3735.96	3736.72	3727.54	3730.34	3726.62	3721.64	3730.54	3723.22	3734.34	3729.78	3736.82	3736.86	3735.52	3740.66	
3740.52	3744.22	3742.28	3739.18	3747.32	3748.16	3742.52	3748.96	3740.90	3750.52	3748.08	3747.14	3754.76	3753.82	3754.44	3758.92	
3758.22	3640.28	3711.86	3748.64	3749.66	3751.62	3753.10	3757.56	3753.96	3747.54	3753.48	3751.70	3755.04	3757.56	3752.80	3751.80	
3751.52	3740.90	3730.94	3732.36	3748.76	3746.86	3745.68	3743.30	3737.28	3725.98	3742.04	3738.46	3745.66	3747.26	3761.92	3720.00	

*******************************************2025/07/28;08:29:56
Probe number 717
Concentration entered by User 2.18% (Compensated: 3.08% at temperature 31.7)
1294.42	1312.40	1325.90	1339.90	1355.00	1368.46	1386.24	1401.20	1421.32	1440.94	1464.06	1489.14	1517.12	1548.80	1570.54	1591.06	
1613.08	1656.86	1688.92	1739.86	1775.96	1818.08	1859.46	1901.40	1941.60	1989.42	2037.58	2114.50	2189.68	2275.60	2396.14	2529.48	
2711.38	2973.32	3250.38	3484.30	3609.74	3665.06	3682.46	3685.98	3689.46	3700.50	3705.64	3708.76	3698.40	3695.14	3698.20	3696.48	
3693.76	3723.12	3712.52	3716.50	3719.74	3722.76	3725.16	3721.16	3723.56	3725.86	3722.48	3721.94	3726.30	3721.96	3718.28	3730.30	
3734.04	3736.88	3736.46	3736.92	3727.58	3730.76	3726.60	3721.66	3730.82	3723.62	3734.28	3729.78	3737.16	3737.60	3735.72	3741.00	
3740.96	3744.62	3742.52	3739.44	3747.58	3748.68	3743.02	3749.60	3741.36	3750.98	3748.14	3747.26	3755.08	3754.06	3755.22	3759.18	
3758.52	3640.56	3711.94	3749.06	3749.98	3751.84	3753.14	3757.56	3754.32	3748.18	3753.96	3751.96	3755.42	3757.72	3753.06	3751.74	
3751.56	3741.02	3731.04	3732.46	3749.28	3747.14	3746.44	3743.44	3737.42	3726.22	3742.42	3738.40	3745.86	3747.06	3762.00	3720.44	

*******************************************2025/07/28;08:34:56
Probe number 718
Concentration entered by User 2.19% (Compensated: 3.08% at temperature 31.7)
1294.30	1311.94	1325.80	1339.86	1355.92	1369.32	1385.32	1400.76	1421.06	1441.46	1465.48	1491.04	1518.72	1549.44	1570.44	1592.48	
1615.80	1655.42	1689.96	1743.56	1775.68	1819.76	1855.44	1899.32	1938.44	1985.74	2035.42	2106.30	2194.22	2268.80	2394.46	2547.06	
2721.44	2965.80	3252.88	3484.02	3606.58	3663.74	3681.40	3684.28	3687.20	3698.72	3703.30	3706.46	3696.18	3692.76	3695.54	3693.74	
3691.06	3720.96	3709.92	3713.84	3717.32	3720.36	3722.82	3718.64	3721.48	3723.72	3719.96	3719.90	3724.00	3719.90	3716.38	3728.12	
3731.64	3735.00	3734.48	3735.26	3725.60	3728.34	3724.40	3719.78	3728.76	3721.32	3732.42	3727.62	3735.24	3735.68	3733.74	3739.16	
3738.98	3742.62	3740.76	3737.54	3745.90	3746.56	3740.88	3747.62	3739.26	3749.24	3746.64	3745.64	3753.52	3752.38	3753.26	3757.78	
3757.02	3637.58	3709.62	3747.30	3748.12	3750.04	3751.78	3756.14	3752.66	3746.06	3751.94	3750.14	3753.50	3756.12	3751.06	3750.10	
3749.92	3739.08	3728.98	3730.68	3747.34	3745.24	3744.46	3741.70	3735.76	3724.26	3740.74	3736.60	3744.32	3745.36	3760.62	3718.12	

*******************************************2025/07/28;08:39:56
Probe number 719
Concentration entered by User 2.21% (Compensated: 3.12% at temperature 31.8)
1294.22	1312.04	1324.66	1339.38	1354.06	1368.18	1385.20	1400.20	1420.68	1439.16	1463.44	1489.10	1518.32	1546.90	1568.10	1589.44	
1615.10	1654.92	1692.18	1737.30	1775.18	1818.18	1856.94	1896.84	1944.30	1981.20	2035.60	2108.94	2197.18	2276.56	2401.56	2545.44	
2719.16	2963.50	3248.26	3473.28	3604.68	3658.40	3676.60	3681.10	3683.76	3695.34	3700.68	3704.00	3692.68	3688.98	3692.86	3691.00	
3688.18	3718.46	3706.92	3711.14	3714.54	3717.32	3720.40	3716.16	3719.30	3721.22	3718.04	3717.20	3721.42	3717.26	3713.82	3725.72	
3729.54	3732.76	3732.26	3733.26	3723.08	3726.42	3722.42	3717.46	3726.46	3719.10	3730.42	3725.40	3733.06	3733.48	3731.68	3736.96	
3736.80	3740.60	3738.34	3735.48	3743.90	3744.94	3739.06	3745.42	3737.26	3747.16	3744.56	3743.62	3751.78	3750.66	3751.40	3756.20	
3755.20	3634.38	3707.80	3745.24	3746.22	3748.48	3749.62	3754.52	3751.14	3744.22	3750.08	3748.30	3751.54	3754.36	3749.42	3748.22	
3748.02	3737.18	3727.08	3728.52	3745.48	3743.24	3742.60	3739.52	3733.56	3722.42	3738.70	3734.76	3742.28	3743.80	3758.90	3716.18	

*******************************************2025/07/28;08:44:56
Probe number 720
Concentration entered by User 2.23% (Compensated: 3.13% at temperature 31.8)
1295.80	1312.82	1325.44	1338.86	1354.42	1368.46	1384.72	1400.54	1421.18	1440.40	1464.68	1489.78	1517.62	1546.90	1568.80	1590.44	
1614.94	1653.20	1686.12	1739.32	1776.28	1816.12	1856.20	1897.04	1941.60	1981.32	2038.54	2106.50	2195.04	2269.88	2395.34	2539.98	
2712.88	2962.28	3239.26	3475.50	3600.26	3654.10	3672.22	3675.12	3678.82	3690.56	3695.62	3699.02	3687.80	3684.02	3687.34	3686.44	
3682.92	3713.92	3702.38	3706.36	3710.04	3713.06	3716.20	3712.00	3715.16	3717.52	3713.44	3713.04	3717.36	3713.18	3709.62	3722.04	
3725.72	3729.08	3728.30	3729.38	3719.10	3722.60	3718.40	3713.20	3722.70	3715.26	3726.64	3721.50	3729.52	3729.48	3727.84	3732.94	
3733.26	3737.02	3734.60	3731.80	3740.38	3741.52	3735.40	3742.06	3733.64	3743.70	3740.96	3740.32	3748.30	3747.26	3748.16	3752.70	
3752.24	3629.04	3703.08	3741.80	3742.88	3744.96	3746.56	3751.40	3747.80	3740.76	3746.72	3745.20	3748.36	3751.06	3746.16	3744.94	
3744.70	3733.64	3722.98	3724.90	3742.22	3740.22	3738.94	3736.12	3729.94	3718.14	3735.24	3730.78	3738.72	3740.56	3755.92	3711.90	

*******************************************2025/07/28;08:49:56
Probe number 721
Concentration entered by User 2.23% (Compensated: 3.13% at temperature 31.9)
1293.16	1311.56	1323.58	1337.86	1353.78	1367.88	1384.14	1399.50	1420.56	1439.72	1463.58	1488.70	1514.68	1544.50	1565.76	1586.80	
1610.92	1650.62	1683.12	1735.80	1776.30	1812.64	1851.00	1894.48	1938.22	1982.22	2033.08	2102.24	2188.04	2266.94	2399.98	2544.74	
2707.84	2964.34	3245.52	3471.78	3593.20	3650.50	3667.28	3670.90	3674.60	3686.56	3691.76	3695.02	3683.84	3680.50	3684.28	3682.16	
3678.78	3710.50	3698.44	3703.14	3706.62	3710.08	3713.10	3708.54	3711.86	3714.08	3710.16	3709.78	3713.98	3710.08	3706.30	3718.74	
3722.70	3726.34	3725.54	3726.66	3716.20	3719.46	3715.34	3710.00	3719.70	3712.50	3723.56	3718.52	3726.68	3726.74	3725.54	3730.44	
3730.20	3734.60	3732.22	3729.10	3737.60	3738.46	3732.62	3739.76	3731.06	3741.32	3738.46	3737.74	3745.88	3745.04	3745.76	3750.54	
3749.56	3625.64	3699.96	3739.24	3740.48	3742.78	3743.94	3749.08	3745.30	3738.42	3744.44	3742.66	3746.02	3748.76	3743.52	3742.36	
3742.14	3730.76	3720.08	3722.20	3739.58	3737.46	3736.44	3733.64	3727.26	3715.62	3732.54	3728.28	3736.32	3737.88	3753.78	3709.12	

*******************************************2025/07/28;08:54:56
Probe number 722
Concentration entered by User 2.23% (Compensated: 3.14% at temperature 31.9)
1294.56	1312.16	1324.54	1338.50	1354.06	1367.58	1383.70	1400.48	1420.84	1439.98	1462.40	1487.42	1515.22	1544.78	1567.22	1588.34	
1613.18	1653.10	1687.26	1737.94	1774.18	1813.24	1856.36	1892.12	1944.12	1980.92	2029.16	2095.16	2180.20	2269.10	2389.50	2545.48	
2720.74	2966.26	3240.82	3470.52	3594.60	3650.70	3667.28	3671.20	3674.32	3687.08	3692.02	3695.80	3684.62	3681.34	3685.24	3683.36	
3680.34	3711.16	3699.32	3704.00	3707.50	3711.06	3713.96	3709.30	3712.82	3714.76	3711.12	3710.72	3715.12	3710.84	3706.80	3719.60	
3723.66	3727.00	3726.30	3727.24	3716.90	3720.46	3715.94	3710.98	3720.60	3713.16	3724.32	3719.20	3727.40	3727.56	3726.36	3731.60	
3731.00	3735.18	3732.72	3730.28	3738.44	3739.44	3733.70	3740.18	3731.80	3742.22	3739.36	3738.12	3746.44	3745.46	3746.54	3751.24	
3750.42	3626.34	3700.86	3740.10	3741.20	3743.60	3744.62	3749.88	3745.92	3738.80	3745.14	3743.16	3746.78	3749.28	3744.10	3743.32	
3742.86	3731.66	3721.08	3722.74	3740.28	3738.16	3737.26	3734.36	3727.86	3716.32	3733.26	3728.96	3737.02	3738.42	3754.38	3709.80	

*******************************************2025/07/28;08:59:56
Probe number 723
Concentration entered by User 2.15% (Compensated: 3.06% at temperature 31.9)
1296.38	1314.36	1328.02	1341.66	1358.06	1371.40	1387.14	1402.44	1423.26	1442.88	1466.26	1491.54	1520.08	1548.92	1571.22	1593.96	
1618.48	1657.14	1689.54	1741.86	1781.10	1824.52	1861.34	1902.40	1945.32	1986.22	2042.34	2111.40	2192.86	2271.84	2400.76	2560.38	
2735.84	2982.94	3263.56	3482.50	3610.08	3663.52	3681.24	3685.06	3687.66	3699.54	3704.60	3707.82	3697.02	3694.28	3696.92	3695.62	
3692.84	3722.24	3710.84	3715.34	3718.46	3721.58	3724.32	3720.32	3723.34	3725.32	3721.90	3721.60	3725.78	3721.84	3718.46	3729.86	
3733.60	3737.18	3736.16	3737.24	3727.48	3731.18	3726.88	3721.76	3730.84	3723.94	3734.58	3730.00	3737.32	3737.36	3735.96	3740.82	
3740.74	3744.42	3742.54	3739.80	3747.62	3748.76	3742.94	3749.14	3741.30	3751.06	3748.50	3747.62	3754.88	3754.00	3754.82	3759.46	
3758.44	3641.22	3712.32	3749.18	3750.00	3752.12	3753.26	3757.86	3754.54	3748.20	3753.96	3752.02	3755.16	3757.74	3753.12	3751.86	
3751.52	3741.26	3731.50	3733.00	3749.28	3747.30	3746.22	3743.74	3737.54	3726.92	3742.76	3738.94	3746.22	3747.80	3762.52	3720.76	

*******************************************2025/07/28;09:04:56
Probe number 724
Concentration entered by User 2.27% (Compensated: 3.18% at temperature 31.9)
1291.94	1310.12	1322.80	1337.14	1352.98	1365.96	1382.90	1399.14	1419.38	1438.18	1463.00	1486.76	1513.34	1542.48	1565.10	1587.88	
1610.18	1651.56	1684.34	1734.36	1768.90	1808.00	1849.68	1894.32	1935.92	1979.36	2034.14	2099.72	2189.70	2276.52	2390.38	2528.76	
2713.48	2951.16	3240.74	3454.68	3585.12	3646.98	3664.46	3670.50	3673.46	3686.28	3691.74	3694.92	3684.02	3680.16	3683.84	3681.90	
3679.32	3710.46	3698.82	3702.96	3706.62	3710.00	3712.58	3708.50	3711.36	3713.70	3710.04	3709.54	3714.04	3709.84	3706.26	3718.34	
3722.78	3725.74	3724.86	3726.14	3715.48	3719.44	3714.76	3709.52	3719.54	3711.92	3723.48	3718.18	3726.50	3726.80	3725.12	3730.04	
3730.06	3734.14	3731.66	3728.92	3737.62	3738.48	3732.50	3739.20	3730.60	3741.16	3738.26	3737.30	3745.70	3744.54	3745.38	3750.18	
3749.46	3625.04	3699.66	3739.12	3740.24	3742.22	3743.76	3748.66	3745.00	3737.74	3744.24	3742.32	3745.82	3748.06	3743.30	3741.98	
3741.76	3730.40	3719.88	3721.66	3739.08	3737.12	3736.04	3733.24	3726.48	3714.98	3732.08	3727.82	3735.80	3737.08	3753.14	3708.64	

*******************************************2025/07/28;09:09:56
Probe number 725
Concentration entered by User 2.17% (Compensated: 3.08% at temperature 31.9)
1295.48	1313.34	1325.82	1339.74	1356.00	1370.16	1386.28	1402.24	1422.72	1441.74	1466.40	1490.26	1517.00	1547.26	1570.20	1593.52	
1614.74	1654.66	1691.40	1739.58	1775.10	1818.56	1857.04	1904.62	1947.68	1987.20	2038.90	2114.72	2203.46	2287.60	2400.24	2549.22	
2733.22	2972.42	3262.32	3475.70	3607.82	3663.04	3681.06	3685.90	3689.22	3699.90	3705.14	3708.62	3698.30	3694.46	3697.68	3696.08	
3693.38	3722.70	3711.62	3715.46	3718.86	3722.30	3724.98	3720.88	3723.68	3725.86	3722.48	3721.82	3725.78	3721.94	3718.52	3730.16	
3733.60	3737.24	3736.34	3737.24	3727.66	3730.84	3726.80	3722.12	3730.94	3723.96	3734.58	3730.06	3737.56	3737.72	3735.78	3741.18	
3740.84	3744.62	3742.60	3739.80	3747.94	3748.74	3743.12	3749.40	3741.12	3751.32	3748.58	3747.82	3755.30	3754.22	3755.52	3759.38	
3758.98	3641.06	3712.36	3749.32	3750.30	3752.14	3753.66	3758.16	3754.60	3748.16	3754.06	3752.06	3755.50	3757.80	3753.16	3752.10	
3751.86	3741.28	3731.62	3732.98	3749.46	3747.38	3746.24	3743.96	3737.96	3726.66	3742.82	3739.00	3746.10	3747.48	3762.38	3721.08	

*******************************************2025/07/28;09:14:56
Probe number 726
Concentration entered by User 2.22% (Compensated: 3.13% at temperature 31.9)
1293.56	1311.58	1324.22	1337.66	1352.76	1366.70	1383.90	1400.16	1420.18	1437.00	1461.94	1487.60	1514.60	1541.94	1564.40	1586.06	
1608.38	1650.74	1688.42	1735.14	1770.16	1813.04	1854.34	1895.34	1940.50	1979.74	2032.84	2097.62	2185.92	2270.24	2393.00	2548.82	
2721.40	2960.10	3254.40	3467.16	3595.26	3654.94	3670.82	3675.40	3677.92	3690.24	3695.14	3698.10	3687.06	3683.54	3686.76	3685.12	
3682.40	3713.36	3701.26	3705.76	3709.24	3712.50	3715.62	3710.90	3714.06	3716.60	3712.98	3712.42	3716.46	3712.32	3708.58	3720.94	
3724.92	3728.38	3727.64	3728.48	3718.26	3721.60	3717.46	3712.42	3721.82	3713.96	3725.44	3720.40	3728.74	3728.70	3727.04	3732.76	
3732.44	3736.26	3733.88	3731.16	3739.76	3740.60	3734.62	3741.04	3733.06	3743.50	3740.34	3739.56	3747.54	3746.60	3747.44	3752.06	
3751.52	3628.00	3702.16	3741.08	3742.20	3744.10	3745.56	3750.68	3746.78	3740.10	3746.14	3744.58	3747.56	3750.40	3745.38	3744.18	
3743.90	3732.66	3722.18	3724.00	3741.18	3739.36	3738.10	3735.22	3728.92	3717.36	3734.36	3730.26	3738.06	3739.40	3755.16	3711.00	

*******************************************2025/07/28;09:19:56
Probe number 727
Concentration entered by User 2.20% (Compensated: 3.10% at temperature 31.9)
1293.82	1312.14	1325.64	1338.70	1354.80	1369.18	1386.16	1402.42	1423.32	1440.86	1465.04	1490.22	1518.26	1548.58	1570.54	1593.28	
1614.64	1653.70	1688.98	1735.80	1774.54	1814.98	1857.10	1900.44	1939.12	1982.86	2032.76	2110.80	2208.12	2281.68	2399.22	2547.12	
2713.88	2965.94	3250.76	3479.44	3606.48	3665.54	3680.60	3685.56	3688.50	3699.36	3704.32	3707.46	3697.34	3693.90	3696.36	3695.38	
3692.50	3721.84	3711.00	3715.14	3718.32	3721.34	3724.44	3720.26	3723.10	3725.16	3721.52	3721.24	3725.10	3721.54	3717.84	3729.38	
3733.10	3736.34	3735.46	3736.26	3726.70	3730.12	3726.08	3720.92	3730.38	3723.30	3734.06	3728.98	3736.58	3736.74	3735.06	3740.20	
3739.88	3743.72	3742.00	3738.76	3746.98	3748.26	3742.50	3748.70	3740.58	3750.52	3747.86	3746.90	3754.36	3753.74	3754.50	3758.78	
3758.46	3639.80	3711.64	3748.54	3749.40	3751.52	3752.88	3757.36	3753.96	3747.44	3753.30	3751.40	3754.54	3757.24	3752.66	3751.38	
3751.38	3740.56	3730.58	3732.04	3748.68	3746.72	3745.76	3743.12	3737.00	3725.86	3742.08	3738.02	3745.44	3746.94	3761.64	3720.10	

*******************************************2025/07/28;09:24:56
Probe number 728
Concentration entered by User 2.17% (Compensated: 3.08% at temperature 31.8)
1294.30	1312.52	1325.44	1339.02	1354.28	1368.16	1385.78	1401.38	1422.08	1440.06	1464.70	1489.34	1517.64	1546.02	1567.72	1589.38	
1614.14	1656.02	1688.28	1739.86	1774.68	1816.14	1859.60	1900.78	1940.12	1986.70	2034.00	2111.34	2196.64	2280.02	2398.28	2559.68	
2726.06	2969.66	3256.56	3484.64	3609.46	3667.28	3682.14	3685.92	3687.98	3699.30	3704.44	3707.36	3696.82	3693.76	3696.84	3694.94	
3692.30	3721.58	3711.10	3715.10	3718.16	3721.54	3724.48	3720.06	3723.04	3725.24	3722.10	3721.62	3725.36	3721.08	3717.92	3729.40	
3733.18	3736.70	3735.66	3736.78	3727.22	3730.32	3726.28	3721.34	3730.42	3723.28	3733.98	3729.00	3736.62	3736.88	3735.36	3740.56	
3740.36	3744.06	3742.18	3739.24	3747.16	3748.22	3742.62	3748.90	3740.76	3750.68	3747.80	3747.28	3754.44	3753.94	3754.56	3758.86	
3758.22	3640.20	3711.60	3748.84	3749.76	3751.50	3753.08	3757.50	3754.04	3747.40	3753.50	3751.76	3754.80	3757.34	3752.68	3751.48	
3751.48	3740.66	3730.80	3732.00	3748.56	3746.96	3745.78	3743.32	3737.02	3725.96	3742.22	3738.36	3745.66	3747.10	3762.00	3720.38	

*******************************************2025/07/28;09:29:56
Probe number 729
Concentration entered by User 2.15% (Compensated: 3.05% at temperature 31.8)
1293.50	1311.52	1324.16	1338.42	1354.26	1367.52	1383.98	1399.92	1420.20	1440.00	1463.82	1488.16	1514.92	1544.98	1567.50	1588.10	
1613.06	1652.98	1687.50	1736.32	1771.58	1813.42	1855.38	1902.94	1946.16	1983.80	2033.00	2105.42	2195.94	2277.90	2392.54	2557.32	
2724.88	2976.62	3267.36	3489.10	3609.58	3665.26	3681.18	3684.10	3686.26	3697.60	3702.84	3705.80	3695.06	3691.34	3694.94	3693.14	
3689.88	3719.98	3708.64	3712.76	3716.36	3719.94	3722.86	3718.24	3720.76	3723.32	3719.66	3719.10	3723.48	3719.48	3715.76	3727.82	
3731.42	3734.64	3733.76	3734.86	3724.96	3728.24	3724.20	3719.22	3728.42	3721.16	3732.18	3727.14	3734.94	3735.18	3733.56	3738.70	
3738.60	3742.32	3740.30	3737.16	3745.76	3746.52	3740.80	3747.34	3739.20	3749.20	3746.56	3745.72	3753.16	3752.12	3753.08	3757.74	
3756.60	3637.00	3709.70	3746.96	3748.30	3750.08	3751.58	3755.90	3752.76	3746.02	3752.04	3749.92	3753.24	3755.94	3750.84	3750.20	
3749.56	3738.60	3728.92	3730.62	3747.18	3745.22	3744.28	3741.48	3735.18	3724.22	3740.20	3736.70	3744.10	3745.44	3760.40	3718.20	

*******************************************2025/07/28;09:34:56
Probe number 730
Concentration entered by User 2.16% (Compensated: 3.05% at temperature 31.8)
1294.52	1312.56	1325.24	1339.32	1354.90	1369.80	1385.42	1399.90	1421.30	1439.58	1463.92	1488.02	1515.28	1545.88	1568.78	1588.66	
1613.50	1655.96	1686.32	1737.16	1774.98	1814.94	1857.58	1898.02	1936.16	1980.38	2037.88	2103.28	2194.00	2289.66	2398.16	2559.24	
2739.98	2979.08	3261.42	3485.30	3608.52	3667.00	3682.30	3686.64	3689.34	3700.54	3705.52	3708.66	3698.20	3694.36	3697.68	3695.90	
3693.26	3723.00	3711.68	3715.48	3718.98	3722.44	3725.28	3720.68	3723.64	3726.10	3722.56	3721.98	3725.68	3722.34	3718.20	3729.82	
3734.18	3737.04	3736.14	3737.02	3727.16	3730.40	3726.72	3721.88	3730.88	3723.60	3734.56	3729.62	3737.52	3737.44	3735.86	3741.16	
3740.98	3744.36	3742.26	3739.62	3747.70	3748.34	3743.08	3749.42	3741.22	3751.12	3748.18	3747.32	3755.08	3754.16	3755.08	3759.22	
3758.56	3640.76	3712.34	3749.22	3750.28	3751.92	3753.32	3757.88	3754.46	3748.04	3753.94	3751.94	3755.20	3757.70	3753.12	3752.06	
3751.80	3741.22	3731.06	3732.94	3749.06	3747.36	3746.22	3743.54	3737.56	3726.68	3743.10	3738.68	3745.96	3747.46	3762.42	3720.58	

*******************************************2025/07/28;09:39:56
Probe number 731
Concentration entered by User 2.15% (Compensated: 3.04% at temperature 31.7)
1292.06	1310.34	1322.74	1337.38	1353.00	1365.38	1382.24	1398.74	1420.00	1438.36	1462.32	1487.12	1513.40	1544.52	1566.24	1587.62	
1609.64	1650.28	1685.28	1736.70	1773.18	1815.56	1851.84	1892.88	1946.12	1984.68	2039.68	2101.48	2196.58	2279.56	2403.78	2553.30	
2725.82	2976.82	3268.86	3486.44	3609.96	3667.34	3682.74	3686.02	3688.06	3699.90	3704.18	3707.02	3696.58	3692.78	3696.34	3694.26	
3691.98	3721.58	3710.84	3714.72	3717.66	3721.26	3724.14	3719.78	3721.90	3724.76	3721.04	3720.84	3724.60	3720.54	3717.32	3728.74	
3732.62	3735.74	3734.94	3736.08	3726.42	3729.32	3725.54	3720.32	3729.70	3722.38	3733.24	3728.40	3735.94	3736.52	3734.76	3739.98	
3739.34	3743.38	3741.46	3738.50	3746.76	3747.64	3741.84	3748.50	3740.26	3750.32	3747.36	3746.28	3753.98	3753.06	3754.06	3758.14	
3757.62	3638.74	3710.84	3748.02	3748.80	3750.84	3752.42	3756.78	3753.58	3747.18	3753.14	3751.06	3754.14	3756.74	3751.90	3750.90	
3750.68	3740.24	3730.00	3731.68	3748.08	3746.14	3745.32	3742.38	3736.26	3725.26	3741.64	3737.68	3744.98	3746.18	3761.28	3719.52	

*******************************************2025/07/28;09:44:56
Probe number 732
Concentration entered by User 2.24% (Compensated: 3.13% at temperature 31.7)
1290.74	1308.26	1321.32	1336.24	1350.86	1363.98	1381.00	1396.76	1418.54	1437.62	1462.20	1485.22	1511.92	1543.00	1563.12	1583.16	
1608.26	1652.02	1685.68	1735.66	1771.06	1809.90	1848.22	1896.08	1941.84	1980.64	2034.60	2100.30	2187.74	2273.00	2394.28	2548.46	
2717.04	2956.34	3247.04	3463.82	3595.86	3657.58	3674.18	3677.68	3680.34	3691.76	3696.72	3699.82	3687.84	3685.06	3687.90	3686.50	
3683.64	3714.22	3703.10	3706.80	3710.16	3714.00	3716.92	3712.18	3714.94	3717.22	3714.22	3713.58	3717.28	3713.60	3709.98	3721.80	
3725.92	3728.64	3728.14	3729.12	3718.90	3722.20	3718.32	3713.10	3722.36	3715.00	3726.56	3721.20	3729.40	3729.42	3727.90	3733.20	
3732.86	3736.96	3734.88	3731.58	3740.16	3741.38	3735.24	3742.12	3733.34	3744.10	3741.10	3740.14	3748.00	3747.26	3747.84	3752.68	
3752.00	3628.74	3702.78	3741.50	3742.74	3744.72	3746.22	3751.32	3747.50	3740.82	3747.06	3744.96	3748.32	3750.84	3746.12	3744.68	
3744.54	3733.46	3722.68	3724.58	3741.84	3739.90	3738.80	3735.82	3729.46	3717.78	3734.94	3730.90	3738.46	3740.04	3755.86	3711.50	

