*******************************************2025/07/21;17:02:18
Probe number 1
Concentration entered by User 0.00% (Compensated: 0.22% at temperature 23.3)
1154.90	1165.76	1175.28	1187.00	1200.62	1213.02	1227.20	1242.12	1259.72	1278.22	1298.76	1320.72	1343.98	1369.34	1389.76	1405.90	
1426.86	1462.94	1506.04	1562.78	1610.86	1655.28	1708.42	1768.42	1836.54	1914.70	2008.92	2127.16	2287.76	2490.88	2811.46	3172.02	
3420.08	3622.84	3677.00	3655.26	3654.04	3663.64	3675.42	3682.98	3685.08	3691.08	3692.56	3699.14	3698.70	3696.36	3700.80	3704.60	
3703.82	3723.08	3723.98	3721.24	3727.88	3732.28	3734.62	3730.90	3732.38	3735.22	3729.82	3729.70	3733.88	3729.64	3725.32	3731.20	
3731.50	3731.44	3731.72	3729.40	3727.52	3724.86	3725.18	3724.96	3726.24	3723.80	3726.86	3723.86	3731.02	3729.76	3727.54	3731.52	
3726.96	3734.06	3736.62	3731.10	3738.24	3736.86	3732.56	3734.54	3734.80	3743.32	3739.28	3737.26	3739.94	3739.80	3741.44	3740.88	
3742.74	3606.16	3691.14	3730.26	3729.86	3733.42	3734.20	3743.92	3742.84	3736.00	3735.48	3733.06	3734.48	3737.20	3729.22	3731.14	
3729.26	3728.62	3720.50	3720.14	3727.10	3722.06	3720.24	3719.24	3720.04	3716.66	3714.84	3715.56	3720.92	3722.46	3737.80	3693.96	

*******************************************2025/07/21;17:02:26
Probe number 2
Concentration entered by User 0.00% (Compensated: 0.22% at temperature 23.3)
1154.64	1165.84	1174.80	1186.72	1200.04	1212.94	1227.60	1242.18	1259.80	1277.48	1298.16	1320.40	1343.74	1369.20	1389.78	1405.74	
1426.68	1462.76	1506.14	1562.10	1610.84	1655.44	1707.74	1768.10	1835.80	1914.64	2007.74	2127.04	2287.78	2492.00	2812.36	3172.06	
3419.46	3621.54	3675.22	3654.16	3653.52	3662.20	3674.30	3681.38	3683.90	3689.70	3691.46	3697.96	3697.82	3695.26	3699.68	3703.50	
3702.64	3722.32	3722.90	3720.10	3726.82	3731.18	3733.56	3730.00	3731.90	3734.14	3728.90	3728.96	3732.92	3728.94	3724.56	3730.08	
3731.22	3730.40	3730.74	3728.40	3726.42	3724.22	3724.52	3723.66	3725.34	3722.78	3725.94	3723.06	3730.54	3728.76	3726.92	3730.72	
3726.32	3732.74	3735.48	3730.26	3737.88	3736.06	3731.76	3733.66	3734.00	3742.42	3738.54	3736.28	3739.14	3738.88	3740.56	3740.24	
3742.30	3604.94	3689.68	3729.16	3729.00	3732.44	3733.18	3743.16	3741.92	3734.74	3734.84	3732.22	3733.92	3736.32	3728.20	3730.36	
3728.62	3727.78	3719.58	3719.46	3726.44	3721.34	3719.08	3718.44	3718.88	3715.58	3714.14	3714.40	3719.78	3721.80	3736.62	3692.90	

*******************************************2025/07/21;17:02:32
Probe number 3
Concentration entered by User 0.00% (Compensated: 0.22% at temperature 23.3)
1154.88	1166.06	1175.12	1187.14	1200.72	1213.56	1227.36	1242.42	1260.38	1278.38	1298.68	1321.04	1344.24	1370.04	1390.04	1406.76	
1427.36	1463.00	1506.72	1563.46	1611.00	1656.14	1708.96	1768.64	1837.20	1914.98	2009.04	2128.78	2288.98	2492.04	2813.34	3173.62	
3421.74	3623.48	3677.92	3656.26	3655.44	3664.26	3676.52	3684.08	3686.18	3691.92	3693.72	3700.22	3700.02	3697.38	3701.70	3705.76	
3704.60	3724.00	3725.02	3722.18	3728.68	3732.86	3735.60	3731.70	3733.52	3736.10	3730.08	3730.70	3734.78	3730.52	3726.36	3731.94	
3732.32	3732.20	3732.90	3730.08	3728.64	3725.94	3725.90	3725.50	3726.84	3725.04	3727.90	3725.00	3731.82	3730.66	3728.46	3732.40	
3728.02	3734.50	3737.50	3731.70	3739.12	3737.68	3733.44	3735.56	3735.76	3744.04	3740.50	3738.06	3740.90	3740.94	3742.10	3741.94	
3743.70	3607.72	3692.34	3731.14	3730.78	3734.30	3735.12	3744.88	3743.48	3736.56	3736.68	3734.20	3735.56	3738.04	3730.02	3732.04	
3730.58	3729.82	3721.82	3721.50	3728.40	3723.04	3721.58	3720.26	3721.02	3717.50	3715.66	3716.68	3721.84	3723.54	3738.54	3695.38	

*******************************************2025/07/21;17:10:10
Probe number 0
Concentration entered by User -1.00% (Compensated: -1.00% at temperature 23.4)
3406.96	3619.40	3600.78	3617.22	3646.60	3639.68	3658.26	3678.46	3683.64	3670.70	3680.80	3687.90	3690.06	3706.94	3693.02	3664.62	
3648.16	3684.82	3723.06	3765.98	3774.04	3764.04	3756.14	3754.12	3752.58	3749.94	3746.38	3741.80	3747.12	3738.14	3738.98	3735.94	
3726.36	3719.56	3714.78	3708.36	3697.46	3712.24	3726.52	3731.48	3732.84	3733.20	3732.28	3732.64	3732.46	3730.50	3739.34	3746.50	
3752.08	3767.10	3769.26	3767.38	3773.62	3776.32	3781.76	3782.66	3783.48	3784.58	3779.98	3783.68	3789.56	3788.68	3785.36	3785.18	
3786.80	3789.28	3791.80	3794.64	3793.26	3790.60	3791.92	3790.98	3793.50	3793.70	3794.98	3796.82	3799.80	3798.04	3796.20	3798.06	
3797.88	3799.44	3800.78	3798.48	3802.36	3804.18	3802.36	3801.62	3799.90	3803.02	3799.98	3796.16	3799.80	3803.18	3805.50	3803.72	
3804.72	3722.76	3775.84	3800.52	3801.86	3798.22	3796.12	3804.02	3807.30	3803.42	3799.74	3793.98	3793.68	3788.98	3786.10	3778.54	
3764.44	3760.74	3759.92	3764.66	3770.66	3761.20	3765.74	3776.38	3781.20	3782.60	3788.02	3786.86	3789.60	3789.82	3798.92	3774.70	

*******************************************2025/07/21;17:10:19
Probe number 0
Concentration entered by User -1.00% (Compensated: -1.00% at temperature 23.5)
3412.32	3625.30	3606.82	3622.94	3652.10	3644.78	3663.58	3683.36	3688.32	3675.82	3685.74	3692.60	3694.76	3711.10	3697.78	3669.92	
3653.24	3688.82	3727.26	3769.10	3776.62	3766.78	3759.38	3757.34	3755.96	3753.38	3750.06	3745.36	3750.46	3742.04	3742.36	3740.12	
3730.78	3723.76	3718.94	3712.50	3701.82	3716.34	3730.62	3735.22	3736.36	3737.20	3736.02	3736.54	3736.44	3734.44	3742.98	3749.86	
3755.62	3769.76	3772.14	3770.40	3776.02	3778.84	3784.12	3785.22	3786.00	3787.02	3782.74	3786.06	3792.00	3791.14	3788.00	3787.54	
3789.10	3791.60	3793.92	3796.88	3795.36	3792.88	3794.06	3793.22	3795.70	3795.80	3797.06	3799.14	3801.62	3800.08	3798.38	3799.98	
3799.86	3801.36	3802.70	3800.52	3804.24	3805.84	3804.16	3803.64	3802.02	3805.04	3802.06	3798.24	3801.68	3805.20	3807.38	3805.50	
3806.46	3726.84	3778.52	3802.46	3803.82	3800.32	3798.42	3805.94	3808.82	3805.24	3801.92	3796.34	3795.98	3791.36	3788.58	3781.30	
3767.56	3764.12	3763.18	3767.56	3773.62	3764.54	3768.62	3779.04	3783.78	3785.26	3790.46	3789.32	3791.80	3792.10	3800.86	3777.46	

*******************************************2025/07/21;17:14:50
Probe number 1
Concentration entered by User 0.00% (Compensated: 0.41% at temperature 25.9)
1581.80	1613.74	1633.14	1659.74	1687.48	1712.66	1738.88	1767.62	1799.70	1831.40	1865.90	1901.54	1938.80	1982.84	2020.94	2055.44	
2094.12	2154.34	2223.78	2310.82	2384.72	2447.30	2504.14	2567.60	2635.54	2697.02	2766.64	2848.04	2957.04	3053.94	3206.34	3378.98	
3557.44	3726.44	3812.42	3831.86	3836.60	3838.76	3839.02	3839.00	3839.06	3839.04	3839.00	3839.02	3839.00	3839.06	3839.06	3839.04	
3839.02	3839.04	3839.04	3839.02	3839.02	3839.02	3839.00	3839.02	3839.04	3839.08	3839.06	3839.04	3839.08	3839.00	3839.00	3839.06	
3839.00	3839.08	3839.04	3839.04	3839.00	3839.00	3839.02	3839.00	3839.04	3839.02	3839.02	3839.06	3839.02	3839.02	3839.02	3839.02	
3839.02	3839.02	3839.04	3839.02	3839.04	3839.04	3839.00	3839.04	3839.00	3839.06	3839.02	3839.04	3839.04	3839.06	3839.02	3839.02	
3839.06	3839.00	3839.02	3839.02	3839.04	3839.02	3839.06	3839.06	3839.02	3839.00	3839.06	3839.06	3839.00	3839.00	3839.00	3839.06	
3839.02	3839.02	3839.02	3839.02	3839.00	3839.06	3839.02	3839.02	3839.00	3839.06	3839.10	3839.02	3839.02	3839.04	3839.06	3839.02	

*******************************************2025/07/21;17:15:20
Probe number 2
Concentration entered by User 0.00% (Compensated: 0.40% at temperature 25.7)
1579.18	1610.56	1629.82	1654.58	1680.18	1705.04	1730.66	1760.00	1791.98	1821.80	1854.14	1892.74	1932.92	1977.38	2013.96	2044.06	
2081.58	2141.56	2208.76	2298.94	2366.14	2427.24	2489.90	2558.04	2632.90	2691.14	2752.48	2841.64	2952.76	3061.00	3207.20	3364.78	
3527.08	3700.76	3803.24	3830.92	3836.04	3838.44	3838.98	3839.00	3838.98	3839.00	3839.02	3838.98	3839.00	3839.00	3839.02	3838.98	
3839.00	3839.00	3839.00	3838.98	3839.00	3839.00	3839.00	3839.00	3839.00	3839.00	3839.00	3839.00	3838.98	3839.00	3839.00	3839.00	
3838.98	3839.00	3838.98	3839.00	3838.98	3838.98	3839.00	3839.00	3839.00	3839.00	3839.02	3839.00	3839.00	3839.00	3839.00	3839.00	
3839.00	3838.98	3838.98	3839.00	3839.00	3839.02	3839.02	3839.00	3839.00	3839.00	3839.00	3839.00	3839.00	3839.00	3839.00	3839.00	
3838.98	3838.98	3839.00	3838.98	3839.00	3838.98	3839.00	3839.02	3839.00	3839.00	3839.00	3839.00	3838.98	3839.00	3839.00	3839.00	
3838.98	3839.00	3838.98	3839.00	3839.00	3839.02	3839.00	3839.00	3839.00	3838.98	3839.00	3839.02	3839.02	3838.98	3839.00	3839.00	

*******************************************2025/07/21;17:15:55
Probe number 3
Concentration entered by User 0.00% (Compensated: 0.39% at temperature 25.6)
1573.34	1605.64	1624.18	1649.00	1675.30	1698.78	1725.48	1751.90	1782.24	1813.52	1848.10	1886.40	1927.08	1969.86	2004.78	2036.16	
2071.88	2134.44	2204.88	2288.36	2353.34	2412.42	2479.64	2548.10	2619.48	2681.18	2750.94	2825.60	2921.30	3035.20	3174.36	3335.80	
3522.58	3693.60	3800.86	3831.02	3836.10	3838.46	3839.00	3838.98	3839.02	3839.00	3839.00	3839.00	3838.98	3839.00	3839.00	3839.00	
3839.00	3839.00	3838.94	3838.98	3839.00	3839.00	3838.96	3839.00	3839.00	3838.98	3839.00	3839.00	3839.00	3838.98	3839.02	3839.00	
3838.98	3839.00	3839.00	3838.98	3838.98	3839.00	3839.00	3839.00	3838.98	3839.00	3838.98	3838.98	3838.98	3839.00	3839.00	3839.00	
3839.00	3839.00	3839.00	3839.00	3839.00	3839.00	3839.00	3838.96	3838.98	3839.00	3839.00	3839.00	3839.00	3839.00	3838.96	3839.00	
3839.00	3839.00	3839.00	3839.00	3838.98	3839.00	3839.02	3839.00	3838.96	3839.00	3838.98	3838.98	3839.00	3838.98	3839.00	3839.02	
3838.98	3839.00	3838.98	3838.98	3839.02	3839.02	3839.00	3838.98	3839.00	3838.98	3839.00	3838.98	3839.00	3839.00	3839.00	3838.98	

*******************************************2025/07/21;17:16:25
Probe number 4
Concentration entered by User 0.00% (Compensated: 0.66% at temperature 29.1)
1575.46	1606.78	1626.12	1650.40	1675.50	1699.04	1724.76	1753.18	1783.40	1813.90	1847.30	1882.88	1924.04	1968.94	2005.36	2035.32	
2077.82	2139.86	2206.20	2290.56	2355.08	2420.02	2485.34	2548.54	2609.04	2673.36	2753.64	2823.68	2919.32	3026.90	3174.52	3351.72	
3519.48	3694.92	3802.20	3830.62	3836.06	3838.48	3839.00	3839.00	3839.00	3839.00	3839.00	3839.00	3839.00	3839.00	3839.00	3839.00	
3838.98	3839.00	3838.98	3838.98	3838.98	3839.00	3839.00	3839.00	3839.00	3839.00	3839.00	3839.00	3839.00	3838.98	3839.00	3838.94	
3838.96	3838.98	3839.00	3838.96	3839.00	3839.00	3839.00	3839.00	3839.00	3839.00	3838.98	3839.00	3839.00	3839.00	3839.00	3839.00	
3839.00	3839.00	3838.96	3839.00	3839.00	3839.00	3839.00	3838.98	3838.98	3839.00	3838.98	3839.00	3839.00	3839.00	3839.00	3839.00	
3839.00	3839.00	3839.00	3839.00	3839.00	3838.96	3839.00	3839.02	3838.98	3839.00	3838.96	3839.00	3839.00	3839.00	3839.00	3839.00	
3839.00	3839.00	3838.98	3839.00	3839.00	3839.00	3839.02	3839.00	3839.00	3839.00	3839.00	3839.00	3838.96	3839.00	3839.00	3839.00	

*******************************************2025/07/21;17:16:55
Probe number 5
Concentration entered by User 0.00% (Compensated: 0.68% at temperature 29.3)
1573.36	1604.98	1624.78	1649.24	1674.70	1699.16	1725.96	1754.20	1785.08	1815.18	1848.00	1884.36	1923.16	1965.00	2002.24	2036.20	
2077.20	2134.92	2200.90	2284.58	2354.76	2418.92	2484.52	2549.06	2615.40	2683.70	2747.14	2818.42	2922.98	3021.04	3169.10	3338.96	
3521.38	3700.90	3804.98	3831.06	3836.08	3838.48	3838.98	3838.98	3839.02	3839.00	3839.00	3839.00	3838.98	3838.98	3838.98	3838.96	
3839.00	3839.00	3839.00	3839.00	3839.00	3838.98	3839.00	3839.00	3839.00	3839.00	3838.98	3839.00	3839.00	3838.98	3838.88	3838.96	
3838.96	3838.98	3838.96	3839.00	3838.96	3838.98	3839.00	3839.00	3839.00	3839.00	3838.98	3839.00	3839.00	3839.00	3839.00	3838.98	
3838.98	3839.00	3838.98	3838.98	3838.98	3839.00	3839.00	3839.00	3839.00	3839.00	3839.00	3839.00	3838.98	3839.00	3838.98	3839.00	
3839.00	3839.00	3838.98	3838.98	3839.00	3838.98	3839.00	3839.00	3839.00	3838.96	3839.00	3839.00	3839.00	3839.00	3838.98	3839.00	
3838.98	3839.00	3839.00	3839.00	3839.00	3838.98	3839.00	3839.00	3839.00	3839.00	3839.00	3839.00	3839.02	3838.94	3839.00	3839.00	

*******************************************2025/07/21;17:17:25
Probe number 6
Concentration entered by User 0.00% (Compensated: 0.64% at temperature 28.8)
1576.74	1607.96	1626.76	1649.74	1675.18	1699.46	1726.46	1755.52	1784.68	1814.68	1848.30	1885.94	1928.06	1968.10	2003.02	2034.30	
2073.52	2133.66	2200.78	2287.38	2357.74	2415.90	2475.96	2547.60	2620.80	2685.16	2744.22	2824.88	2922.98	3014.78	3162.78	3316.86	
3498.94	3685.22	3805.02	3831.30	3836.24	3838.54	3839.00	3839.00	3839.02	3839.00	3839.02	3839.00	3839.00	3839.00	3838.98	3839.00	
3838.98	3839.00	3839.00	3839.00	3839.00	3838.98	3838.98	3839.00	3839.00	3839.00	3839.00	3838.98	3839.00	3839.00	3838.98	3838.98	
3839.00	3838.98	3839.00	3839.00	3839.00	3839.00	3838.98	3839.00	3839.00	3838.98	3839.00	3839.00	3838.96	3838.98	3839.00	3838.98	
3838.98	3839.00	3838.98	3839.00	3839.00	3838.98	3839.00	3839.00	3839.00	3839.02	3839.00	3838.98	3839.00	3839.00	3839.00	3839.00	
3839.00	3839.00	3839.00	3839.00	3839.00	3839.00	3839.02	3838.98	3839.00	3839.00	3839.00	3839.00	3838.98	3839.00	3839.00	3839.00	
3839.00	3839.00	3838.98	3838.98	3839.00	3839.00	3839.00	3839.00	3839.00	3839.00	3839.00	3839.00	3838.94	3839.00	3838.98	3838.98	

*******************************************2025/07/21;17:17:55
Probe number 7
Concentration entered by User 0.00% (Compensated: 0.62% at temperature 28.5)
1574.86	1606.36	1625.44	1649.32	1674.54	1698.80	1724.42	1752.78	1783.10	1814.28	1848.44	1887.68	1927.40	1969.92	2005.98	2033.58	
2070.30	2130.90	2195.30	2277.70	2348.06	2407.98	2472.14	2543.44	2611.30	2678.02	2739.06	2816.30	2917.62	3024.96	3189.20	3355.44	
3519.00	3683.38	3800.60	3831.02	3836.48	3838.74	3838.98	3839.00	3839.00	3838.98	3839.00	3838.98	3839.00	3838.96	3838.98	3839.00	
3839.00	3839.00	3839.00	3838.98	3839.00	3839.00	3839.00	3839.00	3839.00	3839.00	3839.00	3839.00	3839.00	3839.00	3839.00	3839.00	
3838.98	3839.00	3838.98	3839.00	3838.98	3839.00	3839.00	3839.04	3839.00	3839.00	3839.00	3839.00	3838.98	3839.00	3839.00	3839.00	
3839.00	3839.00	3839.00	3838.98	3839.00	3838.98	3839.00	3839.00	3839.00	3839.00	3838.98	3838.98	3839.00	3839.00	3839.00	3839.00	
3839.00	3838.98	3839.00	3839.00	3839.02	3839.00	3839.00	3839.00	3838.98	3839.02	3839.00	3839.02	3839.00	3839.02	3838.98	3839.02	
3839.00	3839.00	3838.98	3839.00	3839.00	3839.00	3839.00	3839.00	3839.00	3839.00	3839.00	3839.00	3839.00	3839.00	3839.00	3839.02	

*******************************************2025/07/21;17:18:25
Probe number 8
Concentration entered by User 0.00% (Compensated: 0.61% at temperature 28.4)
1576.16	1608.06	1626.34	1650.60	1677.70	1702.90	1728.86	1753.86	1785.04	1819.90	1854.00	1886.88	1926.08	1967.42	2005.44	2035.58	
2071.66	2133.48	2200.98	2283.90	2352.70	2410.94	2470.42	2543.30	2611.86	2676.26	2737.18	2810.44	2921.32	3025.50	3164.06	3326.34	
3506.88	3697.36	3808.32	3831.62	3836.48	3838.78	3839.04	3839.00	3839.04	3839.04	3839.02	3839.00	3839.04	3839.02	3839.00	3839.00	
3839.00	3839.02	3839.00	3839.00	3839.02	3839.02	3839.02	3839.00	3839.02	3839.02	3839.00	3839.04	3839.02	3839.00	3839.00	3839.02	
3839.02	3839.04	3839.00	3839.02	3839.00	3839.00	3839.00	3839.02	3839.02	3839.00	3839.04	3839.00	3839.00	3839.00	3839.04	3839.00	
3839.06	3839.02	3839.00	3839.02	3839.00	3839.00	3839.02	3839.06	3839.02	3839.04	3839.04	3839.00	3839.08	3839.06	3839.02	3839.00	
3839.00	3839.02	3839.02	3839.04	3839.00	3839.02	3839.02	3839.02	3838.98	3838.98	3839.02	3839.06	3839.02	3839.02	3839.02	3839.00	
3839.02	3839.02	3839.06	3839.02	3839.06	3839.00	3839.02	3839.02	3839.00	3839.08	3839.04	3839.06	3839.00	3839.02	3839.06	3839.00	

*******************************************2025/07/21;17:18:55
Probe number 9
Concentration entered by User 0.00% (Compensated: 0.60% at temperature 28.4)
1576.54	1607.52	1626.08	1651.44	1675.64	1701.06	1728.98	1757.56	1787.86	1817.64	1851.34	1887.38	1928.22	1972.10	2008.84	2037.24	
2071.28	2136.62	2208.08	2288.56	2352.18	2408.12	2470.74	2535.10	2608.16	2678.24	2740.46	2821.66	2913.00	3005.88	3149.72	3322.38	
3533.06	3702.02	3804.32	3831.20	3836.44	3838.64	3839.00	3839.10	3839.02	3839.02	3839.04	3839.02	3839.02	3839.00	3839.08	3839.02	
3839.10	3839.04	3839.04	3839.06	3839.06	3839.02	3839.06	3839.06	3839.00	3839.04	3839.02	3839.08	3839.08	3839.02	3839.04	3839.08	
3839.04	3839.02	3839.06	3839.04	3839.00	3839.00	3839.06	3839.02	3839.10	3839.04	3839.02	3839.04	3839.08	3839.02	3839.06	3839.08	
3839.04	3839.02	3839.02	3839.08	3839.00	3839.06	3839.02	3839.00	3839.04	3839.06	3839.02	3839.06	3839.04	3839.08	3839.00	3839.02	
3839.08	3839.08	3839.06	3839.16	3839.04	3839.04	3839.10	3839.06	3839.04	3839.06	3839.08	3839.04	3839.08	3839.12	3839.04	3839.02	
3839.10	3838.96	3839.02	3839.06	3839.04	3839.00	3839.08	3839.02	3839.06	3839.04	3839.04	3839.04	3839.06	3839.08	3839.06	3839.08	

*******************************************2025/07/21;17:19:25
Probe number 10
Concentration entered by User 0.00% (Compensated: 0.60% at temperature 28.3)
1576.28	1608.22	1627.28	1652.22	1677.16	1700.98	1725.92	1754.74	1785.18	1816.42	1850.84	1889.24	1926.80	1971.00	2007.88	2038.16	
2074.38	2136.18	2202.32	2281.26	2348.18	2413.08	2478.22	2545.26	2606.94	2661.56	2727.04	2813.54	2927.36	3031.06	3168.62	3337.00	
3510.50	3690.60	3802.08	3831.72	3836.78	3838.80	3839.02	3839.02	3839.04	3839.02	3839.04	3839.04	3839.08	3839.02	3839.04	3839.04	
3839.00	3839.12	3839.06	3839.00	3839.04	3839.04	3839.12	3839.00	3839.10	3839.04	3839.00	3839.00	3839.02	3839.04	3839.08	3839.00	
3839.06	3839.00	3839.04	3839.04	3839.04	3839.02	3839.02	3839.00	3839.00	3839.00	3839.00	3839.02	3839.04	3839.02	3839.00	3839.00	
3839.02	3839.04	3839.02	3839.02	3839.02	3839.00	3839.04	3839.04	3839.02	3839.06	3839.06	3839.02	3839.08	3839.06	3839.04	3839.02	
3839.04	3839.00	3839.02	3839.04	3839.02	3839.04	3839.04	3839.06	3839.04	3839.08	3839.02	3839.02	3839.04	3839.00	3839.00	3839.04	
3839.04	3839.02	3839.00	3839.02	3839.08	3839.10	3839.08	3839.04	3839.04	3839.12	3839.06	3839.04	3839.04	3839.02	3839.02	3839.04	

*******************************************2025/07/21;17:19:55
Probe number 11
Concentration entered by User 0.00% (Compensated: 0.61% at temperature 28.4)
1576.86	1608.56	1627.92	1652.66	1677.10	1701.30	1727.78	1756.08	1787.72	1818.46	1852.62	1889.54	1929.00	1969.72	2005.68	2035.76	
2075.00	2136.68	2203.82	2284.78	2356.38	2416.28	2481.56	2550.02	2613.96	2673.34	2733.52	2817.76	2925.36	3024.70	3154.78	3315.58	
3506.70	3702.82	3807.30	3831.60	3836.56	3838.76	3839.14	3839.16	3839.02	3839.16	3839.12	3839.04	3839.04	3839.16	3839.12	3839.06	
3839.24	3839.12	3839.16	3839.16	3839.12	3839.10	3839.08	3839.20	3839.08	3839.16	3839.20	3839.16	3839.22	3839.18	3839.18	3839.18	
3839.04	3839.16	3839.20	3839.26	3839.12	3839.12	3839.20	3839.10	3839.18	3839.12	3839.04	3839.14	3839.14	3839.08	3839.12	3839.20	
3839.18	3839.08	3839.12	3839.10	3839.08	3839.18	3839.12	3839.12	3839.18	3839.18	3839.22	3839.16	3839.22	3839.18	3839.04	3839.12	
3839.12	3839.22	3839.14	3839.14	3839.12	3839.14	3839.10	3839.14	3839.08	3839.10	3839.12	3839.14	3839.10	3839.16	3839.12	3839.14	
3839.14	3839.12	3839.10	3839.12	3839.24	3839.14	3839.12	3839.20	3839.28	3839.34	3839.18	3839.12	3839.04	3839.10	3839.16	3839.06	

*******************************************2025/07/21;17:20:25
Probe number 12
Concentration entered by User 0.00% (Compensated: 0.59% at temperature 28.2)
1578.24	1609.22	1627.74	1651.68	1677.52	1702.28	1728.92	1755.44	1786.34	1819.62	1853.32	1890.54	1930.06	1970.28	2004.56	2034.80	
2072.46	2132.04	2196.86	2286.40	2360.02	2416.46	2473.86	2539.68	2610.28	2675.16	2737.86	2824.70	2937.68	3028.50	3166.02	3335.98	
3504.88	3690.02	3805.98	3831.82	3836.76	3838.92	3839.22	3839.06	3839.04	3839.16	3839.20	3839.18	3839.10	3839.28	3839.08	3839.22	
3839.04	3839.16	3839.22	3839.24	3839.06	3839.12	3839.16	3839.10	3839.16	3839.22	3839.18	3839.16	3839.08	3839.08	3839.22	3839.12	
3839.10	3839.14	3839.14	3839.14	3839.24	3839.16	3839.24	3839.18	3839.10	3839.18	3839.12	3839.14	3839.22	3839.18	3839.10	3839.24	
3839.10	3839.22	3839.20	3839.22	3839.18	3839.14	3839.16	3839.28	3839.08	3839.20	3839.18	3839.20	3839.20	3839.12	3839.10	3839.12	
3839.10	3839.14	3839.20	3839.08	3839.24	3839.14	3839.18	3839.22	3839.14	3839.20	3839.18	3839.10	3839.16	3839.20	3839.14	3839.14	
3839.12	3839.20	3839.10	3839.20	3839.20	3839.14	3839.18	3839.14	3839.20	3839.20	3839.16	3839.10	3839.22	3839.12	3839.16	3839.20	

*******************************************2025/07/21;17:20:55
Probe number 13
Concentration entered by User 0.00% (Compensated: 0.58% at temperature 28.1)
1575.80	1608.34	1627.92	1652.42	1675.96	1700.46	1726.56	1754.76	1787.48	1817.92	1852.04	1888.12	1926.52	1967.64	2001.88	2030.00	
2069.80	2133.00	2202.26	2284.84	2353.70	2414.14	2476.04	2542.08	2606.06	2664.80	2726.88	2813.64	2919.80	3027.12	3171.50	3333.10	
3514.48	3686.60	3802.30	3832.10	3836.82	3839.14	3839.18	3839.32	3839.24	3839.28	3839.20	3839.32	3839.10	3839.28	3839.42	3839.34	
3839.30	3839.28	3839.30	3839.36	3839.32	3839.22	3839.32	3839.32	3839.26	3839.38	3839.24	3839.22	3839.30	3839.34	3839.34	3839.22	
3839.16	3839.16	3839.28	3839.30	3839.34	3839.36	3839.30	3839.28	3839.36	3839.28	3839.08	3839.34	3839.16	3839.30	3839.18	3839.24	
3839.32	3839.34	3839.20	3839.34	3839.28	3839.32	3839.36	3839.24	3839.28	3839.32	3839.28	3839.26	3839.26	3839.24	3839.14	3839.30	
3839.30	3839.34	3839.30	3839.38	3839.30	3839.24	3839.30	3839.22	3839.22	3839.36	3839.38	3839.30	3839.36	3839.28	3839.28	3839.36	
3839.32	3839.34	3839.14	3839.36	3839.32	3839.38	3839.38	3839.30	3839.36	3839.44	3839.30	3839.26	3839.16	3839.38	3839.36	3839.18	

*******************************************2025/07/21;17:21:25
Probe number 14
Concentration entered by User 0.00% (Compensated: 0.59% at temperature 28.2)
1577.98	1610.94	1630.56	1653.70	1677.26	1700.22	1727.52	1755.66	1787.64	1818.80	1852.14	1887.64	1929.60	1972.48	2006.98	2038.42	
2076.22	2137.32	2203.68	2288.14	2361.16	2416.66	2474.36	2545.48	2617.02	2684.00	2743.56	2814.56	2917.50	3019.20	3169.60	3327.40	
3505.98	3677.14	3797.72	3831.30	3836.80	3838.96	3839.28	3839.26	3839.20	3839.20	3839.22	3839.16	3839.26	3839.22	3839.12	3839.20	
3839.24	3839.26	3839.18	3839.22	3839.20	3839.32	3839.30	3839.34	3839.32	3839.36	3839.28	3839.20	3839.28	3839.22	3839.22	3839.24	
3839.24	3839.28	3839.14	3839.14	3839.18	3839.24	3839.18	3839.32	3839.26	3839.40	3839.18	3839.20	3839.14	3839.04	3839.18	3839.18	
3839.18	3839.16	3839.22	3839.30	3839.16	3839.24	3839.18	3839.30	3839.26	3839.22	3839.24	3839.26	3839.28	3839.24	3839.24	3839.30	
3839.14	3839.20	3839.16	3839.24	3839.24	3839.22	3839.24	3839.28	3839.20	3839.30	3839.34	3839.34	3839.22	3839.32	3839.22	3839.18	
3839.24	3839.14	3839.20	3839.06	3839.18	3839.20	3839.24	3839.18	3839.24	3839.34	3839.32	3839.32	3839.30	3839.30	3839.28	3839.18	

*******************************************2025/07/21;17:21:55
Probe number 15
Concentration entered by User 0.00% (Compensated: 0.57% at temperature 28.0)
1579.08	1610.20	1628.94	1653.74	1679.50	1702.90	1728.18	1757.34	1788.38	1819.14	1853.14	1889.62	1928.14	1972.60	2009.30	2039.50	
2076.22	2137.84	2201.76	2281.66	2351.44	2415.12	2476.40	2545.42	2611.32	2671.16	2740.46	2821.48	2912.64	3006.08	3154.48	3328.52	
3504.14	3696.12	3803.76	3831.18	3836.60	3838.96	3839.34	3839.20	3839.46	3839.28	3839.34	3839.28	3839.20	3839.28	3839.32	3839.34	
3839.26	3839.34	3839.18	3839.32	3839.32	3839.34	3839.28	3839.32	3839.34	3839.34	3839.36	3839.26	3839.42	3839.34	3839.36	3839.22	
3839.24	3839.32	3839.20	3839.24	3839.24	3839.36	3839.28	3839.16	3839.36	3839.30	3839.34	3839.32	3839.30	3839.26	3839.18	3839.30	
3839.32	3839.32	3839.36	3839.40	3839.18	3839.30	3839.24	3839.36	3839.18	3839.28	3839.34	3839.40	3839.28	3839.34	3839.20	3839.30	
3839.32	3839.22	3839.34	3839.36	3839.34	3839.22	3839.40	3839.24	3839.36	3839.36	3839.30	3839.22	3839.22	3839.32	3839.22	3839.20	
3839.22	3839.24	3839.28	3839.30	3839.34	3839.34	3839.34	3839.40	3839.40	3839.28	3839.42	3839.20	3839.22	3839.26	3839.38	3839.30	

*******************************************2025/07/21;17:22:25
Probe number 16
Concentration entered by User 0.00% (Compensated: 0.57% at temperature 27.9)
1578.50	1609.84	1628.74	1654.64	1679.92	1703.58	1727.04	1755.20	1786.56	1816.42	1849.38	1886.74	1927.30	1969.30	2007.36	2037.72	
2077.28	2139.78	2202.18	2282.92	2357.56	2425.62	2486.98	2549.00	2612.30	2674.46	2739.96	2811.56	2912.22	3016.20	3144.26	3306.38	
3500.22	3703.98	3810.16	3832.20	3836.94	3839.08	3839.52	3839.24	3839.30	3839.60	3839.54	3839.42	3839.32	3839.38	3839.46	3839.34	
3839.42	3839.38	3839.48	3839.50	3839.54	3839.48	3839.56	3839.38	3839.54	3839.56	3839.54	3839.50	3839.62	3839.50	3839.52	3839.42	
3839.40	3839.46	3839.34	3839.64	3839.42	3839.42	3839.36	3839.30	3839.42	3839.48	3839.54	3839.52	3839.42	3839.52	3839.42	3839.40	
3839.42	3839.42	3839.46	3839.40	3839.50	3839.44	3839.40	3839.56	3839.40	3839.58	3839.44	3839.38	3839.46	3839.44	3839.38	3839.40	
3839.28	3839.52	3839.44	3839.42	3839.44	3839.34	3839.52	3839.48	3839.36	3839.52	3839.52	3839.40	3839.48	3839.50	3839.38	3839.34	
3839.38	3839.48	3839.54	3839.50	3839.54	3839.42	3839.52	3839.46	3839.42	3839.44	3839.62	3839.54	3839.36	3839.54	3839.40	3839.46	

*******************************************2025/07/21;17:22:55
Probe number 17
Concentration entered by User 0.00% (Compensated: 0.57% at temperature 27.9)
1577.26	1609.20	1627.76	1652.50	1678.90	1703.20	1728.94	1757.04	1787.34	1818.74	1854.34	1891.58	1930.90	1972.90	2008.50	2035.52	
2071.90	2131.84	2196.32	2283.80	2355.60	2417.94	2486.30	2545.50	2608.34	2671.64	2743.62	2820.40	2924.96	3026.14	3169.44	3338.68	
3513.22	3692.60	3803.72	3832.18	3837.24	3839.28	3839.58	3839.60	3839.60	3839.56	3839.66	3839.66	3839.40	3839.62	3839.58	3839.64	
3839.50	3839.74	3839.52	3839.56	3839.62	3839.66	3839.52	3839.56	3839.80	3839.72	3839.66	3839.68	3839.62	3839.56	3839.68	3839.70	
3839.46	3839.64	3839.66	3839.68	3839.54	3839.60	3839.68	3839.76	3839.64	3839.62	3839.60	3839.50	3839.64	3839.60	3839.58	3839.56	
3839.66	3839.56	3839.70	3839.56	3839.40	3839.70	3839.54	3839.58	3839.56	3839.70	3839.62	3839.50	3839.60	3839.70	3839.56	3839.60	
3839.58	3839.50	3839.54	3839.62	3839.58	3839.64	3839.62	3839.66	3839.48	3839.74	3839.50	3839.62	3839.58	3839.74	3839.64	3839.56	
3839.46	3839.52	3839.70	3839.62	3839.72	3839.64	3839.62	3839.68	3839.70	3839.68	3839.64	3839.78	3839.46	3839.64	3839.68	3839.66	

*******************************************2025/07/21;17:23:25
Probe number 18
Concentration entered by User 0.00% (Compensated: 0.57% at temperature 27.9)
1578.40	1609.70	1629.16	1653.64	1676.40	1701.38	1728.48	1758.08	1789.66	1818.88	1853.10	1889.20	1927.16	1971.64	2010.02	2041.04	
2074.28	2133.86	2202.80	2284.70	2358.70	2421.04	2492.06	2555.88	2619.42	2679.36	2735.10	2800.38	2909.06	3011.24	3164.28	3336.30	
3509.52	3704.36	3808.72	3831.58	3836.82	3839.18	3839.76	3839.72	3839.78	3839.68	3839.72	3839.72	3839.72	3839.66	3839.66	3839.66	
3839.58	3839.72	3839.70	3839.74	3839.62	3839.64	3839.76	3839.70	3839.80	3839.76	3839.76	3839.66	3839.66	3839.80	3839.72	3839.66	
3839.62	3839.80	3839.70	3839.82	3839.78	3839.72	3839.74	3839.74	3839.62	3839.84	3839.74	3839.74	3839.64	3839.68	3839.76	3839.64	
3839.76	3839.64	3839.70	3839.78	3839.70	3839.74	3839.84	3839.76	3839.70	3839.74	3839.66	3839.72	3839.76	3839.74	3839.74	3839.68	
3839.72	3839.74	3839.76	3839.86	3839.76	3839.78	3839.74	3839.72	3839.64	3839.60	3839.74	3839.76	3839.62	3839.68	3839.70	3839.70	
3839.76	3839.64	3839.62	3839.60	3839.76	3839.78	3839.82	3839.72	3839.84	3839.78	3839.70	3839.74	3839.76	3839.74	3839.80	3839.72	

*******************************************2025/07/21;17:23:55
Probe number 19
Concentration entered by User 0.00% (Compensated: 0.56% at temperature 27.9)
1578.32	1610.80	1629.90	1655.38	1681.58	1704.10	1728.78	1758.22	1788.30	1819.40	1852.84	1888.68	1929.54	1972.46	2010.52	2039.46	
2076.68	2138.72	2202.48	2284.30	2356.76	2419.34	2479.82	2541.72	2612.44	2681.08	2752.46	2824.74	2928.02	3013.60	3144.28	3328.74	
3507.74	3683.94	3805.56	3832.20	3836.98	3839.34	3839.78	3839.78	3839.74	3839.74	3839.68	3839.68	3839.64	3839.68	3839.70	3839.66	
3839.68	3839.82	3839.78	3839.76	3839.84	3839.74	3839.70	3839.76	3839.78	3839.82	3839.78	3839.74	3839.76	3839.72	3839.84	3839.84	
3839.66	3839.74	3839.84	3839.80	3839.66	3839.72	3839.78	3839.76	3839.70	3839.72	3839.72	3839.64	3839.74	3839.74	3839.70	3839.76	
3839.74	3839.68	3839.84	3839.70	3839.76	3839.66	3839.74	3839.74	3839.68	3839.78	3839.74	3839.66	3839.62	3839.72	3839.78	3839.76	
3839.66	3839.60	3839.78	3839.76	3839.72	3839.64	3839.72	3839.72	3839.60	3839.64	3839.84	3839.76	3839.80	3839.80	3839.76	3839.80	
3839.66	3839.82	3839.76	3839.74	3839.70	3839.80	3839.72	3839.68	3839.90	3839.76	3839.86	3839.80	3839.72	3839.70	3839.74	3839.78	

*******************************************2025/07/21;17:24:25
Probe number 20
Concentration entered by User 0.00% (Compensated: 0.55% at temperature 27.7)
1579.52	1611.74	1629.96	1655.10	1680.54	1703.94	1728.54	1755.88	1786.90	1818.02	1853.64	1893.70	1933.92	1975.92	2011.02	2039.80	
2076.72	2139.82	2208.98	2288.86	2356.00	2421.88	2488.76	2555.00	2615.10	2680.62	2748.36	2820.38	2920.26	3030.28	3167.22	3326.50	
3498.34	3684.94	3803.10	3831.62	3836.88	3839.26	3839.72	3839.76	3839.84	3839.76	3839.74	3839.70	3839.64	3839.76	3839.80	3839.66	
3839.70	3839.86	3839.72	3839.78	3839.82	3839.82	3839.82	3839.80	3839.82	3839.80	3839.86	3839.80	3839.80	3839.86	3839.84	3839.70	
3839.76	3839.90	3839.76	3839.78	3839.82	3839.70	3839.72	3839.80	3839.70	3839.84	3839.72	3839.76	3839.92	3839.74	3839.84	3839.82	
3839.78	3839.76	3839.90	3839.68	3839.74	3839.80	3839.76	3839.84	3839.76	3839.80	3839.84	3839.72	3839.82	3839.76	3839.76	3839.80	
3839.84	3839.80	3839.80	3839.76	3839.86	3839.78	3839.76	3839.72	3839.60	3839.88	3839.84	3839.76	3839.66	3839.72	3839.80	3839.78	
3839.72	3839.88	3839.86	3839.74	3839.84	3839.78	3839.84	3839.82	3839.94	3839.86	3839.88	3839.86	3839.72	3839.84	3839.86	3839.84	

*******************************************2025/07/21;17:24:55
Probe number 21
Concentration entered by User 0.00% (Compensated: 0.54% at temperature 27.6)
1579.72	1612.00	1631.72	1656.34	1680.56	1703.20	1729.14	1759.38	1790.36	1822.80	1857.12	1890.82	1929.68	1972.92	2011.02	2043.98	
2078.98	2135.36	2199.82	2285.18	2358.10	2427.42	2491.20	2547.96	2610.28	2676.22	2751.14	2829.26	2927.08	3020.22	3159.96	3320.36	
3501.78	3693.04	3808.72	3832.56	3837.08	3839.24	3839.92	3839.70	3839.92	3839.74	3839.84	3839.76	3839.68	3839.90	3839.86	3839.90	
3839.72	3839.74	3839.80	3839.80	3839.74	3839.84	3839.88	3839.88	3839.88	3839.88	3839.88	3839.82	3839.88	3839.78	3839.96	3839.84	
3839.74	3839.94	3839.84	3839.90	3839.84	3839.80	3839.76	3839.82	3839.76	3839.90	3839.70	3839.84	3839.90	3839.70	3839.80	3839.84	
3839.88	3839.84	3839.80	3839.84	3839.80	3839.90	3839.86	3839.88	3839.76	3839.88	3839.72	3839.80	3839.80	3839.74	3839.78	3839.88	
3839.88	3839.84	3839.90	3839.88	3839.86	3839.80	3839.80	3839.86	3839.82	3839.84	3839.86	3839.80	3839.90	3839.82	3839.84	3839.84	
3839.86	3839.88	3839.86	3839.86	3839.94	3839.84	3839.88	3839.90	3839.86	3839.90	3839.86	3839.84	3839.86	3839.90	3839.82	3839.94	

*******************************************2025/07/21;17:25:25
Probe number 22
Concentration entered by User 0.00% (Compensated: 0.53% at temperature 27.5)
1578.28	1608.88	1628.98	1655.20	1679.90	1702.84	1729.70	1759.80	1790.88	1821.02	1853.26	1890.30	1932.66	1975.80	2011.06	2043.22	
2079.82	2136.86	2198.62	2284.88	2356.38	2411.38	2478.06	2549.62	2618.34	2684.30	2750.70	2827.42	2923.00	3015.62	3160.60	3346.88	
3523.10	3699.72	3809.46	3832.52	3837.18	3839.44	3839.90	3839.94	3839.90	3839.96	3839.92	3839.86	3839.86	3839.88	3839.86	3839.88	
3839.92	3839.86	3839.88	3839.96	3839.94	3839.90	3839.90	3839.88	3839.94	3839.98	3839.94	3839.94	3839.92	3839.94	3839.96	3839.92	
3839.80	3839.86	3839.96	3839.94	3839.96	3839.96	3839.90	3839.90	3839.86	3839.96	3839.90	3839.98	3839.94	3839.86	3839.88	3839.90	
3839.92	3839.86	3839.86	3839.92	3839.92	3839.92	3839.92	3839.90	3839.94	3839.92	3839.92	3839.90	3839.90	3839.98	3839.90	3839.92	
3839.84	3839.94	3839.90	3839.92	3839.92	3839.94	3839.90	3839.98	3839.92	3839.88	3839.96	3839.88	3839.90	3839.90	3839.96	3839.96	
3839.94	3839.78	3839.88	3839.90	3839.90	3839.90	3839.90	3839.96	3839.90	3839.96	3839.92	3839.98	3839.86	3839.90	3839.92	3839.94	

*******************************************2025/07/21;17:25:55
Probe number 23
Concentration entered by User 0.00% (Compensated: 0.52% at temperature 27.3)
1578.56	1610.56	1629.48	1654.40	1678.82	1703.02	1728.42	1756.28	1786.50	1819.90	1854.44	1889.52	1928.24	1972.78	2010.94	2038.98	
2074.24	2135.64	2204.24	2288.44	2356.98	2419.40	2486.86	2555.14	2620.16	2677.24	2738.44	2819.00	2924.12	3025.86	3164.52	3320.50	
3506.82	3699.64	3807.04	3832.44	3837.34	3839.52	3839.98	3839.94	3839.90	3839.98	3839.92	3839.92	3839.88	3839.96	3839.92	3839.98	
3839.92	3839.92	3839.86	3839.94	3839.90	3839.88	3839.92	3839.96	3839.94	3839.92	3839.98	3839.96	3839.94	3839.94	3840.00	3839.92	
3839.90	3839.92	3839.84	3839.94	3839.96	3839.94	3839.96	3839.88	3839.92	3839.92	3839.90	3839.88	3839.96	3839.98	3839.96	3839.92	
3839.92	3839.92	3839.94	3839.98	3839.88	3839.94	3839.92	3839.98	3839.96	3839.96	3839.88	3839.94	3839.94	3839.98	3839.92	3839.86	
3839.98	3839.98	3839.94	3839.94	3839.96	3839.90	3840.00	3839.96	3839.80	3839.92	3839.92	3839.92	3839.88	3839.86	3839.94	3839.94	
3839.94	3839.94	3839.94	3839.90	3839.96	3839.94	3839.98	3839.94	3839.94	3839.94	3839.98	3839.98	3839.88	3839.98	3839.84	3839.94	

*******************************************2025/07/21;17:26:25
Probe number 24
Concentration entered by User 0.00% (Compensated: 0.51% at temperature 27.2)
1578.98	1609.82	1628.94	1654.36	1678.86	1703.82	1730.38	1758.56	1789.86	1820.58	1854.00	1890.86	1931.34	1973.76	2009.58	2039.80	
2073.42	2135.22	2201.38	2288.84	2361.50	2418.26	2481.36	2557.32	2628.42	2682.42	2748.14	2826.00	2924.02	3021.50	3160.90	3332.72	
3520.76	3694.82	3804.86	3831.84	3836.92	3839.48	3839.98	3840.00	3839.94	3839.98	3840.00	3839.92	3839.84	3839.90	3839.96	3840.00	
3839.90	3839.96	3839.96	3839.90	3839.98	3839.96	3839.96	3839.98	3839.92	3839.96	3839.98	3839.98	3839.96	3839.98	3839.98	3839.98	
3839.96	3839.94	3839.98	3839.98	3839.98	3839.94	3840.00	3839.94	3839.96	3839.96	3839.96	3839.96	3839.90	3839.96	3840.00	3840.00	
3839.94	3839.98	3839.98	3839.98	3839.88	3839.96	3839.96	3839.96	3839.98	3839.98	3839.98	3839.96	3839.92	3839.96	3839.94	3839.96	
3839.96	3839.96	3839.94	3840.00	3839.92	3839.94	3839.94	3839.98	3839.92	3839.94	3840.00	3839.94	3840.00	3839.94	3839.96	3839.98	
3839.98	3839.94	3840.00	3840.00	3839.98	3839.98	3839.98	3839.98	3839.96	3840.00	3839.96	3839.96	3839.96	3840.00	3840.00	3839.94	

*******************************************2025/07/21;17:26:55
Probe number 25
Concentration entered by User 0.00% (Compensated: 0.50% at temperature 27.0)
1579.40	1611.68	1630.14	1656.16	1681.90	1705.82	1730.96	1758.14	1788.84	1819.90	1854.56	1890.04	1927.38	1971.16	2008.74	2039.70	
2077.42	2138.02	2207.64	2294.02	2362.50	2422.70	2484.28	2550.10	2612.84	2679.34	2743.00	2820.50	2924.90	3031.22	3170.98	3318.20	
3497.86	3691.12	3806.00	3832.30	3837.34	3839.56	3839.98	3840.00	3839.98	3840.00	3839.96	3839.96	3839.98	3839.96	3839.96	3839.98	
3839.98	3839.96	3839.98	3840.00	3840.02	3839.94	3839.88	3839.96	3840.00	3839.96	3839.90	3839.96	3840.00	3839.94	3839.94	3839.98	
3839.88	3839.98	3839.92	3839.96	3839.94	3839.98	3840.00	3839.94	3839.98	3839.96	3839.96	3839.98	3839.98	3839.94	3839.96	3839.96	
3840.00	3839.98	3839.98	3839.94	3839.98	3839.96	3839.98	3840.00	3839.96	3839.96	3839.98	3839.98	3839.98	3839.96	3839.92	3840.00	
3839.96	3839.94	3839.94	3839.96	3839.96	3839.98	3839.96	3839.98	3839.94	3840.00	3839.98	3839.96	3839.96	3839.98	3839.98	3839.94	
3839.96	3839.96	3839.92	3839.94	3839.96	3839.98	3840.00	3839.94	3839.98	3839.98	3840.00	3839.98	3839.94	3839.98	3839.98	3839.98	

*******************************************2025/07/21;17:27:25
Probe number 26
Concentration entered by User 0.00% (Compensated: 0.49% at temperature 26.9)
1580.12	1613.14	1632.00	1655.40	1679.76	1703.58	1731.80	1761.46	1790.40	1820.90	1855.66	1891.14	1933.28	1974.82	2012.62	2039.96	
2076.00	2133.68	2200.58	2286.88	2357.16	2417.88	2481.46	2548.70	2617.38	2676.62	2749.84	2836.56	2932.76	3029.10	3173.30	3324.36	
3494.02	3669.32	3800.80	3832.24	3837.40	3839.66	3839.96	3839.98	3840.00	3839.96	3839.98	3840.00	3839.94	3839.98	3840.00	3839.96	
3839.94	3840.00	3839.98	3839.98	3840.00	3839.94	3839.98	3840.00	3840.00	3840.00	3840.00	3840.00	3839.98	3840.00	3840.00	3839.96	
3839.90	3840.00	3839.98	3840.00	3840.00	3840.00	3839.98	3839.96	3840.00	3839.96	3839.98	3839.98	3839.90	3840.00	3839.96	3839.98	
3839.98	3839.96	3840.00	3840.00	3839.98	3839.96	3839.96	3839.98	3840.00	3840.00	3839.96	3839.96	3839.98	3839.98	3840.00	3839.96	
3840.00	3839.98	3839.96	3839.98	3840.00	3839.96	3840.00	3840.00	3839.98	3840.00	3840.00	3840.00	3840.00	3839.96	3839.94	3839.96	
3839.96	3839.98	3839.94	3839.98	3839.98	3839.92	3839.98	3839.98	3839.96	3840.00	3839.96	3839.96	3839.98	3839.98	3839.98	3839.92	

*******************************************2025/07/21;17:27:55
Probe number 27
Concentration entered by User 0.00% (Compensated: 0.48% at temperature 26.8)
1578.78	1611.22	1630.24	1655.30	1679.28	1703.28	1728.34	1755.88	1787.56	1820.22	1855.26	1891.72	1930.40	1972.34	2007.10	2037.02	
2075.34	2137.52	2204.54	2285.92	2348.54	2406.50	2475.70	2545.44	2616.92	2673.22	2730.38	2815.80	2929.16	3023.40	3165.60	3327.86	
3516.08	3693.32	3805.80	3832.64	3837.34	3839.56	3840.00	3839.96	3839.94	3839.98	3840.00	3840.00	3839.94	3839.96	3839.96	3839.98	
3839.94	3839.98	3840.00	3839.98	3840.00	3839.94	3840.00	3840.00	3839.96	3839.94	3839.98	3839.98	3840.00	3839.96	3839.98	3839.92	
3839.94	3840.00	3840.00	3840.00	3839.98	3839.98	3840.00	3839.96	3839.98	3839.92	3839.96	3839.96	3839.96	3839.90	3839.96	3839.98	
3839.94	3840.00	3839.96	3839.98	3840.00	3840.00	3839.94	3839.98	3840.00	3840.02	3839.98	3839.96	3839.96	3839.98	3840.00	3839.98	
3840.00	3839.98	3839.96	3839.94	3839.96	3840.00	3839.94	3839.96	3839.92	3839.98	3840.00	3839.98	3839.98	3840.00	3840.00	3840.00	
3839.96	3839.96	3839.96	3839.98	3839.96	3840.00	3839.98	3839.98	3840.00	3840.00	3840.00	3840.00	3840.00	3839.98	3840.00	3840.00	

*******************************************2025/07/21;17:28:25
Probe number 28
Concentration entered by User 0.00% (Compensated: 0.48% at temperature 26.8)
1579.60	1611.82	1631.76	1656.02	1679.84	1701.64	1727.58	1756.36	1788.26	1818.52	1853.28	1892.18	1932.32	1974.74	2011.16	2041.70	
2076.12	2133.62	2199.52	2290.82	2365.80	2426.44	2489.60	2550.38	2617.34	2686.44	2756.74	2835.34	2921.34	3013.72	3155.04	3320.08	
3506.62	3697.32	3805.92	3832.50	3837.68	3839.66	3840.00	3840.00	3840.00	3839.96	3840.02	3840.00	3839.94	3839.98	3839.98	3839.94	
3839.96	3840.00	3839.94	3839.94	3839.98	3839.98	3840.02	3839.98	3840.00	3839.98	3839.96	3839.98	3839.94	3839.94	3839.98	3839.96	
3839.96	3839.94	3839.96	3839.98	3839.98	3839.96	3839.96	3839.98	3839.98	3839.96	3839.98	3839.98	3840.00	3839.96	3840.00	3839.98	
3839.98	3839.92	3839.94	3840.00	3839.94	3839.96	3839.96	3840.00	3840.00	3840.00	3840.00	3839.94	3840.00	3840.00	3839.94	3840.00	
3840.00	3839.98	3839.98	3839.98	3839.98	3839.98	3839.94	3840.00	3840.00	3839.96	3840.00	3839.98	3839.98	3840.00	3840.00	3839.92	
3840.00	3839.96	3839.96	3840.00	3839.96	3839.96	3839.94	3839.96	3839.96	3839.96	3839.98	3839.98	3839.92	3839.98	3839.98	3840.00	

*******************************************2025/07/21;17:28:55
Probe number 29
Concentration entered by User 0.00% (Compensated: 0.48% at temperature 26.8)
1580.14	1611.14	1629.90	1654.64	1679.30	1705.06	1731.64	1758.98	1788.90	1819.12	1853.82	1889.40	1932.38	1976.28	2010.84	2040.92	
2075.52	2133.64	2204.72	2288.86	2358.60	2415.36	2484.84	2554.54	2621.62	2689.42	2750.74	2821.28	2916.84	3006.36	3156.18	3334.40	
3517.04	3700.88	3809.90	3832.76	3837.52	3839.60	3839.98	3839.90	3839.96	3839.98	3840.00	3840.00	3839.88	3839.98	3839.98	3839.94	
3839.86	3839.98	3839.92	3839.94	3839.98	3839.94	3839.88	3839.96	3839.90	3839.90	3839.98	3839.92	3839.94	3839.92	3839.94	3839.96	
3839.94	3839.98	3839.96	3839.98	3839.98	3839.88	3839.92	3839.96	3839.96	3839.88	3839.98	3839.90	3839.96	3839.94	3839.94	3839.98	
3839.90	3839.92	3839.96	3840.00	3839.98	3839.96	3839.92	3840.00	3839.94	3839.98	3840.00	3839.90	3839.96	3839.96	3839.98	3839.94	
3839.98	3839.92	3839.98	3839.96	3839.98	3839.98	3839.92	3839.92	3839.94	3839.98	3840.00	3839.98	3839.98	3839.96	3840.00	3839.94	
3839.96	3839.98	3839.88	3839.98	3839.92	3839.94	3840.00	3839.94	3840.00	3839.96	3839.96	3839.98	3839.96	3840.00	3839.92	3839.98	

*******************************************2025/07/21;17:29:25
Probe number 30
Concentration entered by User 0.00% (Compensated: 0.48% at temperature 26.8)
1579.32	1609.96	1629.94	1655.54	1680.44	1704.10	1729.20	1756.50	1788.02	1819.00	1855.72	1892.96	1931.70	1975.72	2010.88	2040.42	
2078.82	2140.16	2202.70	2285.98	2360.78	2422.82	2485.26	2555.08	2624.22	2682.52	2741.34	2809.92	2919.72	3024.00	3162.66	3334.48	
3522.48	3700.20	3808.28	3832.86	3837.56	3839.64	3840.00	3839.98	3839.98	3839.98	3840.00	3839.98	3839.96	3839.98	3839.96	3839.98	
3839.96	3840.00	3839.98	3840.00	3839.98	3840.00	3840.00	3840.00	3840.00	3840.00	3840.00	3840.00	3840.00	3839.96	3839.98	3839.98	
3839.94	3840.00	3840.00	3840.00	3839.98	3840.00	3840.00	3840.00	3839.98	3840.00	3839.98	3839.98	3840.00	3839.94	3840.00	3839.96	
3840.00	3839.96	3839.98	3839.98	3839.96	3840.00	3839.98	3839.96	3839.96	3839.86	3840.00	3839.98	3840.00	3840.02	3839.98	3840.00	
3840.02	3839.98	3840.00	3840.00	3839.98	3840.00	3840.00	3839.98	3839.96	3840.00	3839.98	3840.00	3840.02	3839.98	3840.00	3840.00	
3839.98	3839.98	3839.96	3840.02	3840.00	3839.98	3840.00	3840.00	3840.00	3840.00	3840.00	3840.00	3839.98	3839.98	3840.00	3840.00	

*******************************************2025/07/21;17:29:55
Probe number 31
Concentration entered by User 0.00% (Compensated: 0.48% at temperature 26.8)
1580.16	1611.98	1631.76	1656.38	1682.14	1705.88	1732.70	1760.28	1789.68	1821.82	1856.84	1894.56	1935.10	1975.60	2011.96	2041.42	
2076.76	2138.96	2210.42	2294.84	2369.36	2432.90	2494.60	2549.46	2614.42	2690.34	2752.94	2833.04	2932.12	3025.28	3144.32	3327.66	
3522.10	3696.52	3805.64	3831.84	3837.02	3839.46	3839.98	3840.00	3839.98	3839.96	3839.98	3840.02	3839.98	3840.00	3839.98	3840.00	
3839.98	3839.98	3839.98	3840.00	3839.92	3839.98	3840.00	3840.00	3839.98	3840.00	3839.98	3840.00	3840.00	3839.98	3840.00	3839.96	
3839.96	3840.00	3839.98	3839.98	3840.00	3840.00	3839.98	3840.00	3839.98	3839.98	3840.00	3839.98	3840.00	3839.98	3840.00	3840.00	
3839.98	3839.98	3840.02	3839.98	3840.00	3840.00	3840.00	3839.98	3840.00	3840.00	3840.00	3839.96	3840.00	3840.00	3840.00	3840.00	
3840.00	3840.02	3839.96	3839.98	3840.02	3839.98	3840.00	3840.00	3839.98	3840.00	3840.00	3840.00	3840.00	3839.98	3839.94	3839.98	
3840.00	3839.98	3839.96	3840.00	3840.00	3840.00	3840.02	3840.00	3840.00	3839.98	3840.00	3840.00	3840.00	3839.98	3840.00	3840.00	

*******************************************2025/07/21;17:30:25
Probe number 32
Concentration entered by User 0.00% (Compensated: 0.47% at temperature 26.7)
1580.86	1611.22	1630.64	1655.78	1681.46	1706.12	1729.70	1757.64	1789.60	1823.28	1857.48	1894.30	1933.48	1976.10	2014.12	2045.66	
2079.64	2139.50	2206.56	2283.00	2358.74	2425.88	2492.74	2556.02	2627.66	2693.58	2758.38	2831.72	2936.80	3031.04	3161.78	3336.68	
3513.60	3694.78	3806.38	3831.70	3837.14	3839.58	3839.98	3840.00	3839.98	3839.98	3839.98	3840.00	3840.00	3839.94	3840.00	3840.00	
3839.98	3839.98	3839.96	3839.98	3839.98	3839.96	3840.00	3839.98	3839.98	3840.00	3839.98	3840.00	3839.94	3840.00	3840.00	3839.98	
3839.96	3839.96	3839.96	3840.00	3839.96	3839.96	3840.00	3840.00	3839.98	3840.00	3839.96	3840.00	3840.00	3839.98	3839.96	3840.00	
3839.98	3840.00	3839.94	3840.00	3839.98	3839.98	3839.98	3839.98	3839.98	3840.02	3839.94	3839.94	3840.00	3839.96	3839.98	3840.00	
3839.98	3839.98	3839.96	3839.98	3839.98	3839.98	3840.00	3840.00	3840.02	3839.96	3840.00	3840.00	3839.98	3839.98	3839.94	3839.98	
3840.00	3839.96	3840.00	3839.98	3840.00	3840.00	3840.00	3840.00	3839.96	3840.00	3840.02	3840.00	3840.00	3840.00	3839.96	3840.00	

*******************************************2025/07/21;17:30:55
Probe number 33
Concentration entered by User 0.00% (Compensated: 0.47% at temperature 26.7)
1581.46	1613.32	1631.94	1656.34	1683.54	1706.82	1731.08	1759.42	1789.42	1818.60	1854.70	1894.30	1931.62	1971.16	2009.18	2039.72	
2081.90	2141.62	2205.00	2287.78	2359.08	2430.20	2494.74	2556.72	2614.00	2671.02	2744.72	2823.82	2914.04	3006.96	3161.22	3349.24	
3533.38	3710.02	3805.82	3831.62	3837.00	3839.52	3839.98	3839.96	3839.90	3839.96	3839.94	3840.00	3839.92	3839.96	3840.00	3839.98	
3840.00	3839.98	3840.00	3839.98	3839.98	3840.00	3840.00	3839.98	3840.00	3839.98	3840.00	3839.94	3840.00	3839.98	3839.96	3840.00	
3839.98	3839.98	3840.00	3840.00	3839.96	3840.00	3840.00	3840.00	3839.98	3839.98	3840.00	3839.96	3839.90	3839.98	3840.00	3839.98	
3840.00	3839.98	3839.98	3840.00	3840.00	3839.96	3840.00	3839.98	3840.00	3840.00	3839.98	3839.96	3840.00	3840.00	3840.02	3840.00	
3839.98	3839.98	3840.00	3840.00	3840.02	3840.00	3840.00	3839.98	3839.98	3839.96	3840.00	3840.00	3840.00	3840.00	3839.98	3840.00	
3840.00	3840.00	3839.98	3840.00	3839.96	3840.00	3839.98	3839.98	3840.00	3840.00	3840.00	3840.00	3839.98	3839.98	3839.96	3839.96	

*******************************************2025/07/21;17:31:25
Probe number 34
Concentration entered by User 0.00% (Compensated: 0.47% at temperature 26.7)
1580.30	1612.36	1631.36	1657.52	1683.78	1707.16	1730.80	1758.66	1791.84	1823.54	1856.82	1890.20	1930.82	1975.94	2011.28	2040.34	
2079.08	2138.70	2206.62	2290.30	2362.74	2430.20	2496.38	2556.60	2620.76	2672.00	2743.12	2824.88	2939.02	3030.68	3160.66	3325.28	
3515.22	3704.46	3806.58	3832.02	3837.28	3839.52	3840.00	3839.96	3839.94	3839.98	3840.00	3840.00	3839.92	3840.00	3839.98	3840.00	
3839.98	3839.98	3839.96	3840.00	3840.00	3839.98	3839.90	3839.90	3840.00	3839.96	3839.96	3839.98	3839.98	3840.00	3840.02	3839.98	
3839.94	3840.00	3840.00	3840.00	3839.98	3839.98	3839.98	3840.00	3840.00	3840.00	3839.98	3840.00	3840.02	3839.98	3839.96	3840.00	
3839.96	3839.96	3840.00	3840.00	3839.96	3839.98	3839.98	3839.96	3840.00	3839.98	3840.00	3840.00	3840.00	3839.98	3840.00	3839.96	
3840.00	3840.00	3840.00	3840.00	3840.00	3840.00	3839.96	3840.00	3839.96	3840.00	3839.98	3840.00	3839.98	3839.98	3839.98	3840.00	
3839.98	3840.00	3840.00	3840.00	3839.98	3840.00	3839.98	3840.02	3840.00	3840.00	3840.00	3840.00	3839.98	3839.98	3839.94	3840.00	

*******************************************2025/07/21;17:31:55
Probe number 35
Concentration entered by User 0.00% (Compensated: 0.47% at temperature 26.7)
1580.34	1611.80	1631.32	1656.60	1681.10	1703.14	1729.76	1758.32	1787.92	1820.52	1856.48	1892.26	1932.44	1974.36	2011.52	2041.00	
2077.50	2136.50	2201.24	2282.12	2357.94	2421.52	2487.00	2559.56	2625.50	2675.10	2744.22	2830.06	2925.02	3021.80	3152.58	3324.22	
3519.50	3702.56	3807.14	3832.20	3837.20	3839.70	3839.98	3839.98	3839.94	3839.98	3839.96	3839.98	3839.98	3840.00	3839.94	3839.98	
3839.98	3839.98	3839.98	3840.00	3839.96	3840.00	3839.98	3840.00	3839.98	3840.00	3839.96	3839.98	3839.98	3839.98	3839.98	3840.00	
3840.00	3840.00	3839.98	3839.98	3839.98	3839.98	3839.98	3839.98	3839.94	3840.00	3839.98	3839.98	3839.98	3840.00	3840.00	3840.00	
3840.00	3840.00	3840.00	3840.00	3839.98	3839.94	3839.94	3839.98	3840.00	3839.98	3839.98	3839.98	3839.98	3839.98	3839.98	3839.98	
3840.00	3839.98	3839.98	3839.96	3840.00	3840.00	3839.98	3839.98	3839.96	3840.00	3840.00	3839.96	3840.00	3839.98	3840.00	3840.00	
3839.98	3840.00	3840.00	3839.98	3840.00	3840.00	3840.00	3840.00	3840.00	3840.00	3839.98	3840.00	3839.96	3840.00	3840.00	3839.96	

*******************************************2025/07/21;17:32:25
Probe number 36
Concentration entered by User 0.00% (Compensated: 0.46% at temperature 26.6)
1580.54	1612.40	1630.96	1656.90	1682.18	1704.74	1731.64	1759.24	1790.54	1821.32	1856.84	1893.20	1933.46	1973.78	2010.46	2038.10	
2074.34	2133.98	2199.06	2290.96	2368.78	2430.44	2489.52	2557.24	2616.80	2682.28	2757.56	2830.36	2926.22	3032.58	3157.50	3330.20	
3514.56	3695.28	3801.64	3830.98	3836.92	3839.42	3840.00	3840.00	3839.96	3840.00	3839.96	3839.94	3839.96	3839.94	3840.00	3839.98	
3839.98	3839.98	3840.00	3839.98	3840.00	3840.00	3840.00	3840.00	3840.00	3839.98	3840.00	3840.00	3839.98	3840.00	3840.00	3839.98	
3839.96	3840.00	3840.00	3840.00	3839.98	3840.00	3840.00	3840.00	3839.98	3839.98	3839.98	3840.00	3840.00	3839.96	3840.00	3840.00	
3840.00	3839.98	3840.00	3839.96	3840.00	3839.98	3839.98	3840.00	3839.96	3840.00	3840.00	3840.00	3839.98	3839.98	3840.00	3840.00	
3840.00	3839.96	3839.96	3840.00	3840.00	3840.00	3840.00	3839.96	3839.98	3840.00	3839.98	3840.00	3839.98	3840.00	3839.98	3839.98	
3840.00	3840.00	3839.98	3839.98	3840.00	3839.98	3839.98	3839.98	3840.00	3840.00	3839.98	3839.96	3839.98	3840.00	3840.00	3840.00	

*******************************************2025/07/21;17:32:55
Probe number 37
Concentration entered by User 0.00% (Compensated: 0.46% at temperature 26.6)
1579.98	1612.92	1632.98	1656.78	1681.06	1703.58	1729.70	1759.40	1790.76	1822.24	1856.68	1895.56	1929.28	1970.90	2006.00	2036.34	
2077.18	2139.18	2208.00	2291.44	2363.64	2424.36	2485.66	2555.90	2633.22	2697.84	2753.36	2827.04	2929.60	3029.10	3169.40	3340.46	
3517.14	3694.18	3805.62	3832.46	3837.18	3839.62	3840.00	3839.98	3840.00	3840.00	3839.98	3839.96	3839.94	3839.98	3839.98	3839.98	
3839.96	3839.94	3839.98	3839.98	3839.96	3839.98	3839.98	3839.98	3839.98	3840.00	3839.94	3840.00	3839.98	3840.00	3839.94	3839.94	
3840.00	3839.94	3839.98	3839.98	3839.98	3839.86	3839.92	3839.92	3839.94	3839.92	3839.92	3839.98	3839.98	3839.96	3839.98	3839.94	
3840.00	3839.98	3839.96	3839.96	3839.94	3839.98	3839.98	3840.00	3839.96	3840.00	3839.98	3839.98	3839.98	3839.98	3839.98	3839.92	
3839.98	3840.00	3839.96	3839.96	3839.98	3839.96	3840.00	3839.98	3839.96	3840.00	3839.98	3840.00	3840.00	3839.96	3839.98	3840.00	
3840.00	3839.96	3839.92	3840.00	3839.94	3840.00	3839.94	3839.92	3839.98	3839.98	3839.98	3840.00	3839.96	3839.98	3839.96	3839.94	

*******************************************2025/07/21;17:33:25
Probe number 38
Concentration entered by User 0.00% (Compensated: 0.47% at temperature 26.7)
1579.44	1611.28	1631.50	1658.00	1681.30	1704.84	1730.76	1759.02	1788.06	1822.10	1857.08	1895.16	1932.18	1974.20	2014.18	2046.68	
2083.06	2138.66	2203.78	2292.28	2365.34	2419.34	2479.92	2546.62	2617.14	2681.92	2753.78	2820.58	2924.48	3023.46	3165.86	3333.74	
3524.96	3701.74	3805.60	3831.78	3837.12	3839.52	3840.00	3840.00	3840.00	3840.00	3840.00	3840.00	3839.98	3840.00	3839.98	3840.00	
3840.00	3840.00	3840.00	3840.00	3840.02	3840.00	3840.00	3840.00	3840.00	3839.98	3839.98	3840.00	3839.98	3839.98	3840.02	3840.02	
3839.98	3840.00	3839.96	3840.00	3840.00	3840.02	3840.00	3840.00	3840.00	3840.00	3840.00	3840.00	3840.00	3839.98	3840.00	3839.96	
3840.00	3840.00	3840.00	3840.00	3839.98	3839.94	3840.00	3840.00	3840.02	3840.00	3840.02	3840.02	3840.00	3840.00	3839.98	3840.00	
3840.00	3840.00	3840.00	3840.00	3839.98	3840.00	3840.00	3840.00	3839.98	3840.00	3839.98	3839.98	3840.00	3840.00	3840.00	3840.00	
3840.00	3840.00	3840.00	3840.02	3840.00	3840.00	3840.00	3839.98	3840.00	3840.00	3840.00	3840.00	3839.94	3840.00	3840.00	3840.00	

*******************************************2025/07/21;17:33:55
Probe number 39
Concentration entered by User 0.00% (Compensated: 0.48% at temperature 26.8)
1581.88	1614.70	1632.64	1655.78	1681.78	1704.72	1730.04	1758.40	1787.90	1820.76	1857.96	1894.88	1932.52	1973.56	2010.84	2042.56	
2081.14	2141.34	2202.64	2289.18	2365.26	2428.82	2485.82	2548.72	2621.14	2689.58	2744.22	2813.66	2921.50	3018.58	3167.92	3343.16	
3524.78	3697.22	3803.04	3831.92	3837.38	3839.60	3840.00	3839.94	3839.98	3839.98	3840.00	3839.98	3839.96	3840.00	3839.96	3840.00	
3839.98	3839.98	3839.98	3840.00	3840.00	3840.02	3839.98	3839.98	3840.00	3839.98	3840.00	3840.00	3840.00	3840.00	3840.00	3839.98	
3839.98	3840.00	3840.00	3839.96	3840.00	3839.98	3839.98	3840.00	3839.98	3840.02	3839.98	3839.98	3839.98	3839.98	3839.98	3839.98	
3839.98	3839.98	3839.94	3839.98	3840.00	3840.00	3839.98	3840.02	3840.00	3839.98	3840.02	3840.00	3839.96	3839.96	3840.00	3840.00	
3840.00	3840.00	3839.98	3839.98	3840.00	3839.98	3839.98	3840.00	3839.98	3839.98	3840.00	3840.00	3839.96	3840.00	3839.98	3840.00	
3840.00	3839.98	3839.94	3839.98	3840.02	3839.98	3840.00	3840.00	3839.98	3840.00	3839.96	3840.00	3839.98	3839.98	3839.98	3840.00	

*******************************************2025/07/21;17:34:25
Probe number 40
Concentration entered by User 0.00% (Compensated: 0.48% at temperature 26.8)
1579.48	1612.06	1631.84	1656.74	1681.74	1705.08	1729.14	1756.18	1787.92	1818.66	1855.46	1892.96	1930.60	1971.70	2006.00	2035.68	
2072.08	2134.54	2202.88	2286.64	2366.92	2433.28	2497.62	2561.68	2627.08	2692.76	2748.90	2826.22	2929.08	3012.70	3156.28	3328.58	
3519.78	3699.88	3803.18	3832.02	3837.32	3839.54	3840.00	3840.00	3840.00	3840.00	3839.98	3839.98	3839.90	3839.98	3840.00	3840.00	
3839.96	3839.98	3839.98	3840.00	3839.98	3839.96	3840.02	3840.00	3840.02	3839.98	3840.00	3839.98	3839.96	3839.98	3840.00	3839.98	
3839.98	3839.98	3840.00	3840.02	3839.98	3839.96	3840.00	3840.00	3839.98	3840.00	3839.98	3839.92	3839.98	3840.02	3840.00	3839.98	
3840.00	3839.98	3839.92	3840.00	3839.96	3839.98	3839.98	3840.00	3839.96	3840.00	3839.98	3840.00	3840.00	3840.00	3839.96	3839.96	
3840.00	3840.00	3840.00	3840.00	3840.00	3840.00	3839.96	3839.98	3839.98	3840.00	3840.00	3839.98	3840.00	3840.00	3840.00	3839.98	
3840.00	3840.02	3840.00	3839.98	3839.94	3840.00	3839.98	3840.00	3839.96	3839.98	3840.00	3840.00	3839.98	3840.00	3840.00	3839.94	

*******************************************2025/07/21;17:34:55
Probe number 41
Concentration entered by User 0.00% (Compensated: 0.49% at temperature 26.9)
1579.56	1611.42	1631.76	1656.56	1682.22	1705.68	1728.70	1754.94	1786.74	1818.84	1855.30	1891.62	1931.50	1973.34	2010.66	2044.50	
2078.08	2136.42	2203.12	2286.24	2354.16	2422.06	2487.88	2559.68	2624.56	2683.98	2744.62	2830.54	2939.42	3051.28	3182.98	3341.96	
3510.72	3692.80	3806.32	3832.00	3837.16	3839.50	3839.98	3840.00	3840.00	3840.02	3839.96	3839.98	3839.98	3840.00	3839.98	3839.98	
3839.96	3839.96	3839.98	3840.00	3840.00	3839.94	3840.00	3840.00	3840.00	3840.00	3839.98	3839.98	3839.98	3839.98	3839.98	3839.96	
3840.00	3839.96	3840.00	3839.98	3840.00	3839.98	3840.00	3839.98	3839.94	3840.00	3839.96	3839.96	3839.98	3840.02	3839.98	3839.98	
3839.98	3839.98	3840.00	3839.98	3839.98	3839.98	3839.96	3839.96	3840.00	3840.00	3839.98	3840.00	3839.98	3840.00	3839.96	3840.00	
3839.96	3839.96	3839.98	3840.00	3840.00	3840.00	3839.98	3840.00	3840.00	3839.98	3839.98	3840.00	3839.98	3840.00	3839.98	3840.00	
3840.00	3839.98	3840.00	3840.00	3840.00	3840.00	3840.00	3839.94	3840.00	3839.98	3839.98	3839.98	3840.00	3839.98	3840.00	3840.00	

*******************************************2025/07/21;17:35:25
Probe number 42
Concentration entered by User 0.00% (Compensated: 0.49% at temperature 27.0)
1580.12	1611.26	1630.72	1655.24	1679.50	1705.32	1731.52	1757.76	1787.48	1818.18	1852.80	1891.22	1933.68	1973.98	2011.52	2040.90	
2076.14	2139.98	2205.92	2282.02	2354.06	2419.04	2483.86	2554.86	2622.66	2686.68	2760.86	2842.52	2935.14	3044.84	3187.04	3337.74	
3505.46	3691.74	3807.66	3832.48	3837.34	3839.46	3839.98	3840.00	3840.02	3839.98	3840.00	3840.00	3840.00	3840.00	3840.00	3840.00	
3839.96	3839.98	3839.96	3840.00	3839.98	3840.00	3840.00	3840.00	3839.98	3840.00	3840.00	3839.96	3840.00	3840.00	3840.00	3840.02	
3840.00	3840.00	3840.00	3840.00	3840.00	3840.00	3839.98	3839.96	3839.98	3840.00	3839.96	3839.96	3840.00	3840.02	3840.00	3840.00	
3840.00	3840.00	3840.00	3840.00	3839.98	3840.00	3839.98	3840.00	3840.00	3839.96	3839.94	3840.00	3840.02	3840.00	3839.98	3840.00	
3839.98	3840.00	3840.00	3839.92	3839.86	3839.90	3840.02	3840.00	3840.00	3839.96	3840.02	3840.00	3839.98	3840.00	3839.98	3840.00	
3840.00	3840.00	3840.00	3840.02	3840.00	3840.00	3840.00	3839.98	3840.00	3840.00	3840.00	3840.00	3840.00	3839.98	3840.00	3840.00	

*******************************************2025/07/21;17:35:55
Probe number 43
Concentration entered by User 0.00% (Compensated: 0.50% at temperature 27.0)
1580.60	1612.30	1631.72	1656.06	1678.82	1703.24	1729.84	1757.68	1788.42	1818.06	1855.00	1892.42	1933.48	1974.96	2009.00	2042.84	
2082.84	2142.38	2203.86	2289.14	2358.14	2422.30	2492.60	2560.40	2617.66	2681.32	2750.14	2817.88	2919.00	3017.18	3169.56	3342.04	
3526.34	3696.92	3805.60	3832.40	3837.34	3839.50	3839.96	3839.98	3840.02	3840.00	3839.98	3839.96	3840.00	3839.98	3840.00	3840.00	
3839.98	3839.96	3839.98	3840.00	3839.96	3839.98	3840.02	3839.98	3840.00	3839.98	3840.00	3840.00	3839.98	3840.00	3840.00	3840.00	
3839.96	3840.00	3839.96	3839.98	3840.00	3839.96	3840.00	3839.98	3839.96	3839.96	3840.00	3839.94	3839.94	3839.96	3839.98	3840.00	
3840.00	3840.00	3840.00	3839.98	3840.00	3840.00	3839.96	3839.96	3840.00	3839.98	3840.00	3840.00	3839.98	3840.00	3839.96	3839.98	
3840.00	3840.00	3839.96	3840.00	3839.98	3840.00	3840.00	3839.98	3839.98	3840.00	3840.00	3839.98	3839.98	3839.94	3840.00	3839.96	
3839.96	3840.00	3840.02	3839.98	3839.96	3840.00	3840.00	3839.96	3840.02	3840.00	3839.98	3840.00	3839.96	3839.98	3839.98	3840.00	

*******************************************2025/07/21;17:36:25
Probe number 44
Concentration entered by User 0.00% (Compensated: 0.50% at temperature 27.1)
1579.06	1610.70	1629.38	1655.44	1679.32	1702.24	1727.24	1755.74	1788.70	1821.30	1856.08	1891.72	1931.92	1973.38	2011.64	2039.28	
2074.22	2134.94	2203.80	2290.88	2359.56	2427.66	2496.48	2561.58	2623.14	2682.32	2748.40	2826.66	2930.68	3032.24	3169.86	3335.04	
3524.82	3709.06	3809.76	3832.40	3837.24	3839.58	3840.00	3839.98	3840.00	3839.94	3840.00	3839.98	3839.96	3839.98	3840.00	3839.98	
3840.00	3839.94	3839.98	3839.98	3839.98	3840.00	3839.94	3840.00	3839.94	3840.00	3840.00	3839.98	3840.00	3839.96	3840.00	3839.98	
3839.94	3839.96	3840.00	3839.98	3839.96	3840.00	3839.92	3839.96	3840.00	3840.00	3839.96	3840.00	3839.98	3839.98	3840.00	3839.98	
3839.92	3840.00	3839.98	3840.00	3839.98	3840.00	3840.00	3839.98	3839.98	3839.96	3840.00	3839.94	3839.92	3839.98	3839.96	3839.94	
3839.98	3839.98	3839.98	3840.00	3840.00	3839.96	3840.00	3839.92	3839.92	3840.00	3840.00	3840.00	3839.92	3839.92	3840.02	3839.96	
3839.96	3839.98	3840.00	3840.00	3840.00	3839.98	3840.00	3839.96	3839.98	3839.98	3839.98	3840.00	3840.00	3840.00	3839.98	3839.96	

*******************************************2025/07/21;17:36:55
Probe number 45
Concentration entered by User 0.00% (Compensated: 0.51% at temperature 27.2)
1579.62	1611.64	1629.88	1654.90	1680.50	1704.28	1729.78	1755.72	1787.24	1817.42	1853.36	1892.48	1934.00	1977.70	2012.76	2037.54	
2073.88	2139.36	2204.86	2286.12	2361.54	2418.12	2483.96	2552.68	2620.64	2684.88	2750.72	2834.12	2934.48	3024.20	3171.00	3342.72	
3521.66	3700.86	3808.12	3832.60	3837.24	3839.54	3840.00	3839.98	3840.00	3840.00	3840.00	3839.98	3840.00	3839.98	3840.00	3839.98	
3840.00	3840.00	3840.00	3840.00	3839.96	3839.96	3839.98	3840.00	3840.00	3840.00	3839.96	3839.98	3840.02	3839.98	3839.98	3839.98	
3839.96	3839.98	3840.00	3839.98	3840.00	3839.98	3839.98	3840.00	3840.00	3840.00	3840.00	3840.00	3840.00	3840.00	3840.00	3839.98	
3840.00	3839.96	3840.00	3840.02	3839.92	3840.00	3840.00	3840.00	3840.00	3840.00	3840.00	3840.00	3840.00	3840.00	3839.94	3840.00	
3839.98	3839.98	3839.98	3840.00	3840.00	3840.00	3839.98	3840.00	3839.94	3840.00	3840.00	3840.00	3840.00	3839.98	3840.00	3840.00	
3839.98	3840.00	3839.96	3840.00	3839.98	3840.00	3840.02	3840.00	3840.00	3840.02	3840.00	3840.00	3840.00	3840.00	3840.00	3839.98	

*******************************************2025/07/21;17:37:25
Probe number 46
Concentration entered by User 0.00% (Compensated: 0.51% at temperature 27.2)
1579.22	1610.78	1630.26	1656.32	1680.68	1703.80	1728.78	1756.16	1787.44	1822.20	1856.38	1889.78	1929.94	1975.42	2013.22	2046.22	
2080.84	2139.96	2205.66	2286.02	2358.32	2424.02	2485.58	2554.92	2633.24	2696.98	2757.04	2832.68	2938.46	3035.62	3183.64	3335.90	
3514.68	3695.68	3805.88	3831.86	3837.00	3839.56	3840.00	3840.00	3840.00	3840.00	3840.00	3839.98	3840.02	3839.98	3840.00	3840.00	
3840.00	3839.98	3840.00	3840.00	3839.96	3840.00	3839.98	3839.98	3840.00	3839.98	3839.98	3840.00	3840.00	3839.98	3840.00	3839.98	
3839.96	3839.98	3839.98	3839.90	3839.94	3839.98	3840.00	3840.00	3840.00	3839.96	3839.96	3840.00	3840.00	3840.00	3839.98	3840.00	
3839.98	3840.00	3839.96	3839.96	3839.98	3840.00	3839.98	3840.00	3839.98	3840.00	3840.00	3839.96	3839.98	3839.98	3840.00	3839.98	
3839.96	3839.98	3839.96	3840.00	3839.96	3839.98	3839.96	3840.00	3839.96	3840.00	3840.00	3840.00	3839.98	3840.00	3839.98	3840.00	
3839.98	3839.98	3839.94	3839.98	3840.00	3839.98	3840.00	3840.00	3839.98	3839.98	3839.92	3840.00	3839.96	3839.94	3839.98	3840.00	

*******************************************2025/07/21;17:37:55
Probe number 47
Concentration entered by User 0.00% (Compensated: 0.51% at temperature 27.2)
1581.66	1611.28	1629.94	1655.70	1679.82	1702.76	1729.02	1757.22	1789.44	1821.04	1854.86	1893.26	1931.08	1971.46	2005.74	2035.32	
2073.24	2137.20	2204.14	2286.70	2366.08	2425.74	2485.08	2553.16	2626.56	2693.24	2751.72	2824.36	2922.02	3030.34	3177.66	3330.20	
3499.40	3692.16	3811.30	3832.86	3837.40	3839.66	3839.98	3840.00	3839.98	3840.00	3840.00	3839.98	3839.94	3840.00	3839.98	3840.00	
3839.94	3840.00	3840.00	3839.96	3840.00	3840.00	3839.98	3839.98	3839.98	3839.98	3839.96	3839.98	3840.00	3839.96	3840.00	3840.00	
3839.94	3839.98	3839.98	3839.96	3839.98	3839.98	3840.00	3839.94	3839.98	3839.98	3839.94	3839.94	3839.98	3839.98	3839.94	3839.98	
3840.00	3840.00	3839.98	3839.98	3839.98	3840.00	3840.00	3839.96	3839.96	3840.00	3840.00	3840.00	3839.98	3839.96	3839.98	3840.00	
3840.02	3840.00	3839.98	3840.00	3840.00	3839.98	3839.98	3840.00	3839.98	3840.00	3840.00	3839.98	3839.98	3840.00	3839.98	3839.98	
3839.98	3840.00	3839.98	3839.98	3840.00	3839.96	3839.98	3840.00	3840.00	3839.98	3840.00	3840.00	3839.90	3839.98	3840.00	3839.98	

*******************************************2025/07/21;17:38:25
Probe number 48
Concentration entered by User 0.00% (Compensated: 0.52% at temperature 27.3)
1579.70	1612.72	1632.18	1656.96	1679.90	1703.92	1728.86	1755.72	1788.66	1820.46	1854.18	1889.18	1932.12	1975.46	2010.26	2039.82	
2077.30	2136.64	2197.96	2284.22	2353.56	2425.04	2497.76	2558.88	2614.22	2684.54	2754.36	2834.70	2928.10	3038.10	3174.68	3346.62	
3529.48	3701.30	3808.76	3832.64	3837.28	3839.64	3840.00	3840.00	3840.00	3840.00	3839.98	3839.98	3840.00	3839.98	3839.98	3839.94	
3839.98	3840.00	3840.00	3840.00	3840.00	3839.98	3839.96	3840.00	3840.00	3839.96	3839.98	3840.00	3840.00	3840.00	3839.98	3839.96	
3839.98	3840.00	3839.98	3840.00	3840.00	3839.98	3839.96	3839.96	3839.98	3840.00	3839.98	3839.98	3839.98	3839.98	3839.96	3839.96	
3839.98	3839.92	3840.00	3839.98	3839.96	3840.00	3839.98	3839.98	3839.98	3839.98	3840.00	3840.00	3840.00	3839.98	3840.00	3839.98	
3840.00	3840.00	3839.98	3839.98	3839.98	3840.00	3839.98	3840.00	3840.02	3839.96	3840.00	3839.98	3839.96	3840.00	3839.98	3839.98	
3839.98	3839.98	3840.00	3839.98	3840.00	3839.96	3840.00	3840.00	3840.00	3840.00	3840.00	3840.00	3839.98	3839.98	3840.00	3840.00	

*******************************************2025/07/21;17:38:55
Probe number 49
Concentration entered by User 0.00% (Compensated: 0.54% at temperature 27.6)
1581.46	1612.98	1632.44	1658.02	1681.40	1702.56	1728.10	1756.44	1787.00	1818.92	1855.74	1891.78	1932.78	1976.96	2010.24	2042.54	
2079.76	2137.06	2201.42	2288.94	2366.72	2426.60	2491.64	2561.78	2630.34	2687.50	2758.96	2841.66	2946.00	3027.00	3157.90	3312.96	
3504.10	3695.18	3806.26	3832.82	3837.68	3839.74	3840.00	3840.00	3840.00	3839.98	3839.98	3839.98	3840.00	3840.00	3840.00	3839.96	
3840.00	3839.98	3840.00	3839.96	3839.98	3839.98	3839.94	3839.98	3840.00	3840.00	3840.00	3839.98	3840.00	3839.98	3839.98	3840.00	
3839.98	3840.00	3840.00	3839.98	3840.00	3839.98	3840.00	3839.92	3839.98	3839.98	3839.98	3839.98	3839.96	3839.98	3839.96	3840.00	
3839.98	3839.98	3839.96	3839.96	3839.98	3839.96	3839.98	3839.98	3840.00	3840.00	3840.00	3839.94	3840.00	3840.00	3839.98	3839.98	
3840.00	3840.00	3839.98	3839.98	3840.00	3840.00	3839.98	3839.98	3839.98	3839.98	3839.96	3839.98	3840.00	3840.00	3839.94	3839.94	
3840.02	3839.98	3839.98	3840.00	3839.98	3840.00	3840.02	3839.98	3840.00	3839.96	3840.00	3840.00	3840.00	3839.98	3840.00	3839.98	

*******************************************2025/07/21;17:39:25
Probe number 50
Concentration entered by User 0.00% (Compensated: 0.52% at temperature 27.3)
1578.62	1610.38	1630.48	1656.10	1680.44	1703.88	1730.38	1757.52	1788.68	1821.66	1855.14	1893.20	1933.24	1972.64	2007.52	2036.16	
2077.34	2140.74	2204.66	2287.90	2368.72	2429.38	2492.08	2565.40	2625.62	2684.34	2740.84	2816.86	2935.06	3032.78	3178.20	3354.16	
3525.66	3698.56	3806.00	3832.36	3837.30	3839.76	3839.96	3839.98	3840.00	3840.00	3840.00	3840.00	3839.98	3840.00	3839.98	3839.98	
3840.00	3840.00	3840.00	3840.00	3840.00	3840.00	3839.98	3839.98	3840.00	3840.00	3840.00	3840.00	3840.00	3840.00	3840.00	3840.00	
3839.98	3839.98	3840.00	3840.00	3840.00	3839.98	3840.00	3840.00	3840.00	3840.00	3840.00	3840.00	3840.00	3840.00	3839.96	3840.00	
3840.00	3840.00	3839.98	3840.00	3840.00	3839.94	3839.94	3840.00	3840.00	3839.98	3840.00	3840.00	3840.00	3840.00	3839.98	3839.98	
3840.00	3839.96	3840.00	3840.00	3840.00	3839.98	3839.96	3840.00	3840.00	3840.00	3839.94	3839.98	3839.98	3840.00	3840.00	3840.00	
3839.98	3840.00	3840.00	3839.98	3839.98	3840.00	3840.00	3840.00	3839.96	3840.00	3840.00	3840.00	3840.00	3840.00	3840.00	3840.00	

*******************************************2025/07/21;17:39:55
Probe number 51
Concentration entered by User 0.00% (Compensated: 0.51% at temperature 27.2)
1578.60	1609.86	1628.26	1654.06	1679.50	1703.06	1727.76	1755.14	1786.48	1820.26	1856.08	1892.86	1931.92	1972.44	2007.76	2035.92	
2075.28	2139.84	2206.52	2289.24	2362.90	2424.50	2491.66	2556.06	2616.80	2680.48	2745.96	2821.64	2918.46	3038.16	3195.84	3357.74	
3526.52	3707.14	3807.66	3832.30	3837.50	3839.54	3839.98	3839.92	3840.00	3840.00	3839.94	3839.98	3839.98	3839.98	3840.00	3839.94	
3840.00	3839.96	3839.94	3839.98	3839.96	3840.00	3840.02	3839.96	3839.96	3839.92	3839.98	3840.00	3839.98	3839.94	3840.00	3839.96	
3839.90	3839.98	3840.00	3840.00	3839.96	3839.96	3839.96	3839.98	3839.96	3839.98	3840.00	3839.96	3839.98	3839.78	3839.82	3839.92	
3839.94	3839.94	3839.96	3839.98	3840.00	3839.96	3839.96	3839.98	3840.00	3839.98	3839.96	3839.94	3839.98	3839.98	3839.96	3839.98	
3839.94	3840.00	3840.00	3839.94	3840.00	3839.96	3839.96	3839.92	3839.96	3839.98	3839.98	3839.96	3839.96	3840.00	3839.98	3839.98	
3840.00	3839.96	3839.96	3839.96	3840.00	3839.96	3839.98	3839.94	3840.00	3839.92	3839.98	3839.96	3839.94	3839.98	3839.98	3840.00	

*******************************************2025/07/21;17:40:25
Probe number 52
Concentration entered by User 0.00% (Compensated: 0.51% at temperature 27.1)
1579.64	1612.30	1631.86	1656.48	1680.10	1702.36	1728.24	1756.52	1785.52	1816.62	1853.54	1892.12	1929.52	1970.54	2008.40	2038.24	
2072.76	2134.34	2202.26	2283.36	2357.30	2421.84	2493.18	2559.20	2625.24	2686.88	2752.10	2830.26	2935.50	3018.90	3168.34	3349.78	
3541.98	3712.86	3805.38	3832.04	3837.50	3839.76	3839.98	3840.00	3839.96	3839.98	3839.96	3839.94	3840.00	3839.92	3840.00	3840.00	
3839.96	3839.96	3839.98	3839.94	3839.98	3839.94	3839.96	3839.98	3839.96	3840.00	3840.00	3839.94	3840.00	3839.96	3839.98	3839.96	
3839.98	3839.98	3839.94	3840.00	3840.00	3839.98	3839.96	3839.94	3839.94	3839.96	3839.96	3839.96	3839.96	3839.92	3839.96	3839.98	
3839.98	3839.98	3840.00	3839.98	3839.96	3839.98	3839.96	3840.00	3839.94	3839.98	3840.00	3839.92	3840.00	3839.96	3840.00	3840.00	
3839.98	3839.98	3840.00	3840.00	3839.98	3839.98	3840.00	3839.98	3839.98	3839.96	3839.98	3839.94	3839.98	3839.98	3839.98	3840.00	
3839.94	3839.98	3840.00	3839.98	3839.96	3839.96	3839.94	3840.00	3840.00	3840.00	3839.96	3839.98	3839.96	3839.98	3840.00	3840.00	

*******************************************2025/07/21;17:40:55
Probe number 53
Concentration entered by User 0.00% (Compensated: 0.51% at temperature 27.2)
1579.68	1611.84	1630.78	1655.96	1680.72	1703.68	1729.32	1757.22	1787.70	1819.00	1853.02	1889.88	1934.52	1978.14	2011.42	2038.60	
2075.94	2139.40	2203.08	2286.48	2361.08	2424.32	2489.86	2548.54	2616.14	2687.24	2766.04	2835.70	2931.48	3034.48	3197.68	3363.94	
3534.76	3697.48	3805.26	3831.84	3837.44	3839.60	3839.96	3839.98	3840.00	3839.96	3839.98	3839.96	3839.94	3840.00	3839.98	3839.96	
3840.00	3839.98	3839.98	3840.00	3839.98	3839.96	3840.00	3840.00	3840.00	3839.96	3840.00	3839.98	3840.00	3839.98	3840.00	3840.00	
3839.98	3840.00	3840.04	3840.00	3840.02	3840.00	3839.98	3839.98	3839.98	3839.94	3840.00	3839.98	3839.98	3839.98	3839.98	3839.96	
3839.98	3839.98	3839.96	3839.96	3839.98	3839.96	3840.00	3840.00	3840.00	3839.98	3840.00	3839.96	3839.98	3839.94	3840.00	3840.00	
3839.98	3839.98	3840.02	3839.96	3839.98	3839.96	3839.98	3839.98	3839.98	3839.98	3840.00	3840.00	3840.00	3839.94	3839.96	3839.94	
3839.98	3840.00	3840.00	3839.98	3839.94	3839.98	3840.00	3839.98	3840.00	3840.00	3840.00	3839.98	3839.96	3839.96	3839.96	3839.96	

*******************************************2025/07/21;17:41:25
Probe number 54
Concentration entered by User 0.00% (Compensated: 0.50% at temperature 27.1)
1579.22	1611.90	1631.62	1656.78	1681.38	1705.26	1729.72	1759.58	1791.06	1820.88	1853.52	1892.44	1932.94	1974.62	2010.14	2037.76	
2073.54	2134.94	2205.68	2291.44	2364.42	2425.18	2486.22	2551.60	2622.22	2692.56	2754.82	2825.52	2927.94	3046.98	3182.44	3346.66	
3526.66	3716.24	3811.70	3832.52	3837.66	3839.76	3839.98	3839.98	3840.00	3839.98	3840.00	3839.98	3839.98	3840.00	3840.00	3839.96	
3840.00	3839.98	3839.98	3839.98	3840.00	3840.00	3840.00	3839.98	3840.00	3840.00	3840.00	3840.02	3839.98	3840.02	3839.98	3840.00	
3839.96	3840.00	3840.00	3839.98	3840.00	3840.00	3840.00	3839.94	3839.98	3840.00	3839.96	3839.98	3840.00	3839.96	3839.96	3839.98	
3839.96	3839.96	3840.00	3840.00	3839.96	3839.98	3840.00	3840.00	3840.00	3839.98	3840.00	3840.00	3840.00	3840.00	3840.00	3839.96	
3840.00	3840.00	3839.98	3839.98	3840.00	3840.00	3840.00	3840.00	3839.96	3839.98	3840.00	3840.00	3840.00	3839.96	3840.00	3840.00	
3839.98	3839.96	3839.98	3839.96	3840.00	3840.00	3840.02	3840.00	3840.00	3839.98	3840.00	3839.98	3839.98	3839.98	3840.00	3840.00	

*******************************************2025/07/21;17:41:55
Probe number 55
Concentration entered by User 0.00% (Compensated: 0.51% at temperature 27.2)
1580.68	1612.94	1631.44	1656.38	1679.90	1703.82	1728.26	1758.14	1791.56	1823.46	1856.60	1890.60	1930.86	1975.22	2009.32	2041.42	
2079.26	2140.92	2205.04	2288.66	2363.40	2425.54	2489.92	2560.84	2629.70	2692.78	2758.50	2828.56	2939.32	3034.02	3172.98	3336.88	
3517.66	3709.52	3809.30	3832.68	3837.62	3839.70	3839.98	3839.96	3839.98	3839.92	3839.98	3839.92	3839.92	3839.96	3840.02	3839.96	
3839.96	3840.02	3840.00	3839.98	3839.98	3839.98	3839.98	3840.00	3839.98	3840.00	3839.98	3840.00	3839.98	3839.98	3839.98	3840.00	
3839.96	3840.00	3840.00	3840.00	3840.00	3839.94	3839.98	3840.00	3839.98	3839.94	3840.00	3839.96	3840.00	3840.00	3840.00	3839.94	
3839.98	3839.98	3839.98	3840.00	3839.96	3840.00	3839.98	3839.98	3839.96	3839.98	3840.00	3839.96	3839.96	3840.00	3840.00	3839.98	
3840.00	3839.98	3839.98	3840.00	3840.00	3839.96	3839.98	3839.94	3839.94	3839.98	3840.00	3840.02	3840.00	3840.00	3839.98	3840.02	
3840.00	3839.96	3839.96	3840.00	3840.00	3839.96	3840.00	3840.00	3840.00	3840.02	3840.00	3839.98	3840.00	3839.98	3840.00	3840.00	

*******************************************2025/07/21;17:42:25
Probe number 56
Concentration entered by User 0.00% (Compensated: 0.52% at temperature 27.3)
1580.62	1612.40	1631.88	1657.28	1681.08	1704.56	1729.90	1756.60	1787.92	1820.80	1855.18	1891.10	1930.70	1975.38	2009.90	2037.50	
2075.46	2136.24	2201.18	2287.70	2362.78	2419.50	2486.34	2555.66	2624.76	2694.84	2770.50	2847.32	2941.84	3057.44	3189.08	3359.98	
3535.86	3700.34	3807.78	3832.56	3837.60	3839.66	3839.96	3839.98	3840.00	3839.96	3839.96	3839.98	3839.94	3840.00	3839.98	3839.96	
3839.94	3840.00	3839.98	3839.98	3839.98	3839.96	3840.00	3839.98	3840.02	3840.00	3840.00	3840.00	3840.00	3839.98	3839.98	3840.00	
3839.98	3840.00	3840.00	3839.98	3839.98	3840.00	3840.00	3840.00	3839.96	3839.98	3840.00	3839.96	3840.00	3839.96	3839.96	3840.00	
3839.98	3839.98	3840.00	3839.94	3839.96	3839.98	3839.98	3840.00	3839.98	3840.02	3839.96	3840.00	3839.96	3840.00	3839.94	3839.98	
3839.98	3840.00	3839.96	3839.98	3840.00	3839.98	3839.98	3839.94	3839.98	3840.00	3839.98	3840.02	3840.00	3840.00	3840.00	3840.00	
3839.96	3840.00	3839.98	3839.98	3839.98	3840.00	3839.96	3839.98	3839.98	3840.00	3839.98	3840.00	3839.96	3840.00	3840.00	3839.96	

*******************************************2025/07/21;17:42:55
Probe number 57
Concentration entered by User 0.00% (Compensated: 0.51% at temperature 27.2)
1579.64	1611.62	1630.28	1656.44	1680.92	1705.98	1732.12	1758.60	1788.30	1819.48	1854.66	1893.44	1932.42	1977.02	2010.46	2038.48	
2075.02	2137.68	2203.98	2284.48	2356.98	2423.90	2484.70	2555.78	2623.82	2690.70	2756.78	2833.36	2933.90	3035.52	3188.42	3358.96	
3534.48	3706.34	3808.74	3832.64	3837.50	3839.70	3840.00	3840.00	3839.94	3840.00	3839.96	3839.96	3839.94	3839.98	3839.96	3840.00	
3839.98	3839.98	3840.00	3839.98	3839.96	3839.98	3839.98	3840.00	3839.98	3840.00	3840.00	3840.00	3839.98	3839.98	3840.00	3839.98	
3839.96	3839.98	3839.98	3839.96	3839.98	3839.98	3839.98	3840.00	3840.00	3839.96	3839.96	3839.98	3839.94	3839.96	3839.96	3840.00	
3839.98	3839.96	3840.00	3839.98	3839.94	3839.98	3839.98	3839.98	3840.00	3840.00	3840.00	3839.98	3839.98	3840.00	3839.98	3839.98	
3839.96	3839.98	3839.98	3839.98	3840.00	3839.98	3839.98	3840.00	3840.00	3839.98	3840.00	3840.00	3839.98	3839.96	3840.00	3839.96	
3840.00	3839.96	3839.96	3840.00	3840.00	3840.00	3840.00	3839.96	3839.98	3839.98	3840.00	3840.00	3840.00	3839.96	3840.00	3839.98	

*******************************************2025/07/21;17:43:25
Probe number 58
Concentration entered by User 0.00% (Compensated: 0.52% at temperature 27.4)
1580.90	1612.18	1631.50	1655.28	1678.28	1703.56	1729.68	1757.52	1788.10	1818.04	1853.86	1893.04	1932.46	1972.76	2009.12	2040.58	
2079.98	2138.28	2202.42	2282.44	2355.30	2427.96	2496.22	2561.44	2625.36	2687.42	2757.02	2825.44	2927.64	3032.46	3190.48	3355.78	
3525.64	3703.60	3808.28	3832.86	3837.76	3839.78	3839.96	3839.98	3840.00	3839.98	3839.94	3839.96	3840.00	3839.98	3840.00	3840.00	
3839.94	3839.98	3839.96	3840.02	3839.98	3839.96	3840.00	3839.96	3840.00	3839.98	3839.98	3840.00	3839.96	3839.98	3839.98	3840.00	
3839.96	3840.00	3839.96	3839.98	3840.00	3840.00	3840.00	3840.00	3839.98	3839.96	3839.92	3839.94	3839.94	3839.96	3839.94	3839.92	
3839.98	3840.00	3839.96	3839.98	3839.96	3839.96	3840.00	3840.00	3839.98	3840.00	3840.00	3839.98	3839.98	3839.96	3840.00	3839.96	
3839.96	3839.96	3839.98	3839.98	3840.00	3839.96	3839.96	3840.00	3839.98	3839.98	3840.00	3840.00	3839.94	3840.00	3839.98	3840.00	
3839.98	3839.98	3839.96	3839.96	3839.98	3839.94	3839.86	3839.96	3839.98	3839.94	3839.94	3839.92	3840.00	3840.00	3840.00	3840.00	

*******************************************2025/07/21;17:43:55
Probe number 59
Concentration entered by User 0.00% (Compensated: 0.53% at temperature 27.4)
1580.38	1611.48	1630.24	1654.78	1679.38	1702.74	1728.64	1756.46	1787.88	1822.86	1858.40	1893.02	1933.00	1975.62	2012.08	2042.20	
2077.70	2138.64	2204.96	2290.40	2360.14	2425.24	2495.84	2566.34	2627.58	2688.86	2752.20	2828.24	2931.14	3032.84	3184.90	3347.06	
3525.22	3713.32	3809.92	3832.68	3837.64	3839.86	3840.00	3839.98	3839.98	3840.00	3839.98	3839.94	3840.00	3839.92	3839.92	3839.98	
3839.98	3840.00	3839.98	3839.98	3839.98	3840.00	3839.98	3839.98	3840.00	3839.98	3839.98	3839.98	3839.98	3839.96	3839.96	3840.00	
3839.98	3839.96	3839.98	3839.96	3839.98	3839.98	3839.98	3839.98	3840.00	3840.00	3839.98	3840.00	3839.98	3840.00	3840.00	3840.00	
3839.96	3840.00	3839.98	3840.00	3840.00	3839.98	3840.00	3839.98	3840.00	3840.00	3839.98	3839.98	3839.98	3840.00	3839.96	3839.96	
3839.98	3839.98	3839.96	3839.98	3839.98	3840.00	3839.98	3839.96	3840.00	3840.00	3839.98	3839.98	3840.00	3839.98	3840.00	3839.98	
3839.96	3839.98	3839.96	3839.96	3840.00	3839.98	3839.98	3839.98	3839.98	3840.00	3840.00	3840.00	3840.00	3839.98	3840.00	3839.98	

*******************************************2025/07/21;17:44:25
Probe number 60
Concentration entered by User 0.00% (Compensated: 0.51% at temperature 27.2)
1579.94	1611.28	1630.78	1655.98	1682.20	1706.88	1729.76	1758.10	1788.02	1818.40	1854.18	1891.92	1930.76	1972.80	2008.60	2041.38	
2081.36	2137.24	2201.40	2285.80	2352.50	2412.80	2483.82	2564.94	2632.48	2684.10	2755.06	2834.32	2934.00	3034.98	3183.64	3354.06	
3540.84	3717.68	3813.24	3833.38	3837.86	3839.68	3839.98	3839.92	3839.98	3839.98	3840.00	3839.98	3839.94	3839.96	3839.94	3840.00	
3840.00	3839.98	3839.98	3839.98	3839.96	3839.96	3839.90	3840.00	3839.96	3839.98	3839.98	3839.94	3840.00	3839.96	3840.00	3839.98	
3839.96	3840.00	3839.98	3839.98	3839.92	3839.98	3839.92	3839.96	3839.96	3839.96	3839.96	3839.96	3840.00	3839.94	3839.96	3839.98	
3840.00	3839.98	3839.98	3839.90	3839.94	3839.96	3840.00	3840.00	3839.98	3840.00	3839.98	3839.98	3839.92	3839.98	3839.96	3839.98	
3839.98	3839.96	3840.00	3839.98	3840.00	3839.94	3839.94	3839.98	3839.98	3839.96	3839.98	3839.98	3840.00	3839.92	3839.98	3839.92	
3840.00	3839.98	3840.00	3839.96	3839.98	3839.96	3839.98	3839.98	3839.96	3840.00	3840.00	3839.94	3839.94	3839.98	3840.00	3840.00	

*******************************************2025/07/21;17:44:55
Probe number 61
Concentration entered by User 0.00% (Compensated: 0.50% at temperature 27.1)
1581.02	1612.58	1631.66	1655.98	1679.54	1703.86	1730.84	1757.56	1790.28	1820.80	1855.38	1892.22	1935.82	1977.06	2010.12	2037.90	
2075.70	2140.70	2205.50	2287.74	2353.82	2417.16	2491.52	2557.74	2628.46	2692.18	2755.88	2835.44	2942.20	3044.86	3190.74	3358.76	
3535.32	3706.46	3810.58	3833.42	3837.76	3839.86	3839.98	3839.98	3840.00	3839.98	3840.00	3839.98	3839.92	3840.00	3839.98	3839.98	
3839.98	3840.00	3840.00	3840.00	3840.00	3840.00	3839.98	3840.00	3839.94	3840.00	3839.98	3840.00	3840.00	3839.98	3839.98	3839.96	
3839.96	3840.00	3839.98	3840.00	3839.92	3839.98	3840.00	3840.00	3840.00	3840.00	3839.96	3839.96	3840.00	3839.96	3839.98	3840.00	
3840.00	3840.00	3839.96	3840.00	3839.98	3840.00	3839.96	3839.98	3839.98	3839.98	3840.00	3840.00	3840.00	3839.98	3839.98	3840.00	
3840.00	3839.98	3840.00	3840.00	3839.98	3840.00	3839.98	3839.96	3839.94	3840.00	3839.98	3839.98	3839.98	3839.98	3839.96	3839.96	
3839.98	3839.96	3839.98	3839.96	3840.00	3839.98	3839.96	3840.00	3839.98	3839.98	3840.00	3840.00	3839.98	3839.94	3839.98	3840.00	

*******************************************2025/07/21;17:45:25
Probe number 62
Concentration entered by User 0.00% (Compensated: 0.53% at temperature 27.4)
1578.82	1610.02	1629.68	1656.60	1681.74	1704.16	1728.40	1758.40	1790.30	1819.40	1853.46	1890.42	1931.12	1977.54	2011.22	2038.96	
2075.46	2136.92	2207.36	2290.28	2360.90	2419.42	2488.90	2564.46	2631.18	2700.40	2755.04	2833.26	2934.34	3053.62	3192.94	3337.90	
3511.64	3697.10	3809.98	3833.42	3838.00	3839.84	3839.96	3839.98	3840.00	3839.98	3839.98	3839.94	3840.00	3839.98	3839.96	3839.98	
3839.98	3840.00	3839.98	3839.98	3839.94	3840.00	3840.00	3840.00	3840.00	3839.98	3839.98	3839.98	3839.98	3839.96	3840.00	3839.98	
3839.98	3840.00	3840.04	3839.96	3840.00	3840.00	3839.94	3840.00	3840.00	3840.00	3839.98	3839.98	3840.00	3839.98	3839.98	3839.96	
3840.00	3840.00	3839.98	3839.98	3839.94	3839.98	3840.00	3840.00	3840.00	3840.00	3840.00	3840.00	3839.98	3839.98	3840.00	3840.00	
3840.00	3839.98	3840.00	3840.02	3839.98	3840.00	3840.00	3839.98	3839.98	3840.02	3840.00	3840.02	3839.98	3839.98	3839.98	3840.00	
3840.00	3840.00	3840.00	3839.96	3839.98	3840.00	3839.98	3839.98	3840.00	3840.00	3840.00	3839.92	3839.94	3839.98	3840.00	3840.00	

*******************************************2025/07/21;17:45:55
Probe number 63
Concentration entered by User 0.00% (Compensated: 0.53% at temperature 27.4)
1578.20	1609.96	1631.02	1656.74	1680.62	1703.94	1728.36	1756.38	1787.80	1817.28	1851.02	1890.50	1931.26	1971.80	2008.36	2041.08	
2078.52	2139.86	2206.70	2297.02	2362.52	2419.66	2488.44	2549.96	2621.34	2693.56	2755.70	2828.18	2934.28	3038.34	3192.52	3375.86	
3553.72	3721.98	3811.80	3832.78	3837.76	3839.80	3839.96	3839.96	3839.92	3839.96	3839.96	3839.96	3840.00	3840.00	3839.94	3839.98	
3839.94	3839.98	3839.90	3839.98	3839.98	3840.00	3839.98	3840.00	3839.98	3839.94	3839.94	3839.94	3839.96	3839.98	3839.92	3839.94	
3839.94	3839.96	3839.96	3839.96	3839.92	3839.96	3839.90	3839.92	3839.90	3839.96	3839.94	3839.96	3839.96	3839.98	3839.94	3839.92	
3839.96	3839.92	3839.98	3839.92	3839.94	3839.98	3839.98	3839.98	3839.94	3840.00	3839.96	3839.92	3839.94	3839.94	3839.94	3839.94	
3839.96	3839.94	3839.96	3839.96	3839.96	3840.00	3840.00	3839.96	3839.92	3839.96	3839.94	3839.96	3839.98	3839.96	3839.96	3839.98	
3839.96	3839.92	3839.92	3839.98	3840.00	3840.00	3839.98	3839.96	3839.92	3839.98	3839.96	3839.96	3839.92	3839.96	3839.98	3839.96	

*******************************************2025/07/21;17:46:25
Probe number 64
Concentration entered by User 0.00% (Compensated: 0.52% at temperature 27.3)
1579.44	1611.84	1631.60	1656.84	1681.14	1704.72	1730.14	1756.48	1787.62	1820.96	1854.36	1889.70	1930.18	1973.24	2009.48	2040.22	
2078.38	2141.64	2209.42	2293.02	2362.16	2422.18	2484.64	2553.98	2621.70	2690.60	2754.92	2829.16	2944.90	3049.70	3205.58	3358.18	
3536.72	3714.92	3813.26	3833.58	3837.96	3839.86	3839.98	3840.00	3840.00	3839.98	3840.00	3840.00	3839.90	3839.96	3839.98	3840.00	
3840.00	3839.98	3839.98	3839.94	3839.96	3839.98	3840.00	3839.98	3839.98	3839.98	3839.98	3840.00	3840.00	3840.00	3839.96	3839.98	
3839.90	3839.98	3839.98	3840.00	3839.98	3840.02	3840.00	3839.98	3839.98	3839.98	3839.98	3839.98	3839.98	3839.94	3839.96	3839.98	
3839.98	3839.98	3840.00	3839.98	3839.96	3839.98	3840.00	3840.00	3840.00	3840.00	3839.94	3839.98	3839.94	3839.94	3839.98	3840.00	
3840.00	3839.98	3840.00	3839.98	3839.98	3839.96	3839.94	3839.96	3839.96	3840.00	3840.00	3840.00	3839.94	3840.00	3840.00	3839.94	
3839.98	3840.00	3839.98	3839.98	3840.00	3839.98	3839.98	3839.98	3840.00	3840.00	3840.00	3840.00	3840.00	3840.00	3840.00	3840.00	

*******************************************2025/07/21;17:46:55
Probe number 65
Concentration entered by User 0.00% (Compensated: 0.51% at temperature 27.2)
1580.02	1611.86	1631.76	1657.94	1684.10	1705.58	1731.02	1758.30	1787.48	1817.42	1851.60	1890.58	1930.82	1974.44	2011.40	2044.58	
2081.40	2137.94	2207.96	2291.06	2361.48	2419.94	2485.02	2556.62	2630.90	2699.08	2773.06	2840.44	2939.82	3045.20	3184.10	3351.60	
3528.16	3708.88	3813.24	3833.54	3837.80	3839.74	3839.88	3839.92	3839.96	3839.98	3839.98	3839.94	3839.94	3840.00	3839.96	3840.02	
3839.90	3839.92	3839.98	3839.98	3840.00	3840.00	3839.92	3839.94	3839.96	3839.98	3840.00	3840.00	3839.98	3839.98	3839.98	3839.98	
3839.98	3839.98	3839.96	3839.98	3839.98	3839.98	3839.96	3839.98	3840.00	3839.94	3839.94	3839.98	3839.92	3839.98	3839.98	3839.98	
3839.96	3839.86	3839.94	3839.96	3839.92	3839.94	3840.02	3840.00	3839.94	3839.98	3840.02	3839.86	3839.98	3839.96	3839.92	3839.94	
3839.98	3839.96	3839.96	3839.98	3839.96	3839.96	3839.96	3840.00	3839.94	3839.96	3839.96	3840.00	3839.96	3839.94	3839.94	3840.00	
3839.98	3840.00	3839.98	3839.98	3839.98	3839.96	3839.98	3840.00	3840.00	3839.98	3840.02	3839.98	3840.00	3839.96	3839.98	3840.00	

*******************************************2025/07/21;17:47:25
Probe number 66
Concentration entered by User 0.00% (Compensated: 0.50% at temperature 27.1)
1578.66	1610.42	1630.48	1655.84	1680.96	1704.76	1729.76	1757.12	1787.02	1817.42	1851.42	1888.78	1930.92	1973.82	2009.78	2042.82	
2076.74	2135.20	2206.02	2290.38	2359.30	2426.22	2490.96	2552.12	2617.66	2685.64	2762.90	2850.82	2952.32	3057.18	3207.84	3369.18	
3537.62	3717.80	3814.22	3833.50	3837.88	3839.82	3839.96	3839.94	3839.96	3839.96	3840.00	3839.96	3839.98	3839.94	3839.96	3839.94	
3839.96	3839.98	3839.98	3839.98	3839.98	3839.98	3839.96	3840.00	3839.96	3839.96	3839.98	3839.98	3839.98	3839.98	3839.98	3840.02	
3839.94	3839.98	3840.00	3839.96	3839.92	3839.94	3840.00	3840.00	3839.96	3839.98	3840.00	3839.96	3839.96	3839.96	3840.00	3839.94	
3839.98	3839.96	3839.98	3839.92	3839.98	3839.96	3839.96	3840.02	3840.00	3840.00	3839.94	3839.98	3839.98	3840.00	3839.94	3840.00	
3840.00	3839.96	3840.02	3839.96	3839.98	3840.00	3840.00	3840.00	3839.94	3839.98	3840.00	3840.00	3840.00	3839.98	3839.98	3839.94	
3839.98	3840.00	3839.96	3840.00	3840.00	3839.98	3839.98	3839.96	3839.98	3840.00	3840.00	3839.94	3839.96	3840.00	3839.96	3839.98	

*******************************************2025/07/21;17:47:55
Probe number 67
Concentration entered by User 0.00% (Compensated: 0.51% at temperature 27.2)
1579.14	1610.30	1631.42	1656.64	1682.24	1706.06	1732.38	1757.70	1788.40	1822.16	1855.26	1889.84	1929.56	1973.18	2011.42	2042.48	
2079.08	2138.12	2202.60	2288.90	2361.52	2419.66	2488.08	2559.98	2627.68	2691.06	2757.66	2838.72	2952.06	3060.98	3205.26	3371.20	
3556.20	3720.86	3813.38	3833.62	3837.84	3839.86	3840.00	3839.98	3840.00	3840.00	3839.98	3839.98	3839.98	3839.98	3839.98	3840.00	
3839.98	3839.98	3840.00	3839.98	3839.98	3839.98	3840.02	3840.00	3839.98	3840.00	3839.98	3839.98	3839.98	3839.96	3840.00	3840.04	
3840.00	3839.98	3840.00	3840.00	3839.94	3839.94	3839.94	3839.98	3840.00	3840.00	3839.96	3840.00	3839.96	3839.98	3840.00	3840.00	
3839.98	3839.94	3840.00	3840.00	3840.00	3840.02	3840.00	3840.00	3840.00	3839.94	3840.00	3839.98	3840.00	3839.96	3839.98	3840.00	
3840.02	3839.96	3839.98	3840.00	3839.98	3840.00	3839.98	3839.96	3839.90	3839.94	3840.00	3840.00	3839.98	3840.00	3839.98	3840.00	
3839.98	3840.00	3839.94	3840.00	3840.00	3840.00	3840.00	3840.00	3840.00	3840.00	3840.00	3839.98	3839.96	3840.02	3840.00	3839.98	

*******************************************2025/07/21;17:48:25
Probe number 68
Concentration entered by User 0.00% (Compensated: 0.51% at temperature 27.2)
1578.80	1610.54	1630.46	1654.56	1680.02	1703.34	1729.78	1756.84	1786.72	1820.90	1855.22	1890.82	1929.36	1971.00	2011.56	2043.44	
2078.76	2137.54	2202.82	2288.44	2358.30	2424.30	2490.32	2554.38	2619.10	2687.52	2760.18	2861.34	2960.60	3049.52	3180.28	3351.42	
3550.40	3719.34	3813.86	3833.68	3837.84	3839.86	3839.98	3840.00	3840.00	3839.98	3839.98	3839.98	3839.94	3839.98	3839.98	3839.92	
3840.00	3839.98	3840.00	3839.98	3840.00	3839.94	3839.98	3839.96	3839.96	3840.00	3840.00	3839.98	3839.92	3839.98	3839.98	3840.00	
3839.94	3840.00	3839.98	3839.96	3839.98	3839.94	3840.00	3839.92	3839.96	3839.96	3839.94	3839.96	3840.00	3839.94	3840.00	3839.98	
3840.00	3840.00	3839.94	3839.96	3839.98	3839.98	3839.96	3840.00	3840.00	3839.94	3839.96	3840.00	3839.98	3839.98	3839.98	3839.98	
3839.94	3840.00	3839.98	3840.00	3839.98	3839.96	3839.96	3839.94	3839.96	3839.96	3840.00	3839.92	3840.00	3840.00	3839.94	3839.98	
3839.98	3839.98	3839.98	3840.00	3839.98	3840.00	3839.96	3840.00	3839.98	3839.96	3839.98	3840.00	3839.96	3839.94	3840.00	3839.96	

*******************************************2025/07/21;17:48:55
Probe number 69
Concentration entered by User 0.00% (Compensated: 0.51% at temperature 27.1)
1580.58	1611.76	1630.80	1656.66	1681.82	1704.56	1730.30	1759.36	1789.82	1821.14	1855.42	1889.96	1927.46	1971.24	2010.98	2044.82	
2083.50	2137.96	2201.52	2286.00	2354.40	2417.00	2492.70	2562.14	2624.32	2688.18	2769.90	2842.04	2950.88	3051.76	3201.70	3373.62	
3547.56	3731.66	3820.10	3834.26	3838.10	3839.92	3840.00	3840.00	3839.96	3839.98	3840.00	3839.98	3839.98	3839.98	3839.98	3839.96	
3839.98	3839.96	3839.92	3839.94	3839.98	3840.00	3839.98	3840.00	3840.00	3840.00	3840.00	3840.00	3840.00	3839.98	3840.00	3839.96	
3839.92	3840.00	3839.98	3839.98	3840.00	3839.96	3840.02	3839.94	3839.98	3839.98	3839.98	3840.00	3839.98	3839.98	3839.98	3839.98	
3839.94	3840.00	3840.00	3839.98	3839.94	3839.96	3840.00	3839.98	3840.00	3840.02	3840.00	3839.98	3839.94	3839.94	3839.92	3839.98	
3840.00	3839.92	3839.98	3839.98	3840.00	3840.00	3840.00	3839.98	3840.00	3839.94	3839.96	3839.96	3839.98	3839.98	3840.00	3839.96	
3840.00	3840.00	3839.96	3839.98	3840.00	3839.98	3840.00	3839.96	3840.00	3839.96	3840.00	3839.98	3839.92	3840.00	3840.00	3839.98	

*******************************************2025/07/21;17:49:25
Probe number 70
Concentration entered by User 0.00% (Compensated: 0.50% at temperature 27.1)
1580.86	1610.04	1629.08	1655.82	1680.30	1704.06	1731.44	1758.14	1788.14	1819.28	1853.08	1890.44	1930.36	1973.44	2011.66	2044.80	
2082.32	2140.56	2208.22	2287.74	2357.82	2420.76	2491.40	2564.20	2633.66	2693.68	2760.62	2842.76	2951.90	3042.22	3187.54	3363.78	
3554.60	3720.10	3816.58	3834.06	3838.00	3839.84	3839.96	3839.92	3839.98	3839.96	3839.98	3839.92	3839.92	3839.94	3839.96	3839.96	
3839.98	3839.98	3839.94	3839.98	3839.98	3840.00	3839.98	3839.96	3840.00	3839.98	3839.94	3839.96	3839.94	3839.96	3839.96	3839.96	
3839.92	3839.98	3840.00	3839.98	3839.96	3839.96	3839.96	3839.96	3840.00	3839.96	3839.98	3839.96	3839.90	3840.00	3839.98	3839.98	
3839.98	3839.98	3839.94	3840.00	3839.94	3839.90	3840.00	3839.96	3839.98	3839.92	3839.98	3839.94	3839.98	3839.98	3839.96	3840.00	
3840.00	3840.00	3839.94	3839.86	3839.84	3839.92	3839.94	3840.00	3839.98	3840.00	3839.92	3839.94	3840.00	3839.96	3839.98	3839.98	
3840.00	3839.94	3839.94	3840.00	3839.84	3839.96	3839.94	3839.98	3839.92	3839.98	3839.98	3840.00	3839.94	3840.00	3840.00	3839.94	

*******************************************2025/07/21;17:49:55
Probe number 71
Concentration entered by User 0.00% (Compensated: 0.50% at temperature 27.0)
1579.52	1611.30	1630.42	1657.10	1681.38	1703.18	1730.14	1758.96	1790.30	1821.34	1853.58	1892.46	1932.72	1976.48	2013.82	2041.28	
2076.40	2135.08	2206.50	2292.58	2365.42	2417.16	2481.82	2552.08	2623.68	2691.22	2757.16	2837.48	2947.34	3043.82	3208.88	3375.16	
3559.68	3724.62	3812.52	3833.38	3838.14	3839.88	3840.00	3840.00	3839.92	3839.98	3839.98	3839.94	3839.94	3839.94	3839.98	3839.98	
3839.96	3839.98	3839.98	3840.00	3840.00	3839.98	3840.00	3839.98	3839.98	3839.98	3839.98	3840.00	3840.00	3839.96	3840.00	3839.94	
3839.98	3839.98	3839.98	3840.00	3839.98	3839.94	3839.94	3839.98	3840.00	3840.00	3839.96	3840.00	3839.94	3839.98	3839.92	3839.98	
3839.96	3839.98	3839.96	3840.00	3840.00	3839.96	3839.94	3839.96	3839.98	3839.98	3840.00	3839.98	3839.98	3840.00	3839.90	3839.98	
3840.00	3839.96	3839.98	3839.96	3839.98	3839.98	3839.98	3839.94	3839.92	3839.94	3840.00	3839.96	3839.98	3839.98	3840.00	3839.98	
3840.00	3840.00	3839.96	3839.98	3839.98	3840.00	3840.00	3840.00	3839.92	3839.98	3840.00	3839.98	3839.90	3839.96	3839.96	3839.94	

*******************************************2025/07/21;17:50:25
Probe number 72
Concentration entered by User 0.00% (Compensated: 0.49% at temperature 26.9)
1579.10	1610.56	1629.92	1655.84	1681.08	1704.34	1731.52	1758.80	1788.70	1818.42	1853.78	1889.22	1927.14	1972.26	2009.98	2039.04	
2077.70	2135.68	2202.28	2288.12	2364.04	2424.62	2482.46	2553.26	2626.72	2702.44	2768.42	2845.46	2943.14	3050.76	3211.88	3376.10	
3565.78	3727.36	3814.54	3833.74	3838.00	3839.90	3839.92	3839.94	3839.86	3839.96	3839.92	3839.84	3839.76	3839.92	3839.94	3839.94	
3839.98	3839.92	3839.98	3839.82	3839.88	3839.96	3839.96	3839.98	3839.92	3839.94	3839.98	3839.98	3839.98	3839.98	3839.94	3839.90	
3839.88	3839.88	3839.90	3839.90	3840.00	3839.88	3839.92	3840.00	3839.92	3839.92	3839.92	3839.92	3839.96	3839.98	3839.96	3839.94	
3839.98	3839.96	3839.94	3839.98	3839.96	3839.98	3839.98	3839.90	3839.94	3839.98	3839.94	3839.92	3839.96	3839.96	3839.98	3839.96	
3839.96	3839.96	3839.88	3839.92	3839.94	3839.98	3839.96	3839.90	3839.98	3840.00	3839.94	3839.94	3839.94	3839.98	3839.96	3839.98	
3840.00	3839.92	3839.94	3839.98	3839.98	3839.98	3839.98	3840.00	3839.94	3840.00	3839.98	3839.92	3840.00	3839.96	3839.98	3839.94	

*******************************************2025/07/21;17:50:55
Probe number 73
Concentration entered by User 0.00% (Compensated: 0.50% at temperature 27.0)
1579.94	1610.32	1630.08	1657.20	1679.26	1701.60	1729.22	1757.90	1789.52	1820.78	1855.62	1891.62	1930.18	1972.28	2007.58	2040.02	
2079.16	2138.50	2203.82	2290.58	2354.20	2414.26	2479.92	2558.00	2629.08	2693.22	2767.04	2863.30	2968.92	3068.68	3210.80	3375.90	
3555.00	3732.40	3819.84	3834.30	3838.16	3839.88	3839.96	3839.96	3839.94	3839.98	3839.96	3839.98	3839.98	3839.98	3839.98	3839.98	
3840.00	3839.98	3839.94	3839.96	3840.00	3839.98	3839.98	3839.96	3839.96	3839.98	3839.94	3839.96	3839.98	3839.96	3839.98	3840.00	
3839.92	3839.96	3839.98	3840.00	3839.98	3840.00	3839.92	3839.96	3839.96	3839.96	3839.98	3839.96	3839.94	3839.96	3839.96	3839.94	
3839.96	3839.92	3839.98	3839.98	3839.96	3839.96	3839.96	3839.98	3839.96	3839.96	3839.96	3839.96	3839.94	3839.98	3839.96	3839.96	
3839.98	3839.98	3839.92	3839.96	3839.98	3839.92	3839.98	3839.96	3839.92	3839.96	3839.94	3839.96	3839.96	3839.96	3839.98	3839.96	
3839.98	3839.94	3839.90	3839.98	3839.98	3840.00	3839.98	3839.98	3839.98	3839.98	3840.02	3839.98	3840.00	3840.00	3839.96	3839.96	

*******************************************2025/07/21;17:51:25
Probe number 74
Concentration entered by User 0.00% (Compensated: 0.49% at temperature 27.0)
1580.06	1612.52	1633.00	1659.12	1684.06	1707.82	1732.10	1759.52	1790.44	1821.04	1855.58	1893.96	1934.82	1977.94	2015.94	2045.88	
2077.46	2138.36	2207.10	2295.78	2363.22	2426.74	2483.66	2551.76	2630.68	2692.16	2766.30	2854.94	2943.74	3049.62	3199.18	3391.96	
3556.24	3723.26	3819.72	3834.70	3838.40	3839.92	3839.98	3839.98	3839.98	3839.98	3839.92	3840.00	3839.98	3839.90	3839.96	3839.98	
3839.90	3839.94	3839.96	3840.00	3839.98	3839.94	3839.94	3839.94	3839.96	3839.94	3839.96	3840.00	3839.98	3839.96	3839.94	3839.96	
3839.94	3839.98	3839.96	3839.94	3839.98	3840.00	3840.00	3840.00	3840.00	3839.94	3839.94	3839.90	3839.94	3839.96	3839.92	3839.94	
3840.00	3839.96	3839.94	3840.00	3839.98	3839.96	3839.98	3839.96	3839.98	3840.00	3839.94	3839.98	3839.98	3839.96	3839.96	3839.98	
3839.98	3839.96	3839.98	3840.00	3839.96	3840.00	3839.94	3839.98	3839.96	3840.00	3839.98	3839.94	3840.00	3839.98	3839.98	3839.94	
3839.96	3839.98	3839.96	3840.00	3840.00	3839.96	3839.96	3839.92	3839.98	3840.00	3839.98	3840.00	3839.98	3839.92	3839.98	3840.00	

*******************************************2025/07/21;17:51:55
Probe number 75
Concentration entered by User 0.00% (Compensated: 0.50% at temperature 27.0)
1580.64	1611.78	1630.92	1655.84	1681.80	1706.72	1732.02	1758.04	1786.68	1820.10	1854.62	1891.88	1930.44	1973.30	2012.52	2043.28	
2079.06	2138.88	2203.58	2291.48	2362.32	2418.02	2491.78	2555.54	2622.38	2699.10	2761.42	2842.02	2946.00	3053.04	3193.04	3370.12	
3562.56	3727.62	3815.56	3834.14	3838.34	3839.94	3839.96	3839.88	3839.92	3839.94	3839.96	3839.92	3839.96	3839.96	3839.96	3839.98	
3839.98	3839.96	3839.90	3839.96	3839.96	3839.94	3840.00	3839.94	3839.98	3840.00	3839.94	3839.96	3839.98	3839.98	3839.98	3839.98	
3839.88	3839.98	3839.98	3839.94	3839.94	3840.00	3840.00	3839.98	3840.00	3839.94	3839.88	3840.00	3840.00	3839.98	3839.98	3839.96	
3839.98	3840.00	3839.98	3839.98	3839.94	3839.94	3839.88	3839.96	3839.90	3840.00	3839.96	3839.98	3839.96	3839.96	3839.96	3839.94	
3839.98	3839.96	3839.92	3839.96	3839.98	3839.98	3839.96	3840.00	3839.98	3839.96	3839.94	3839.96	3839.96	3840.00	3839.94	3839.88	
3839.96	3840.00	3839.92	3840.00	3840.00	3839.96	3839.90	3839.92	3839.96	3839.98	3839.96	3840.00	3839.94	3839.96	3839.98	3839.98	

*******************************************2025/07/21;17:52:25
Probe number 76
Concentration entered by User 0.00% (Compensated: 0.49% at temperature 27.0)
1580.36	1612.32	1632.68	1656.52	1681.72	1707.12	1734.16	1759.96	1790.70	1821.60	1857.06	1890.36	1930.36	1976.40	2010.98	2043.94	
2078.64	2138.92	2203.82	2286.66	2359.50	2423.88	2491.38	2558.30	2629.36	2695.88	2768.52	2844.84	2954.52	3072.10	3215.04	3385.56	
3573.72	3741.58	3821.62	3834.74	3838.34	3839.94	3839.98	3839.96	3839.98	3839.94	3839.98	3839.94	3839.82	3839.88	3839.90	3839.98	
3839.92	3839.94	3839.94	3839.96	3839.94	3839.98	3839.94	3839.94	3840.00	3839.98	3840.00	3839.94	3839.92	3839.96	3839.96	3839.98	
3839.96	3839.96	3839.98	3839.92	3839.98	3839.98	3839.92	3839.94	3839.98	3839.98	3839.98	3839.98	3839.92	3839.94	3839.98	3839.98	
3839.94	3839.96	3839.92	3839.98	3839.92	3839.96	3839.92	3839.98	3839.94	3839.98	3839.98	3839.96	3839.96	3839.96	3839.90	3839.92	
3839.96	3839.96	3839.96	3839.98	3839.98	3840.00	3839.92	3839.96	3839.90	3839.96	3840.00	3839.96	3839.96	3839.94	3840.00	3839.98	
3839.98	3839.96	3839.98	3839.98	3840.00	3839.96	3839.98	3839.94	3840.00	3840.00	3839.98	3839.98	3839.96	3839.94	3840.00	3839.98	

*******************************************2025/07/21;17:52:55
Probe number 77
Concentration entered by User 0.00% (Compensated: 0.49% at temperature 26.9)
1580.70	1611.92	1630.14	1655.90	1680.60	1704.64	1732.72	1758.64	1787.92	1819.40	1855.22	1892.86	1933.96	1975.20	2014.24	2044.60	
2082.36	2142.18	2207.90	2295.70	2365.24	2427.80	2494.66	2557.02	2629.90	2698.36	2763.68	2849.02	2956.50	3067.66	3216.02	3390.08	
3563.12	3730.84	3818.64	3833.94	3838.24	3839.92	3839.96	3839.94	3839.98	3839.94	3839.98	3839.94	3839.92	3839.82	3839.94	3839.96	
3839.98	3839.98	3839.96	3839.98	3839.98	3839.94	3839.94	3839.92	3839.96	3839.94	3839.98	3839.96	3839.90	3839.90	3839.86	3839.96	
3839.88	3839.94	3839.96	3839.96	3839.96	3839.92	3839.96	3839.86	3839.98	3839.96	3839.98	3839.94	3839.94	3839.98	3839.96	3839.96	
3839.96	3839.96	3840.00	3840.00	3839.96	3839.98	3839.94	3840.00	3839.92	3839.96	3840.00	3839.94	3839.98	3839.98	3839.94	3839.98	
3839.98	3840.00	3839.98	3839.96	3839.98	3839.98	3839.98	3839.96	3839.92	3840.00	3839.94	3839.96	3839.92	3839.98	3839.98	3839.98	
3839.98	3839.98	3839.98	3839.96	3839.98	3839.98	3840.00	3840.00	3839.94	3839.98	3839.94	3839.96	3839.88	3839.90	3839.94	3839.96	

*******************************************2025/07/21;17:53:25
Probe number 78
Concentration entered by User 0.00% (Compensated: 0.48% at temperature 26.8)
1579.76	1610.90	1629.22	1655.02	1679.72	1704.00	1730.58	1758.42	1788.38	1819.66	1853.42	1891.62	1931.44	1973.80	2008.54	2038.40	
2077.14	2139.94	2203.28	2287.62	2361.70	2425.94	2490.02	2559.12	2626.00	2681.28	2756.98	2852.14	2966.06	3077.06	3227.92	3390.88	
3573.98	3737.36	3819.20	3834.30	3838.32	3839.88	3840.00	3839.98	3839.98	3839.94	3839.98	3839.92	3839.86	3839.96	3839.98	3839.98	
3839.94	3839.94	3839.96	3839.96	3839.94	3840.00	3839.94	3839.96	3839.98	3839.94	3840.02	3839.96	3839.98	3839.96	3839.98	3840.00	
3839.86	3839.98	3839.92	3839.90	3839.94	3839.94	3839.90	3839.96	3839.92	3839.98	3839.86	3839.98	3839.88	3839.84	3839.94	3839.94	
3839.96	3840.00	3839.98	3839.94	3839.96	3839.90	3839.94	3839.98	3839.92	3839.94	3839.96	3839.90	3839.94	3840.00	3839.92	3839.94	
3839.98	3840.00	3840.00	3839.96	3839.96	3839.96	3840.00	3839.92	3839.90	3839.98	3840.00	3839.98	3839.92	3839.94	3840.00	3839.94	
3839.96	3839.96	3839.96	3839.94	3839.94	3839.92	3839.92	3839.86	3839.96	3839.96	3839.98	3839.94	3839.96	3840.00	3839.96	3839.98	

*******************************************2025/07/21;17:53:55
Probe number 79
Concentration entered by User 0.00% (Compensated: 0.49% at temperature 26.9)
1578.26	1609.68	1629.68	1655.18	1680.48	1705.54	1732.60	1761.00	1790.38	1821.64	1854.52	1892.10	1931.78	1976.00	2008.56	2039.22	
2078.84	2138.26	2208.46	2292.76	2361.10	2423.48	2489.96	2557.20	2627.94	2705.00	2774.58	2858.02	2974.90	3077.62	3216.26	3379.58	
3565.36	3736.66	3820.54	3834.10	3838.16	3839.94	3839.94	3839.90	3839.88	3839.92	3839.90	3839.72	3839.78	3839.90	3839.94	3839.98	
3839.96	3839.96	3839.94	3839.94	3839.92	3839.94	3839.90	3839.92	3839.90	3839.98	3839.90	3839.98	3839.98	3840.00	3839.98	3839.92	
3839.92	3839.96	3839.90	3839.94	3839.98	3839.96	3839.98	3839.94	3839.96	3839.90	3839.94	3839.94	3839.94	3839.90	3839.86	3839.92	
3839.96	3839.94	3839.88	3839.98	3839.92	3839.92	3839.96	3839.96	3840.00	3839.90	3839.98	3839.94	3839.88	3839.82	3839.82	3839.94	
3839.86	3839.88	3839.94	3839.94	3839.88	3839.88	3839.92	3839.92	3839.86	3839.98	3839.96	3839.94	3839.92	3839.94	3839.94	3839.96	
3839.96	3839.90	3839.94	3839.96	3839.96	3839.92	3839.94	3839.96	3839.92	3839.96	3839.96	3839.92	3839.90	3839.92	3839.98	3839.96	

*******************************************2025/07/21;17:54:25
Probe number 80
Concentration entered by User 0.00% (Compensated: 0.49% at temperature 26.9)
1578.46	1609.86	1629.24	1655.18	1680.24	1703.64	1729.56	1755.62	1786.62	1820.98	1852.92	1889.70	1928.56	1972.68	2011.64	2042.12	
2078.26	2136.32	2203.30	2290.00	2360.54	2422.06	2489.04	2565.42	2642.68	2708.54	2771.36	2845.02	2963.02	3070.00	3216.40	3385.84	
3571.08	3745.68	3822.42	3834.62	3838.36	3839.80	3839.88	3839.90	3839.96	3839.92	3839.94	3839.90	3839.84	3839.96	3839.96	3839.90	
3839.86	3839.98	3839.96	3840.00	3839.94	3839.98	3839.98	3839.94	3839.98	3839.98	3839.94	3839.90	3839.96	3839.90	3839.98	3839.92	
3839.88	3839.96	3839.86	3839.96	3839.94	3839.96	3839.90	3839.94	3839.96	3840.00	3839.94	3839.94	3839.94	3839.88	3839.98	3839.96	
3839.96	3839.84	3839.94	3839.92	3839.98	3839.90	3839.96	3839.90	3839.92	3839.98	3839.92	3839.84	3839.88	3839.96	3839.92	3839.92	
3839.94	3839.86	3839.94	3839.94	3839.86	3839.94	3839.92	3839.94	3839.84	3839.98	3839.92	3840.00	3839.96	3839.94	3839.90	3839.96	
3839.94	3839.92	3839.94	3839.94	3839.96	3839.92	3840.00	3839.86	3839.92	3839.94	3839.98	3839.96	3839.92	3839.92	3839.88	3839.92	

*******************************************2025/07/21;17:54:55
Probe number 81
Concentration entered by User 0.00% (Compensated: 0.49% at temperature 27.0)
1581.40	1611.82	1630.02	1655.00	1680.54	1705.72	1732.20	1759.54	1788.96	1820.02	1855.26	1893.90	1931.14	1971.00	2011.14	2042.76	
2075.68	2140.16	2206.44	2284.90	2358.48	2425.58	2490.70	2559.78	2632.52	2701.64	2768.26	2846.40	2947.08	3057.10	3214.62	3380.02	
3558.08	3733.82	3817.68	3834.18	3838.20	3839.86	3839.92	3839.96	3839.92	3839.98	3839.92	3839.92	3839.92	3839.94	3839.96	3839.94	
3839.90	3839.96	3839.98	3839.94	3839.98	3839.96	3839.96	3839.98	3839.92	3839.98	3839.92	3839.96	3839.92	3839.88	3839.96	3840.00	
3840.00	3839.94	3839.92	3839.92	3839.96	3840.00	3839.98	3839.96	3839.98	3839.96	3839.96	3839.98	3839.94	3839.96	3839.94	3839.98	
3839.98	3839.94	3839.90	3839.90	3839.94	3839.94	3840.00	3840.00	3840.00	3839.96	3839.94	3839.98	3839.98	3840.00	3839.96	3839.98	
3839.96	3839.98	3839.96	3839.96	3839.94	3839.96	3840.00	3839.98	3839.92	3839.92	3839.98	3839.96	3839.96	3839.96	3839.94	3839.94	
3839.94	3840.00	3839.94	3839.98	3839.92	3839.92	3839.94	3839.98	3840.00	3840.00	3840.00	3839.98	3839.90	3839.98	3839.96	3840.00	

*******************************************2025/07/21;17:55:25
Probe number 82
Concentration entered by User 0.00% (Compensated: 0.49% at temperature 26.9)
1580.62	1611.42	1630.84	1657.36	1681.58	1704.48	1729.80	1759.62	1789.96	1820.46	1855.34	1891.62	1930.70	1973.50	2013.90	2045.62	
2084.20	2143.82	2208.18	2290.38	2367.62	2429.16	2484.14	2547.02	2620.98	2695.50	2759.34	2844.78	2964.00	3083.30	3231.56	3389.98	
3568.74	3744.66	3822.14	3834.48	3838.42	3839.90	3839.94	3840.00	3840.00	3839.98	3839.88	3839.92	3839.86	3839.98	3839.96	3839.96	
3839.90	3840.00	3839.96	3839.98	3839.98	3839.94	3839.96	3840.00	3840.00	3839.94	3839.94	3839.96	3839.94	3839.96	3839.96	3839.94	
3839.90	3839.96	3839.98	3839.96	3839.98	3839.98	3839.92	3839.96	3839.98	3839.92	3839.94	3839.98	3839.98	3839.92	3840.00	3839.94	
3839.98	3839.94	3839.96	3839.96	3839.90	3839.96	3839.96	3839.98	3839.96	3840.00	3839.98	3839.98	3839.98	3839.92	3839.96	3840.00	
3839.94	3839.92	3839.98	3839.98	3840.00	3839.94	3839.98	3839.92	3839.96	3839.98	3839.98	3839.90	3839.96	3839.96	3839.98	3839.98	
3840.00	3839.98	3839.92	3839.96	3839.96	3839.96	3839.96	3839.96	3839.98	3839.96	3839.98	3839.94	3839.98	3840.00	3839.94	3839.94	

*******************************************2025/07/21;17:55:55
Probe number 83
Concentration entered by User 0.00% (Compensated: 0.49% at temperature 26.9)
1580.24	1612.10	1631.42	1656.38	1681.32	1706.14	1732.32	1757.64	1788.22	1820.82	1857.86	1891.54	1931.90	1974.24	2010.10	2044.06	
2081.26	2141.14	2206.96	2289.80	2357.16	2423.34	2492.58	2562.14	2630.40	2688.24	2769.06	2849.64	2956.88	3063.54	3206.66	3389.70	
3592.50	3745.40	3820.46	3834.32	3838.16	3839.98	3839.98	3839.94	3839.92	3839.96	3839.96	3839.96	3839.88	3839.96	3839.92	3839.90	
3839.96	3839.92	3839.98	3839.94	3839.96	3839.96	3839.94	3839.98	3839.94	3840.00	3839.98	3839.98	3839.94	3839.98	3839.98	3839.92	
3839.94	3839.98	3839.94	3840.00	3839.98	3839.94	3839.94	3839.94	3839.98	3839.98	3839.98	3839.96	3839.90	3839.98	3840.00	3839.96	
3839.98	3839.90	3839.94	3839.92	3839.88	3839.98	3839.92	3839.92	3839.96	3839.96	3839.98	3839.94	3839.98	3839.96	3839.90	3839.96	
3839.96	3839.94	3840.00	3840.00	3839.96	3839.90	3839.92	3839.98	3839.98	3839.98	3839.98	3839.98	3839.96	3839.98	3840.00	3840.00	
3840.00	3839.94	3839.92	3839.94	3839.96	3839.98	3839.98	3839.94	3839.96	3839.96	3839.92	3839.96	3839.98	3839.98	3839.94	3839.96	

*******************************************2025/07/21;17:56:25
Probe number 84
Concentration entered by User 0.00% (Compensated: 0.48% at temperature 26.8)
1579.20	1610.52	1629.68	1654.70	1680.92	1705.34	1731.70	1758.54	1787.74	1819.16	1857.16	1891.42	1928.38	1972.04	2010.08	2045.06	
2085.56	2147.60	2213.06	2292.64	2360.66	2422.18	2484.74	2554.62	2618.76	2694.64	2773.88	2866.62	2983.20	3085.76	3227.90	3396.52	
3575.18	3742.08	3822.04	3834.74	3838.54	3839.92	3839.94	3839.86	3839.90	3839.88	3839.92	3839.84	3839.94	3839.96	3839.94	3839.96	
3839.86	3839.94	3839.92	3839.94	3839.98	3839.88	3839.92	3839.98	3839.96	3839.96	3839.96	3839.94	3839.92	3839.96	3839.94	3839.92	
3839.86	3839.94	3839.88	3839.96	3839.92	3839.96	3839.96	3839.96	3839.98	3839.98	3839.96	3839.96	3839.98	3839.90	3839.88	3839.92	
3839.96	3839.96	3839.92	3839.96	3839.90	3839.96	3839.94	3839.94	3839.94	3839.94	3839.90	3839.90	3839.92	3839.92	3839.90	3839.94	
3839.86	3839.86	3839.94	3839.94	3839.96	3839.92	3839.94	3839.90	3839.82	3839.92	3839.94	3839.90	3839.92	3839.92	3839.86	3839.96	
3839.92	3839.96	3839.90	3839.96	3839.96	3839.96	3839.92	3839.90	3839.88	3839.96	3839.92	3839.98	3839.88	3839.98	3839.98	3839.98	

*******************************************2025/07/21;17:56:55
Probe number 85
Concentration entered by User 0.00% (Compensated: 0.48% at temperature 26.8)
1580.62	1611.68	1630.90	1656.26	1680.18	1704.50	1732.22	1761.04	1790.76	1820.86	1855.86	1893.96	1931.90	1972.58	2009.00	2040.98	
2076.94	2137.72	2200.64	2287.16	2357.22	2422.30	2490.16	2562.66	2620.96	2693.64	2778.32	2856.68	2969.18	3061.56	3216.52	3387.12	
3567.66	3747.56	3822.20	3834.58	3838.30	3839.92	3839.92	3839.92	3839.94	3839.96	3839.96	3839.94	3839.94	3839.90	3839.94	3839.96	
3839.96	3839.94	3839.92	3839.98	3839.94	3839.92	3839.94	3840.00	3839.98	3839.98	3839.96	3840.00	3839.98	3839.92	3839.92	3839.96	
3839.88	3839.98	3839.96	3839.94	3839.96	3839.92	3839.96	3839.98	3839.92	3839.96	3839.96	3839.98	3839.90	3839.96	3839.94	3839.96	
3839.96	3839.94	3839.94	3839.98	3839.96	3839.98	3839.98	3839.94	3839.98	3839.94	3839.96	3839.98	3839.92	3839.90	3839.94	3839.96	
3839.90	3839.90	3839.96	3839.94	3839.94	3839.96	3839.92	3839.96	3839.92	3839.96	3839.94	3839.94	3839.96	3839.96	3839.94	3839.98	
3839.98	3839.94	3839.92	3839.96	3839.96	3839.94	3839.94	3839.94	3839.98	3840.00	3839.98	3839.96	3839.88	3839.94	3840.00	3839.96	

*******************************************2025/07/21;17:57:25
Probe number 86
Concentration entered by User 0.00% (Compensated: 0.47% at temperature 26.7)
1578.72	1611.16	1630.24	1655.82	1681.62	1703.82	1729.28	1759.54	1792.56	1820.54	1852.48	1888.00	1932.28	1978.44	2015.32	2043.88	
2080.12	2140.42	2207.60	2291.32	2360.64	2426.12	2494.14	2551.84	2622.76	2693.34	2758.40	2849.38	2962.20	3077.96	3225.98	3389.50	
3573.82	3741.64	3822.06	3834.82	3838.56	3839.90	3839.98	3839.96	3839.98	3839.90	3839.94	3839.94	3839.88	3839.94	3840.00	3839.96	
3839.96	3839.96	3839.94	3839.96	3839.98	3839.94	3839.98	3839.88	3839.92	3839.96	3839.94	3839.98	3839.96	3839.96	3839.94	3839.94	
3839.92	3839.94	3839.92	3839.94	3839.86	3839.92	3839.94	3839.90	3839.96	3839.92	3839.86	3839.96	3839.94	3839.90	3839.98	3839.92	
3839.96	3839.88	3839.96	3839.84	3839.84	3839.94	3840.00	3840.00	3839.94	3839.94	3839.96	3839.96	3839.92	3839.92	3839.96	3839.90	
3839.92	3839.92	3839.94	3839.84	3839.92	3839.88	3840.00	3839.96	3839.94	3839.98	3839.98	3839.96	3839.94	3840.00	3839.96	3839.94	
3839.96	3839.92	3839.92	3840.00	3839.98	3839.94	3839.94	3839.98	3839.96	3839.98	3839.92	3839.92	3839.98	3839.96	3839.98	3839.94	

*******************************************2025/07/21;17:57:56
Probe number 87
Concentration entered by User 0.00% (Compensated: 0.47% at temperature 26.6)
1564.18	1596.18	1614.86	1638.56	1662.62	1687.06	1711.68	1737.80	1768.08	1798.50	1832.68	1869.28	1907.38	1948.98	1988.04	2017.36	
2056.46	2115.84	2176.26	2255.80	2322.60	2383.48	2450.04	2515.66	2580.86	2650.02	2718.96	2799.86	2914.02	3013.72	3159.38	3352.16	
3531.76	3714.18	3814.92	3833.24	3837.62	3839.56	3839.88	3839.90	3839.86	3839.88	3839.88	3839.86	3839.90	3839.82	3839.88	3839.90	
3839.86	3839.90	3839.88	3839.88	3839.84	3839.82	3839.88	3839.84	3839.84	3839.92	3839.92	3839.86	3839.98	3839.96	3839.90	3839.88	
3839.76	3839.86	3839.96	3839.94	3839.80	3839.94	3839.80	3839.78	3839.80	3839.82	3839.86	3839.90	3839.90	3839.92	3839.80	3839.90	
3839.90	3839.82	3839.90	3839.80	3839.80	3839.92	3839.88	3839.84	3839.86	3839.80	3839.88	3839.94	3839.92	3839.92	3839.88	3839.90	
3839.92	3839.90	3839.82	3839.94	3839.88	3839.86	3839.82	3839.90	3839.88	3839.94	3839.90	3839.96	3839.88	3839.84	3839.80	3839.96	
3839.86	3839.90	3839.80	3839.92	3839.96	3839.94	3839.90	3839.90	3839.90	3839.94	3839.92	3839.96	3839.92	3839.90	3839.88	3839.88	

*******************************************2025/07/21;17:58:25
Probe number 88
Concentration entered by User 0.00% (Compensated: 0.47% at temperature 26.7)
1577.90	1609.98	1629.28	1655.80	1680.42	1703.36	1728.88	1757.98	1788.46	1820.22	1856.78	1893.72	1934.50	1978.20	2012.94	2044.62	
2081.96	2141.56	2207.90	2294.62	2361.10	2412.62	2482.54	2552.00	2627.14	2697.78	2776.54	2867.62	2978.62	3078.40	3231.22	3394.52	
3583.88	3756.26	3825.26	3834.80	3838.42	3839.92	3839.96	3839.92	3839.94	3839.90	3839.96	3839.96	3839.96	3839.94	3839.84	3839.94	
3839.88	3839.92	3839.84	3839.96	3839.98	3839.92	3839.92	3839.92	3839.98	3839.96	3839.88	3839.94	3839.94	3839.96	3839.98	3839.94	
3839.86	3839.92	3839.86	3839.98	3839.98	3839.88	3839.98	3839.92	3839.92	3839.94	3839.96	3839.88	3839.92	3839.90	3839.98	3839.98	
3839.94	3839.90	3839.92	3839.94	3839.92	3839.96	3839.90	3839.98	3839.94	3839.94	3839.98	3839.98	3839.92	3839.98	3839.94	3839.94	
3839.94	3839.88	3839.90	3839.94	3840.00	3839.90	3839.94	3839.98	3839.86	3839.96	3839.92	3839.90	3839.86	3839.98	3839.98	3840.00	
3839.92	3839.96	3839.92	3839.92	3839.96	3839.90	3840.00	3839.92	3839.98	3839.94	3839.98	3839.94	3839.96	3840.00	3839.92	3839.98	

*******************************************2025/07/21;17:58:55
Probe number 89
Concentration entered by User 0.00% (Compensated: 0.47% at temperature 26.7)
1579.22	1611.90	1631.16	1655.32	1679.38	1704.42	1732.72	1759.68	1788.98	1819.06	1854.74	1892.60	1933.14	1978.20	2015.00	2042.96	
2078.44	2138.24	2201.24	2288.02	2363.02	2422.84	2489.38	2545.62	2613.66	2697.18	2774.44	2868.80	2979.98	3088.18	3236.62	3411.74	
3601.04	3747.42	3824.94	3835.28	3838.56	3839.88	3839.96	3839.94	3839.96	3839.94	3839.96	3839.94	3839.84	3839.94	3839.92	3839.94	
3839.96	3839.96	3839.92	3839.92	3839.92	3839.92	3839.96	3840.00	3839.96	3839.98	3839.98	3839.96	3839.96	3839.94	3839.96	3839.90	
3839.88	3839.96	3839.92	3839.94	3839.94	3840.00	3839.94	3839.92	3839.92	3839.98	3839.96	3839.96	3839.92	3839.98	3839.98	3839.90	
3839.98	3839.92	3839.96	3839.96	3839.92	3839.94	3839.96	3839.96	3839.96	3839.90	3839.94	3839.92	3839.92	3839.88	3839.92	3840.00	
3839.96	3839.94	3839.92	3839.96	3839.96	3839.92	3839.94	3839.90	3839.94	3839.96	3839.88	3839.96	3839.98	3839.94	3839.94	3839.90	
3839.92	3839.92	3839.96	3839.94	3839.92	3839.96	3839.98	3839.98	3839.98	3839.96	3839.88	3840.00	3839.90	3839.96	3839.92	3840.00	

*******************************************2025/07/21;17:59:25
Probe number 90
Concentration entered by User 0.00% (Compensated: 0.47% at temperature 26.7)
1579.76	1611.86	1631.66	1656.84	1680.38	1705.08	1729.00	1756.14	1788.04	1820.52	1852.88	1889.94	1930.72	1974.50	2010.46	2044.10	
2082.22	2141.90	2214.90	2296.78	2360.12	2421.44	2483.80	2547.62	2623.44	2699.84	2790.80	2868.92	2980.22	3090.54	3227.94	3378.64	
3564.64	3733.20	3821.58	3835.04	3838.74	3839.92	3839.92	3839.96	3839.90	3839.98	3839.92	3839.84	3839.86	3840.00	3839.92	3839.96	
3839.92	3839.88	3839.96	3839.94	3839.92	3839.96	3839.92	3839.94	3839.98	3839.96	3839.94	3839.92	3839.98	3839.98	3839.96	3839.86	
3839.90	3839.92	3839.96	3839.96	3839.96	3839.90	3839.94	3839.94	3839.98	3840.00	3839.90	3839.92	3839.88	3839.94	3839.94	3839.92	
3840.00	3839.94	3839.98	3839.90	3840.02	3839.92	3839.90	3839.96	3839.94	3839.92	3839.94	3840.00	3839.96	3839.98	3839.88	3839.98	
3839.92	3839.94	3839.86	3839.92	3839.96	3839.94	3839.96	3839.94	3839.78	3839.90	3839.98	3839.98	3839.94	3839.90	3839.92	3840.00	
3839.92	3839.96	3839.92	3839.98	3839.98	3840.00	3839.98	3839.94	3839.96	3840.00	3839.96	3839.94	3839.88	3840.00	3839.94	3839.96	

*******************************************2025/07/21;17:59:55
Probe number 91
Concentration entered by User 0.00% (Compensated: 0.47% at temperature 26.6)
1578.62	1610.74	1629.84	1655.72	1681.74	1707.46	1732.82	1760.72	1789.74	1819.90	1854.72	1893.14	1930.16	1972.58	2009.18	2042.74	
2082.24	2143.22	2206.46	2296.66	2357.76	2416.14	2484.92	2552.22	2626.70	2701.84	2777.82	2868.68	2980.80	3089.48	3230.08	3394.64	
3595.78	3750.50	3823.54	3835.24	3838.72	3839.94	3840.00	3840.00	3839.94	3839.98	3839.98	3839.98	3840.00	3840.00	3839.98	3839.94	
3839.94	3839.98	3839.98	3839.96	3839.94	3839.92	3839.98	3839.98	3840.00	3839.96	3839.98	3839.96	3839.94	3840.00	3839.98	3839.94	
3839.94	3839.98	3839.90	3839.98	3839.92	3839.98	3839.96	3840.00	3839.96	3840.00	3839.96	3839.82	3839.88	3839.86	3839.86	3839.94	
3839.90	3839.90	3839.92	3839.98	3839.96	3839.98	3839.98	3839.96	3839.92	3840.00	3839.94	3839.98	3839.96	3839.92	3839.96	3839.92	
3840.00	3839.94	3839.96	3840.00	3840.00	3839.94	3839.98	3839.98	3839.96	3840.00	3840.00	3840.02	3839.98	3840.00	3839.90	3839.98	
3839.98	3839.96	3839.86	3839.98	3839.98	3839.94	3839.98	3839.98	3839.98	3840.00	3840.00	3840.00	3839.84	3840.00	3839.98	3839.96	

*******************************************2025/07/21;18:00:25
Probe number 92
Concentration entered by User 0.00% (Compensated: 0.46% at temperature 26.5)
1577.96	1609.38	1629.58	1655.56	1680.72	1705.98	1730.68	1759.12	1789.52	1820.92	1857.04	1893.74	1929.04	1973.12	2011.12	2044.48	
2082.74	2145.92	2211.88	2290.06	2358.40	2418.42	2486.50	2552.48	2622.20	2692.94	2769.98	2860.28	2971.06	3083.10	3224.88	3409.18	
3599.40	3756.64	3823.86	3835.26	3838.70	3839.96	3839.94	3840.00	3839.96	3839.98	3839.94	3840.00	3839.98	3839.96	3839.96	3839.96	
3839.96	3839.96	3839.92	3839.98	3839.96	3839.94	3839.98	3840.00	3840.00	3839.96	3839.94	3839.96	3839.98	3839.96	3839.94	3839.98	
3839.96	3839.92	3839.96	3839.94	3839.98	3839.94	3839.96	3839.96	3839.98	3839.98	3839.96	3839.96	3839.98	3839.94	3839.96	3839.94	
3839.92	3840.00	3839.96	3839.98	3839.96	3840.00	3840.00	3839.94	3839.98	3839.96	3839.94	3839.98	3840.00	3839.94	3839.86	3840.00	
3839.94	3839.96	3839.94	3839.98	3839.94	3839.94	3839.94	3839.96	3839.98	3839.94	3840.00	3839.94	3839.96	3839.94	3839.98	3839.94	
3839.94	3839.98	3839.98	3840.00	3839.98	3840.00	3840.00	3839.98	3839.98	3839.98	3839.98	3839.96	3839.98	3839.96	3840.00	3839.92	

*******************************************2025/07/21;18:00:55
Probe number 93
Concentration entered by User 0.00% (Compensated: 0.46% at temperature 26.6)
1579.74	1610.18	1630.28	1655.76	1679.60	1704.16	1730.68	1756.68	1786.84	1820.54	1855.16	1890.10	1931.76	1975.66	2008.38	2037.80	
2076.14	2141.92	2212.96	2295.78	2363.44	2421.98	2482.42	2556.50	2631.10	2705.40	2780.42	2862.20	2982.42	3095.48	3250.06	3409.38	
3583.20	3745.66	3822.60	3835.16	3838.82	3839.90	3839.98	3839.94	3839.98	3839.92	3839.96	3839.90	3839.90	3840.00	3839.94	3839.98	
3839.92	3839.92	3839.94	3840.00	3839.90	3839.98	3839.96	3839.96	3839.98	3840.00	3839.98	3840.00	3839.98	3839.94	3839.96	3839.90	
3839.98	3839.94	3839.96	3839.98	3839.96	3839.96	3839.92	3839.98	3839.94	3839.92	3839.92	3839.94	3839.96	3839.96	3839.88	3839.90	
3839.94	3839.92	3839.92	3839.94	3839.90	3839.88	3839.96	3839.96	3839.92	3839.96	3839.96	3839.96	3839.86	3839.84	3839.88	3839.90	
3839.88	3839.94	3839.96	3839.98	3839.96	3839.98	3839.98	3839.98	3839.94	3840.00	3839.98	3839.94	3839.96	3839.96	3839.96	3839.98	
3839.98	3839.96	3839.96	3839.94	3839.96	3839.96	3839.98	3839.94	3839.98	3840.00	3839.96	3839.92	3839.90	3839.94	3839.92	3839.96	

*******************************************2025/07/21;18:01:25
Probe number 94
Concentration entered by User 0.00% (Compensated: 0.46% at temperature 26.5)
1579.46	1611.28	1629.92	1655.08	1679.60	1705.36	1731.34	1757.98	1789.36	1822.26	1856.72	1893.04	1934.00	1977.92	2017.70	2046.50	
2079.48	2135.32	2203.00	2290.52	2364.20	2420.64	2485.44	2558.78	2625.26	2697.54	2774.22	2860.28	2968.20	3074.64	3220.78	3405.56	
3606.74	3758.28	3825.54	3835.54	3838.82	3840.00	3839.96	3840.00	3840.00	3839.98	3840.00	3839.98	3839.92	3840.00	3839.98	3839.94	
3839.98	3839.96	3839.98	3839.98	3840.00	3840.00	3840.00	3840.00	3840.00	3839.98	3839.98	3839.96	3840.00	3840.00	3839.98	3839.98	
3839.98	3839.96	3839.98	3839.98	3840.00	3839.96	3839.92	3840.00	3839.98	3839.98	3839.96	3839.98	3839.98	3839.98	3839.94	3839.98	
3839.96	3839.96	3840.00	3840.00	3839.96	3840.00	3840.00	3840.00	3839.98	3839.96	3840.00	3839.98	3839.98	3840.00	3840.00	3840.00	
3840.00	3840.00	3840.00	3839.96	3839.96	3839.98	3839.98	3840.00	3840.00	3839.98	3839.96	3839.98	3839.96	3840.00	3839.94	3839.98	
3839.96	3839.98	3839.96	3839.96	3840.00	3839.94	3840.00	3840.00	3839.98	3840.00	3840.00	3840.00	3839.98	3840.00	3840.02	3839.94	

*******************************************2025/07/21;18:01:55
Probe number 95
Concentration entered by User 3.47% (Compensated: 3.95% at temperature 26.6)
1327.18	1346.36	1358.10	1373.52	1388.38	1402.56	1418.60	1436.56	1455.32	1473.46	1493.84	1517.90	1540.66	1566.02	1589.10	1606.62	
1631.24	1666.68	1705.50	1755.46	1799.80	1835.98	1874.78	1914.82	1955.48	1999.22	2043.58	2098.30	2170.30	2229.54	2323.42	2427.40	
2551.52	2718.26	2923.88	3148.98	3362.30	3544.34	3666.76	3721.74	3743.58	3757.60	3765.14	3771.60	3772.18	3771.94	3777.34	3778.54	
3777.08	3788.98	3788.78	3786.42	3790.06	3791.62	3795.52	3795.44	3797.00	3798.30	3795.22	3795.42	3797.66	3795.84	3794.06	3797.06	
3799.38	3801.90	3803.70	3805.10	3806.04	3805.88	3809.18	3810.18	3812.38	3813.98	3815.88	3817.00	3819.82	3820.02	3819.54	3820.34	
3819.32	3819.78	3820.24	3819.80	3821.66	3821.68	3819.72	3819.84	3819.16	3819.68	3817.36	3815.32	3816.70	3817.06	3817.62	3818.14	
3818.26	3760.08	3798.10	3813.84	3814.58	3814.48	3814.44	3816.98	3817.32	3815.06	3813.98	3812.00	3811.40	3812.42	3809.34	3812.88	
3813.68	3813.32	3810.72	3810.88	3813.86	3812.14	3812.46	3812.40	3811.86	3808.88	3809.20	3811.86	3815.52	3815.94	3817.78	3800.16	

*******************************************2025/07/21;18:02:25
Probe number 96
Concentration entered by User 3.83% (Compensated: 4.30% at temperature 26.6)
1314.76	1332.44	1343.88	1359.14	1373.72	1387.70	1403.06	1418.56	1436.74	1455.20	1476.28	1497.88	1520.14	1544.48	1565.80	1587.56	
1609.86	1645.42	1684.12	1730.24	1770.86	1805.52	1843.34	1884.12	1929.40	1961.92	2004.62	2065.90	2136.12	2188.46	2275.72	2378.76	
2509.58	2679.32	2867.48	3079.52	3273.26	3466.52	3600.76	3667.52	3698.68	3716.44	3726.04	3734.92	3735.34	3734.30	3742.32	3743.82	
3741.78	3758.78	3757.92	3754.46	3759.84	3762.28	3767.74	3767.94	3770.14	3771.48	3767.00	3767.38	3770.66	3767.70	3764.80	3769.52	
3772.70	3776.06	3779.08	3780.90	3782.58	3782.14	3786.84	3788.00	3791.54	3794.36	3797.80	3799.80	3805.42	3805.80	3804.56	3806.38	
3803.92	3804.88	3805.88	3805.02	3809.48	3809.24	3805.08	3805.14	3803.74	3804.80	3800.42	3796.64	3798.86	3799.88	3800.68	3801.30	
3802.32	3716.88	3770.80	3794.10	3795.06	3795.42	3795.04	3799.38	3800.38	3796.00	3794.58	3791.22	3790.10	3791.86	3786.90	3792.58	
3793.74	3793.36	3789.06	3789.40	3794.12	3791.54	3791.84	3791.94	3790.82	3786.58	3787.04	3791.04	3797.14	3797.64	3800.86	3773.54	

*******************************************2025/07/21;18:02:55
Probe number 97
Concentration entered by User 0.00% (Compensated: 0.46% at temperature 26.6)
1578.54	1609.48	1628.74	1655.26	1679.98	1704.48	1731.82	1760.16	1792.04	1822.48	1854.22	1891.90	1930.50	1974.32	2012.66	2042.06	
2079.48	2141.52	2207.86	2293.14	2358.60	2417.46	2487.00	2569.74	2638.54	2696.22	2775.44	2867.68	2990.54	3095.34	3251.26	3423.50	
3595.18	3754.38	3825.02	3835.86	3839.06	3839.96	3839.96	3839.98	3839.96	3839.98	3839.96	3839.92	3839.96	3839.94	3839.92	3839.94	
3839.96	3839.98	3839.96	3840.00	3839.96	3839.96	3839.92	3839.94	3840.00	3839.94	3839.96	3839.94	3839.96	3839.96	3839.96	3839.96	
3839.94	3839.96	3839.96	3839.98	3839.92	3839.98	3839.98	3840.00	3839.92	3839.98	3840.00	3839.96	3839.88	3839.90	3839.94	3839.92	
3839.94	3839.92	3839.98	3839.94	3839.96	3839.96	3839.96	3840.00	3839.92	3839.96	3839.92	3839.98	3839.96	3839.96	3839.92	3839.92	
3839.96	3839.88	3839.98	3839.98	3839.98	3839.94	3840.00	3839.98	3839.88	3839.92	3840.00	3839.98	3839.92	3839.96	3839.96	3839.98	
3839.94	3839.98	3839.94	3839.96	3839.96	3839.96	3839.96	3839.98	3839.96	3839.96	3839.98	3839.94	3839.90	3839.94	3840.00	3839.96	

*******************************************2025/07/21;18:03:25
Probe number 98
Concentration entered by User 0.00% (Compensated: 0.46% at temperature 26.5)
1580.28	1612.46	1632.44	1657.20	1680.06	1704.50	1732.40	1760.22	1790.10	1820.54	1854.12	1891.40	1929.04	1969.18	2010.14	2042.16	
2078.54	2139.56	2207.28	2287.56	2361.44	2420.10	2478.98	2547.56	2619.92	2691.14	2777.26	2872.96	2985.84	3096.82	3259.26	3420.78	
3608.30	3761.82	3824.52	3835.10	3838.78	3839.84	3839.98	3839.88	3839.92	3839.94	3839.86	3839.88	3839.84	3839.90	3839.90	3839.88	
3839.94	3839.90	3839.94	3839.96	3839.98	3839.96	3839.92	3839.92	3839.96	3839.98	3839.98	3839.96	3839.92	3839.98	3839.96	3839.98	
3839.88	3839.96	3839.94	3840.00	3839.96	3839.96	3839.98	3839.92	3839.90	3839.92	3839.96	3839.94	3839.94	3839.92	3839.80	3839.86	
3839.94	3839.94	3839.90	3839.92	3839.92	3839.94	3839.98	3839.98	3839.94	3839.96	3840.00	3839.96	3839.96	3839.88	3839.90	3839.94	
3839.92	3839.96	3839.92	3839.92	3839.98	3839.90	3839.92	3839.86	3839.90	3839.92	3839.96	3839.96	3839.96	3839.94	3839.88	3840.00	
3839.96	3839.92	3839.94	3839.94	3839.92	3839.96	3839.94	3839.96	3839.92	3839.96	3839.92	3839.98	3839.96	3839.92	3839.90	3839.96	

*******************************************2025/07/21;18:03:55
Probe number 99
Concentration entered by User 3.75% (Compensated: 4.21% at temperature 26.4)
1316.98	1335.50	1347.64	1362.76	1375.90	1390.48	1406.70	1423.96	1443.26	1461.90	1482.64	1502.58	1526.70	1551.90	1573.00	1589.86	
1613.32	1649.48	1688.36	1736.16	1776.76	1812.76	1847.62	1887.68	1929.16	1974.52	2018.18	2063.86	2131.12	2203.86	2289.60	2393.18	
2524.30	2687.42	2879.98	3088.50	3291.52	3487.32	3619.50	3685.24	3712.08	3729.52	3738.28	3744.82	3744.52	3744.32	3751.92	3753.46	
3751.08	3766.98	3766.20	3763.28	3767.78	3770.58	3775.76	3775.86	3777.06	3778.24	3773.60	3773.72	3776.90	3774.32	3771.78	3775.48	
3778.46	3781.80	3784.44	3786.84	3788.28	3787.46	3791.84	3792.94	3795.86	3798.86	3802.34	3804.50	3809.66	3809.86	3808.50	3810.00	
3807.86	3808.82	3809.80	3809.06	3813.08	3812.66	3808.66	3808.54	3807.22	3808.64	3804.92	3801.44	3803.44	3804.02	3804.64	3805.64	
3806.20	3726.64	3777.04	3798.56	3799.86	3800.04	3799.52	3803.62	3804.34	3800.56	3799.06	3796.18	3794.94	3796.64	3791.94	3797.06	
3798.48	3797.82	3794.10	3794.14	3798.56	3796.12	3796.68	3796.56	3795.62	3791.44	3791.74	3795.98	3801.68	3801.88	3804.64	3779.40	

*******************************************2025/07/21;18:04:25
Probe number 100
Concentration entered by User 4.03% (Compensated: 4.48% at temperature 26.3)
1306.88	1324.36	1335.58	1349.84	1363.76	1377.80	1393.30	1408.64	1427.60	1444.66	1463.26	1485.00	1507.86	1531.70	1554.74	1573.66	
1594.64	1627.82	1666.14	1713.14	1749.50	1781.74	1818.60	1860.66	1903.68	1944.46	1989.36	2040.58	2104.00	2161.66	2250.56	2363.48	
2494.40	2644.18	2830.26	3037.76	3233.80	3422.92	3558.42	3633.74	3665.46	3685.48	3695.16	3703.88	3703.78	3704.96	3714.64	3716.46	
3714.38	3733.98	3733.02	3728.70	3734.96	3738.34	3745.66	3745.52	3746.96	3748.32	3742.02	3742.28	3746.68	3742.66	3739.66	3744.98	
3748.18	3752.76	3756.36	3759.30	3761.54	3760.42	3766.34	3767.62	3772.04	3776.06	3780.84	3784.30	3791.66	3791.74	3789.74	3791.80	
3788.82	3790.06	3791.40	3790.36	3796.30	3795.96	3789.78	3790.12	3787.80	3789.94	3785.04	3780.18	3782.94	3783.20	3784.30	3785.42	
3786.50	3681.98	3746.44	3776.02	3777.50	3777.80	3777.32	3782.68	3783.64	3778.66	3776.58	3772.86	3770.94	3773.30	3766.38	3774.08	
3775.56	3774.84	3769.82	3770.16	3776.20	3772.64	3773.32	3772.98	3771.82	3765.86	3766.70	3772.64	3780.24	3780.38	3784.36	3749.70	

*******************************************2025/07/21;18:04:55
Probe number 101
Concentration entered by User 4.08% (Compensated: 4.53% at temperature 26.3)
1305.92	1322.96	1334.34	1347.84	1362.68	1376.70	1391.74	1407.62	1424.86	1443.18	1463.90	1486.02	1508.22	1532.02	1553.42	1571.56	
1593.06	1626.84	1664.56	1713.54	1755.36	1786.24	1820.48	1857.54	1896.60	1942.24	1988.26	2039.12	2099.32	2166.70	2250.76	2346.56	
2473.22	2629.18	2824.84	3029.60	3217.40	3411.72	3555.28	3630.10	3662.84	3683.06	3694.06	3702.88	3702.36	3702.34	3712.00	3713.94	
3711.98	3731.92	3730.36	3726.70	3732.34	3736.26	3743.08	3743.28	3744.96	3745.82	3739.02	3739.32	3743.86	3739.86	3736.52	3741.80	
3745.34	3749.76	3753.60	3756.94	3759.20	3757.52	3763.58	3765.00	3769.18	3773.74	3778.78	3782.46	3790.02	3790.06	3788.02	3790.28	
3786.68	3788.64	3789.96	3788.88	3795.18	3794.68	3788.00	3787.88	3785.84	3788.14	3783.06	3778.16	3780.96	3781.34	3782.46	3783.60	
3784.84	3677.96	3743.98	3773.80	3775.28	3775.40	3775.18	3780.78	3781.88	3776.64	3774.34	3770.52	3768.92	3770.94	3764.14	3771.56	
3773.38	3772.60	3767.20	3767.68	3773.74	3770.38	3771.12	3771.00	3769.32	3763.58	3764.00	3770.50	3778.32	3778.44	3782.46	3746.64	

*******************************************2025/07/21;18:05:25
Probe number 102
Concentration entered by User 0.00% (Compensated: 0.44% at temperature 26.3)
1579.14	1611.36	1630.00	1655.26	1680.96	1704.98	1731.50	1757.78	1789.42	1819.56	1852.76	1889.18	1931.40	1975.78	2013.56	2046.44	
2081.10	2141.84	2204.90	2288.52	2361.42	2426.30	2495.58	2565.76	2618.66	2690.48	2766.78	2849.58	2980.96	3091.00	3242.42	3415.04	
3613.16	3768.52	3827.40	3835.78	3838.96	3839.90	3839.96	3839.94	3839.92	3839.94	3839.86	3839.94	3839.80	3839.90	3839.90	3839.92	
3839.90	3839.90	3839.82	3839.90	3839.96	3839.92	3839.92	3839.90	3839.88	3839.80	3839.96	3839.90	3839.92	3839.86	3839.86	3839.90	
3839.88	3839.94	3839.86	3839.94	3839.90	3839.98	3839.86	3839.98	3839.86	3839.94	3839.82	3839.92	3839.92	3839.90	3839.90	3839.92	
3839.84	3839.82	3839.76	3839.90	3839.88	3839.94	3839.94	3839.96	3839.92	3839.90	3839.90	3839.96	3839.92	3839.86	3839.84	3839.94	
3839.90	3839.96	3839.98	3839.84	3839.78	3839.82	3839.90	3839.88	3839.86	3839.92	3839.92	3839.94	3839.96	3839.90	3839.88	3839.92	
3839.94	3839.96	3839.90	3839.96	3839.96	3839.92	3839.94	3839.98	3839.88	3839.96	3839.98	3839.86	3839.92	3839.92	3839.94	3839.94	

*******************************************2025/07/21;18:05:55
Probe number 103
Concentration entered by User 0.00% (Compensated: 0.44% at temperature 26.3)
1580.14	1611.54	1631.34	1656.88	1681.56	1705.48	1730.50	1757.82	1788.94	1820.28	1853.86	1888.74	1929.12	1976.46	2014.10	2047.72	
2081.52	2144.04	2200.68	2283.56	2354.62	2419.44	2480.88	2548.04	2620.62	2696.66	2779.56	2874.90	2990.62	3095.22	3223.22	3397.60	
3602.84	3765.62	3826.94	3835.64	3839.00	3839.96	3839.96	3839.98	3839.94	3839.96	3839.90	3839.88	3839.88	3839.90	3840.00	3839.86	
3839.94	3839.96	3839.92	3839.90	3839.94	3839.96	3839.98	3839.94	3839.96	3839.96	3839.98	3839.96	3839.86	3839.96	3839.96	3839.92	
3839.92	3839.94	3839.90	3839.92	3839.94	3839.94	3839.94	3839.94	3839.96	3839.98	3839.96	3839.96	3839.88	3839.90	3839.96	3839.96	
3839.92	3839.92	3839.86	3839.94	3839.96	3839.96	3839.96	3839.96	3839.94	3839.98	3839.84	3839.96	3839.96	3839.94	3839.94	3839.92	
3839.90	3839.98	3839.92	3839.92	3839.92	3839.94	3839.92	3839.96	3839.94	3839.96	3839.98	3839.94	3839.92	3839.92	3839.90	3839.94	
3839.96	3839.94	3839.86	3839.90	3839.96	3839.96	3840.00	3839.94	3839.96	3839.98	3839.94	3839.96	3839.90	3839.96	3839.96	3839.98	

*******************************************2025/07/21;18:06:25
Probe number 104
Concentration entered by User 0.00% (Compensated: 0.44% at temperature 26.2)
1580.08	1610.62	1630.24	1655.60	1680.12	1703.86	1729.76	1757.66	1789.28	1820.02	1854.58	1891.96	1933.18	1978.42	2009.82	2040.38	
2079.98	2140.68	2209.32	2289.56	2356.24	2417.52	2480.20	2552.14	2626.10	2696.68	2775.22	2861.70	2973.80	3086.14	3236.48	3410.02	
3610.24	3772.54	3828.82	3836.26	3839.14	3839.98	3840.00	3839.88	3839.96	3840.00	3839.98	3839.96	3839.96	3839.94	3839.96	3839.94	
3839.88	3839.98	3839.98	3839.96	3839.94	3839.98	3839.92	3839.98	3839.92	3839.96	3839.98	3839.96	3839.94	3839.96	3839.94	3839.94	
3839.98	3839.92	3839.94	3839.96	3840.00	3839.96	3839.92	3839.94	3840.00	3840.00	3839.94	3839.88	3839.88	3839.94	3839.94	3839.94	
3839.94	3839.96	3839.92	3839.94	3839.94	3839.96	3839.98	3840.00	3839.96	3839.98	3839.92	3840.00	3839.96	3839.94	3839.92	3839.98	
3839.94	3839.96	3839.96	3839.96	3839.98	3839.88	3839.96	3839.92	3839.88	3839.98	3839.92	3839.94	3839.88	3839.94	3840.00	3839.96	
3839.92	3839.94	3839.88	3839.92	3840.00	3839.94	3839.98	3839.98	3839.98	3839.98	3840.00	3839.94	3839.86	3839.96	3839.92	3839.94	

*******************************************2025/07/21;18:06:55
Probe number 105
Concentration entered by User 3.74% (Compensated: 4.18% at temperature 26.2)
1313.32	1330.94	1342.60	1357.30	1372.00	1385.84	1401.50	1417.90	1436.62	1454.54	1473.06	1496.50	1519.66	1545.04	1566.94	1583.56	
1606.08	1640.84	1681.26	1734.40	1770.94	1803.98	1841.34	1880.64	1919.30	1959.50	2005.38	2058.28	2129.22	2196.08	2279.80	2382.16	
2510.82	2679.86	2883.62	3100.02	3294.58	3479.18	3611.96	3676.66	3703.40	3720.52	3729.52	3736.44	3736.54	3737.44	3746.12	3747.92	
3746.32	3761.92	3760.62	3757.88	3762.48	3765.42	3771.58	3771.08	3771.88	3772.44	3766.24	3766.28	3770.40	3766.58	3764.66	3768.32	
3770.12	3773.62	3776.90	3780.36	3782.24	3780.44	3785.02	3785.48	3788.72	3792.78	3797.42	3800.88	3806.96	3806.68	3804.52	3805.80	
3803.04	3804.54	3806.04	3805.30	3810.28	3809.64	3804.02	3803.80	3801.86	3804.46	3800.40	3796.86	3798.76	3799.08	3799.60	3800.96	
3801.80	3715.92	3769.98	3793.16	3794.34	3794.52	3794.04	3798.36	3799.34	3795.22	3793.64	3790.56	3789.18	3790.64	3785.34	3791.10	
3792.68	3791.84	3788.00	3787.94	3792.90	3790.18	3790.56	3790.62	3789.18	3784.86	3785.58	3790.30	3796.38	3796.48	3799.52	3772.10	

*******************************************2025/07/21;18:07:25
Probe number 106
Concentration entered by User 3.93% (Compensated: 4.37% at temperature 26.1)
1308.42	1325.56	1337.56	1352.76	1366.24	1380.88	1396.22	1412.26	1429.12	1446.72	1465.62	1486.80	1510.02	1535.46	1558.32	1576.36	
1598.32	1634.06	1671.72	1717.66	1752.68	1790.26	1829.92	1867.78	1906.32	1943.02	1986.46	2036.02	2106.50	2173.10	2268.00	2370.14	
2491.42	2658.44	2856.48	3062.08	3255.62	3438.08	3577.16	3648.68	3678.18	3695.96	3704.64	3713.48	3714.66	3716.32	3725.86	3727.92	
3725.78	3743.82	3742.28	3739.42	3745.02	3748.48	3755.74	3755.04	3756.18	3756.38	3749.26	3749.54	3754.20	3750.12	3747.48	3751.06	
3753.62	3757.88	3762.20	3766.30	3768.50	3766.34	3771.62	3772.06	3775.60	3780.82	3785.96	3790.54	3797.64	3797.28	3794.70	3796.04	
3792.70	3794.84	3796.34	3795.72	3801.50	3800.96	3793.90	3793.50	3791.30	3794.22	3789.78	3785.70	3787.86	3787.88	3788.82	3790.28	
3791.68	3691.84	3753.66	3781.24	3782.48	3782.90	3782.38	3787.30	3788.28	3783.40	3781.70	3778.20	3776.50	3778.12	3771.82	3778.96	
3780.68	3779.92	3775.12	3775.16	3780.80	3777.50	3778.00	3778.28	3776.54	3771.20	3772.04	3778.12	3784.96	3785.02	3788.56	3755.76	

*******************************************2025/07/21;18:07:55
Probe number 107
Concentration entered by User 3.76% (Compensated: 4.20% at temperature 26.1)
1311.30	1328.62	1340.48	1355.74	1369.60	1382.74	1398.54	1414.16	1433.58	1452.82	1472.84	1493.86	1517.18	1542.76	1563.64	1581.64	
1604.62	1638.62	1674.26	1723.90	1761.70	1795.58	1837.32	1872.56	1910.46	1946.12	1997.70	2057.64	2123.48	2191.32	2275.72	2380.44	
2509.30	2675.30	2873.38	3094.16	3296.88	3471.32	3600.74	3669.20	3695.68	3713.16	3721.86	3728.94	3729.54	3731.08	3740.38	3742.04	
3740.12	3756.74	3755.44	3752.86	3757.72	3761.30	3768.04	3766.96	3767.88	3768.08	3761.00	3761.24	3765.88	3762.16	3759.72	3763.40	
3765.58	3769.28	3773.26	3776.82	3778.74	3776.64	3781.18	3781.62	3784.90	3789.42	3794.28	3798.18	3804.84	3804.38	3801.92	3803.26	
3800.20	3802.12	3803.66	3803.16	3808.42	3807.56	3801.32	3800.82	3799.08	3801.76	3797.70	3794.04	3795.86	3795.72	3796.56	3798.06	
3799.14	3709.28	3765.52	3789.98	3790.96	3791.32	3790.72	3795.08	3796.24	3792.18	3790.32	3787.10	3785.66	3787.30	3781.60	3787.50	
3789.20	3788.82	3784.64	3784.68	3789.66	3786.76	3787.08	3787.26	3785.72	3781.04	3781.84	3787.14	3793.34	3793.04	3796.44	3767.34	

*******************************************2025/07/21;18:08:25
Probe number 108
Concentration entered by User 0.00% (Compensated: 0.43% at temperature 26.1)
1579.08	1611.42	1630.04	1655.30	1679.10	1704.48	1729.48	1756.40	1789.08	1821.26	1854.44	1891.58	1932.76	1976.96	2013.44	2043.04	
2077.22	2137.84	2202.70	2288.22	2358.18	2411.94	2480.76	2555.04	2622.28	2695.24	2780.06	2867.00	2965.02	3073.76	3235.66	3407.30	
3607.08	3767.58	3828.26	3836.22	3839.36	3839.96	3839.92	3839.98	3839.92	3839.92	3839.94	3839.98	3839.86	3839.98	3839.94	3839.96	
3839.94	3839.90	3839.96	3839.98	3839.90	3839.94	3839.92	3839.90	3839.98	3839.92	3839.98	3839.96	3839.94	3839.96	3839.98	3839.94	
3839.92	3839.98	3839.96	3839.98	3840.00	3839.92	3839.92	3839.98	3839.98	3839.90	3839.94	3839.90	3839.96	3839.90	3840.00	3839.92	
3839.98	3839.96	3840.00	3839.96	3839.94	3839.96	3839.96	3839.96	3839.96	3839.98	3839.92	3839.92	3839.98	3839.96	3839.92	3839.90	
3839.96	3839.92	3839.92	3839.92	3839.92	3839.96	3839.94	3839.92	3839.90	3839.96	3839.96	3839.90	3839.90	3839.96	3839.96	3839.96	
3839.96	3839.98	3839.90	3839.92	3839.92	3839.94	3839.90	3839.98	3839.94	3839.94	3839.98	3839.96	3839.92	3839.92	3839.92	3839.96	

*******************************************2025/07/21;18:08:55
Probe number 109
Concentration entered by User 4.01% (Compensated: 4.44% at temperature 26.1)
1305.14	1323.16	1335.44	1349.78	1363.44	1377.04	1392.56	1408.08	1425.24	1443.34	1464.00	1485.32	1507.86	1534.16	1554.64	1569.98	
1591.50	1624.86	1663.22	1708.72	1748.24	1787.40	1822.72	1858.24	1895.44	1937.06	1983.92	2031.92	2095.72	2160.66	2253.46	2363.82	
2489.12	2649.82	2836.80	3037.20	3235.60	3429.90	3569.74	3642.46	3670.98	3687.94	3696.72	3704.86	3706.02	3706.96	3717.28	3719.38	
3717.56	3736.20	3734.94	3732.80	3738.82	3742.48	3749.98	3748.44	3749.36	3749.58	3740.86	3740.86	3746.28	3741.52	3738.88	3742.94	
3745.36	3749.20	3754.02	3758.96	3761.20	3759.18	3764.60	3765.24	3768.68	3774.24	3780.40	3785.64	3793.58	3793.08	3790.10	3791.54	
3787.34	3789.66	3791.84	3791.42	3797.76	3796.72	3789.08	3788.14	3786.18	3789.52	3784.44	3780.12	3781.84	3782.02	3783.26	3784.72	
3786.44	3680.36	3745.36	3774.80	3776.28	3776.64	3776.08	3781.38	3782.56	3777.74	3775.48	3771.98	3770.20	3771.70	3764.74	3772.30	
3774.40	3773.50	3768.36	3768.50	3774.56	3770.90	3771.18	3771.58	3769.68	3764.10	3765.14	3771.82	3779.04	3779.22	3782.92	3747.88	

*******************************************2025/07/21;18:09:25
Probe number 110
Concentration entered by User 0.00% (Compensated: 0.43% at temperature 26.1)
1578.16	1610.58	1630.46	1655.88	1680.60	1705.08	1732.72	1760.70	1791.72	1818.26	1852.30	1891.44	1934.18	1975.64	2011.46	2041.04	
2078.02	2139.74	2202.80	2290.92	2363.42	2418.08	2484.72	2551.76	2621.08	2698.30	2777.80	2854.18	2966.94	3077.26	3238.54	3429.02	
3613.32	3769.14	3827.36	3835.78	3839.04	3839.82	3839.96	3839.82	3839.94	3839.96	3839.92	3839.92	3839.92	3839.90	3840.00	3839.94	
3839.94	3839.98	3839.88	3839.84	3839.88	3839.92	3839.92	3839.94	3839.96	3839.94	3839.92	3839.96	3839.84	3839.86	3840.00	3839.88	
3839.94	3839.90	3839.88	3839.94	3839.86	3839.92	3839.78	3839.88	3839.88	3839.84	3839.90	3839.92	3839.92	3839.94	3839.92	3839.82	
3839.90	3839.90	3839.92	3839.92	3839.86	3839.82	3839.78	3839.82	3839.86	3839.78	3839.94	3839.96	3839.82	3839.90	3839.92	3839.86	
3839.90	3839.84	3839.90	3839.88	3839.96	3839.96	3839.98	3839.90	3839.80	3839.92	3839.96	3839.94	3839.94	3839.88	3839.94	3839.94	
3839.94	3839.90	3839.84	3839.98	3839.90	3839.96	3839.88	3839.94	3839.96	3839.96	3839.92	3839.98	3839.94	3839.88	3839.98	3839.96	

*******************************************2025/07/21;18:09:55
Probe number 111
Concentration entered by User 0.00% (Compensated: 0.43% at temperature 26.1)
1578.46	1611.16	1631.82	1656.14	1680.62	1705.40	1731.06	1757.50	1786.78	1817.34	1852.14	1891.80	1933.52	1974.58	2010.20	2039.50	
2083.18	2145.24	2206.64	2287.98	2350.44	2413.40	2485.88	2553.96	2622.70	2693.18	2772.42	2863.38	2979.60	3080.60	3228.50	3425.86	
3620.46	3764.80	3827.26	3836.26	3839.22	3839.92	3839.88	3839.90	3839.94	3839.92	3839.88	3839.94	3839.92	3839.96	3839.94	3839.96	
3839.94	3839.94	3839.98	3839.98	3839.94	3839.88	3839.94	3839.94	3839.92	3839.96	3840.00	3839.94	3839.94	3839.92	3839.96	3839.94	
3839.94	3839.90	3839.96	3839.88	3839.92	3839.96	3839.94	3839.88	3839.96	3839.96	3839.82	3839.94	3839.90	3839.88	3839.92	3839.86	
3839.92	3839.90	3839.92	3839.92	3839.88	3839.96	3839.94	3839.92	3839.92	3839.96	3839.96	3839.96	3839.90	3839.92	3839.92	3839.88	
3839.96	3839.92	3839.92	3839.96	3839.92	3839.96	3839.90	3839.94	3839.90	3839.96	3839.92	3839.96	3840.00	3839.92	3839.94	3839.98	
3839.90	3839.96	3839.90	3839.96	3839.94	3839.94	3840.00	3839.96	3839.94	3839.96	3839.98	3839.96	3839.84	3839.92	3839.86	3839.96	

*******************************************2025/07/21;18:10:25
Probe number 112
Concentration entered by User 4.05% (Compensated: 4.49% at temperature 26.1)
1304.30	1321.74	1333.44	1347.24	1361.08	1375.24	1390.88	1407.40	1424.46	1442.28	1461.66	1482.68	1506.38	1529.82	1549.68	1566.44	
1588.34	1622.64	1659.34	1704.68	1745.18	1783.96	1817.66	1854.84	1891.98	1931.16	1973.88	2024.12	2095.70	2161.52	2252.34	2357.98	
2481.98	2640.58	2828.88	3035.86	3228.40	3414.56	3557.82	3634.52	3663.08	3681.40	3691.90	3700.54	3700.50	3701.56	3711.44	3714.02	
3711.82	3730.60	3729.50	3728.10	3734.10	3737.70	3745.10	3743.56	3743.90	3743.06	3733.78	3733.62	3738.72	3734.72	3731.78	3735.80	
3737.78	3741.82	3747.16	3752.56	3754.56	3752.74	3758.46	3758.84	3762.76	3768.56	3775.10	3780.90	3790.04	3789.44	3785.86	3786.74	
3782.00	3785.16	3787.42	3787.24	3793.94	3792.56	3784.24	3783.40	3781.28	3784.96	3779.44	3774.82	3776.60	3776.74	3778.24	3780.00	
3781.38	3669.30	3737.78	3769.16	3770.70	3771.14	3770.28	3775.80	3777.04	3772.12	3769.66	3765.82	3763.84	3765.46	3758.24	3765.94	
3767.96	3767.66	3762.12	3762.42	3768.72	3764.80	3765.34	3765.64	3763.16	3757.56	3758.52	3765.82	3773.60	3773.50	3777.58	3740.40	

*******************************************2025/07/21;18:10:55
Probe number 113
Concentration entered by User 3.84% (Compensated: 4.27% at temperature 26.1)
1310.04	1327.82	1339.12	1354.10	1368.68	1382.28	1398.80	1414.50	1431.68	1449.44	1470.28	1492.00	1514.38	1539.70	1563.84	1581.54	
1602.62	1635.28	1670.96	1720.14	1762.32	1796.10	1830.72	1867.94	1912.36	1955.88	2000.54	2053.50	2117.84	2176.52	2266.08	2380.02	
2513.00	2663.98	2859.08	3076.90	3275.32	3461.36	3598.40	3667.64	3694.46	3712.12	3720.70	3728.30	3729.44	3730.74	3739.20	3740.80	
3739.48	3755.44	3754.28	3753.62	3758.76	3761.86	3768.00	3766.40	3766.74	3765.54	3757.68	3757.86	3762.54	3758.78	3756.54	3759.44	
3761.38	3764.46	3768.78	3773.24	3775.04	3773.38	3778.18	3778.40	3781.58	3786.32	3791.72	3796.54	3804.04	3803.36	3800.42	3801.06	
3797.12	3799.82	3801.58	3801.40	3806.90	3805.74	3799.04	3798.16	3796.60	3799.74	3795.16	3791.56	3792.82	3793.10	3794.12	3795.74	
3796.68	3702.46	3760.96	3786.64	3788.14	3788.52	3787.78	3792.04	3792.86	3789.22	3787.34	3784.32	3782.54	3784.04	3777.78	3784.42	
3786.14	3785.62	3781.28	3781.20	3786.42	3783.46	3783.84	3784.06	3782.02	3777.24	3778.30	3784.12	3790.34	3790.24	3793.60	3763.40	

*******************************************2025/07/21;18:11:25
Probe number 114
Concentration entered by User 3.99% (Compensated: 4.43% at temperature 26.1)
1303.80	1321.14	1332.70	1347.74	1362.50	1375.74	1389.72	1406.04	1424.28	1442.10	1463.10	1484.00	1505.10	1530.82	1552.20	1567.32	
1589.40	1625.14	1662.62	1711.66	1748.54	1782.26	1819.90	1861.56	1902.74	1938.46	1977.34	2031.62	2094.16	2151.56	2239.80	2353.62	
2484.92	2640.26	2825.08	3039.44	3245.66	3428.02	3567.72	3639.08	3667.22	3683.70	3693.74	3701.96	3703.58	3706.50	3715.64	3717.68	
3716.56	3734.08	3733.24	3732.50	3738.84	3742.44	3749.62	3747.80	3748.30	3746.64	3736.70	3736.90	3742.16	3738.52	3735.56	3739.12	
3740.88	3744.82	3750.10	3755.30	3757.34	3755.58	3761.16	3761.42	3765.06	3770.74	3777.66	3783.66	3792.80	3791.80	3788.36	3788.84	
3784.28	3787.40	3789.62	3789.54	3796.28	3794.62	3786.54	3785.28	3783.86	3787.48	3781.88	3777.64	3779.30	3779.40	3780.98	3782.62	
3783.70	3674.36	3740.94	3771.72	3773.32	3773.64	3772.92	3778.10	3779.40	3774.72	3772.20	3768.62	3766.68	3767.94	3761.08	3768.82	
3770.96	3770.16	3764.74	3765.16	3771.30	3767.48	3767.96	3768.44	3765.76	3760.16	3761.48	3768.40	3776.08	3775.86	3780.00	3743.56	

*******************************************2025/07/21;18:11:55
Probe number 115
Concentration entered by User 4.01% (Compensated: 4.44% at temperature 26.0)
1304.78	1322.70	1333.90	1348.76	1362.64	1376.90	1392.00	1407.36	1424.22	1444.12	1463.68	1482.58	1504.62	1530.30	1551.08	1568.20	
1590.94	1624.72	1661.50	1708.32	1748.62	1782.08	1818.20	1855.26	1897.48	1934.08	1971.54	2027.10	2099.94	2161.94	2250.06	2353.82	
2469.40	2637.10	2829.42	3042.90	3237.38	3421.30	3565.34	3640.24	3668.92	3685.60	3694.46	3702.18	3703.96	3705.98	3715.12	3716.88	
3716.08	3733.80	3732.30	3731.78	3737.96	3741.88	3749.00	3746.54	3746.80	3745.24	3735.16	3734.96	3740.44	3736.06	3733.44	3736.78	
3738.60	3742.74	3748.04	3753.30	3755.48	3753.30	3759.10	3759.36	3763.08	3769.00	3775.74	3782.18	3791.52	3790.66	3786.72	3787.38	
3782.78	3785.80	3788.52	3788.30	3795.06	3793.54	3785.24	3784.08	3782.34	3786.04	3780.68	3776.20	3778.04	3778.00	3779.44	3781.28	
3782.36	3671.26	3738.64	3770.00	3771.80	3772.06	3770.96	3776.32	3777.72	3772.98	3770.60	3766.88	3764.78	3766.50	3759.00	3767.06	
3769.42	3768.44	3763.02	3763.12	3769.68	3765.60	3766.22	3766.30	3764.18	3758.06	3759.68	3766.70	3774.54	3774.38	3778.52	3741.56	

*******************************************2025/07/21;18:12:25
Probe number 116
Concentration entered by User 0.00% (Compensated: 0.42% at temperature 26.0)
1578.60	1609.78	1628.74	1654.66	1681.18	1705.90	1731.76	1759.20	1787.06	1819.62	1855.68	1892.02	1931.12	1976.36	2012.26	2040.50	
2075.32	2132.48	2202.38	2284.42	2360.74	2419.84	2483.88	2555.10	2628.66	2695.70	2760.86	2855.58	2981.42	3103.36	3258.84	3429.20	
3617.08	3769.06	3827.78	3835.92	3839.14	3839.96	3839.92	3839.96	3839.94	3839.96	3839.92	3839.94	3839.92	3839.96	3839.98	3839.94	
3839.96	3839.94	3839.94	3839.94	3839.96	3839.98	3839.92	3839.92	3839.98	3839.92	3839.92	3839.96	3839.92	3839.92	3839.94	3839.98	
3839.90	3839.90	3839.96	3839.96	3839.94	3839.88	3839.94	3839.96	3839.98	3839.88	3839.92	3839.90	3839.94	3839.96	3839.88	3839.92	
3839.82	3839.90	3839.84	3839.94	3839.94	3839.94	3839.94	3839.96	3839.94	3839.94	3839.94	3839.94	3839.94	3839.92	3839.98	3839.94	
3839.92	3839.90	3839.92	3839.92	3839.94	3839.88	3839.92	3839.98	3839.88	3839.90	3839.98	3839.90	3839.96	3839.96	3840.00	3839.96	
3839.98	3839.94	3839.98	3839.96	3839.96	3839.96	3839.94	3839.92	3839.86	3839.96	3839.90	3839.94	3839.90	3839.98	3840.00	3839.92	

*******************************************2025/07/21;18:12:55
Probe number 117
Concentration entered by User 0.00% (Compensated: 0.42% at temperature 26.0)
1577.74	1609.42	1629.16	1655.52	1679.06	1702.84	1729.70	1757.66	1788.72	1821.52	1855.14	1891.72	1933.54	1974.62	2010.34	2040.06	
2076.44	2136.82	2200.96	2284.36	2352.36	2415.24	2485.08	2545.70	2618.04	2692.42	2781.16	2870.54	2982.68	3087.54	3247.68	3417.60	
3612.56	3764.40	3827.34	3836.08	3839.10	3839.86	3839.94	3839.86	3839.88	3839.94	3839.90	3839.92	3839.88	3839.88	3839.88	3839.88	
3839.82	3839.88	3839.82	3840.00	3839.92	3839.96	3839.88	3839.86	3839.92	3839.88	3839.94	3839.86	3839.92	3839.96	3839.84	3839.88	
3839.80	3839.96	3839.86	3839.92	3839.92	3839.88	3839.84	3839.98	3839.88	3839.92	3839.92	3839.92	3839.88	3839.94	3839.88	3839.86	
3839.82	3839.88	3839.90	3839.90	3839.86	3839.92	3839.86	3839.86	3839.84	3839.84	3839.88	3839.84	3839.90	3839.96	3839.86	3839.90	
3839.86	3839.90	3839.90	3839.88	3839.94	3839.90	3839.96	3839.94	3839.84	3839.88	3839.94	3839.94	3839.94	3839.88	3839.84	3839.90	
3839.98	3839.94	3839.86	3839.92	3839.92	3839.94	3839.94	3839.88	3839.96	3839.90	3839.94	3839.90	3839.92	3839.94	3839.88	3839.86	

*******************************************2025/07/21;18:13:25
Probe number 118
Concentration entered by User 0.00% (Compensated: 0.42% at temperature 26.0)
1578.56	1608.72	1627.40	1654.20	1679.50	1704.42	1732.26	1758.24	1786.00	1817.92	1851.66	1890.18	1928.62	1970.42	2009.62	2042.76	
2077.90	2135.60	2201.82	2288.22	2360.32	2418.98	2484.80	2544.88	2608.72	2682.70	2757.70	2846.60	2969.76	3068.56	3218.94	3412.68	
3624.74	3765.30	3827.76	3836.02	3839.04	3839.92	3839.86	3839.98	3839.92	3839.94	3839.98	3839.86	3839.86	3839.94	3839.96	3839.94	
3839.98	3839.94	3839.94	3839.92	3839.92	3839.94	3839.94	3839.98	3839.90	3839.94	3839.90	3839.92	3839.90	3839.94	3839.94	3839.98	
3839.82	3839.96	3839.96	3839.92	3839.92	3839.96	3839.98	3839.98	3839.94	3839.94	3839.96	3839.98	3839.96	3839.94	3839.96	3839.94	
3839.86	3839.90	3839.90	3839.94	3839.86	3839.86	3839.94	3839.94	3839.90	3839.84	3839.94	3839.94	3839.96	3839.92	3839.98	3839.88	
3839.92	3839.96	3839.90	3839.96	3839.96	3839.96	3839.94	3840.00	3839.90	3839.96	3839.96	3839.92	3839.98	3839.96	3839.96	3839.94	
3839.96	3839.96	3839.90	3839.98	3839.98	3839.98	3839.94	3839.96	3839.98	3839.96	3839.92	3839.94	3839.90	3839.94	3839.92	3839.90	

*******************************************2025/07/21;18:13:55
Probe number 119
Concentration entered by User 0.00% (Compensated: 0.42% at temperature 26.0)
1577.18	1610.52	1628.20	1652.80	1678.22	1701.92	1727.16	1754.22	1785.76	1818.86	1854.48	1887.94	1926.68	1969.04	2006.54	2039.36	
2078.52	2141.58	2205.78	2284.66	2350.80	2419.70	2481.36	2545.94	2619.36	2686.34	2756.84	2859.72	2981.64	3087.24	3226.78	3416.36	
3607.44	3754.68	3827.30	3836.10	3839.12	3839.94	3839.92	3839.92	3839.92	3839.82	3839.88	3839.92	3839.86	3839.88	3839.88	3839.90	
3839.88	3839.94	3839.94	3839.92	3839.98	3839.94	3839.88	3839.92	3839.88	3839.90	3839.92	3839.96	3839.84	3839.92	3839.92	3839.90	
3839.90	3839.84	3840.00	3839.94	3839.98	3839.88	3839.94	3839.92	3839.98	3839.90	3839.92	3839.90	3839.88	3839.96	3839.90	3839.92	
3839.86	3839.92	3839.86	3839.96	3839.88	3839.88	3839.92	3839.86	3839.88	3839.94	3839.96	3839.96	3839.94	3839.88	3839.92	3839.94	
3839.86	3839.90	3839.86	3839.90	3839.92	3839.92	3839.90	3839.94	3839.98	3839.94	3839.92	3839.90	3839.94	3839.90	3839.92	3839.90	
3839.82	3839.82	3839.74	3839.96	3839.96	3839.92	3839.98	3839.96	3839.96	3840.00	3839.90	3839.96	3840.00	3839.94	3839.92	3839.98	

*******************************************2025/07/21;18:14:25
Probe number 120
Concentration entered by User 4.01% (Compensated: 4.44% at temperature 26.0)
1304.04	1321.74	1333.10	1346.88	1360.86	1374.64	1389.58	1404.62	1423.56	1441.56	1461.72	1482.36	1504.90	1530.74	1550.06	1567.68	
1590.50	1624.58	1662.42	1707.62	1743.22	1779.44	1817.08	1856.08	1893.78	1933.58	1976.36	2027.32	2089.18	2151.82	2234.22	2354.58	
2479.26	2634.92	2834.98	3042.60	3237.58	3424.94	3566.66	3641.28	3669.48	3685.14	3694.18	3702.54	3704.16	3706.58	3716.32	3718.96	
3717.36	3734.80	3734.28	3734.06	3741.26	3745.28	3751.68	3748.08	3747.58	3745.36	3734.24	3735.02	3740.40	3735.92	3733.42	3734.86	
3735.88	3739.80	3746.16	3751.70	3753.90	3752.40	3759.36	3758.54	3762.12	3768.02	3774.86	3781.78	3791.68	3790.46	3786.28	3785.58	
3780.70	3785.30	3787.82	3788.06	3794.64	3792.42	3784.30	3783.04	3781.68	3786.16	3780.10	3775.48	3777.06	3777.70	3779.34	3780.86	
3781.88	3670.04	3737.22	3769.72	3771.40	3771.32	3769.96	3775.26	3776.70	3772.02	3769.70	3765.60	3763.78	3764.92	3757.82	3765.72	
3768.12	3767.16	3761.94	3761.94	3768.76	3764.60	3764.90	3765.16	3762.48	3756.96	3758.52	3765.92	3773.50	3773.30	3777.32	3740.26	

*******************************************2025/07/21;18:14:55
Probe number 121
Concentration entered by User 0.00% (Compensated: 0.42% at temperature 26.0)
1577.14	1609.16	1628.54	1654.28	1677.80	1702.56	1729.22	1756.80	1790.18	1821.00	1853.56	1887.90	1927.06	1972.30	2011.12	2043.92	
2080.04	2137.44	2204.58	2287.10	2353.32	2414.20	2478.22	2547.50	2623.50	2692.14	2770.22	2859.06	2972.08	3086.14	3243.24	3434.58	
3619.26	3756.70	3825.40	3835.82	3839.20	3839.88	3839.94	3839.92	3839.96	3839.90	3839.92	3839.88	3839.82	3839.92	3839.84	3839.98	
3839.92	3839.98	3839.96	3839.94	3839.88	3839.94	3839.94	3839.88	3839.94	3839.92	3839.94	3839.98	3839.94	3839.92	3839.90	3839.90	
3839.80	3839.92	3839.92	3839.92	3839.88	3839.94	3839.96	3839.92	3839.96	3839.92	3839.80	3839.92	3839.86	3839.92	3839.92	3839.98	
3839.92	3839.84	3839.98	3839.86	3839.88	3839.90	3839.92	3839.88	3839.90	3839.96	3839.94	3839.98	3839.92	3839.92	3839.76	3839.84	
3839.90	3839.88	3839.94	3839.92	3839.96	3839.94	3839.94	3839.92	3839.92	3839.98	3839.92	3839.86	3839.98	3839.96	3839.96	3839.98	
3839.90	3839.86	3839.88	3839.98	3839.98	3839.94	3839.94	3839.96	3839.98	3839.94	3839.94	3839.96	3839.88	3839.88	3839.94	3839.84	

*******************************************2025/07/21;18:15:25
Probe number 122
Concentration entered by User 4.03% (Compensated: 4.45% at temperature 25.9)
1305.08	1322.34	1333.40	1348.32	1361.98	1374.48	1390.64	1406.40	1424.92	1442.32	1460.68	1482.58	1505.18	1530.22	1552.08	1569.20	
1590.42	1622.60	1659.44	1703.94	1745.52	1780.92	1815.18	1853.34	1891.88	1930.42	1979.94	2030.06	2092.98	2151.30	2238.78	2351.88	
2479.18	2644.88	2837.32	3032.82	3229.80	3420.88	3568.38	3642.36	3672.08	3687.04	3694.10	3701.60	3705.32	3708.38	3717.92	3720.46	
3719.52	3736.96	3736.04	3736.08	3742.90	3747.48	3753.92	3750.06	3749.54	3746.64	3735.66	3736.72	3741.86	3737.26	3734.48	3736.10	
3736.56	3740.68	3747.26	3752.86	3755.14	3753.60	3760.38	3759.66	3763.06	3768.60	3775.58	3782.76	3792.34	3791.36	3786.48	3785.92	
3781.04	3785.66	3788.16	3788.40	3795.10	3792.70	3784.82	3783.56	3782.10	3786.70	3780.62	3776.04	3777.44	3778.14	3780.10	3781.34	
3782.48	3670.92	3738.24	3770.18	3772.32	3772.20	3770.36	3775.58	3777.00	3772.54	3770.60	3766.20	3764.24	3765.46	3758.36	3766.02	
3768.54	3767.62	3762.34	3762.08	3768.98	3764.94	3765.34	3765.74	3762.66	3757.40	3758.98	3766.10	3773.96	3773.64	3777.68	3740.54	

*******************************************2025/07/21;18:15:55
Probe number 123
Concentration entered by User 3.99% (Compensated: 4.41% at temperature 25.9)
1303.36	1321.00	1331.94	1346.28	1360.42	1373.80	1389.56	1404.96	1423.18	1440.72	1461.42	1483.14	1504.78	1527.54	1550.44	1568.76	
1591.56	1624.52	1660.84	1707.42	1745.22	1779.22	1818.04	1853.92	1884.52	1922.52	1966.04	2025.24	2090.98	2158.54	2248.70	2358.90	
2492.68	2639.68	2833.56	3044.42	3240.20	3432.74	3572.02	3644.94	3673.20	3687.68	3695.42	3702.64	3706.10	3710.74	3721.06	3724.12	
3722.84	3739.26	3739.00	3738.72	3745.88	3750.60	3756.44	3752.68	3752.22	3749.30	3738.12	3739.14	3744.14	3739.94	3736.64	3738.20	
3738.96	3742.90	3749.34	3755.08	3757.28	3755.76	3762.14	3761.28	3764.98	3770.20	3777.06	3784.04	3793.66	3792.38	3788.08	3787.00	
3782.28	3786.94	3789.60	3789.52	3796.10	3793.98	3785.98	3784.82	3783.82	3788.42	3782.18	3777.94	3779.04	3779.56	3781.66	3782.86	
3784.16	3674.10	3740.46	3772.30	3774.08	3773.82	3772.14	3777.20	3778.52	3774.32	3771.94	3768.12	3766.32	3767.52	3760.50	3768.10	
3770.32	3769.38	3764.08	3764.52	3770.58	3766.88	3767.06	3767.46	3764.88	3759.48	3760.90	3768.56	3775.68	3775.42	3779.50	3742.98	

*******************************************2025/07/21;18:16:25
Probe number 124
Concentration entered by User 3.86% (Compensated: 4.28% at temperature 25.9)
1309.10	1325.82	1337.56	1352.68	1367.42	1381.16	1397.10	1412.72	1431.88	1449.54	1468.90	1488.26	1511.10	1536.22	1557.94	1574.74	
1596.36	1632.46	1669.20	1715.74	1757.14	1797.74	1833.22	1870.56	1907.92	1948.12	1995.34	2041.24	2105.64	2173.16	2258.56	2370.64	
2505.92	2663.90	2857.82	3069.88	3265.20	3457.20	3601.60	3672.54	3698.18	3711.00	3718.20	3723.58	3727.54	3731.76	3741.28	3743.48	
3742.76	3757.32	3756.60	3756.50	3762.80	3766.48	3771.56	3768.64	3767.70	3765.12	3755.54	3756.12	3760.82	3756.90	3753.74	3755.26	
3755.40	3759.28	3764.72	3769.82	3771.66	3770.42	3775.70	3775.62	3778.52	3783.18	3789.02	3795.12	3803.06	3802.08	3798.16	3797.36	
3793.04	3797.32	3799.72	3799.74	3805.28	3803.20	3796.64	3795.56	3794.74	3798.66	3793.54	3789.52	3790.44	3790.88	3792.82	3793.92	
3794.90	3698.10	3757.24	3784.68	3786.26	3786.04	3784.68	3788.96	3790.00	3786.32	3784.70	3781.18	3779.44	3780.60	3774.42	3780.90	
3783.00	3782.28	3777.82	3778.06	3783.52	3780.14	3780.48	3780.60	3778.50	3773.52	3775.12	3781.32	3787.68	3787.34	3790.80	3759.66	

*******************************************2025/07/21;18:16:55
Probe number 125
Concentration entered by User 3.98% (Compensated: 4.40% at temperature 25.9)
1304.10	1320.82	1331.56	1346.00	1360.48	1374.52	1390.26	1405.48	1422.92	1441.48	1461.64	1482.66	1502.66	1527.54	1550.44	1570.40	
1589.24	1622.50	1658.94	1706.56	1747.24	1782.74	1815.12	1848.90	1890.60	1935.46	1976.10	2023.38	2099.24	2154.70	2241.24	2340.70	
2464.64	2634.66	2827.00	3033.64	3234.28	3442.28	3584.62	3655.38	3681.66	3692.86	3698.98	3705.00	3708.62	3713.48	3723.56	3726.42	
3724.92	3741.16	3740.60	3740.64	3747.26	3751.90	3757.50	3753.60	3752.86	3749.86	3739.06	3739.72	3744.88	3740.28	3736.94	3737.90	
3738.38	3742.86	3749.18	3755.14	3756.92	3755.32	3761.60	3760.92	3764.84	3770.00	3776.90	3784.22	3793.96	3792.40	3787.84	3786.70	
3781.88	3786.58	3789.58	3789.44	3796.08	3793.62	3786.02	3784.86	3783.70	3788.26	3782.10	3777.62	3778.78	3779.32	3781.62	3782.86	
3784.10	3673.94	3740.54	3772.18	3773.94	3773.82	3771.84	3777.10	3778.36	3773.98	3771.68	3768.14	3766.00	3767.10	3759.94	3767.64	
3769.98	3769.18	3763.58	3763.86	3770.48	3766.90	3766.94	3767.34	3764.36	3759.00	3760.66	3768.34	3775.50	3775.06	3778.96	3742.90	

*******************************************2025/07/21;18:17:25
Probe number 126
Concentration entered by User 3.94% (Compensated: 4.36% at temperature 25.9)
1302.36	1319.18	1329.90	1345.24	1359.92	1374.26	1389.94	1403.88	1421.68	1440.24	1458.52	1479.42	1502.98	1527.78	1549.16	1566.24	
1585.68	1619.28	1656.86	1702.88	1738.16	1771.90	1810.40	1850.28	1885.92	1928.28	1981.42	2032.42	2090.60	2145.10	2235.06	2356.60	
2471.96	2636.18	2845.68	3047.82	3248.20	3445.08	3584.04	3652.02	3677.32	3689.44	3695.10	3701.50	3705.12	3710.06	3720.68	3723.12	
3722.22	3739.38	3738.74	3738.18	3745.34	3749.80	3755.36	3751.82	3750.56	3747.40	3735.58	3736.84	3742.50	3737.84	3733.84	3734.98	
3735.48	3739.62	3746.30	3752.66	3754.66	3752.88	3759.10	3758.38	3761.88	3767.66	3775.18	3782.58	3792.46	3790.66	3785.98	3784.76	
3779.76	3784.94	3787.86	3787.72	3794.58	3791.98	3784.38	3782.92	3781.94	3786.96	3780.56	3776.00	3776.78	3777.22	3780.08	3781.08	
3782.54	3670.80	3737.76	3770.18	3772.10	3771.98	3769.86	3775.30	3776.34	3772.24	3769.96	3765.76	3763.82	3765.14	3757.76	3765.52	
3767.98	3767.16	3761.84	3761.96	3768.36	3764.46	3764.96	3765.00	3762.48	3757.02	3758.44	3766.14	3773.46	3773.10	3777.32	3740.22	

*******************************************2025/07/21;18:17:55
Probe number 127
Concentration entered by User 4.01% (Compensated: 4.43% at temperature 26.0)
1302.06	1319.52	1329.60	1343.74	1359.16	1373.02	1388.34	1403.66	1420.56	1438.46	1457.00	1479.32	1501.78	1527.02	1548.88	1566.08	
1588.44	1619.70	1655.70	1704.76	1745.30	1780.00	1811.80	1849.04	1890.28	1927.32	1968.54	2012.92	2080.70	2145.92	2229.66	2341.02	
2476.56	2625.44	2812.08	3036.52	3237.66	3426.74	3574.54	3647.14	3674.68	3686.24	3691.58	3698.16	3701.84	3707.60	3719.12	3720.98	
3720.50	3737.50	3736.46	3736.30	3744.14	3748.84	3754.40	3750.04	3749.48	3746.22	3733.94	3735.20	3740.76	3735.84	3731.86	3732.98	
3733.38	3738.06	3744.22	3751.16	3753.04	3751.46	3757.16	3756.64	3759.86	3765.78	3773.44	3781.44	3791.36	3789.50	3784.50	3783.26	
3778.30	3783.48	3786.66	3786.58	3793.52	3790.74	3782.92	3781.70	3780.92	3785.74	3779.38	3774.60	3775.22	3776.18	3778.88	3779.90	
3781.20	3668.02	3735.72	3768.60	3770.66	3770.52	3768.18	3773.60	3775.06	3770.44	3768.50	3764.24	3762.30	3763.38	3755.88	3763.68	
3766.58	3765.52	3759.98	3760.18	3766.92	3763.04	3763.16	3763.52	3760.76	3755.20	3756.68	3764.50	3772.18	3771.48	3776.08	3738.18	

*******************************************2025/07/21;18:18:25
Probe number 128
Concentration entered by User 3.98% (Compensated: 4.41% at temperature 26.0)
1304.58	1321.84	1333.16	1347.72	1360.78	1374.30	1390.14	1405.36	1424.82	1444.02	1464.10	1484.22	1505.20	1529.24	1550.88	1569.02	
1590.28	1625.98	1664.14	1710.62	1748.94	1778.68	1813.04	1852.56	1897.14	1942.32	1983.46	2031.48	2094.16	2155.78	2247.12	2357.30	
2478.62	2635.50	2818.68	3022.46	3238.18	3443.22	3592.06	3660.60	3685.86	3695.74	3702.14	3709.56	3713.08	3718.56	3729.62	3732.28	
3730.82	3746.30	3745.32	3744.70	3752.20	3757.28	3762.32	3758.32	3757.46	3753.90	3742.62	3743.48	3748.84	3744.30	3740.40	3741.62	
3741.58	3746.00	3751.98	3758.38	3760.52	3758.70	3764.54	3763.80	3767.10	3772.26	3779.44	3786.94	3796.46	3794.18	3789.64	3788.52	
3783.70	3789.02	3791.86	3791.52	3798.02	3795.58	3788.34	3787.20	3786.36	3791.14	3784.98	3780.46	3781.14	3781.68	3784.62	3785.32	
3786.94	3679.18	3744.36	3775.10	3776.90	3776.50	3774.54	3779.82	3780.86	3777.00	3774.78	3770.90	3769.14	3769.88	3762.98	3770.46	
3773.08	3772.06	3767.00	3767.08	3773.46	3769.66	3769.74	3770.10	3767.74	3762.14	3763.98	3771.08	3778.04	3777.76	3781.74	3746.36	

*******************************************2025/07/21;18:18:55
Probe number 129
Concentration entered by User 3.95% (Compensated: 4.37% at temperature 26.0)
1302.98	1320.44	1330.94	1345.82	1360.04	1373.98	1388.34	1403.78	1424.02	1441.80	1461.18	1481.92	1504.96	1529.36	1549.48	1565.52	
1586.36	1622.58	1659.40	1706.88	1744.76	1781.96	1816.74	1849.72	1891.66	1928.70	1969.60	2023.98	2089.74	2153.32	2247.38	2346.36	
2472.94	2629.16	2819.40	3036.82	3252.52	3446.72	3582.82	3651.12	3677.42	3690.16	3696.92	3704.18	3708.40	3714.00	3725.58	3728.66	
3727.28	3743.38	3742.60	3741.94	3749.32	3754.60	3759.96	3755.58	3754.88	3750.84	3738.92	3740.44	3746.00	3741.10	3737.30	3738.02	
3738.42	3742.96	3748.72	3755.44	3757.64	3755.80	3761.44	3760.84	3764.04	3769.54	3776.96	3784.82	3794.60	3792.22	3787.36	3786.36	
3781.20	3786.66	3789.58	3789.36	3796.16	3793.42	3786.04	3784.88	3784.00	3788.90	3782.70	3778.18	3778.78	3779.30	3782.08	3783.02	
3784.54	3675.06	3740.64	3772.46	3774.28	3773.88	3771.64	3776.76	3778.24	3774.16	3772.16	3768.04	3766.10	3767.00	3760.02	3767.76	
3770.38	3769.42	3763.92	3764.04	3770.52	3766.66	3767.24	3767.28	3764.58	3759.42	3760.94	3768.38	3775.70	3774.96	3779.12	3742.82	

*******************************************2025/07/21;18:19:25
Probe number 130
Concentration entered by User 4.05% (Compensated: 4.48% at temperature 25.9)
1300.14	1317.34	1327.86	1344.00	1358.22	1371.68	1385.92	1401.46	1420.22	1436.10	1456.90	1478.40	1500.46	1525.80	1547.22	1564.18	
1583.70	1616.72	1651.44	1696.48	1735.28	1769.46	1807.22	1841.72	1882.78	1925.72	1962.32	2011.88	2075.54	2134.60	2216.60	2333.12	
2472.10	2632.78	2815.94	3028.60	3225.96	3415.54	3564.70	3638.22	3665.10	3676.76	3682.64	3689.96	3694.96	3701.56	3713.72	3716.90	
3715.98	3732.42	3731.66	3731.14	3738.94	3744.84	3750.60	3745.88	3744.86	3740.24	3727.30	3729.02	3734.94	3729.64	3725.48	3726.02	
3726.18	3731.12	3737.94	3744.66	3747.68	3745.14	3751.42	3750.52	3754.48	3760.40	3768.84	3777.38	3788.02	3785.50	3780.20	3778.80	
3773.16	3779.06	3782.30	3782.20	3789.44	3786.62	3778.54	3777.38	3776.40	3781.90	3775.02	3769.74	3770.38	3771.26	3774.26	3775.28	
3776.96	3659.06	3729.42	3763.84	3765.70	3765.44	3762.90	3768.70	3770.20	3765.64	3763.06	3758.80	3756.62	3757.68	3749.90	3758.16	
3761.46	3760.16	3754.32	3754.44	3761.56	3757.42	3757.80	3758.04	3755.08	3749.46	3751.10	3759.14	3767.08	3766.40	3771.06	3731.46	

*******************************************2025/07/21;18:19:55
Probe number 131
Concentration entered by User 4.02% (Compensated: 4.45% at temperature 26.1)
1303.52	1321.08	1332.54	1347.04	1362.00	1375.68	1390.64	1406.02	1422.70	1441.36	1461.30	1482.40	1505.28	1528.08	1549.22	1566.50	
1588.90	1624.86	1659.92	1705.30	1744.80	1778.54	1814.16	1853.62	1892.34	1931.40	1975.30	2020.54	2086.10	2153.16	2242.96	2354.32	
2481.06	2629.74	2807.38	3021.14	3233.38	3432.68	3580.64	3653.54	3682.36	3692.86	3699.38	3706.68	3712.30	3718.22	3729.22	3731.90	
3730.66	3745.82	3745.18	3744.40	3752.22	3757.10	3762.52	3758.20	3757.20	3753.06	3741.08	3742.30	3748.10	3743.54	3739.22	3739.36	
3739.38	3744.26	3750.16	3757.06	3758.98	3756.98	3762.64	3761.48	3765.22	3770.54	3778.08	3785.82	3795.40	3792.96	3788.12	3786.76	
3782.02	3787.50	3789.92	3790.10	3796.64	3794.14	3787.08	3785.66	3785.08	3789.86	3783.80	3779.06	3779.44	3780.20	3783.02	3784.02	
3785.72	3677.56	3742.18	3773.52	3775.16	3774.74	3772.66	3777.84	3779.36	3775.22	3772.96	3769.30	3767.10	3768.06	3761.10	3768.60	
3771.32	3770.34	3765.00	3765.16	3771.28	3767.96	3767.96	3768.44	3765.90	3760.34	3762.12	3769.36	3776.56	3776.12	3779.92	3743.94	

*******************************************2025/07/21;18:20:25
Probe number 132
Concentration entered by User 4.04% (Compensated: 4.47% at temperature 26.1)
1299.44	1317.14	1328.14	1342.88	1357.02	1371.00	1386.42	1401.58	1420.18	1438.16	1457.18	1478.54	1499.52	1523.28	1544.64	1561.62	
1582.20	1616.72	1655.72	1700.94	1738.66	1767.74	1804.76	1839.96	1879.60	1922.20	1961.56	2008.04	2072.88	2140.48	2234.82	2339.20	
2472.10	2632.72	2821.96	3030.46	3229.06	3417.02	3568.80	3643.52	3670.54	3680.78	3685.92	3693.88	3699.58	3705.54	3717.24	3720.90	
3719.54	3735.66	3735.00	3734.02	3742.98	3748.52	3753.88	3749.12	3747.92	3742.96	3729.92	3732.36	3738.00	3733.02	3728.24	3728.40	
3728.22	3733.26	3739.32	3746.90	3749.08	3747.04	3753.04	3751.78	3755.66	3761.80	3770.10	3778.60	3789.28	3786.32	3781.00	3779.56	
3774.34	3780.50	3783.46	3783.38	3790.48	3787.68	3779.82	3778.74	3777.66	3783.42	3776.38	3771.12	3771.54	3772.50	3775.66	3776.60	
3778.24	3661.86	3731.02	3764.90	3766.98	3766.72	3764.20	3769.86	3771.54	3767.02	3764.48	3760.34	3758.28	3759.10	3751.46	3759.92	
3762.74	3761.74	3755.76	3755.72	3762.98	3758.82	3759.06	3759.28	3756.62	3750.80	3752.62	3760.54	3768.50	3767.82	3772.08	3733.26	

*******************************************2025/07/21;18:20:55
Probe number 133
Concentration entered by User 4.01% (Compensated: 4.43% at temperature 26.0)
1301.98	1318.78	1330.60	1345.90	1360.40	1374.92	1389.38	1404.60	1422.96	1440.12	1459.48	1480.82	1501.30	1526.20	1547.44	1564.52	
1587.46	1623.32	1659.62	1706.58	1745.84	1779.16	1815.06	1851.44	1886.92	1926.48	1973.46	2024.12	2087.88	2154.30	2245.70	2343.66	
2472.96	2633.06	2817.42	3022.94	3233.64	3435.16	3580.54	3653.74	3680.50	3690.86	3696.02	3704.96	3711.16	3717.02	3728.52	3731.88	
3731.14	3745.84	3744.82	3744.18	3752.70	3757.46	3762.72	3758.28	3757.06	3752.50	3739.98	3741.86	3747.50	3742.84	3738.30	3738.48	
3738.16	3742.58	3748.48	3755.50	3757.70	3755.98	3761.40	3760.44	3763.94	3769.60	3777.14	3785.06	3795.08	3792.26	3787.32	3785.60	
3781.12	3786.76	3789.26	3789.08	3795.92	3793.22	3786.14	3784.80	3784.08	3789.30	3783.02	3778.24	3778.36	3779.30	3782.38	3783.32	
3784.92	3675.34	3740.88	3772.52	3774.42	3773.82	3771.64	3776.80	3778.46	3774.02	3772.12	3768.14	3765.88	3766.96	3759.96	3767.56	
3770.08	3769.22	3764.06	3763.94	3770.68	3766.82	3767.02	3767.06	3764.68	3759.64	3760.92	3768.44	3775.46	3774.92	3779.02	3742.92	

*******************************************2025/07/21;18:21:25
Probe number 134
Concentration entered by User 4.01% (Compensated: 4.44% at temperature 26.0)
1301.86	1318.54	1329.32	1344.82	1358.86	1372.58	1388.08	1403.92	1420.98	1437.62	1458.20	1481.46	1503.04	1526.50	1548.90	1566.18	
1586.70	1622.32	1659.18	1701.34	1740.56	1776.66	1810.64	1846.56	1883.06	1919.84	1961.56	2011.24	2082.04	2140.82	2234.42	2350.38	
2474.40	2636.52	2839.20	3033.02	3226.76	3430.38	3577.18	3648.40	3675.28	3685.82	3691.42	3700.00	3705.34	3711.72	3723.04	3727.04	
3726.22	3741.70	3740.60	3740.54	3749.10	3754.56	3759.52	3754.92	3753.94	3748.76	3735.88	3737.80	3743.92	3738.92	3734.52	3734.10	
3734.12	3738.46	3744.22	3751.74	3754.06	3751.88	3757.46	3756.34	3760.12	3765.76	3773.78	3782.14	3792.40	3789.66	3784.60	3783.06	
3777.96	3783.96	3786.68	3786.36	3793.24	3790.64	3783.28	3781.84	3781.36	3786.84	3779.98	3774.96	3775.48	3775.84	3779.30	3780.24	
3781.96	3669.36	3736.60	3769.30	3771.12	3770.58	3767.98	3773.72	3775.40	3770.96	3768.60	3764.52	3762.44	3763.18	3756.10	3763.96	
3766.58	3765.96	3760.28	3760.26	3767.04	3762.94	3763.42	3763.44	3760.86	3755.38	3757.48	3764.80	3772.28	3771.62	3775.86	3738.24	

*******************************************2025/07/21;18:21:55
Probe number 135
Concentration entered by User 4.04% (Compensated: 4.46% at temperature 25.9)
1301.42	1317.72	1328.66	1343.26	1358.04	1371.90	1387.76	1403.02	1419.32	1436.58	1456.86	1477.82	1500.24	1523.32	1543.76	1562.14	
1583.82	1617.22	1652.14	1699.10	1738.56	1774.84	1809.64	1844.56	1884.08	1920.64	1961.94	2009.86	2078.90	2143.46	2226.56	2330.34	
2453.24	2607.94	2816.96	3030.52	3232.22	3417.24	3564.00	3642.24	3669.58	3680.30	3686.28	3694.90	3700.70	3707.66	3719.40	3722.30	
3721.26	3736.82	3735.84	3735.84	3745.36	3750.90	3756.02	3751.12	3749.80	3744.42	3731.14	3733.64	3739.68	3734.52	3729.62	3729.22	
3728.50	3733.40	3739.40	3747.02	3749.18	3747.08	3753.18	3751.80	3755.94	3761.46	3770.10	3778.96	3789.30	3786.54	3781.28	3779.48	
3774.26	3780.46	3783.58	3783.22	3790.50	3787.64	3780.20	3778.36	3778.10	3783.86	3776.82	3771.38	3771.90	3772.46	3775.82	3776.72	
3778.68	3662.82	3731.20	3765.52	3767.42	3766.78	3764.30	3770.10	3771.62	3767.16	3764.48	3760.56	3758.22	3759.10	3751.90	3759.94	
3762.92	3761.82	3756.28	3756.02	3762.92	3758.84	3759.06	3759.56	3756.80	3750.80	3752.88	3760.96	3768.92	3767.90	3772.50	3733.76	

*******************************************2025/07/21;18:22:25
Probe number 136
Concentration entered by User 4.00% (Compensated: 4.42% at temperature 25.9)
1301.56	1318.22	1329.54	1343.92	1358.48	1372.02	1387.12	1402.90	1420.78	1439.12	1458.94	1479.98	1501.90	1525.60	1548.42	1564.96	
1585.40	1619.92	1653.26	1700.66	1742.44	1776.60	1810.76	1850.52	1886.72	1922.06	1966.54	2017.00	2075.68	2134.72	2226.34	2330.40	
2456.96	2629.62	2814.96	3032.44	3244.10	3427.42	3569.96	3647.30	3675.92	3685.46	3690.84	3700.30	3706.24	3712.26	3723.56	3727.00	
3726.14	3741.32	3739.96	3739.88	3749.28	3754.92	3759.62	3754.96	3753.76	3747.86	3734.68	3736.88	3743.54	3738.54	3733.56	3733.10	
3732.44	3736.54	3742.74	3749.76	3752.26	3749.96	3755.66	3754.68	3758.84	3764.24	3772.28	3780.98	3791.42	3788.80	3783.40	3781.96	
3776.78	3783.00	3785.90	3785.80	3792.60	3789.80	3782.82	3781.12	3780.52	3786.26	3779.42	3774.24	3774.58	3775.12	3778.82	3779.42	
3781.20	3668.08	3735.40	3768.60	3770.38	3769.78	3767.18	3772.88	3774.16	3769.84	3767.46	3763.82	3761.46	3762.42	3754.92	3762.92	
3765.96	3764.90	3759.52	3759.44	3765.92	3762.20	3762.52	3762.80	3759.76	3754.44	3756.40	3763.86	3771.32	3770.66	3775.08	3737.36	

*******************************************2025/07/21;18:22:55
Probe number 137
Concentration entered by User 4.07% (Compensated: 4.49% at temperature 25.9)
1300.44	1316.96	1328.52	1342.88	1356.96	1371.30	1386.90	1403.12	1420.22	1437.20	1456.00	1479.32	1500.90	1524.22	1545.72	1563.18	
1585.10	1619.52	1657.24	1703.14	1739.02	1772.24	1808.00	1844.72	1887.62	1923.34	1963.20	2018.50	2082.08	2137.32	2225.86	2337.00	
2466.08	2623.38	2809.54	3018.62	3227.28	3412.64	3560.62	3642.66	3671.56	3681.40	3686.54	3695.22	3701.66	3708.06	3719.76	3723.60	
3722.18	3738.16	3737.02	3736.96	3746.56	3752.56	3757.36	3752.16	3750.84	3745.12	3731.48	3733.90	3740.58	3735.18	3730.22	3729.72	
3728.26	3733.20	3738.94	3746.76	3748.90	3746.34	3752.22	3750.94	3755.46	3761.30	3769.36	3778.20	3789.38	3786.52	3780.86	3779.18	
3773.92	3780.56	3783.50	3783.16	3790.08	3787.42	3780.24	3778.44	3778.02	3783.76	3776.80	3771.26	3771.48	3772.34	3775.94	3776.84	
3778.74	3662.44	3731.46	3765.28	3767.28	3766.66	3764.06	3769.74	3771.40	3766.96	3764.56	3760.24	3758.08	3759.26	3751.62	3759.80	
3762.60	3761.86	3756.04	3756.04	3762.80	3758.86	3759.08	3759.20	3756.50	3750.90	3752.82	3760.76	3768.50	3767.44	3772.24	3733.30	

*******************************************2025/07/21;18:23:25
Probe number 138
Concentration entered by User 4.05% (Compensated: 4.47% at temperature 25.9)
1300.24	1317.00	1328.90	1342.98	1357.52	1371.48	1385.88	1401.30	1419.70	1437.54	1457.60	1478.42	1500.56	1524.06	1545.18	1561.16	
1583.92	1617.54	1653.26	1698.94	1737.74	1770.78	1803.82	1842.16	1880.26	1924.92	1972.68	2020.96	2073.12	2129.62	2220.32	2326.86	
2458.80	2614.96	2798.00	3011.80	3224.90	3425.44	3567.58	3641.10	3669.74	3679.50	3685.68	3693.94	3700.76	3708.42	3719.92	3723.24	
3721.92	3737.58	3737.00	3737.10	3746.76	3752.90	3757.72	3752.48	3751.28	3745.40	3731.42	3733.86	3740.26	3735.08	3730.38	3728.98	
3727.90	3732.54	3738.86	3746.28	3748.60	3746.24	3752.14	3750.92	3755.08	3760.90	3769.16	3778.12	3789.04	3786.18	3780.58	3778.88	
3773.58	3780.30	3783.02	3782.90	3790.04	3787.30	3779.78	3778.22	3777.66	3783.34	3776.68	3771.16	3771.42	3772.28	3775.88	3776.34	
3778.52	3662.28	3730.76	3765.18	3766.84	3766.36	3763.78	3769.62	3771.42	3766.50	3764.12	3759.98	3757.76	3758.88	3751.04	3759.10	
3762.64	3761.64	3755.70	3755.64	3762.78	3758.34	3758.70	3759.08	3755.90	3750.54	3752.24	3760.26	3768.12	3767.36	3771.94	3733.10	

*******************************************2025/07/21;18:23:55
Probe number 139
Concentration entered by User 3.97% (Compensated: 4.39% at temperature 25.8)
1302.26	1319.38	1330.02	1344.94	1359.24	1372.76	1387.66	1404.78	1422.06	1439.24	1458.92	1479.38	1502.66	1527.64	1550.68	1567.58	
1590.66	1623.14	1660.16	1703.80	1742.74	1774.62	1811.84	1848.92	1887.78	1925.74	1967.82	2017.26	2074.28	2137.78	2224.54	2337.56	
2470.38	2620.90	2810.32	3034.84	3245.62	3439.48	3581.30	3655.14	3680.80	3688.36	3693.24	3702.22	3708.74	3716.04	3727.12	3730.32	
3729.12	3743.94	3743.76	3743.76	3752.94	3758.86	3763.28	3758.28	3756.76	3750.92	3737.66	3739.86	3746.30	3741.48	3736.56	3735.20	
3733.80	3738.16	3744.56	3751.88	3753.98	3751.60	3757.30	3756.34	3760.58	3765.54	3773.62	3782.04	3792.64	3789.80	3784.56	3782.90	
3778.34	3784.54	3787.00	3786.70	3793.26	3790.70	3783.68	3782.62	3781.92	3787.42	3780.68	3775.52	3775.88	3776.36	3780.08	3780.68	
3782.68	3670.42	3737.16	3769.92	3771.80	3771.26	3768.46	3774.10	3775.66	3771.42	3768.94	3765.14	3762.90	3763.92	3756.46	3764.42	
3767.38	3766.36	3761.02	3761.02	3767.22	3763.48	3763.64	3764.08	3760.96	3756.08	3757.84	3765.38	3772.86	3772.00	3776.40	3739.38	

*******************************************2025/07/21;18:24:25
Probe number 140
Concentration entered by User 4.00% (Compensated: 4.42% at temperature 25.9)
1300.12	1317.08	1328.48	1343.14	1357.68	1370.48	1385.48	1401.40	1419.12	1437.70	1457.48	1477.60	1499.58	1524.58	1545.40	1562.04	
1584.96	1619.96	1655.96	1700.26	1736.18	1770.20	1804.20	1844.08	1881.78	1919.18	1957.04	2002.22	2068.68	2140.00	2225.62	2327.48	
2460.34	2628.14	2818.94	3030.32	3234.82	3432.60	3578.30	3649.42	3674.72	3682.70	3688.34	3696.98	3704.60	3711.92	3723.26	3727.30	
3726.06	3740.38	3739.82	3740.20	3750.06	3756.10	3760.64	3755.10	3753.84	3747.50	3734.00	3736.22	3742.66	3737.96	3732.70	3730.84	
3729.84	3734.42	3740.90	3748.42	3750.48	3748.24	3753.96	3753.08	3757.12	3762.60	3770.74	3779.68	3790.48	3787.44	3782.00	3780.34	
3774.90	3781.90	3784.52	3784.20	3791.16	3788.34	3781.14	3779.72	3779.26	3785.12	3778.08	3772.88	3773.14	3773.64	3777.56	3778.20	
3779.88	3665.14	3733.20	3766.54	3768.62	3768.12	3765.34	3771.10	3772.98	3768.38	3765.86	3761.88	3759.74	3760.38	3752.90	3760.78	
3764.08	3763.26	3757.32	3757.26	3764.06	3760.32	3760.26	3760.82	3757.66	3752.42	3753.94	3762.06	3769.60	3768.70	3773.36	3735.22	

*******************************************2025/07/21;18:24:55
Probe number 141
Concentration entered by User 4.04% (Compensated: 4.46% at temperature 25.9)
1300.62	1318.00	1330.08	1344.78	1358.90	1371.80	1386.24	1401.46	1420.74	1440.50	1459.46	1481.40	1500.60	1524.76	1547.18	1563.18	
1585.56	1617.80	1654.70	1700.30	1736.00	1771.58	1807.34	1845.86	1883.22	1928.10	1973.14	2017.66	2075.26	2136.56	2237.88	2346.68	
2455.74	2606.16	2812.06	3029.80	3228.78	3421.18	3567.46	3643.80	3672.30	3681.90	3688.86	3698.36	3707.04	3714.06	3725.04	3729.18	
3727.70	3742.56	3742.08	3742.16	3752.48	3758.48	3762.44	3757.16	3755.42	3749.28	3736.14	3737.74	3744.68	3740.10	3734.66	3732.50	
3731.50	3735.78	3742.44	3750.56	3752.20	3749.98	3755.82	3754.46	3758.78	3764.12	3772.26	3781.14	3791.78	3788.58	3783.08	3781.26	
3776.36	3782.92	3785.36	3785.18	3791.74	3789.26	3782.22	3780.80	3780.40	3786.16	3779.22	3773.90	3774.04	3774.70	3778.60	3779.06	
3780.84	3667.48	3734.54	3768.12	3769.62	3769.16	3766.38	3772.16	3773.70	3769.34	3767.02	3763.08	3760.94	3761.68	3754.24	3762.50	
3765.56	3764.62	3758.86	3758.36	3765.36	3761.52	3761.76	3762.12	3759.16	3753.82	3755.70	3763.20	3770.76	3769.94	3774.54	3736.90	

*******************************************2025/07/21;18:25:25
Probe number 142
Concentration entered by User 4.05% (Compensated: 4.47% at temperature 25.9)
1299.68	1316.56	1327.64	1342.72	1356.74	1370.80	1385.40	1400.50	1418.06	1434.96	1453.66	1475.32	1499.78	1524.70	1545.28	1562.74	
1584.38	1617.48	1652.36	1700.38	1737.00	1770.02	1806.66	1842.92	1882.24	1920.40	1961.38	2009.78	2072.48	2132.84	2227.68	2333.40	
2459.94	2606.90	2797.26	3014.32	3229.64	3423.92	3567.54	3639.98	3668.74	3678.28	3685.30	3694.64	3702.56	3709.72	3720.94	3724.54	
3722.68	3738.38	3738.66	3738.66	3748.80	3755.14	3759.74	3754.04	3752.04	3745.80	3731.98	3734.00	3740.92	3736.40	3730.56	3728.66	
3727.26	3732.00	3739.10	3746.88	3748.58	3746.46	3752.54	3751.32	3755.58	3761.02	3769.36	3778.46	3789.30	3786.46	3780.60	3778.54	
3773.24	3780.18	3782.68	3782.48	3789.52	3786.72	3779.60	3777.94	3777.70	3783.50	3776.42	3770.76	3771.08	3771.82	3775.98	3776.38	
3778.34	3661.88	3730.46	3765.04	3766.64	3765.96	3762.90	3769.06	3770.82	3766.26	3763.96	3759.70	3757.44	3758.16	3750.80	3758.90	
3762.14	3761.38	3755.44	3755.46	3762.00	3758.14	3758.48	3758.92	3755.82	3750.30	3752.08	3760.22	3767.74	3766.86	3771.64	3732.74	

*******************************************2025/07/21;18:25:55
Probe number 143
Concentration entered by User 4.07% (Compensated: 4.49% at temperature 25.9)
1300.22	1317.18	1328.96	1343.74	1357.78	1371.04	1386.78	1402.14	1419.84	1438.88	1459.10	1479.02	1501.60	1526.50	1547.48	1564.36	
1586.34	1619.78	1657.46	1701.84	1738.08	1772.40	1810.24	1845.50	1884.14	1923.04	1961.98	2014.30	2077.60	2140.12	2236.46	2334.76	
2452.34	2608.16	2808.18	3024.66	3219.98	3411.70	3565.34	3642.76	3670.82	3681.00	3687.20	3697.56	3705.32	3712.48	3723.26	3727.46	
3726.00	3741.00	3740.78	3741.52	3751.46	3758.00	3762.40	3756.42	3754.68	3748.26	3734.82	3736.64	3743.80	3738.76	3733.44	3730.92	
3729.70	3734.06	3741.26	3749.14	3751.04	3748.68	3754.42	3753.26	3757.82	3762.96	3771.00	3780.14	3790.60	3787.50	3782.04	3780.06	
3774.88	3781.72	3784.18	3783.88	3790.74	3788.18	3781.24	3779.54	3779.02	3784.86	3777.86	3772.72	3772.70	3773.56	3777.62	3777.74	
3779.54	3664.76	3732.66	3766.70	3768.38	3767.86	3764.66	3770.86	3772.48	3767.88	3765.84	3761.72	3759.26	3760.26	3752.60	3760.76	
3764.12	3762.96	3757.40	3757.28	3763.68	3760.12	3760.26	3760.52	3757.50	3752.12	3754.08	3761.84	3769.40	3768.60	3773.18	3734.82	

*******************************************2025/07/21;18:26:25
Probe number 144
Concentration entered by User 4.02% (Compensated: 4.43% at temperature 25.8)
1299.26	1317.54	1329.06	1343.56	1357.56	1370.58	1386.16	1402.82	1419.82	1437.22	1457.44	1478.12	1499.84	1525.68	1544.68	1561.90	
1582.02	1616.14	1653.32	1701.68	1737.02	1770.20	1807.94	1843.96	1875.78	1919.62	1965.26	2014.32	2080.08	2128.24	2209.84	2323.38	
2452.52	2607.94	2811.68	3030.00	3232.78	3427.86	3571.16	3646.00	3672.64	3681.70	3687.64	3696.96	3705.48	3712.72	3723.44	3727.64	
3726.36	3740.98	3740.96	3741.40	3751.78	3757.92	3762.60	3756.64	3754.74	3748.26	3734.18	3736.56	3743.68	3738.96	3733.00	3730.92	
3729.66	3734.24	3741.16	3749.08	3751.16	3748.68	3754.26	3753.04	3757.76	3763.02	3771.10	3780.06	3790.50	3787.72	3781.94	3780.14	
3774.94	3781.68	3784.28	3783.76	3790.70	3788.08	3780.90	3779.46	3778.76	3785.06	3777.90	3772.66	3772.62	3773.40	3777.54	3777.60	
3779.60	3664.38	3732.64	3766.68	3768.40	3767.78	3764.60	3770.74	3772.44	3767.94	3765.58	3761.26	3759.10	3759.98	3752.62	3760.64	
3764.02	3762.86	3757.18	3756.88	3763.62	3759.72	3759.90	3760.52	3757.42	3751.92	3754.02	3761.64	3769.24	3768.54	3773.04	3734.96	

*******************************************2025/07/21;18:26:55
Probe number 145
Concentration entered by User 4.01% (Compensated: 4.42% at temperature 25.9)
1300.64	1317.92	1329.14	1343.74	1358.66	1372.30	1386.96	1401.94	1420.10	1437.94	1457.12	1479.42	1501.24	1526.04	1545.62	1562.78	
1585.20	1618.34	1654.86	1700.70	1738.46	1772.58	1807.96	1846.24	1883.22	1921.32	1966.72	2012.86	2078.74	2132.38	2222.94	2327.16	
2449.20	2612.44	2808.34	3032.98	3236.86	3429.44	3572.36	3641.62	3670.38	3680.36	3687.08	3697.94	3706.68	3713.40	3723.96	3727.72	
3726.56	3741.04	3740.84	3742.00	3752.18	3758.76	3762.94	3757.44	3755.68	3748.76	3735.24	3736.84	3744.38	3739.68	3733.92	3731.10	
3729.60	3734.64	3741.72	3749.58	3751.08	3748.76	3754.54	3753.60	3757.84	3763.24	3771.46	3780.38	3790.66	3787.86	3782.34	3780.38	
3774.86	3781.90	3784.28	3783.90	3790.74	3788.10	3781.36	3779.64	3779.00	3785.04	3777.96	3772.60	3773.04	3773.66	3777.60	3777.76	
3779.96	3664.82	3732.70	3766.84	3768.54	3767.92	3764.88	3770.88	3772.46	3768.02	3765.88	3761.84	3759.96	3760.46	3752.80	3760.98	
3764.20	3763.42	3757.32	3757.54	3764.12	3759.88	3760.68	3760.54	3757.58	3752.50	3753.98	3761.88	3769.40	3768.54	3773.66	3735.10	

*******************************************2025/07/21;18:27:25
Probe number 146
Concentration entered by User 0.00% (Compensated: 0.41% at temperature 25.9)
1574.94	1606.30	1627.92	1653.20	1678.32	1703.66	1729.34	1756.50	1787.44	1817.82	1851.66	1888.46	1929.78	1973.64	2010.86	2038.56	
2076.26	2136.66	2204.52	2288.64	2350.70	2410.82	2477.10	2544.84	2610.54	2679.84	2752.76	2841.40	2951.62	3065.36	3212.76	3374.18	
3585.72	3755.48	3827.18	3836.52	3839.36	3839.94	3839.94	3839.88	3839.96	3839.94	3839.90	3839.86	3839.82	3839.90	3839.94	3839.90	
3839.86	3839.92	3839.84	3839.92	3839.94	3839.90	3839.94	3839.86	3839.90	3839.90	3839.98	3839.96	3839.92	3839.98	3839.84	3839.80	
3839.92	3839.92	3839.96	3839.94	3839.92	3839.90	3839.94	3839.94	3839.86	3839.90	3839.84	3839.86	3839.94	3839.90	3839.92	3839.98	
3839.92	3839.92	3839.94	3839.96	3839.86	3839.86	3839.84	3839.86	3839.90	3839.90	3839.96	3839.98	3839.90	3839.88	3839.88	3839.92	
3839.94	3839.90	3839.92	3839.94	3839.92	3839.92	3839.86	3840.00	3839.76	3839.92	3839.92	3839.96	3839.88	3839.94	3839.92	3839.94	
3839.90	3839.94	3839.86	3839.92	3839.94	3839.98	3839.90	3839.90	3839.90	3839.88	3839.94	3839.86	3839.88	3839.96	3839.96	3839.92	

*******************************************2025/07/21;18:27:55
Probe number 147
Concentration entered by User 4.04% (Compensated: 4.46% at temperature 25.9)
1300.86	1318.56	1330.18	1344.06	1358.72	1372.18	1386.48	1403.02	1422.14	1437.78	1457.62	1478.48	1500.04	1525.54	1546.44	1564.00	
1583.52	1619.18	1655.20	1705.60	1746.06	1773.20	1807.62	1848.76	1886.34	1922.16	1959.44	2010.54	2075.28	2135.10	2215.76	2323.68	
2454.08	2612.86	2807.32	3027.78	3233.20	3421.92	3559.64	3637.54	3669.40	3679.70	3686.76	3697.74	3707.60	3713.74	3724.52	3728.22	
3727.34	3742.58	3742.28	3742.82	3753.44	3760.46	3764.78	3759.26	3757.34	3750.28	3736.70	3738.56	3745.96	3741.24	3735.34	3732.22	
3731.06	3735.94	3742.88	3751.06	3752.66	3750.30	3755.38	3754.52	3758.90	3763.98	3771.94	3781.14	3791.40	3788.36	3782.70	3781.36	
3775.84	3782.24	3784.88	3784.56	3791.16	3788.62	3782.00	3780.28	3780.00	3785.78	3778.90	3773.44	3773.62	3774.58	3778.32	3778.70	
3780.32	3665.74	3733.82	3767.66	3769.32	3768.52	3765.54	3771.78	3773.26	3768.68	3766.58	3762.44	3760.50	3761.22	3753.70	3761.84	
3765.22	3764.24	3758.42	3758.32	3764.78	3760.82	3761.22	3761.50	3758.60	3753.38	3755.28	3763.18	3770.18	3769.48	3774.22	3736.06	

*******************************************2025/07/21;18:28:25
Probe number 148
Concentration entered by User 3.98% (Compensated: 4.40% at temperature 25.8)
1302.90	1319.52	1331.32	1345.90	1360.52	1374.28	1389.10	1404.46	1422.34	1439.90	1459.62	1482.62	1504.92	1529.10	1549.60	1568.62	
1588.50	1622.22	1658.52	1704.26	1741.70	1775.88	1814.86	1853.24	1894.98	1929.46	1974.86	2019.36	2079.62	2134.52	2222.48	2325.94	
2455.70	2611.90	2819.94	3043.58	3244.22	3430.18	3574.12	3652.34	3682.78	3691.78	3697.22	3708.08	3716.38	3722.16	3731.96	3735.52	
3735.24	3749.48	3748.80	3749.22	3759.50	3766.52	3770.34	3765.42	3763.34	3756.68	3743.78	3745.10	3752.18	3747.98	3741.82	3739.18	
3737.96	3742.52	3749.44	3756.96	3758.42	3756.24	3761.08	3760.32	3764.72	3769.60	3777.06	3785.48	3795.18	3792.24	3787.14	3785.44	
3780.54	3786.90	3789.02	3788.68	3795.20	3792.88	3786.48	3784.76	3784.18	3789.92	3783.42	3778.20	3778.62	3779.50	3782.98	3783.08	
3784.84	3675.48	3740.96	3772.62	3774.26	3773.74	3770.66	3776.70	3778.14	3773.98	3771.70	3768.12	3766.02	3766.40	3759.58	3767.02	
3770.08	3769.52	3763.90	3763.88	3770.18	3766.22	3766.66	3767.00	3764.08	3759.16	3761.00	3768.08	3775.00	3774.38	3778.86	3743.02	

*******************************************2025/07/21;18:28:55
Probe number 149
Concentration entered by User 4.02% (Compensated: 4.43% at temperature 25.8)
1300.26	1317.38	1328.06	1341.80	1357.06	1371.98	1387.24	1402.30	1419.12	1437.30	1458.30	1478.30	1498.52	1521.86	1544.60	1561.78	
1581.76	1615.54	1654.66	1701.14	1741.08	1772.40	1808.18	1842.76	1882.74	1920.16	1960.00	2005.42	2062.32	2125.22	2210.92	2312.96	
2443.88	2614.76	2810.92	3031.82	3233.94	3425.46	3566.26	3638.62	3669.32	3678.56	3683.42	3695.00	3704.24	3711.14	3721.34	3725.82	
3725.84	3740.86	3740.28	3740.62	3751.36	3759.14	3763.82	3757.76	3755.54	3748.22	3734.18	3735.94	3743.28	3738.88	3731.96	3729.18	
3728.00	3732.64	3739.78	3748.30	3750.12	3747.62	3752.94	3751.90	3756.24	3761.62	3770.10	3779.08	3789.46	3786.80	3780.98	3779.36	
3773.66	3780.38	3783.14	3782.40	3789.46	3787.00	3780.14	3778.40	3777.76	3783.94	3776.94	3771.46	3771.54	3772.56	3776.58	3776.80	
3778.94	3662.10	3731.10	3765.56	3767.12	3766.42	3763.32	3769.50	3771.10	3766.78	3764.48	3760.04	3758.04	3758.94	3751.18	3759.16	
3762.58	3761.90	3755.82	3755.70	3762.50	3758.20	3758.64	3758.98	3756.00	3750.48	3752.44	3760.32	3767.82	3766.90	3771.94	3733.34	

*******************************************2025/07/21;18:29:25
Probe number 150
Concentration entered by User 4.11% (Compensated: 4.52% at temperature 25.8)
1298.40	1315.44	1326.40	1341.56	1355.96	1369.80	1383.92	1399.94	1417.24	1434.68	1454.22	1475.60	1499.30	1522.96	1543.98	1559.50	
1578.60	1612.24	1646.44	1694.30	1733.10	1766.64	1802.32	1837.36	1878.20	1922.32	1959.18	2002.68	2066.06	2129.08	2208.20	2314.84	
2451.94	2598.14	2785.06	2999.60	3210.04	3413.02	3560.02	3631.56	3661.48	3670.52	3675.92	3686.80	3696.70	3703.66	3714.68	3719.48	
3719.24	3734.98	3733.74	3734.06	3745.38	3753.92	3758.56	3752.62	3750.32	3742.28	3727.96	3729.76	3737.12	3732.42	3725.38	3721.68	
3720.58	3725.80	3733.48	3742.24	3743.56	3741.28	3746.50	3745.38	3750.40	3755.92	3764.78	3774.36	3785.46	3782.38	3776.30	3774.74	
3768.68	3776.04	3778.68	3778.00	3785.24	3782.54	3775.48	3773.44	3773.14	3779.48	3771.88	3766.26	3766.40	3767.52	3771.86	3771.74	
3773.86	3652.98	3724.12	3759.88	3761.66	3760.88	3757.50	3764.26	3765.94	3760.82	3758.70	3754.36	3751.82	3752.84	3744.90	3753.36	
3757.14	3756.26	3749.98	3749.70	3756.72	3752.42	3752.76	3753.34	3749.86	3744.34	3746.48	3754.84	3762.30	3761.24	3766.84	3726.14	

*******************************************2025/07/21;18:29:55
Probe number 151
Concentration entered by User 4.06% (Compensated: 4.47% at temperature 25.8)
1302.18	1318.90	1329.54	1344.76	1359.08	1372.72	1387.60	1404.72	1422.00	1438.56	1458.76	1480.82	1503.20	1528.04	1548.68	1564.36	
1587.12	1620.42	1657.76	1701.80	1737.52	1772.14	1810.64	1849.92	1889.70	1922.68	1961.66	2015.56	2073.54	2135.72	2231.08	2350.08	
2477.58	2627.54	2816.22	3020.20	3226.78	3415.18	3565.32	3646.16	3676.22	3685.34	3690.80	3702.02	3711.56	3717.84	3728.82	3733.06	
3733.22	3747.50	3746.34	3746.62	3757.28	3764.72	3768.90	3763.58	3761.50	3754.12	3740.72	3742.52	3749.84	3745.20	3738.40	3734.78	
3734.18	3739.10	3745.78	3754.04	3755.80	3753.06	3757.88	3756.92	3761.46	3766.16	3774.68	3783.12	3793.04	3790.26	3784.82	3783.42	
3778.10	3784.72	3786.92	3786.34	3792.98	3790.46	3784.36	3782.40	3781.94	3787.70	3781.02	3775.90	3776.14	3776.88	3781.02	3780.74	
3782.90	3670.70	3736.98	3770.20	3771.62	3771.20	3768.34	3774.12	3775.60	3771.30	3769.00	3765.26	3763.14	3763.94	3756.46	3764.42	
3767.70	3766.96	3761.24	3761.04	3767.32	3763.58	3763.78	3764.10	3761.26	3756.22	3758.02	3765.44	3772.68	3771.50	3776.50	3739.70	

*******************************************2025/07/21;18:30:25
Probe number 152
Concentration entered by User 4.09% (Compensated: 4.50% at temperature 25.7)
1298.52	1315.60	1326.82	1340.38	1354.74	1369.98	1385.12	1400.42	1418.24	1434.68	1452.88	1473.58	1496.54	1520.28	1540.72	1559.22	
1580.36	1613.56	1651.40	1697.44	1737.38	1769.02	1801.62	1835.66	1876.08	1914.68	1952.28	1998.16	2068.16	2121.32	2209.32	2308.50	
2425.06	2592.22	2808.82	3017.28	3217.14	3405.76	3555.40	3634.62	3664.92	3673.16	3678.32	3690.44	3700.04	3706.42	3717.82	3722.34	
3722.46	3737.84	3736.22	3736.38	3747.62	3756.34	3760.74	3755.10	3752.50	3744.48	3730.54	3731.98	3739.32	3734.72	3727.46	3723.24	
3722.26	3727.38	3734.66	3743.62	3745.30	3742.72	3747.74	3746.72	3751.38	3756.72	3765.84	3775.20	3786.40	3783.38	3777.00	3775.84	
3769.78	3776.60	3779.44	3778.74	3786.14	3783.44	3776.70	3774.34	3774.00	3780.52	3773.04	3767.46	3767.68	3768.70	3773.02	3772.78	
3774.96	3654.60	3725.26	3761.22	3762.76	3762.14	3758.56	3765.52	3767.04	3762.14	3759.74	3755.72	3753.30	3753.86	3745.88	3754.50	
3758.42	3757.40	3751.18	3751.02	3757.90	3753.52	3753.98	3754.40	3751.08	3745.76	3747.66	3755.90	3763.88	3762.58	3768.00	3728.12	

*******************************************2025/07/21;18:30:55
Probe number 153
Concentration entered by User 4.05% (Compensated: 4.46% at temperature 25.7)
1299.86	1317.56	1328.44	1343.24	1357.74	1371.30	1386.40	1401.02	1419.32	1438.56	1457.64	1478.60	1501.36	1524.82	1546.30	1562.22	
1582.54	1616.98	1653.70	1699.98	1738.18	1771.88	1806.72	1845.44	1879.62	1915.42	1954.12	2000.02	2068.62	2127.86	2220.22	2329.82	
2460.00	2612.72	2798.20	3016.60	3222.90	3422.98	3571.08	3645.02	3674.12	3682.74	3687.40	3698.62	3707.94	3714.50	3726.26	3730.72	
3731.34	3745.82	3744.48	3744.48	3755.00	3763.04	3767.26	3761.56	3759.62	3751.78	3738.82	3739.62	3746.86	3742.62	3735.48	3731.72	
3730.94	3735.18	3742.24	3750.90	3752.84	3749.92	3754.58	3753.80	3758.60	3763.18	3772.04	3780.78	3791.06	3788.30	3782.54	3781.18	
3775.68	3782.22	3784.48	3783.90	3790.62	3788.24	3781.90	3780.00	3779.38	3785.50	3778.62	3773.62	3773.68	3774.36	3778.54	3778.18	
3780.36	3665.84	3733.38	3767.24	3769.04	3768.26	3765.14	3771.34	3772.86	3768.22	3766.00	3762.16	3760.00	3760.68	3753.16	3761.06	
3765.02	3764.08	3758.34	3758.10	3764.18	3760.32	3760.74	3761.00	3758.20	3752.98	3754.58	3762.34	3769.68	3768.60	3773.64	3736.14	

*******************************************2025/07/21;18:31:25
Probe number 154
Concentration entered by User 4.09% (Compensated: 4.49% at temperature 25.7)
1301.20	1318.14	1329.92	1343.44	1356.60	1369.96	1386.20	1400.88	1418.78	1436.50	1455.50	1477.28	1499.96	1523.44	1544.06	1562.60	
1585.34	1619.26	1653.52	1698.34	1739.38	1776.46	1812.32	1845.38	1882.38	1921.60	1962.54	2005.82	2067.22	2131.48	2219.98	2315.12	
2432.40	2597.86	2801.94	3016.66	3213.38	3408.60	3564.40	3643.22	3672.92	3681.88	3686.80	3697.22	3707.36	3714.26	3725.86	3730.98	
3730.90	3745.92	3744.46	3743.88	3754.72	3762.68	3766.84	3761.30	3759.04	3750.74	3738.10	3739.32	3746.26	3742.52	3735.02	3730.88	
3729.66	3734.24	3742.04	3750.46	3752.12	3749.18	3753.80	3753.00	3757.80	3762.64	3771.26	3779.92	3790.36	3787.70	3782.14	3780.50	
3774.96	3781.62	3783.96	3783.18	3790.12	3787.56	3781.30	3779.28	3778.82	3784.88	3777.88	3772.62	3772.64	3774.04	3778.00	3777.74	
3779.84	3664.46	3732.60	3766.76	3768.70	3767.80	3764.62	3770.86	3772.32	3767.62	3765.44	3761.68	3759.38	3760.12	3752.34	3760.66	
3764.06	3763.48	3757.68	3757.30	3763.62	3759.70	3760.18	3760.48	3757.42	3752.12	3753.88	3761.40	3768.78	3768.02	3773.08	3735.26	

*******************************************2025/07/21;18:31:55
Probe number 155
Concentration entered by User 4.07% (Compensated: 4.47% at temperature 25.7)
1298.64	1315.66	1326.94	1340.58	1355.46	1369.26	1384.68	1399.86	1417.88	1435.08	1454.90	1477.50	1498.94	1521.90	1541.90	1558.24	
1581.16	1614.90	1650.48	1697.36	1733.66	1768.44	1801.62	1840.78	1876.04	1912.16	1954.70	1999.26	2059.16	2127.88	2218.08	2317.96	
2425.22	2582.40	2798.42	3023.94	3224.88	3412.78	3557.16	3636.90	3666.80	3674.60	3678.90	3689.82	3699.98	3707.54	3719.78	3724.84	
3725.00	3740.00	3738.72	3738.06	3748.98	3757.42	3762.30	3756.58	3754.04	3745.80	3732.44	3733.94	3741.34	3737.24	3729.68	3725.58	
3723.98	3728.98	3736.60	3745.66	3747.08	3744.12	3748.78	3747.84	3752.76	3758.18	3767.04	3776.20	3787.10	3784.30	3778.46	3777.00	
3771.00	3777.86	3780.64	3779.62	3786.82	3784.46	3777.70	3775.74	3775.24	3781.44	3774.10	3768.62	3769.16	3770.02	3774.22	3773.86	
3776.06	3656.78	3726.82	3762.36	3764.12	3763.32	3759.94	3766.30	3768.28	3763.30	3760.86	3756.84	3754.68	3755.32	3747.60	3755.86	
3759.36	3758.64	3752.88	3752.48	3759.18	3754.84	3755.18	3755.70	3752.46	3747.04	3749.00	3756.98	3764.46	3763.46	3769.06	3729.58	

*******************************************2025/07/21;18:32:25
Probe number 156
Concentration entered by User 3.98% (Compensated: 4.38% at temperature 25.7)
1302.36	1319.32	1330.50	1345.26	1359.26	1373.64	1388.70	1404.36	1421.60	1439.12	1460.62	1482.06	1504.90	1527.94	1549.06	1565.38	
1586.54	1622.34	1658.78	1703.74	1739.96	1774.96	1812.68	1846.92	1881.60	1920.36	1966.14	2016.84	2077.50	2140.40	2222.14	2321.16	
2457.08	2617.52	2811.06	3032.30	3244.12	3435.70	3582.48	3654.44	3679.54	3687.38	3691.74	3703.28	3713.40	3720.16	3731.30	3736.20	
3736.02	3749.52	3748.30	3747.44	3758.40	3766.08	3770.46	3765.56	3762.98	3755.16	3743.14	3744.32	3751.02	3747.10	3739.52	3735.56	
3734.96	3739.18	3746.26	3754.60	3756.22	3753.34	3757.46	3756.82	3761.46	3766.02	3774.18	3782.46	3792.80	3790.38	3785.34	3783.80	
3778.14	3784.40	3786.88	3786.10	3792.78	3790.32	3784.56	3782.48	3782.12	3787.82	3781.16	3775.98	3776.60	3777.20	3781.16	3780.70	
3782.84	3670.64	3737.26	3770.34	3771.92	3771.12	3768.18	3774.20	3775.64	3771.02	3768.98	3765.34	3763.36	3763.88	3756.38	3764.02	
3768.12	3766.92	3761.54	3761.16	3767.22	3763.38	3763.70	3764.12	3761.58	3756.18	3757.84	3765.22	3772.32	3771.28	3776.32	3739.86	

*******************************************2025/07/21;18:32:55
Probe number 157
Concentration entered by User 4.01% (Compensated: 4.41% at temperature 25.6)
1302.36	1318.80	1329.16	1344.90	1358.36	1371.90	1387.58	1403.48	1421.12	1439.34	1460.02	1481.92	1503.08	1528.32	1549.64	1565.06	
1586.74	1620.88	1655.24	1701.72	1740.00	1778.44	1811.88	1849.32	1881.60	1914.68	1957.74	2007.58	2067.48	2136.74	2223.96	2316.32	
2443.92	2619.64	2810.04	3022.94	3230.66	3435.96	3579.06	3654.74	3681.78	3688.66	3692.66	3704.50	3713.92	3720.66	3731.86	3735.84	
3736.08	3750.38	3749.50	3748.64	3758.78	3766.54	3771.36	3766.40	3763.50	3755.86	3743.34	3744.48	3751.22	3747.78	3739.98	3735.54	
3734.58	3739.00	3746.02	3754.94	3756.48	3753.62	3757.84	3757.18	3761.44	3765.92	3774.58	3782.72	3792.74	3790.56	3785.26	3783.78	
3778.42	3784.42	3786.76	3785.88	3792.60	3790.36	3784.46	3782.50	3781.74	3787.72	3781.26	3776.02	3776.46	3777.28	3781.54	3780.92	
3782.66	3670.70	3737.36	3770.36	3771.70	3771.26	3767.90	3774.08	3775.50	3771.16	3768.88	3765.12	3763.04	3763.86	3756.50	3764.22	
3767.82	3766.72	3761.48	3761.02	3767.04	3763.00	3763.48	3764.16	3761.18	3756.06	3757.76	3765.04	3772.22	3771.18	3776.32	3739.84	

*******************************************2025/07/21;18:33:25
Probe number 158
Concentration entered by User 4.00% (Compensated: 4.40% at temperature 25.6)
1301.52	1318.46	1329.98	1346.48	1360.76	1373.52	1388.50	1404.28	1423.86	1441.00	1459.94	1480.96	1502.10	1526.54	1548.32	1564.68	
1586.16	1621.38	1659.36	1705.38	1743.40	1775.28	1811.86	1846.84	1885.60	1925.60	1963.98	2009.16	2072.10	2126.66	2218.46	2321.42	
2449.94	2604.62	2811.44	3040.36	3237.12	3429.32	3574.90	3653.12	3681.16	3690.38	3694.98	3706.64	3715.64	3721.60	3733.32	3737.70	
3738.22	3751.72	3751.24	3750.18	3760.44	3768.08	3772.66	3767.62	3764.84	3756.84	3744.78	3746.16	3752.90	3749.32	3741.48	3737.50	
3736.34	3740.56	3747.28	3756.28	3758.04	3755.20	3759.20	3758.30	3762.90	3767.22	3775.40	3783.60	3793.62	3791.40	3786.24	3784.70	
3779.34	3785.44	3787.74	3787.20	3793.32	3791.20	3785.58	3783.50	3783.08	3788.76	3782.36	3777.44	3777.80	3778.36	3782.58	3782.08	
3783.76	3672.60	3738.76	3771.70	3773.32	3772.30	3769.02	3774.98	3776.44	3772.46	3770.18	3766.56	3764.48	3765.06	3757.92	3765.38	
3769.08	3768.26	3762.56	3762.52	3768.26	3764.56	3764.94	3765.44	3762.58	3757.64	3759.06	3766.32	3773.16	3772.44	3777.54	3741.24	

*******************************************2025/07/21;18:33:55
Probe number 159
Concentration entered by User 4.00% (Compensated: 4.40% at temperature 25.6)
1302.16	1318.82	1331.76	1346.06	1360.52	1373.94	1389.58	1404.06	1421.36	1440.00	1459.76	1479.78	1503.44	1529.32	1550.34	1567.52	
1585.64	1620.54	1657.74	1703.98	1741.92	1772.94	1809.56	1849.06	1886.20	1919.22	1961.32	2008.74	2071.92	2129.38	2210.34	2314.44	
2449.56	2615.32	2810.64	3027.60	3239.46	3432.42	3572.90	3648.46	3677.30	3687.30	3693.38	3705.68	3713.84	3720.14	3731.50	3735.96	
3736.92	3750.60	3749.82	3748.92	3759.86	3767.34	3771.44	3766.86	3763.98	3756.00	3743.66	3745.24	3751.84	3748.20	3740.38	3736.04	
3735.02	3739.00	3745.96	3754.90	3756.52	3753.68	3757.66	3757.28	3761.46	3766.22	3774.44	3782.74	3792.60	3790.58	3785.32	3783.94	
3778.50	3784.54	3786.90	3785.84	3792.52	3790.26	3784.34	3782.46	3781.98	3787.96	3781.18	3776.18	3776.88	3777.44	3781.34	3780.86	
3782.92	3670.88	3737.38	3770.36	3771.98	3771.16	3768.14	3773.98	3775.40	3771.12	3769.14	3765.20	3763.30	3763.68	3756.32	3764.14	
3767.84	3767.10	3761.16	3760.74	3766.98	3763.42	3763.66	3763.84	3761.48	3756.36	3758.00	3765.10	3772.16	3771.20	3776.28	3739.82	

*******************************************2025/07/21;18:34:25
Probe number 160
Concentration entered by User 4.01% (Compensated: 4.41% at temperature 25.6)
1304.22	1321.24	1333.20	1347.48	1362.06	1375.14	1390.50	1406.38	1425.00	1442.18	1462.08	1483.94	1505.92	1529.42	1548.02	1565.46	
1589.40	1623.20	1657.64	1703.26	1742.26	1778.28	1815.76	1851.82	1885.56	1923.34	1966.74	2017.22	2075.34	2129.22	2222.56	2329.88	
2455.64	2621.80	2814.34	3030.06	3235.90	3428.26	3576.78	3652.12	3679.32	3690.28	3695.64	3707.78	3717.30	3723.30	3734.64	3739.42	
3740.32	3753.78	3753.10	3751.88	3762.62	3770.00	3774.26	3769.06	3766.34	3758.70	3746.92	3748.10	3754.26	3751.28	3743.56	3738.88	
3737.90	3741.76	3748.90	3757.32	3758.94	3756.36	3760.04	3759.44	3763.90	3768.12	3776.60	3784.58	3794.34	3792.48	3787.02	3785.66	
3780.32	3786.20	3788.58	3787.82	3794.10	3791.84	3786.24	3784.20	3783.74	3789.46	3783.12	3778.00	3778.64	3779.58	3783.34	3782.78	
3784.48	3674.64	3740.12	3772.44	3774.06	3773.24	3770.00	3776.00	3777.30	3773.16	3771.00	3767.46	3765.58	3766.02	3758.66	3766.34	
3769.88	3769.22	3763.50	3763.30	3769.04	3765.38	3765.88	3766.28	3763.44	3758.60	3760.14	3767.04	3774.04	3773.20	3778.24	3742.52	

*******************************************2025/07/21;18:34:55
Probe number 161
Concentration entered by User 0.00% (Compensated: 0.39% at temperature 25.6)
1575.18	1608.20	1628.82	1653.58	1676.88	1700.30	1727.04	1754.70	1786.00	1820.30	1854.84	1892.12	1930.06	1970.64	2007.14	2039.68	
2078.74	2135.92	2199.64	2282.94	2351.64	2412.84	2477.36	2544.68	2606.12	2674.60	2753.92	2840.58	2949.50	3050.82	3207.74	3391.72	
3578.46	3742.58	3825.32	3835.64	3839.10	3839.86	3839.82	3839.74	3839.96	3839.90	3839.84	3839.86	3839.86	3839.86	3839.88	3839.88	
3839.80	3839.86	3839.90	3839.88	3839.78	3839.86	3839.92	3839.88	3839.88	3839.84	3839.90	3839.86	3839.90	3839.84	3839.88	3839.76	
3839.82	3839.76	3839.84	3839.88	3839.90	3839.86	3839.80	3839.78	3839.82	3839.92	3839.80	3839.90	3839.80	3839.86	3839.90	3839.84	
3839.88	3839.88	3839.84	3839.82	3839.82	3839.84	3839.78	3839.88	3839.78	3839.88	3839.86	3839.86	3839.76	3839.76	3839.84	3839.86	
3839.74	3839.78	3839.86	3839.78	3839.80	3839.86	3839.86	3839.82	3839.70	3839.92	3839.92	3839.80	3839.94	3839.82	3839.92	3839.80	
3839.80	3839.80	3839.90	3839.86	3839.94	3839.88	3839.82	3839.88	3839.88	3839.88	3839.96	3839.88	3839.74	3839.88	3839.86	3839.90	

